status,scenario_id,realisation_id,schedule_id,seed,k_median_mD,V_DP,phi_mean,h_total_m,r_e_m,n_g,n_a,krg0,S_ar,mu_g_cP,rho_g,n_layers,k_geom_mean_m2,k_arith_mean_m2,k_harm_mean_m2,k_min_layer_m2,k_max_layer_m2,V_DP_layers,CV_k_layers,kh_total,q_ref_kg_s,endpoint_mobility_ratio,q1_kg_s,q2_kg_s,q3_kg_s,q4_kg_s,planned_mass_kg,rom_dp_bh_max_Pa,rom_r_fill_max_m,rom_max_layer_share,r_plume_m95_m,r_plume_m50_m,dp_bh_max_Pa,p_bh_max_Pa,dp_cell_max_Pa,r_plume_max_m,r_plume_end_m,r_plume_layer_max_m,r_plume_layer_min_m,r_plume_spread_m,mass_injected_kg,mass_retained_kg,mass_lost_kg,retention_fraction,sweep_efficiency,storage_efficiency,sg_max,sg_min,mass_balance_error,n_steps,n_clipped,max_clip,wall_time_s,max_bhp_spread_Pa,max_rate_rel_err,n_steps_layer_closed,sg_threshold,p_limit_Pa,p_limit_exceeded,p_margin_Pa,final_Sg_profile,log10_k_mD,kh_mD_m,log10_kh,pore_volume_m3,log10_pv,q_mean_kg_s,q_max_kg_s,q_cv,q_front_load,q_ramp,mobility_ratio,log10_mobility_ratio,dimensionless_mass,injectivity_index,log10_injectivity,aspect_ratio,log10_q_ref,q_mult_mean,q_mult_max,log10_q_mult_mean,r_fill_est_m,r_fill_over_re,log10_k_arith_mD,log10_k_harm_mD,log10_k_min_layer_mD,log10_k_max_layer_mD,log10_kh_realised,log10_rom_dp_MPa,dp_bh_max_MPa,p_bh_max_MPa,mass_retained_Mt,mass_injected_Mt,mass_lost_Mt,set
ok,R30000_S+00,30000,0,20262106,40.57662973825554,0.5474188788524224,0.14433912668187224,56.18498494684684,3363.972898600884,2.319649711155669,2.1830161692378027,0.5188603225095885,0.26960727740103757,0.06503574378146895,694.7004139683877,4,8.546131696059331e-14,1.0931110772298694e-13,6.416649256316907e-14,2.771403141189248e-14,2.1871032287612822e-13,0.5782860716169759,0.7397763759655975,6.141642941939173e-12,3.3616400469846424,4.786847591869294,1.740260832151684,2.0521630587630515,2.6504536720601144,3.5351326720428706,393602569.740744,3186198.9894096204,197.02652447220086,0.33671331564072876,229.18737063277055,144.4814626127432,2777012.6350113153,17777012.635011315,2743116.4243170656,263.0881313230405,263.0881313230405,263.0881313230405,198.9067543399103,64.1813769831302,393602569.7407456,393602569.7407451,0.0,0.9999999999999988,0.004914448830923263,0.0019203189311603902,0.5940449083056967,0.0,1.2114686103731578e-15,1406,0,0.0,0.9798839779999753,0.0,7.600077076621005e-14,0,0.05,24000000.0,False,6222987.364988685,0.54201;0.54221;0.54249;0.54288;0.54342;0.54418;0.54479;0.54554;0.54664;0.54846;0.55193;0.56141;0.58572;0.57006;0.51772;0.44979;0.28190;0.00518;0.00000;0.00000;0.00000;0.00000;0.00000;0.00000,1.6082759720501416,2279.7973310376656,3.357896240893356,288309658.33195126,8.45985919143438,2.49450255875443,3.5351326720428706,0.27422879615877516,0.38007817205932143,0.7195309676440712,4.786847591869294,0.6800496002281651,0.0019651747532071083,35054.52845589294,4.544744129474408,59.87316543349316,0.5265512088127253,0.7420492747258809,1.0516095187567298,-0.12956725505652286,174.49173368416203,0.051870731109853824,2.044380893090075,1.8130248985186423,1.4484163026396664,2.3455858794894597,3.794001161933289,0.5032728955404051,2.7770126350113156,17.777012635011314,0.39360256974074515,0.3936025697407456,0.0,calibration_check
ok,R30000_S+01,30000,1,20262106,40.57662973825554,0.5474188788524224,0.14433912668187224,56.18498494684684,3363.972898600884,2.319649711155669,2.1830161692378027,0.5188603225095885,0.26960727740103757,0.06503574378146895,694.7004139683877,4,8.546131696059331e-14,1.0931110772298694e-13,6.416649256316907e-14,2.771403141189248e-14,2.1871032287612822e-13,0.5782860716169759,0.7397763759655975,6.141642941939173e-12,3.3616400469846424,4.786847591869294,2.1961358028556437,1.5499286750436971,1.2461075286242873,1.284672363597413,247602679.86816472,1771846.4423960089,151.26029568737894,0.31547385494065033,179.74734365912613,114.36954895906476,1599424.6255262624,16599424.625526262,1589319.5662211664,199.47272691395582,199.47272691395582,199.47272691395582,169.88898307958837,29.583743834367453,247602679.8681646,247602679.86816454,0.0,0.9999999999999998,0.003069725340236221,0.0012185289567583847,0.6123510607003555,0.0,2.407269776204642e-16,737,0,0.0,0.38703819799997063,0.0,1.0202926385605704e-13,0,0.05,24000000.0,False,7400575.374473738,0.57349;0.57360;0.57375;0.57396;0.57426;0.57467;0.57526;0.57621;0.57793;0.58144;0.59033;0.60835;0.58546;0.53601;0.47494;0.37562;0.03446;0.00000;0.00000;0.00000;0.00000;0.00000;0.00000;0.00000,1.6082759720501416,2279.7973310376656,3.357896240893356,288309658.33195126,8.45985919143438,1.5692110925302603,2.1961358028556437,0.2424039077670063,0.59680697130732,-0.5808418278439197,4.786847591869294,0.6800496002281651,0.001236228045014642,35054.52845589294,4.544744129474408,59.87316543349316,0.5265512088127253,0.4667992618477481,0.6532929677660033,-0.3308698393783882,138.39600873705032,0.04114064319442373,2.044380893090075,1.8130248985186423,1.4484163026396664,2.3455858794894597,3.794001161933289,0.24842608092021662,1.5994246255262625,16.59942462552626,0.24760267986816453,0.2476026798681646,0.0,calibration_check
ok,R30000_S+02,30000,2,20262106,40.57662973825554,0.5474188788524224,0.14433912668187224,56.18498494684684,3363.972898600884,2.319649711155669,2.1830161692378027,0.5188603225095885,0.26960727740103757,0.06503574378146895,694.7004139683877,4,8.546131696059331e-14,1.0931110772298694e-13,6.416649256316907e-14,2.771403141189248e-14,2.1871032287612822e-13,0.5782860716169759,0.7397763759655975,6.141642941939173e-12,3.3616400469846424,4.786847591869294,1.0684552081001728,0.9796311694517813,0.658419075731764,0.10481892694012103,110898312.82668978,801390.888357137,101.25064590728948,0.3156018129266462,118.98867570517903,76.4260609830717,714176.6848838683,15714176.684883868,710011.669502452,135.4781641776197,135.4781641776197,135.4781641776197,114.54004650224468,20.938117675375025,110898312.82668988,110898312.82668942,0.0,0.9999999999999958,0.001356391198642653,0.0005501218014205347,0.6411035129280973,0.0,4.165401485694228e-15,367,0,0.0,0.2161837929999706,0.0,1.9958237623745407e-13,25,0.05,24000000.0,False,8285823.315116132,0.61538;0.61544;0.61551;0.61561;0.61574;0.61593;0.61660;0.61842;0.62283;0.63635;0.61917;0.57702;0.52484;0.46132;0.33778;0.00619;0.00000;0.00000;0.00000;0.00000;0.00000;0.00000;0.00000;0.00000,1.6082759720501416,2279.7973310376656,3.357896240893356,288309658.33195126,8.45985919143438,0.7028310950559598,1.0684552081001728,0.5370499144164192,0.7285130068800116,-1.3710780412800696,4.786847591869294,0.6800496002281651,0.0005536919250395717,35054.52845589294,4.544744129474408,59.87316543349316,0.5265512088127253,0.20907387026353172,0.3178374820524186,-0.6797002412591344,92.62076517709731,0.027533148443502437,2.044380893090075,1.8130248985186423,1.4484163026396664,2.3455858794894597,3.794001161933289,-0.09615559971054673,0.7141766848838683,15.714176684883869,0.11089831282668942,0.11089831282668988,0.0,calibration_check
ok,R30000_S+03,30000,3,20262106,40.57662973825554,0.5474188788524224,0.14433912668187224,56.18498494684684,3363.972898600884,2.319649711155669,2.1830161692378027,0.5188603225095885,0.26960727740103757,0.06503574378146895,694.7004139683877,4,8.546131696059331e-14,1.0931110772298694e-13,6.416649256316907e-14,2.771403141189248e-14,2.1871032287612822e-13,0.5782860716169759,0.7397763759655975,6.141642941939173e-12,3.3616400469846424,4.786847591869294,13.458590612436916,8.416565715397521,6.177063462427693,6.7400838535274294,1372452001.8365667,9476919.467939025,356.0029741332036,0.315267287991593,414.09183720141715,270.77087035110657,8801144.514931072,23801144.51493107,8713202.356025875,472.5875213176416,472.5875213176416,472.5875213176416,384.99296190153603,87.59455941610554,1372452001.8365593,1372452001.836564,0.0,1.0000000000000036,0.017249988145629676,0.006350948436498398,0.5245016867312782,0.0,3.4743448773803455e-15,10862,0,0.0,5.786864029000014,0.0,2.887403413990576e-14,0,0.05,24000000.0,False,198855.48506892845,0.46362;0.46384;0.46413;0.46455;0.46512;0.46593;0.46646;0.46697;0.46752;0.46817;0.46900;0.47021;0.47220;0.47595;0.48468;0.50914;0.50729;0.44131;0.25017;0.00023;0.00000;0.00000;0.00000;0.00000,1.6082759720501416,2279.7973310376656,3.357896240893356,288309658.33195126,8.45985919143438,8.69807591094739,13.458590612436916,0.3298748232235983,0.6287354971316814,-0.7724129827900882,4.786847591869294,0.6800496002281651,0.006852363859753998,35054.52845589294,4.544744129474408,59.87316543349316,0.5265512088127253,2.587450110474938,4.003578736667282,0.41287198476282155,325.83255772810486,0.09685944790566609,2.044380893090075,1.8130248985186423,1.4484163026396664,2.3455858794894597,3.794001161933289,0.9766671901343292,8.801144514931071,23.80114451493107,1.372452001836564,1.3724520018365594,0.0,calibration_check
ok,R30001_S+00,30001,0,20263106,115.88982823687942,0.06429960181925312,0.1996728372363144,67.63912179730269,3129.2207540570816,1.979776426499995,3.1610402313431774,0.6217111357885519,0.27754263357634035,0.07424362222602642,750.7713211002772,4,1.1118706785412972e-13,1.1155647305330628e-13,1.1082299460659272e-13,1.021475761057728e-13,1.240647544462991e-13,0.08956110565356523,0.09446252513105644,7.545581868130099e-12,6.891016741187708,5.0243599421576315,0.819134633803757,1.8838391317564818,2.2191916215757943,1.8251921032616942,266163010.92371914,1228433.9677586765,109.1742380624165,0.2593377080492538,147.90785666541768,96.46168134898211,1113187.7694978118,16113187.769497812,1093001.2912553735,164.23213014464383,164.23213014464383,164.23213014464383,160.42483915512616,3.807290989517668,266163010.92371926,266163010.9237201,0.0,1.000000000000003,0.0027575417867167352,0.0008449518930389365,0.5502722046679288,0.0,3.1351652656748067e-15,419,0,0.0,0.21764909899997065,0.0,1.2958067872802855e-13,0,0.05,24000000.0,False,7886812.230502188,0.51137;0.51148;0.51165;0.51187;0.51219;0.51262;0.51365;0.51558;0.51965;0.53187;0.54821;0.51441;0.47052;0.42128;0.36161;0.21261;0.00000;0.00000;0.00000;0.00000;0.00000;0.00000;0.00000;0.00000,2.0640453191865924,7838.686207182776,3.8942432794212642,415469575.1890274,8.61853922592684,1.6868393725994317,2.2191916215757943,0.3100678219311235,0.4005973848883632,0.5964156906698207,5.0243599421576315,0.7010807444419904,0.0008532981426172003,105580.60035539177,5.02358412716951,46.263474020768086,0.8382833050005412,0.24478816928671324,0.32204124658581273,-0.6112095756508905,107.54258968044795,0.034367210923364026,2.0532113730124677,2.050346479049862,2.0149446633378947,2.0993650180768904,3.88340933324714,0.08935181673081476,1.1131877694978118,16.113187769497813,0.2661630109237201,0.26616301092371925,0.0,calibration_check
ok,R30001_S+01,30001,1,20263106,115.88982823687942,0.06429960181925312,0.1996728372363144,67.63912179730269,3129.2207540570816,1.979776426499995,3.1610402313431774,0.6217111357885519,0.27754263357634035,0.07424362222602642,750.7713211002772,4,1.1118706785412972e-13,1.1155647305330628e-13,1.1082299460659272e-13,1.021475761057728e-13,1.240647544462991e-13,0.08956110565356523,0.09446252513105644,7.545581868130099e-12,6.891016741187708,5.0243599421576315,1.2213025812017737,1.525949359026398,1.6149951434085108,1.488439934348113,230792050.79844624,1050962.010642052,101.54524390704437,0.2587446375058797,139.37388027768296,89.75320287061278,956599.3423188813,15956599.342318881,940616.2350489572,151.3245551090742,151.3245551090742,151.3245551090742,149.9025450564476,1.4220100526266037,230792050.7984461,230792050.79844534,0.0,0.9999999999999968,0.0022168001884360676,0.000733615745384033,0.5574427000979216,0.0,3.2282656924915165e-15,348,0,0.0,0.18516160799998715,0.0,9.984043995636933e-14,0,0.05,24000000.0,False,8043400.657681119,0.51927;0.51938;0.51954;0.51975;0.52005;0.52046;0.52172;0.52421;0.52991;0.55194;0.54404;0.50540;0.46044;0.40991;0.34523;0.12247;0.00000;0.00000;0.00000;0.00000;0.00000;0.00000;0.00000;0.00000,2.0640453191865924,7838.686207182776,3.8942432794212642,415469575.1890274,8.61853922592684,1.462671754496199,1.6149951434085108,0.10032269977094097,0.46956057156761605,0.1826365705943038,5.0243599421576315,0.7010807444419904,0.0007399015648104801,105580.60035539177,5.02358412716951,46.263474020768086,0.8382833050005412,0.21225775664624183,0.234362388608877,-0.6731364301435685,100.14218500599954,0.03200227560684675,2.0532113730124677,2.050346479049862,2.0149446633378947,2.0993650180768904,3.88340933324714,0.02158701777256853,0.9565993423188813,15.956599342318881,0.23079205079844534,0.23079205079844609,0.0,calibration_check
ok,R30001_S+02,30001,2,20263106,115.88982823687942,0.06429960181925312,0.1996728372363144,67.63912179730269,3129.2207540570816,1.979776426499995,3.1610402313431774,0.6217111357885519,0.27754263357634035,0.07424362222602642,750.7713211002772,4,1.1118706785412972e-13,1.1155647305330628e-13,1.1082299460659272e-13,1.021475761057728e-13,1.240647544462991e-13,0.08956110565356523,0.09446252513105644,7.545581868130099e-12,6.891016741187708,5.0243599421576315,5.136589225147041,10.668516476116254,14.201866938321697,15.736640611763358,1804448311.9259384,8690261.9415329,284.95330981765096,0.260600950377302,383.2235249948846,252.14152370681558,8020784.237935927,23020784.237935927,7725542.515490554,413.96094353806615,413.96094353806615,413.96094353806615,407.7863245676364,6.174618970429719,1804448311.9259264,1804448311.925932,0.0,1.000000000000003,0.015808334455343392,0.0054283304159770075,0.45993296892816427,0.0,3.038949513318641e-15,6451,0,0.0,3.0777798929999562,0.0,2.4974645042382338e-14,0,0.05,24000000.0,False,979215.7620640732,0.39424;0.39451;0.39488;0.39540;0.39612;0.39712;0.39776;0.39838;0.39906;0.39986;0.40088;0.40236;0.40482;0.40970;0.42602;0.45826;0.41561;0.35113;0.15497;0.00000;0.00000;0.00000;0.00000;0.00000,2.0640453191865924,7838.686207182776,3.8942432794212642,415469575.1890274,8.61853922592684,11.435903312837087,15.736640611763358,0.3563195109722033,0.3455150255494393,0.926909846703364,5.0243599421576315,0.7010807444419904,0.005784922509222834,105580.60035539177,5.02358412716951,46.263474020768086,0.8382833050005412,1.6595378798725775,2.283645679991637,0.21998716987019212,280.0134310271315,0.08948343790194088,2.0532113730124677,2.050346479049862,2.0149446633378947,2.0993650180768904,3.88340933324714,0.9390328671331121,8.020784237935926,23.020784237935928,1.804448311925932,1.8044483119259265,0.0,calibration_check
ok,R30001_S+03,30001,3,20263106,115.88982823687942,0.06429960181925312,0.1996728372363144,67.63912179730269,3129.2207540570816,1.979776426499995,3.1610402313431774,0.6217111357885519,0.27754263357634035,0.07424362222602642,750.7713211002772,4,1.1118706785412972e-13,1.1155647305330628e-13,1.1082299460659272e-13,1.021475761057728e-13,1.240647544462991e-13,0.08956110565356523,0.09446252513105644,7.545581868130099e-12,6.891016741187708,5.0243599421576315,6.842228406502622,13.71186094226927,16.965434745625952,16.602949816572664,2134969228.3660538,9929474.240512848,309.66279937512115,0.2601114565904639,418.2386161440784,274.26410147323736,9284040.601501524,24284040.601501524,8959257.126304124,453.1110422573529,453.1110422573529,453.1110422573529,447.429000374819,5.682041882533895,2134969228.3660483,2134969228.366057,0.0,1.000000000000004,0.019664440416594313,0.006352814318511854,0.4513743690105014,0.0,4.0202307057254934e-15,8627,0,0.0,4.560543530000018,0.0,1.9034451328240282e-14,0,0.05,24000000.0,True,-284040.60150152445,0.38451;0.38477;0.38513;0.38563;0.38632;0.38728;0.38790;0.38849;0.38913;0.38985;0.39074;0.39198;0.39395;0.39755;0.40596;0.44328;0.42868;0.37011;0.24191;0.00000;0.00000;0.00000;0.00000;0.00000,2.0640453191865924,7838.686207182776,3.8942432794212642,415469575.1890274,8.61853922592684,13.530618477742628,16.965434745625952,0.30021987193640554,0.37976995254471585,0.7213802847317047,5.0243599421576315,0.7010807444419904,0.006844547147205737,105580.60035539177,5.02358412716951,46.263474020768086,0.8382833050005412,1.9635155429052904,2.4619639427405975,0.29303434343240264,304.5807486628753,0.09733437574449862,2.0532113730124677,2.050346479049862,2.0149446633378947,2.0993650180768904,3.88340933324714,0.9969262534813776,9.284040601501525,24.284040601501523,2.134969228366057,2.134969228366048,0.0,calibration_check
ok,R30002_S+00,30002,0,20264106,97.38938632556862,0.6598933890978367,0.15610554235707078,23.209200421144494,1573.2159803294285,2.049707478355044,3.461066024399747,0.5042489663570529,0.3169136821547437,0.04362828066488678,611.8085764486176,4,2.388851456694156e-13,2.9580808228308536e-13,2.0573788813941587e-13,1.462622506994561e-13,6.655410441270102e-13,0.5062796344836733,0.8403491741328031,6.8654690679025275e-12,0.46211275546665403,6.934707836372099,0.2554075472511595,0.442426937391147,0.8795955287056139,1.56691332119456,124034911.51769723,8128426.7237411635,164.47995439190285,0.2753291219748,225.07571674857599,149.90765306871677,8004514.044662144,23004514.044662144,7985462.600113869,247.27411866444618,247.27411866444618,247.27411866444618,241.37945805126765,5.89466061317853,124034911.51769696,124034911.51769625,0.0,0.9999999999999942,0.024617020416876988,0.006657321214350433,0.40774694690476404,0.0,5.76656788441887e-15,2655,0,0.0,1.3818035280000345,0.0,5.138402993764856e-13,0,0.05,24000000.0,False,995485.955337856,0.34437;0.34441;0.34447;0.34455;0.34465;0.34480;0.34496;0.34517;0.34551;0.34609;0.34715;0.34922;0.35382;0.37531;0.40203;0.36076;0.30596;0.10735;0.00000;0.00000;0.00000;0.00000;0.00000;0.00000,1.9885116292461424,2260.329786122391,3.3541718081050624,28171182.19925175,7.44980507246815,0.7860858336356201,1.56691332119456,0.6418112207820672,0.2219332974793751,1.6684002151237496,6.934707836372099,0.8410281686934786,0.007196532781002695,51808.82105999573,4.714403709774791,67.78415248188243,-0.33525204370304906,1.701069326341813,3.3907597283529824,0.2307220134562912,161.47757172655167,0.10264170574515685,2.4767266336991254,2.3190308753377433,2.170848849877623,2.828891441482005,3.8423868125580456,0.9100064950015399,8.004514044662145,23.004514044662145,0.12403491151769624,0.12403491151769697,0.0,calibration_check
ok,R30002_S+01,30002,1,20264106,97.38938632556862,0.6598933890978367,0.15610554235707078,23.209200421144494,1573.2159803294285,2.049707478355044,3.461066024399747,0.5042489663570529,0.3169136821547437,0.04362828066488678,611.8085764486176,4,2.388851456694156e-13,2.9580808228308536e-13,2.0573788813941587e-13,1.462622506994561e-13,6.655410441270102e-13,0.5062796344836733,0.8403491741328031,6.8654690679025275e-12,0.46211275546665403,6.934707836372099,0.15864070080366272,0.09961686865065768,0.06307485433506366,0.049014657856880674,14609081.329700205,950816.8698632249,55.67690187804552,0.2678535166373681,79.05040819509857,51.47891286060329,945043.9975853954,15945043.997585395,944730.0927660409,85.373776821871,85.373776821871,85.373776821871,85.09534620337645,0.27843061849455353,14609081.329700194,14609081.329699682,0.0,0.9999999999999649,0.0028829982945115977,0.0008393930814135984,0.49869480070027455,0.0,3.5062260554136095e-14,310,0,0.0,0.1702645940000025,0.0,1.7592723158036513e-12,0,0.05,24000000.0,False,8054956.002414605,0.46392;0.46400;0.46410;0.46425;0.46444;0.46472;0.46853;0.48319;0.49514;0.46689;0.43002;0.38964;0.34536;0.28455;0.00755;0.00000;0.00000;0.00000;0.00000;0.00000;0.00000;0.00000;0.00000;0.00000,1.9885116292461424,2260.329786122391,3.3541718081050624,28171182.19925175,7.44980507246815,0.09258677041156618,0.15864070080366272,0.4576616910863894,0.6973392859107065,-1.1840357154642396,6.934707836372099,0.8410281686934786,0.0008476221041567108,51808.82105999573,4.714403709774791,67.78415248188243,-0.33525204370304906,0.20035536633925966,0.34329435603538583,-0.6981990208862998,55.41810775535199,0.03522600103753557,2.4767266336991254,2.3190308753377433,2.170848849877623,2.828891441482005,3.8423868125580456,-0.021903121407978548,0.9450439975853954,15.945043997585396,0.014609081329699682,0.014609081329700194,0.0,calibration_check
ok,R30002_S+02,30002,2,20264106,97.38938632556862,0.6598933890978367,0.15610554235707078,23.209200421144494,1573.2159803294285,2.049707478355044,3.461066024399747,0.5042489663570529,0.3169136821547437,0.04362828066488678,611.8085764486176,4,2.388851456694156e-13,2.9580808228308536e-13,2.0573788813941587e-13,1.462622506994561e-13,6.655410441270102e-13,0.5062796344836733,0.8403491741328031,6.8654690679025275e-12,0.46211275546665403,6.934707836372099,1.856966997201026,1.3689688706037326,1.2253732263159223,1.4261800643375948,231849314.83370364,14358096.894927673,222.90269853515363,0.27051725559897494,303.7265183526527,204.78364849845815,14351544.748248458,29351544.748248458,14330475.149822444,330.58164530614096,330.58164530614096,330.58164530614096,326.4761177289511,4.105527577189832,231849314.8337038,231849314.83370504,0.0,1.0000000000000053,0.044182570770921595,0.011719546411364268,0.3761000525112507,0.0,5.398754536673941e-15,7614,0,0.0,3.1137617520000163,0.0,1.1627643926329214e-13,0,0.05,24000000.0,True,-5351544.748248458,0.31009;0.31012;0.31015;0.31020;0.31027;0.31036;0.31045;0.31055;0.31069;0.31091;0.31128;0.31195;0.31325;0.31587;0.32202;0.35840;0.35989;0.30302;0.07765;0.00000;0.00000;0.00000;0.00000;0.00000,1.9885116292461424,2260.329786122391,3.3541718081050624,28171182.19925175,7.44980507246815,1.4693722896145691,1.856966997201026,0.1602257753311621,0.5488629210250986,-0.2931775261505925,6.934707836372099,0.8410281686934786,0.013451948117169418,51808.82105999573,4.714403709774791,67.78415248188243,-0.33525204370304906,3.1796834695263,4.01842834943132,0.5023838890787267,220.7715708339042,0.140331380811219,2.4767266336991254,2.3190308753377433,2.170848849877623,2.828891441482005,3.8423868125580456,1.1570968798224341,14.351544748248457,29.351544748248457,0.23184931483370505,0.23184931483370377,0.0,calibration_check
ok,R30002_S+03,30002,3,20264106,97.38938632556862,0.6598933890978367,0.15610554235707078,23.209200421144494,1573.2159803294285,2.049707478355044,3.461066024399747,0.5042489663570529,0.3169136821547437,0.04362828066488678,611.8085764486176,4,2.388851456694156e-13,2.9580808228308536e-13,2.0573788813941587e-13,1.462622506994561e-13,6.655410441270102e-13,0.5062796344836733,0.8403491741328031,6.8654690679025275e-12,0.46211275546665403,6.934707836372099,0.2897168139099666,0.32704971089535845,0.5603658478940834,0.9896652249061412,85473664.83274612,5637146.433455876,136.28450444350622,0.2743031344939232,189.4633812967224,124.49532601373596,5543886.228666551,20543886.22866655,5533233.887774691,205.69195839068124,205.69195839068124,205.69195839068124,202.98319741705217,2.7087609736290688,85473664.83274613,85473664.83274592,0.0,0.9999999999999976,0.016668318590402204,0.004694752283081924,0.42510265478143267,0.0,2.440707990257409e-15,1448,0,0.0,0.5685037700000066,0.0,4.904238697589145e-13,0,0.05,24000000.0,False,3456113.7713334486,0.36567;0.36570;0.36575;0.36581;0.36590;0.36602;0.36621;0.36654;0.36710;0.36816;0.37026;0.37494;0.39818;0.41885;0.37936;0.33169;0.24892;0.00039;0.00000;0.00000;0.00000;0.00000;0.00000;0.00000,1.9885116292461424,2260.329786122391,3.3541718081050624,28171182.19925175,7.44980507246815,0.5416993994013874,0.9896652249061412,0.5144065072926448,0.28464427202932646,1.2921343678240411,6.934707836372099,0.8410281686934786,0.004959200787542228,51808.82105999573,4.714403709774791,67.78415248188243,-0.33525204370304906,1.1722234303062349,2.141609841318382,0.06901039777500746,134.04678495154585,0.08520558310339353,2.4767266336991254,2.3190308753377433,2.170848849877623,2.828891441482005,3.8423868125580456,0.7510593164266904,5.543886228666551,20.54388622866655,0.08547366483274592,0.08547366483274613,0.0,calibration_check
ok,R30003_S+00,30003,0,20265106,102.55480846382983,0.47164190821148666,0.21605601562246193,27.362217372462247,3404.8886220214763,1.6856115896044368,2.273098878599299,0.599321214228731,0.2626236158414631,0.046905696939057794,768.2500144383605,4,6.396119635000333e-14,7.043961054918629e-14,5.807068547677713e-14,3.911447438893219e-14,1.0381324735611257e-13,0.40276534925718266,0.48426377098089946,1.92738393547842e-12,3.311140604097154,7.666291133131212,7.25943896088058,5.064583876709262,3.0399741897073835,1.1856098998749427,652832344.4561604,6580269.846470398,269.5622380817416,0.3012701208693269,364.4268115947213,228.15998971288425,4998647.546760641,19998647.54676064,4929947.904073685,404.6944103808453,404.6944103808453,404.6944103808453,376.5817365561325,28.112673824712772,652832344.4561591,652832344.4561598,0.0,1.000000000000001,0.013526118033146406,0.0037746895381847883,0.48750367540609246,0.0,1.0956193322506562e-15,4270,0,0.0,2.2676906670000108,0.0,7.994904773905761e-14,0,0.05,24000000.0,False,4001352.453239359,0.44607;0.44617;0.44631;0.44651;0.44678;0.44716;0.44747;0.44786;0.44843;0.44920;0.44922;0.45092;0.45426;0.46441;0.48396;0.44711;0.37732;0.28868;0.06678;0.00000;0.00000;0.00000;0.00000;0.00000,2.0109560278477336,2806.126961778543,3.448107316568482,215314533.20018658,8.33307334461972,4.137401731793042,7.25943896088058,0.5474891146060793,0.7446716343066433,-1.4680298058398593,7.666291133131212,0.8845853078887971,0.003946623900410725,59824.864459948265,4.776881723342922,124.43759859346078,0.5199776230012403,1.249539728597899,2.1924284797504106,0.09675006889508023,249.0985323730061,0.07315908390128684,1.8535335439152147,1.7696735503206171,1.5980540964417385,2.0219693740788616,3.2906848326359635,0.8182437037097117,4.998647546760641,19.99864754676064,0.6528323444561598,0.6528323444561591,0.0,calibration_check
ok,R30003_S+01,30003,1,20265106,102.55480846382983,0.47164190821148666,0.21605601562246193,27.362217372462247,3404.8886220214763,1.6856115896044368,2.273098878599299,0.599321214228731,0.2626236158414631,0.046905696939057794,768.2500144383605,4,6.396119635000333e-14,7.043961054918629e-14,5.807068547677713e-14,3.911447438893219e-14,1.0381324735611257e-13,0.40276534925718266,0.48426377098089946,1.92738393547842e-12,3.311140604097154,7.666291133131212,2.211745670553093,1.2812244196026012,0.7100958341516367,0.49835991420019937,185457145.05160657,1983073.1637512033,143.6164291438644,0.30102620023274645,194.95223934945838,120.76058746273054,1404312.1212406456,16404312.121240646,1396936.1060240306,217.66449903179807,217.66449903179807,217.66449903179807,198.9183984320785,18.74610059971957,185457145.05160645,185457145.05160648,0.0,1.0000000000000002,0.0035887448214198016,0.0011067125229439272,0.563352047153459,0.0,1.6069654463516266e-16,632,0,0.0,0.2656748029999676,0.0,1.174965386632269e-13,0,0.05,24000000.0,False,7595687.878759354,0.53885;0.53893;0.53906;0.53923;0.53946;0.53979;0.54060;0.54205;0.54415;0.54758;0.55513;0.55900;0.51882;0.45604;0.38519;0.30062;0.10147;0.00000;0.00000;0.00000;0.00000;0.00000;0.00000;0.00000,2.0109560278477336,2806.126961778543,3.448107316568482,215314533.20018658,8.33307334461972,1.1753564596268826,2.211745670553093,0.5643770856741573,0.7429597339484013,-1.4577584036904079,7.666291133131212,0.8845853078887971,0.0011211601376343268,59824.864459948265,4.776881723342922,124.43759859346078,0.5199776230012403,0.35497026558537403,0.6679709305658338,-0.44980802450275076,132.76760531127692,0.03899323004358746,1.8535335439152147,1.7696735503206171,1.5980540964417385,2.0219693740788616,3.2906848326359635,0.2973387374162293,1.4043121212406457,16.404312121240647,0.1854571450516065,0.18545714505160646,0.0,calibration_check
ok,R30003_S+02,30003,2,20265106,102.55480846382983,0.47164190821148666,0.21605601562246193,27.362217372462247,3404.8886220214763,1.6856115896044368,2.273098878599299,0.599321214228731,0.2626236158414631,0.046905696939057794,768.2500144383605,4,6.396119635000333e-14,7.043961054918629e-14,5.807068547677713e-14,3.911447438893219e-14,1.0381324735611257e-13,0.40276534925718266,0.48426377098089946,1.92738393547842e-12,3.311140604097154,7.666291133131212,2.2435701778050916,1.5446867409828522,1.509405437618116,2.137726267710883,293303775.05554104,3388250.29954468,184.29398901583943,0.3134327015691052,248.73485464236174,152.0803136543959,2592931.5186554343,17592931.518655434,2545971.8723826334,276.9267770594668,276.9267770594668,276.9267770594668,244.49701265793095,32.42976440153586,293303775.0555404,293303775.05554044,0.0,1.0000000000000002,0.005584952321819845,0.0017370608984683385,0.54948476352955,0.0,2.0321813029547204e-16,1043,0,0.0,0.4353283589999819,0.0,6.820644447073719e-14,0,0.05,24000000.0,False,6407068.481344566,0.49570;0.49592;0.49622;0.49664;0.49723;0.49804;0.49878;0.49978;0.50133;0.50408;0.50998;0.52957;0.54472;0.49983;0.43427;0.36038;0.26146;0.02917;0.00000;0.00000;0.00000;0.00000;0.00000;0.00000,2.0109560278477336,2806.126961778543,3.448107316568482,215314533.20018658,8.33307334461972,1.8588471560292357,2.2435701778050916,0.17975526479801807,0.5094901033821689,-0.056940620293013416,7.666291133131212,0.8845853078887971,0.0017731347083900849,59824.864459948265,4.776881723342922,124.43759859346078,0.5199776230012403,0.5613917916168003,0.6775822733196327,-0.2507339416866003,166.96643081432396,0.0490372665156948,1.8535335439152147,1.7696735503206171,1.5980540964417385,2.0219693740788616,3.2906848326359635,0.5299754853941636,2.5929315186554343,17.592931518655433,0.29330377505554045,0.2933037750555404,0.0,calibration_check
ok,R30003_S+03,30003,3,20265106,102.55480846382983,0.47164190821148666,0.21605601562246193,27.362217372462247,3404.8886220214763,1.6856115896044368,2.273098878599299,0.599321214228731,0.2626236158414631,0.046905696939057794,768.2500144383605,4,6.396119635000333e-14,7.043961054918629e-14,5.807068547677713e-14,3.911447438893219e-14,1.0381324735611257e-13,0.40276534925718266,0.48426377098089946,1.92738393547842e-12,3.311140604097154,7.666291133131212,1.0302968176078589,1.571661721018553,2.8966736128077204,5.005332492975361,414349893.3280213,6011793.530612416,223.76054507292176,0.32706901964424634,299.238665198238,181.4103798622563,4243725.736401569,19243725.73640157,4111585.9199500047,339.6802013398341,339.6802013398341,339.6802013398341,277.9513690335162,61.72883230631794,414349893.32801974,414349893.32802045,0.0,1.0000000000000018,0.008320327241028538,0.002432598258810869,0.5310499085227584,0.0,1.7262119499049947e-15,1927,0,0.0,1.0601363410000317,0.0,7.938930128321712e-14,0,0.05,24000000.0,False,4756274.263598431,0.45792;0.45829;0.45882;0.45955;0.46057;0.46198;0.46297;0.46403;0.46535;0.46722;0.47025;0.47615;0.49943;0.52071;0.46893;0.39903;0.31713;0.15029;0.00098;0.00000;0.00000;0.00000;0.00000;0.00000,2.0109560278477336,2806.126961778543,3.448107316568482,215314533.20018658,8.33307334461972,2.625991161102373,5.005332492975361,0.5835320192974929,0.2477120427105824,1.5137277437365058,7.666291133131212,0.8845853078887971,0.0025049052885136535,59824.864459948265,4.776881723342922,124.43759859346078,0.5199776230012403,0.793077514694789,1.511664133737432,-0.1006843630493509,198.4513021109357,0.05828422722183362,1.8535335439152147,1.7696735503206171,1.5980540964417385,2.0219693740788616,3.2906848326359635,0.7790040567359812,4.2437257364015695,19.24372573640157,0.41434989332802047,0.41434989332801975,0.0,calibration_check
ok,R30004_S+00,30004,0,20266106,181.26981542663646,0.366591601269305,0.11536749124524213,24.646749878441682,3293.3159823283804,2.9824798313102834,3.9999624398454587,0.36961520264660686,0.2763458082382372,0.06664041751305537,739.8789533802778,4,2.410147129307075e-13,2.6501574255930565e-13,2.2018688912089405e-13,1.402757754312906e-13,4.4316755195997126e-13,0.39497299686830134,0.505084424333587,6.531776720708697e-12,1.825908659586398,3.327847121373719,0.6793355170315738,0.417080324238078,0.3463060988794683,0.4670128409557445,75333307.9102436,1261586.9123689933,128.04018778404043,0.26972340743636164,162.67706135235193,109.30758168057216,1266674.9133289587,16266674.913328959,1256558.4662110247,177.0261758154062,177.0261758154062,177.0261758154062,173.23048295814652,3.7956928572596667,75333307.91024354,75333307.91024336,0.0,0.9999999999999977,0.0026315161551543963,0.0010382876100453054,0.5357184601096348,0.0,2.373637097407446e-15,619,0,0.0,0.32625092299997505,0.0,1.2039974786163371e-13,0,0.05,24000000.0,False,7733325.086671041,0.49923;0.49930;0.49939;0.49952;0.49969;0.49994;0.50041;0.50123;0.50284;0.50654;0.52237;0.53027;0.50288;0.47048;0.43289;0.36187;0.00091;0.00000;0.00000;0.00000;0.00000;0.00000;0.00000;0.00000,2.2583254925399245,4467.7118013315985,3.650085150314601,96885722.59547289,7.986259782676668,0.47743369527621615,0.6793355170315738,0.26015634035424084,0.574119428581244,-0.4447165714874636,3.327847121373719,0.5221633669369486,0.0010509125578175382,67042.07398545094,4.826347440981776,133.6207004400616,0.261479048318877,0.26147731583920725,0.37205339569694346,-0.5825659818757848,125.50214586359787,0.03810813980104868,2.428988270585351,2.348508053402122,2.1526992758883208,2.652284552283963,3.8207479283600274,0.1009171749979157,1.2666749133289588,16.26667491332896,0.07533330791024337,0.07533330791024354,0.0,calibration_check
ok,R30004_S+01,30004,1,20266106,181.26981542663646,0.366591601269305,0.11536749124524213,24.646749878441682,3293.3159823283804,2.9824798313102834,3.9999624398454587,0.36961520264660686,0.2763458082382372,0.06664041751305537,739.8789533802778,4,2.410147129307075e-13,2.6501574255930565e-13,2.2018688912089405e-13,1.402757754312906e-13,4.4316755195997126e-13,0.39497299686830134,0.505084424333587,6.531776720708697e-12,1.825908659586398,3.327847121373719,1.0350349923775628,1.3774346743500026,1.7068400058824975,2.0232509869750466,242305590.33865383,4124866.9196172347,231.3405078638548,0.2737492927514368,288.47339913425225,195.97851849253797,4261512.64684416,19261512.64684416,4198971.606182095,328.9117734914844,328.9117734914844,328.9117734914844,301.9963231161261,26.91545037535826,242305590.3386535,242305590.33865324,0.0,0.9999999999999989,0.008901569928768588,0.0032539996549537523,0.4946289371627024,0.0,1.1069530055595675e-15,3529,0,0.0,1.9996850580000114,0.0,5.85919172927793e-14,0,0.05,24000000.0,False,4738487.35315584,0.44678;0.44690;0.44707;0.44731;0.44765;0.44811;0.44842;0.44876;0.44918;0.44975;0.45066;0.45226;0.45556;0.46804;0.49128;0.46246;0.42140;0.28279;0.00000;0.00000;0.00000;0.00000;0.00000;0.00000,2.2583254925399245,4467.7118013315985,3.650085150314601,96885722.59547289,7.986259782676668,1.5356401648962774,2.0232509869750466,0.2398632642611345,0.3927465759679632,0.6435205441922206,3.327847121373719,0.5221633669369486,0.0033802045174981337,67042.07398545094,4.826347440981776,133.6207004400616,0.261479048318877,0.8410279215413372,1.1080789700802176,-0.07518958568837018,225.08126620784694,0.06834487410731663,2.428988270585351,2.348508053402122,2.1526992758883208,2.652284552283963,3.8207479283600274,0.615409941490014,4.26151264684416,19.26151264684416,0.24230559033865323,0.2423055903386535,0.0,calibration_check
ok,R30004_S+02,30004,2,20266106,181.26981542663646,0.366591601269305,0.11536749124524213,24.646749878441682,3293.3159823283804,2.9824798313102834,3.9999624398454587,0.36961520264660686,0.2763458082382372,0.06664041751305537,739.8789533802778,4,2.410147129307075e-13,2.6501574255930565e-13,2.2018688912089405e-13,1.402757754312906e-13,4.4316755195997126e-13,0.39497299686830134,0.505084424333587,6.531776720708697e-12,1.825908659586398,3.327847121373719,0.3464030321368488,0.6317618623995491,1.4548805461525212,2.815759083395765,207049592.06156853,3764002.4179540975,217.2143983918776,0.28243330680140394,270.94371336436376,181.2560631203727,3930295.4931633063,18930295.493163306,3844417.5851476192,303.77162157698564,303.77162157698564,303.77162157698564,272.0718366807536,31.699784896232018,207049592.0615686,207049592.06156853,0.0,0.9999999999999997,0.00752815252922885,0.0027951724858445975,0.5004474653089069,0.0,2.8787617585677976e-16,2952,0,0.0,1.6059531700000207,0.0,1.6997510643691212e-13,0,0.05,24000000.0,False,5069704.506836694,0.45099;0.45117;0.45142;0.45177;0.45226;0.45294;0.45339;0.45388;0.45446;0.45525;0.45646;0.45861;0.46339;0.48828;0.48742;0.45361;0.40794;0.12947;0.00000;0.00000;0.00000;0.00000;0.00000;0.00000,2.2583254925399245,4467.7118013315985,3.650085150314601,96885722.59547289,7.986259782676668,1.312201131021171,2.815759083395765,0.7306426888476331,0.18635955864768575,1.8818426481138855,3.327847121373719,0.5221633669369486,0.002888377298495258,67042.07398545094,4.826347440981776,133.6207004400616,0.261479048318877,0.7186565024114672,1.542113877719155,-0.14347864056743187,208.06298372811503,0.06317735220202408,2.428988270585351,2.348508053402122,2.1526992758883208,2.652284552283963,3.8207479283600274,0.575649893741347,3.9302954931633063,18.930295493163307,0.20704959206156853,0.2070495920615686,0.0,calibration_check
ok,R30004_S+03,30004,3,20266106,181.26981542663646,0.366591601269305,0.11536749124524213,24.646749878441682,3293.3159823283804,2.9824798313102834,3.9999624398454587,0.36961520264660686,0.2763458082382372,0.06664041751305537,739.8789533802778,4,2.410147129307075e-13,2.6501574255930565e-13,2.2018688912089405e-13,1.402757754312906e-13,4.4316755195997126e-13,0.39497299686830134,0.505084424333587,6.531776720708697e-12,1.825908659586398,3.327847121373719,0.7870505466611643,0.4899993538294347,0.25642341878912256,0.08632274154022783,63896095.21116454,1004789.5016445196,116.1523886034808,0.26169476949086534,148.44436568790303,100.60762463843258,1005617.9556715935,16005617.955671594,1003964.2700252347,159.95982940011052,159.95982940011052,159.95982940011052,158.65291012331448,1.3069192767960374,63896095.21116459,63896095.21116455,0.0,0.9999999999999993,0.0022464962926731914,0.0008822646014545963,0.5397549615570597,0.0,6.996277852943338e-16,535,0,0.0,0.2852489179999793,0.0,4.580179641941182e-13,3,0.05,24000000.0,False,7994382.044328406,0.50822;0.50824;0.50827;0.50831;0.50837;0.50845;0.50891;0.50958;0.51131;0.51631;0.53614;0.52479;0.49519;0.46192;0.42172;0.29643;0.00000;0.00000;0.00000;0.00000;0.00000;0.00000;0.00000;0.00000,2.2583254925399245,4467.7118013315985,3.650085150314601,96885722.59547289,7.986259782676668,0.40494901520498733,0.7870505466611643,0.6496307615840644,0.7884016583199674,-1.730409949919805,3.327847121373719,0.5221633669369486,0.0008913614802754087,67042.07398545094,4.826347440981776,133.6207004400616,0.261479048318877,0.22177944831956475,0.431045957599788,-0.6540787011757847,115.58322072097762,0.03509630455783355,2.428988270585351,2.348508053402122,2.1526992758883208,2.652284552283963,3.8207479283600274,0.0020750887720291456,1.0056179556715936,16.005617955671593,0.06389609521116454,0.0638960952111646,0.0,calibration_check
ok,R30005_S+00,30005,0,20267106,153.3958620394336,0.8436639370910718,0.1368015716504364,47.910808438945494,3979.822439313993,2.6620866286804192,3.941094997879498,0.3254096386416092,0.27337506492803154,0.05654891562457813,610.8851373229285,4,2.1725093567345805e-13,3.3088674527423396e-12,2.6841442021433447e-14,7.983376196637773e-15,1.2707414357454557e-11,0.958689970742071,1.8946823138805715,1.5853051467819977e-10,4.547511928527828,3.452688367734233,2.8227140718777957,4.701208904868762,5.317234796701775,4.670791747376829,690793872.7479901,5482224.622183496,331.74365627971264,0.4529059273512016,424.1971542809971,262.0974224211545,5596300.458543256,20596300.458543256,5591936.08968576,475.84584469686445,475.84584469686445,475.84584469686445,169.15191364535622,306.69393105150823,690793872.7479906,690793872.747993,0.0,1.0000000000000036,0.009665666910399785,0.003302625829381821,0.48886274506084587,0.0,3.4513707852261204e-15,8241,0,0.0,4.27363959500002,0.0,5.601337608724102e-13,0,0.05,24000000.0,False,3403699.541456744,0.43004;0.43048;0.43109;0.43194;0.43312;0.43477;0.43597;0.43706;0.43827;0.43971;0.44167;0.44565;0.44999;0.44627;0.44328;0.42428;0.33200;0.28063;0.16231;0.00020;0.00000;0.00000;0.00000;0.00000,2.185813644373855,7349.319761498215,3.866247143506072,326138336.2421096,8.513401851366039,4.3779873802062905,5.317234796701775,0.2133963814623191,0.4296450813656772,0.4221295118059368,3.452688367734233,0.5381573816274794,0.00346726524553014,129963.93795222386,5.113822862145169,83.06731965054665,0.6577738469300277,0.9627214725357701,1.1692624187185212,-0.01649934157446706,274.9173069617967,0.06907778202516607,3.5253959682223956,1.4345224417949711,0.9079031925617376,4.109773789192433,5.205829467354612,0.7389568258361473,5.596300458543256,20.596300458543254,0.690793872747993,0.6907938727479906,0.0,calibration_check
ok,R30005_S+01,30005,1,20267106,153.3958620394336,0.8436639370910718,0.1368015716504364,47.910808438945494,3979.822439313993,2.6620866286804192,3.941094997879498,0.3254096386416092,0.27337506492803154,0.05654891562457813,610.8851373229285,4,2.1725093567345805e-13,3.3088674527423396e-12,2.6841442021433447e-14,7.983376196637773e-15,1.2707414357454557e-11,0.958689970742071,1.8946823138805715,1.5853051467819977e-10,4.547511928527828,3.452688367734233,2.5606446821369495,2.737854410519736,3.2548540203861553,4.111643511736206,499596121.85765904,4049975.0062576775,284.0424802092333,0.45909098141875265,360.28961211702364,222.51744163176673,4096720.1009757556,19096720.100975756,4093054.8629590683,408.6373719011311,408.6373719011311,408.6373719011311,140.69367198457542,267.94369991655566,499596121.8576587,499596121.85766155,0.0,1.0000000000000058,0.006825985442834897,0.0024199332064258816,0.5022516003227213,0.0,5.726671653455893e-15,4679,0,0.0,2.3611367129999508,0.0,7.640585025746004e-13,0,0.05,24000000.0,False,4903279.899024244,0.44534;0.44575;0.44633;0.44714;0.44827;0.44983;0.45095;0.45207;0.45341;0.45527;0.45891;0.46427;0.46148;0.46003;0.45408;0.35739;0.31452;0.20047;0.04233;0.00000;0.00000;0.00000;0.00000;0.00000,2.185813644373855,7349.319761498215,3.866247143506072,326138336.2421096,8.513401851366039,3.1662491561947617,4.111643511736206,0.1902800653141645,0.418357718492414,0.4898536890455162,3.452688367734233,0.5381573816274794,0.0025075964603273786,129963.93795222386,5.113822862145169,83.06731965054665,0.6577738469300277,0.6962596703335697,0.9041523312875122,-0.15722875987086518,233.79615895335198,0.05874537432721539,3.5253959682223956,1.4345224417949711,0.9079031925617376,4.109773789192433,5.205829467354612,0.6074523430472941,4.096720100975755,19.096720100975755,0.49959612185766156,0.49959612185765867,0.0,calibration_check
ok,R30005_S+02,30005,2,20267106,153.3958620394336,0.8436639370910718,0.1368015716504364,47.910808438945494,3979.822439313993,2.6620866286804192,3.941094997879498,0.3254096386416092,0.27337506492803154,0.05654891562457813,610.8851373229285,4,2.1725093567345805e-13,3.3088674527423396e-12,2.6841442021433447e-14,7.983376196637773e-15,1.2707414357454557e-11,0.958689970742071,1.8946823138805715,1.5853051467819977e-10,4.547511928527828,3.452688367734233,1.9202860093250371,1.5043434550453503,1.1229618617979586,0.776141229582863,210005278.12671795,1592850.9149616861,177.3144034954997,0.42560728018996746,226.83590360182063,141.70298846183013,1581519.6297167316,16581519.629716732,1581117.027944915,247.9126000751038,247.9126000751038,247.9126000751038,107.88851997831567,140.0240800967881,210005278.12671807,210005278.12671345,0.0,0.999999999999978,0.0026381591977852254,0.0010390387980669608,0.5277103823144744,0.0,2.199639938242615e-14,1122,0,0.0,0.5819802190000019,0.0,1.6094250855811293e-12,0,0.05,24000000.0,False,7418480.370283268,0.48874;0.48901;0.48938;0.48990;0.49062;0.49162;0.49246;0.49352;0.49519;0.49882;0.49923;0.50078;0.49878;0.46490;0.36819;0.30631;0.18123;0.00170;0.00000;0.00000;0.00000;0.00000;0.00000;0.00000,2.185813644373855,7349.319761498215,3.866247143506072,326138336.2421096,8.513401851366039,1.3309331389378023,1.9202860093250371,0.3206378953867004,0.6432760151842662,-0.8596560911055975,3.452688367734233,0.5381573816274794,0.0010540684145475849,129963.93795222386,5.113822862145169,83.06731965054665,0.6577738469300277,0.29267281974313963,0.42227179158751404,-0.5336176082244878,151.58036471011283,0.038087217965493185,3.5253959682223956,1.4345224417949711,0.9079031925617376,4.109773789192433,5.205829467354612,0.20217512932315773,1.5815196297167315,16.58151962971673,0.21000527812671346,0.21000527812671807,0.0,calibration_check
ok,R30005_S+03,30005,3,20267106,153.3958620394336,0.8436639370910718,0.1368015716504364,47.910808438945494,3979.822439313993,2.6620866286804192,3.941094997879498,0.3254096386416092,0.27337506492803154,0.05654891562457813,610.8851373229285,4,2.1725093567345805e-13,3.3088674527423396e-12,2.6841442021433447e-14,7.983376196637773e-15,1.2707414357454557e-11,0.958689970742071,1.8946823138805715,1.5853051467819977e-10,4.547511928527828,3.452688367734233,5.312999898224369,3.125779526641835,1.8350555334239782,1.4408279185708006,462108306.5035352,3421111.0218252973,261.0296475681959,0.4191670405587462,335.7120758588996,210.58251455374855,3453260.768783752,18453260.768783752,3452368.028497938,376.70117254376294,376.70117254376294,376.70117254376294,156.06968106724514,220.6314914765178,462108306.5035346,462108306.50353813,0.0,1.0000000000000075,0.006454271681122295,0.0022483418028929215,0.49607787958157146,0.0,7.610064550356981e-15,4174,0,0.0,2.2359038259999693,0.0,1.3875048479963857e-12,0,0.05,24000000.0,False,5546739.231216248,0.45281;0.45313;0.45357;0.45419;0.45506;0.45626;0.45708;0.45791;0.45889;0.46015;0.46201;0.46574;0.46631;0.46572;0.46668;0.40465;0.31399;0.21437;0.01204;0.00000;0.00000;0.00000;0.00000;0.00000,2.185813644373855,7349.319761498215,3.866247143506072,326138336.2421096,8.513401851366039,2.9286657192152457,5.312999898224369,0.5159646591213677,0.7203604161358016,-1.3221624968148094,3.452688367734233,0.5381573816274794,0.0023194358462340007,129963.93795222386,5.113822862145169,83.06731965054665,0.6577738469300277,0.6440149614216287,1.1683311625626354,-0.19110404321879187,224.8535404454616,0.0564983850094126,3.5253959682223956,1.4345224417949711,0.9079031925617376,4.109773789192433,5.205829467354612,0.5341671681294454,3.453260768783752,18.453260768783753,0.4621083065035381,0.4621083065035346,0.0,calibration_check
ok,R30006_S+00,30006,0,20268106,75.91706876065277,0.13486641200280564,0.2688578409030705,78.30875457006846,3331.8679673600172,2.8064318518102214,2.547840605601017,0.5813814141604856,0.24766722922058484,0.06953343117259082,639.7903248922406,4,6.956208825900932e-14,7.001808614424693e-14,6.913192767592809e-14,6.12995847122485e-14,8.348012420425346e-14,0.12223781726068772,0.13531556661403232,5.483029123335745e-12,7.964335162877924,5.016706965466061,21.29280633053982,14.600647061881299,7.910923327379622,1.22363512703478,1776219983.3221207,7353936.119112488,243.80560848417718,0.2692700163659192,293.85651416581356,199.15509627178102,6037928.760732118,21037928.760732118,5619098.228362646,334.494087389744,334.494087389744,334.494087389744,311.6727972542694,22.821290135474555,1776219983.3221223,1776219983.3221226,0.0,1.0000000000000002,0.00929055519008689,0.0036230115800884003,0.5285006781974808,0.0,1.3422806934963114e-16,5493,0,0.0,3.1965977219999786,0.0,7.618952646003565e-14,128,0.05,24000000.0,False,2962071.239267882,0.50937;0.50940;0.50945;0.50952;0.50962;0.50976;0.50885;0.50858;0.50904;0.50962;0.50852;0.50655;0.50960;0.51261;0.52427;0.51792;0.46763;0.33017;0.00002;0.00000;0.00000;0.00000;0.00000;0.00000,1.8803394311677917,5944.971105256969,3.774149748129151,734274527.8607913,8.865858462701377,11.25700296170888,21.29280633053982,0.6644165090031416,0.7971360919623556,-1.7828165517741341,5.016706965466061,0.700418733876494,0.003780947271568151,85498.02598552623,4.9319560876698105,42.54783498540711,0.9011495281416091,1.4134265737808485,2.673519621548126,0.15027325220998689,236.2017461112825,0.07089168851382648,1.8509268334684825,1.8453952646936505,1.7931741300703963,1.927299684317511,3.744737150429842,0.8665198529957968,6.037928760732118,21.037928760732118,1.7762199833221226,1.7762199833221224,0.0,calibration_check
ok,R30006_S+01,30006,1,20268106,75.91706876065277,0.13486641200280564,0.2688578409030705,78.30875457006846,3331.8679673600172,2.8064318518102214,2.547840605601017,0.5813814141604856,0.24766722922058484,0.06953343117259082,639.7903248922406,4,6.956208825900932e-14,7.001808614424693e-14,6.913192767592809e-14,6.12995847122485e-14,8.348012420425346e-14,0.12223781726068772,0.13531556661403232,5.483029123335745e-12,7.964335162877924,5.016706965466061,12.854089272310405,26.002724953095363,31.884153083196665,30.498373662614316,3993588283.291587,16789251.413886506,371.57774013005024,0.27818483650175996,442.3450102947413,299.41837547488296,16114388.11413432,31114388.11413432,14872999.587797724,498.87490998886665,498.87490998886665,498.87490998886665,468.6883261618026,30.186583827064055,3993588283.2915564,3993588283.2915716,0.0,1.0000000000000038,0.0201052020284765,0.007753412967508217,0.5033747643861801,0.0,3.820821772324399e-15,20204,0,0.0,11.597000527000034,0.0,1.0361147548749624e-14,0,0.05,24000000.0,True,-7114388.114134319,0.43126;0.43183;0.43261;0.43370;0.43523;0.43734;0.43946;0.44082;0.44222;0.44368;0.44523;0.44694;0.44900;0.45173;0.45597;0.46436;0.49488;0.48078;0.38187;0.00287;0.00000;0.00000;0.00000;0.00000,1.8803394311677917,5944.971105256969,3.774149748129151,734274527.8607913,8.865858462701377,25.309835242804187,31.884153083196665,0.296832983943945,0.38381141019530257,0.6971315388281849,5.016706965466061,0.700418733876494,0.008500944063942294,85498.02598552623,4.9319560876698105,42.54783498540711,0.9011495281416091,3.1778968018290232,4.003366562448294,0.5021397899374714,354.1737523250158,0.10629885571535506,1.8509268334684825,1.8453952646936505,1.7931741300703963,1.927299684317511,3.744737150429842,1.225031332584385,16.114388114134318,31.114388114134318,3.9935882832915715,3.9935882832915564,0.0,calibration_check
ok,R30006_S+02,30006,2,20268106,75.91706876065277,0.13486641200280564,0.2688578409030705,78.30875457006846,3331.8679673600172,2.8064318518102214,2.547840605601017,0.5813814141604856,0.24766722922058484,0.06953343117259082,639.7903248922406,4,6.956208825900932e-14,7.001808614424693e-14,6.913192767592809e-14,6.12995847122485e-14,8.348012420425346e-14,0.12223781726068772,0.13531556661403232,5.483029123335745e-12,7.964335162877924,5.016706965466061,53.70515751099729,29.55457643783395,17.841888756506172,18.567094467013963,4720571886.297744,18477933.88474268,399.74402593743054,0.2723746676280982,482.3778406400926,327.25721604263606,17224244.572636854,32224244.572636854,14903110.868310228,532.1959374461029,532.1959374461029,532.1959374461029,514.6218059422588,17.574131503844114,4720571886.297725,4720571886.297739,0.0,1.000000000000003,0.023592435096962253,0.00902181064304362,0.48124667356852313,0.0,3.0303774819353596e-15,29063,0,0.0,16.632407254999976,0.0,6.46934684941485e-15,0,0.05,24000000.0,True,-8224244.572636854,0.43394;0.43431;0.43482;0.43554;0.43653;0.43792;0.43902;0.43986;0.44072;0.44162;0.44260;0.44372;0.44511;0.44708;0.45029;0.45667;0.46802;0.47822;0.42016;0.02581;0.00000;0.00000;0.00000;0.00000,1.8803394311677917,5944.971105256969,3.774149748129151,734274527.8607913,8.865858462701377,29.91717929308784,53.70515751099729,0.4845665935285239,0.6957518716350695,-1.1745112298104163,5.016706965466061,0.700418733876494,0.010048436320571428,85498.02598552623,4.9319560876698105,42.54783498540711,0.9011495281416091,3.75639380830342,6.743206609550929,0.5747711160242477,385.06321779035943,0.11556977094007169,1.8509268334684825,1.8453952646936505,1.7931741300703963,1.927299684317511,3.744737150429842,1.2666534088419115,17.224244572636852,32.224244572636856,4.720571886297739,4.720571886297725,0.0,calibration_check
ok,R30006_S+03,30006,3,20268106,75.91706876065277,0.13486641200280564,0.2688578409030705,78.30875457006846,3331.8679673600172,2.8064318518102214,2.547840605601017,0.5813814141604856,0.24766722922058484,0.06953343117259082,639.7903248922406,4,6.956208825900932e-14,7.001808614424693e-14,6.913192767592809e-14,6.12995847122485e-14,8.348012420425346e-14,0.12223781726068772,0.13531556661403232,5.483029123335745e-12,7.964335162877924,5.016706965466061,1.4298032800310587,7.816106259303709,11.329948012656457,11.9713285400893,1283888849.7743003,6032035.280037465,211.27026793559153,0.2797349328814022,253.90928379592228,168.63796710501697,5162606.168037314,20162606.168037314,4833807.899675168,285.7608154631367,285.7608154631367,285.7608154631367,269.4052839279341,16.3555315352026,1283888849.774306,1283888849.7743068,0.0,1.0000000000000007,0.006679010401112157,0.002649216855105856,0.5572996276433976,0.0,5.571009806888048e-16,2957,0,0.0,1.3893617869999844,0.0,6.015799282602705e-14,0,0.05,24000000.0,False,3837393.831962686,0.50363;0.50408;0.50472;0.50560;0.50683;0.50855;0.50968;0.51078;0.51201;0.51349;0.51550;0.51862;0.52471;0.54612;0.54580;0.49869;0.42734;0.04557;0.00000;0.00000;0.00000;0.00000;0.00000;0.00000,1.8803394311677917,5944.971105256969,3.774149748129151,734274527.8607913,8.865858462701377,8.13679652302013,11.9713285400893,0.5140715147777245,0.2840770785276737,1.2955375288339577,5.016706965466061,0.700418733876494,0.002732947545422685,85498.02598552623,4.9319560876698105,42.54783498540711,0.9011495281416091,1.0216542067373127,1.5031171209228018,0.009303927581857128,200.81605976295938,0.06027131378860568,1.8509268334684825,1.8453952646936505,1.7931741300703963,1.927299684317511,3.744737150429842,0.7804638729613173,5.162606168037314,20.162606168037314,1.2838888497743068,1.283888849774306,0.0,calibration_check
ok,R30007_S+00,30007,0,20269106,111.4985663910007,0.8174811770565182,0.19255497567378208,53.43868855503176,3341.697984837218,2.7447208633201026,3.7766739337566504,0.5403808147339243,0.22699445489871806,0.044496392167214835,748.8796987561377,4,1.6165438950343031e-13,3.878356511538746e-13,4.700227887915567e-14,1.3554410444230099e-14,1.0323440783841511e-12,0.8437802992289967,1.1741640628770675,2.072542857254985e-11,5.776248271902685,7.286624219373177,3.24913381336911,2.369433870538381,1.8112421185120111,1.574558557289999,355195318.6854607,1856942.8029004387,154.36031756589733,0.3487466254536977,204.02247487844082,128.46341709749137,1774679.9371727668,16774679.937172767,1770580.271958286,222.59327019054913,222.59327019054913,222.59327019054913,130.8260632609114,91.76720692963772,355195318.68546075,355195318.68546057,0.0,0.9999999999999994,0.0035324847514997147,0.0012924188238085529,0.5305563140101589,0.0,5.0342424271790185e-16,876,0,0.0,0.4034281620000115,0.0,1.771808045146917e-13,0,0.05,24000000.0,False,7225320.062827233,0.48493;0.48510;0.48534;0.48567;0.48613;0.48676;0.48743;0.48841;0.49009;0.49356;0.50049;0.51295;0.50076;0.46253;0.41496;0.29406;0.16920;0.00000;0.00000;0.00000;0.00000;0.00000;0.00000;0.00000,2.047269283415747,5958.337163701218,3.7751250749434586,360989693.89460903,8.557494803156093,2.251092089927375,3.24913381336911,0.28628279121163774,0.62398243379825,-0.7438946027895004,7.286624219373177,0.8625263729746673,0.0013138941308349036,133906.0735825533,5.12680027576905,62.533308267771204,0.7616458515976136,0.38971525875667906,0.5624989890365033,-0.40925258968051137,137.77045047329864,0.041227678592866544,2.594364326150244,1.6778355127379565,1.137797230241686,3.019541068738784,4.322220117677956,0.2687985269130275,1.7746799371727668,16.774679937172767,0.35519531868546056,0.3551953186854607,0.0,calibration_check
ok,R30007_S+01,30007,1,20269106,111.4985663910007,0.8174811770565182,0.19255497567378208,53.43868855503176,3341.697984837218,2.7447208633201026,3.7766739337566504,0.5403808147339243,0.22699445489871806,0.044496392167214835,748.8796987561377,4,1.6165438950343031e-13,3.878356511538746e-13,4.700227887915567e-14,1.3554410444230099e-14,1.0323440783841511e-12,0.8437802992289967,1.1741640628770675,2.072542857254985e-11,5.776248271902685,7.286624219373177,13.147232083644976,15.22575767724589,15.560085016850472,14.15021410245872,2291211496.4572515,11995022.099358883,399.5536330500181,0.3622354155042217,511.8768146386559,334.9078757506822,11952963.305636726,26952963.305636726,11874674.201486088,583.2545887262331,583.2545887262331,583.2545887262331,297.6368725077507,285.6177162184824,2291211496.4572625,2291211496.4572525,0.0,0.9999999999999957,0.02334458191297156,0.007656614125120079,0.45280777091621077,0.0,4.370430376134596e-15,21250,0,0.0,11.599409401000003,0.0,4.1303253771222694e-14,0,0.05,24000000.0,True,-2952963.3056367263,0.38174;0.38207;0.38252;0.38316;0.38405;0.38528;0.38646;0.38727;0.38812;0.38905;0.39009;0.39135;0.39312;0.39621;0.40404;0.40325;0.40890;0.35693;0.28237;0.07743;0.00000;0.00000;0.00000;0.00000,2.047269283415747,5958.337163701218,3.7751250749434586,360989693.89460903,8.557494803156093,14.520822220050015,15.560085016850472,0.06534260902523778,0.4884880024513023,0.06907198529218617,7.286624219373177,0.8625263729746673,0.008475363213788507,133906.0735825533,5.12680027576905,62.533308267771204,0.7616458515976136,2.5138847114109386,2.6938047473719493,0.40034535674447225,349.9089504881561,0.10470992653311277,2.594364326150244,1.6778355127379565,1.137797230241686,3.019541068738784,4.322220117677956,1.0790010524389704,11.952963305636727,26.952963305636725,2.2912114964572523,2.2912114964572625,0.0,calibration_check
ok,R30007_S+02,30007,2,20269106,111.4985663910007,0.8174811770565182,0.19255497567378208,53.43868855503176,3341.697984837218,2.7447208633201026,3.7766739337566504,0.5403808147339243,0.22699445489871806,0.044496392167214835,748.8796987561377,4,1.6165438950343031e-13,3.878356511538746e-13,4.700227887915567e-14,1.3554410444230099e-14,1.0323440783841511e-12,0.8437802992289967,1.1741640628770675,2.072542857254985e-11,5.776248271902685,7.286624219373177,0.8687572528788183,2.054663005486887,3.4089520868232865,4.931624496888019,444330883.42941177,2642364.2076801793,181.3515608472385,0.3848061603434158,233.36294225743717,148.2688128554243,2480805.5582239702,17480805.55822397,2464714.6903766803,266.87967916619584,266.87967916619584,266.87967916619584,124.7877588885749,142.09192027762094,444330883.42941076,444330883.4294129,0.0,1.0000000000000049,0.0045907282247276355,0.0016086152689827116,0.5207192674866385,0.0,4.8292101493209685e-15,1335,0,0.0,0.7442700660000128,0.0,4.5066215945702513e-13,0,0.05,24000000.0,False,6519194.44177603,0.46822;0.46849;0.46886;0.46938;0.47011;0.47112;0.47197;0.47306;0.47474;0.47887;0.48549;0.48459;0.49833;0.47055;0.41894;0.30684;0.24650;0.00607;0.00000;0.00000;0.00000;0.00000;0.00000;0.00000,2.047269283415747,5958.337163701218,3.7751250749434586,360989693.89460903,8.557494803156093,2.8159992105192524,4.931624496888019,0.5385229122908484,0.2595366724043439,1.442779965573937,7.286624219373177,0.8625263729746673,0.0016436132718392407,133906.0735825533,5.12680027576905,62.533308267771204,0.7616458515976136,0.4875135343847794,0.8537764072359638,-0.31201332288435013,154.09044587477612,0.04611142196989482,2.594364326150244,1.6778355127379565,1.137797230241686,3.019541068738784,4.322220117677956,0.42199267795845957,2.4808055582239703,17.48080555822397,0.4443308834294129,0.44433088342941074,0.0,calibration_check
ok,R30007_S+03,30007,3,20269106,111.4985663910007,0.8174811770565182,0.19255497567378208,53.43868855503176,3341.697984837218,2.7447208633201026,3.7766739337566504,0.5403808147339243,0.22699445489871806,0.044496392167214835,748.8796987561377,4,1.6165438950343031e-13,3.878356511538746e-13,4.700227887915567e-14,1.3554410444230099e-14,1.0323440783841511e-12,0.8437802992289967,1.1741640628770675,2.072542857254985e-11,5.776248271902685,7.286624219373177,8.37588610239317,10.582260508252675,12.22589845117317,13.306799931154654,1755030362.4378326,9534744.603125688,352.82256719783777,0.36875167150038707,453.67477659551366,293.5278892621682,9389005.744555727,24389005.744555727,9319841.987091802,517.742494583932,517.742494583932,517.742494583932,250.34260708062283,267.3998875033091,1755030362.4378364,1755030362.4378333,0.0,0.9999999999999982,0.01846090342868454,0.0059945186712652525,0.46598923097083955,0.0,1.7660329955859072e-15,13327,0,0.0,6.367853529999991,0.0,6.017876570366567e-14,0,0.05,24000000.0,True,-389005.74455572665,0.39538;0.39572;0.39620;0.39685;0.39777;0.39905;0.40010;0.40093;0.40181;0.40279;0.40396;0.40555;0.40811;0.41501;0.41758;0.41857;0.42289;0.31132;0.25123;0.00669;0.00000;0.00000;0.00000;0.00000,2.047269283415747,5958.337163701218,3.7751250749434586,360989693.89460903,8.557494803156093,11.12271124824342,13.306799931154654,0.16714080870797296,0.4261134310584539,0.4433194136492763,7.286624219373177,0.8625263729746673,0.006491988974342614,133906.0735825533,5.12680027576905,62.533308267771204,0.7616458515976136,1.9255943866449527,2.3037098311515996,0.28456481124460375,306.2420186949326,0.09164263798957593,2.594364326150244,1.6778355127379565,1.137797230241686,3.019541068738784,4.322220117677956,0.9793090645620235,9.389005744555726,24.38900574455573,1.7550303624378334,1.7550303624378365,0.0,calibration_check
ok,R30008_S+00,30008,0,20270106,356.642199714428,0.739786427236239,0.14019657469637548,23.288559229386536,2909.429502738344,2.7463444978994174,2.5806962222796175,0.35930881485250965,0.31260709124007935,0.06830979602364388,725.4786313634131,4,4.768564760396812e-13,8.133697568470201e-13,2.5421272716831785e-13,8.750922301190484e-14,2.0779612574987098e-12,0.7301211866869552,1.0751809249517739,1.894220975772354e-11,1.6996138796487044,3.1559937441020294,0.39714331464370395,0.5083788080788568,0.5662824531499884,0.5708542498570987,80576762.6985574,1511683.2095696002,129.23338614905967,0.2884656281396918,152.847724977071,101.75930251817694,1487353.5006008018,16487353.500600802,1485445.3190550897,166.36415316754704,166.36415316754704,166.36415316754704,158.68589819516006,7.678254972386981,80576762.69855751,80576762.6985568,0.0,0.9999999999999911,0.002947610306876244,0.00126052747142088,0.5786407582410252,0.0,8.876699849316384e-15,713,0,0.0,0.3340910919999942,0.0,6.731917833804699e-13,0,0.05,24000000.0,False,7512646.499399198,0.54076;0.54081;0.54087;0.54095;0.54106;0.54122;0.54164;0.54241;0.54392;0.54726;0.55915;0.57584;0.54730;0.50818;0.45835;0.30399;0.00000;0.00000;0.00000;0.00000;0.00000;0.00000;0.00000;0.00000,2.5522327298062266,8305.682991748157,3.9193753510982243,86825156.3164023,7.938645573869237,0.5106647064324119,0.5708542498570987,0.13710577748977076,0.44330561291805737,0.34016632249165607,3.1559937441020294,0.4991361336677183,0.001279203432340441,121588.46132219944,5.084892362585819,124.92956193988579,0.23035026903446326,0.3004592469778853,0.33587290424757493,-0.5222144255343435,125.50907321278922,0.043138722933365646,2.9160046179642682,2.4109138874965677,1.9477704255562045,3.3233540438702245,4.283147239256266,0.17946078934600881,1.4873535006008018,16.4873535006008,0.08057676269855679,0.08057676269855751,0.0,calibration_check
ok,R30008_S+01,30008,1,20270106,356.642199714428,0.739786427236239,0.14019657469637548,23.288559229386536,2909.429502738344,2.7463444978994174,2.5806962222796175,0.35930881485250965,0.31260709124007935,0.06830979602364388,725.4786313634131,4,4.768564760396812e-13,8.133697568470201e-13,2.5421272716831785e-13,8.750922301190484e-14,2.0779612574987098e-12,0.7301211866869552,1.0751809249517739,1.894220975772354e-11,1.6996138796487044,3.1559937441020294,1.2087744259050663,2.9438638904367944,4.026876324756916,4.457811728865432,498504613.3159782,9206456.723019056,324.2921088455371,0.2936013309780109,373.3583122063409,253.07336398044066,9217531.798599359,24217531.79859936,9192430.44400838,423.9713053503995,423.9713053503995,423.9713053503995,373.43108537699777,50.54021997340175,498504613.31597745,498504613.3159809,0.0,1.0000000000000069,0.019661838698662577,0.0072636393947550235,0.5097518098853209,0.0,6.934879446705122e-15,10696,0,0.0,5.609939662999977,0.0,2.188999297910784e-13,0,0.05,24000000.0,True,-217531.79859935865,0.44885;0.44895;0.44909;0.44928;0.44955;0.44992;0.45018;0.45042;0.45070;0.45105;0.45153;0.45227;0.45354;0.45601;0.46179;0.48627;0.49446;0.43777;0.13833;0.00000;0.00000;0.00000;0.00000;0.00000,2.5522327298062266,8305.682991748157,3.9193753510982243,86825156.3164023,7.938645573869237,3.1593315924910526,4.457811728865432,0.39691056922470735,0.3286010185043295,1.0283938889740227,3.1559937441020294,0.4991361336677183,0.007914053519089324,121588.46132219944,5.084892362585819,124.92956193988579,0.23035026903446326,1.8588525489942807,2.622837917625634,0.26924494130611104,312.1798057751572,0.10729931949935022,2.9160046179642682,2.4109138874965677,1.9477704255562045,3.3233540438702245,4.283147239256266,0.9640925160029722,9.217531798599358,24.21753179859936,0.4985046133159809,0.49850461331597745,0.0,calibration_check
ok,R30008_S+02,30008,2,20270106,356.642199714428,0.739786427236239,0.14019657469637548,23.288559229386536,2909.429502738344,2.7463444978994174,2.5806962222796175,0.35930881485250965,0.31260709124007935,0.06830979602364388,725.4786313634131,4,4.768564760396812e-13,8.133697568470201e-13,2.5421272716831785e-13,8.750922301190484e-14,2.0779612574987098e-12,0.7301211866869552,1.0751809249517739,1.894220975772354e-11,1.6996138796487044,3.1559937441020294,1.439413973140222,2.0717349781631076,4.46515760349486,8.619681849135477,654661954.5699713,12361125.377328116,377.3333186587175,0.3026827336937642,435.6262659356683,290.2053439088179,12470279.49390854,27470279.49390854,12415546.816049077,481.9818142457795,481.9818142457795,481.9818142457795,396.0758513639471,85.90596288183241,654661954.5699676,654661954.5699639,0.0,0.9999999999999943,0.02439761966128164,0.009301316272390973,0.5008330027983595,0.0,5.644879697494716e-15,18096,0,0.0,9.889413595000008,0.0,1.9833705846699284e-13,0,0.05,24000000.0,True,-3470279.4939085394,0.43186;0.43201;0.43223;0.43252;0.43293;0.43350;0.43392;0.43428;0.43465;0.43507;0.43558;0.43626;0.43727;0.43900;0.44240;0.45288;0.48176;0.46434;0.31496;0.00091;0.00000;0.00000;0.00000;0.00000,2.5522327298062266,8305.682991748157,3.9193753510982243,86825156.3164023,7.938645573869237,4.148997100983417,8.619681849135477,0.6789793898188461,0.2115661246467911,1.7306032521192531,3.1559937441020294,0.4991361336677183,0.01039314302612957,121588.46132219944,5.084892362585819,124.92956193988579,0.23035026903446326,2.4411409854107444,5.071552987621572,0.38759286234130536,357.7492785328012,0.1229620027555536,2.9160046179642682,2.4109138874965677,1.9477704255562045,3.3233540438702245,4.283147239256266,1.092058011441705,12.470279493908539,27.47027949390854,0.6546619545699639,0.6546619545699677,0.0,calibration_check
ok,R30008_S+03,30008,3,20270106,356.642199714428,0.739786427236239,0.14019657469637548,23.288559229386536,2909.429502738344,2.7463444978994174,2.5806962222796175,0.35930881485250965,0.31260709124007935,0.06830979602364388,725.4786313634131,4,4.768564760396812e-13,8.133697568470201e-13,2.5421272716831785e-13,8.750922301190484e-14,2.0779612574987098e-12,0.7301211866869552,1.0751809249517739,1.894220975772354e-11,1.6996138796487044,3.1559937441020294,2.422949209162881,1.4968748210698646,1.0518175044289801,1.0877772592402273,239025893.16305035,4325922.9142910335,220.4671973237826,0.28300717921230917,261.3005457714166,175.32109748294815,4302326.076100033,19302326.076100033,4297538.678774696,283.8365373370124,283.8365373370124,283.8365373370124,275.38487066396937,8.451666673043007,239025893.1630508,239025893.16305107,0.0,1.000000000000001,0.008671353815297126,0.0036368248320313573,0.5368803075316823,0.0,1.1221416137802767e-15,3098,0,0.0,1.5086828830000059,0.0,3.7106608659139654e-13,0,0.05,24000000.0,False,4697673.923899967,0.48986;0.48990;0.48995;0.49003;0.49014;0.49028;0.49043;0.49062;0.49094;0.49148;0.49248;0.49450;0.49910;0.51728;0.53100;0.49224;0.43181;0.09748;0.00000;0.00000;0.00000;0.00000;0.00000;0.00000,2.5522327298062266,8305.682991748157,3.9193753510982243,86825156.3164023,7.938645573869237,1.5148546984754883,2.422949209162881,0.3648308312031566,0.6468976916032868,-0.8813861496197206,3.1559937441020294,0.4991361336677183,0.003794676439115464,121588.46132219944,5.084892362585819,124.92956193988579,0.23035026903446326,0.8912934382417469,1.4255880339502074,-0.04997929076814759,216.16863989618776,0.07429932214983406,2.9160046179642682,2.4109138874965677,1.9477704255562045,3.3233540438702245,4.283147239256266,0.6360787762689729,4.302326076100033,19.302326076100034,0.23902589316305106,0.2390258931630508,0.0,calibration_check
ok,R30009_S+00,30009,0,20271106,912.715834541442,0.16949111827943886,0.25187893418812246,21.076435425129475,1500.1146932989036,1.8252761364636365,2.1654517261969257,0.5597565840890852,0.2343619846777089,0.07469793011988536,697.0958183172021,4,9.05484718980944e-13,9.096317880317603e-13,9.014018974249885e-13,7.995879474654578e-13,1.0383950874203795e-12,0.10428511118504402,0.11093897346547706,1.9171795641096455e-11,0.7388104763812572,4.496161405201285,0.10189905089338375,0.08472173009015298,0.10553288558334398,0.16433251737295682,18007010.49787477,771991.4915272397,45.01402781844349,0.2524662300121696,58.942340683005455,37.68773800883366,767469.4073730018,15767469.407373002,766906.8977246657,63.71610315681327,63.71610315681327,63.71610315681327,63.682666675144034,0.0334364816692343,18007010.49787476,18007010.49787551,0.0,1.0000000000000417,0.0016941166035526131,0.0006828345954337014,0.6680235938575422,0.0,4.178975962601454e-14,234,0,0.0,0.14805636200003391,0.0,4.370899056174382e-12,0,0.05,24000000.0,False,8232530.592626998,0.64435;0.64449;0.64468;0.64494;0.64530;0.64580;0.65302;0.66763;0.64986;0.60561;0.54814;0.47937;0.38829;0.08593;0.00000;0.00000;0.00000;0.00000;0.00000;0.00000;0.00000;0.00000;0.00000;0.00000,2.9603355850916846,19236.79634820586,4.284132747320089,37530799.11859916,7.574387811658038,0.11412154598495938,0.16433251737295682,0.2631930737305125,0.4088202174551078,0.5470786952693532,4.496161405201285,0.6528418933372635,0.0006882739436786122,257527.8366794373,5.41082417964079,71.17497162306269,-0.13146695486375115,0.15446660494574238,0.2224285153316564,-0.8111653987986935,44.97730038433703,0.029982574389313798,2.9645822265857458,2.9606350656804254,2.9085828369542313,3.0220792226093565,4.288379388814151,-0.11238748619681865,0.7674694073730018,15.767469407373001,0.018007010497875512,0.01800701049787476,0.0,calibration_check
ok,R30009_S+01,30009,1,20271106,912.715834541442,0.16949111827943886,0.25187893418812246,21.076435425129475,1500.1146932989036,1.8252761364636365,2.1654517261969257,0.5597565840890852,0.2343619846777089,0.07469793011988536,697.0958183172021,4,9.05484718980944e-13,9.096317880317603e-13,9.014018974249885e-13,7.995879474654578e-13,1.0383950874203795e-12,0.10428511118504402,0.11093897346547706,1.9171795641096455e-11,0.7388104763812572,4.496161405201285,0.5662711327289803,0.5342805808271066,0.369684530281161,0.07248298109114354,60855645.26575027,2557644.156797859,82.693255216193,0.2521090683432012,107.74463354707815,69.2550167286024,2556348.3641664423,17556348.364166442,2556033.1598457657,116.27795939197493,116.27795939197493,116.27795939197493,116.24023331111042,0.03772608086451612,60855645.2657502,60855645.26574961,0.0,0.9999999999999903,0.006557594583662185,0.0022655267954507755,0.6258242825654216,0.0,9.672001086943474e-15,435,0,0.0,0.22739212199996928,0.0,6.235972605216201e-12,0,0.05,24000000.0,False,6443651.635833558,0.56669;0.56671;0.56674;0.56677;0.56682;0.56689;0.56769;0.56946;0.57333;0.58346;0.62236;0.60122;0.54249;0.47140;0.37352;0.04285;0.00000;0.00000;0.00000;0.00000;0.00000;0.00000;0.00000;0.00000,2.9603355850916846,19236.79634820586,4.284132747320089,37530799.11859916,7.574387811658038,0.3856798062320979,0.5662711327289803,0.5071665166644859,0.71338432539931,-1.2803059523958598,4.496161405201285,0.6528418933372635,0.0023260582297715666,257527.8366794373,5.41082417964079,71.17497162306269,-0.13146695486375115,0.5220280688508685,0.7664633229114644,-0.28230614485345706,82.684291947156,0.055118646805148545,2.9645822265857458,2.9606350656804254,2.9085828369542313,3.0220792226093565,4.288379388814151,0.40784012126492386,2.556348364166442,17.556348364166443,0.06085564526574961,0.0608556452657502,0.0,calibration_check
ok,R30009_S+02,30009,2,20271106,912.715834541442,0.16949111827943886,0.25187893418812246,21.076435425129475,1500.1146932989036,1.8252761364636365,2.1654517261969257,0.5597565840890852,0.2343619846777089,0.07469793011988536,697.0958183172021,4,9.05484718980944e-13,9.096317880317603e-13,9.014018974249885e-13,7.995879474654578e-13,1.0383950874203795e-12,0.10428511118504402,0.11093897346547706,1.9171795641096455e-11,0.7388104763812572,4.496161405201285,0.2821086120449397,0.27229493089639467,0.31560904634817594,0.41205095840028333,50573560.765719295,2151268.4098943765,75.43188276659902,0.25242683723857945,98.19396429297367,63.126393895073264,2140035.590319764,17140035.590319764,2138312.5112501383,106.91689426926608,106.91689426926608,106.91689426926608,106.73217988067908,0.18471438858699685,50573560.7657193,50573560.76571727,0.0,0.9999999999999598,0.005404718567699116,0.0018909882983329063,0.6360917640549542,0.0,4.0218811413787853e-14,363,0,0.0,0.1974777260000451,0.0,1.4111355602014392e-12,0,0.05,24000000.0,False,6859964.409680236,0.57918;0.57921;0.57925;0.57930;0.57938;0.57948;0.58058;0.58314;0.58882;0.60925;0.63154;0.58559;0.52329;0.44783;0.32721;0.00001;0.00000;0.00000;0.00000;0.00000;0.00000;0.00000;0.00000;0.00000,2.9603355850916846,19236.79634820586,4.284132747320089,37530799.11859916,7.574387811658038,0.3205158869224484,0.41205095840028333,0.17232805520197197,0.43243062634480034,0.4054162419311973,4.496161405201285,0.6528418933372635,0.0019330506925733025,257527.8366794373,5.41082417964079,71.17497162306269,-0.13146695486375115,0.43382693825939844,0.5577221379135503,-0.36268348419325164,75.37621784919439,0.05024696990563733,2.9645822265857458,2.9606350656804254,2.9085828369542313,3.0220792226093565,4.288379388814151,0.33269459991031947,2.140035590319764,17.140035590319762,0.05057356076571727,0.050573560765719304,0.0,calibration_check
ok,R30009_S+03,30009,3,20271106,912.715834541442,0.16949111827943886,0.25187893418812246,21.076435425129475,1500.1146932989036,1.8252761364636365,2.1654517261969257,0.5597565840890852,0.2343619846777089,0.07469793011988536,697.0958183172021,4,9.05484718980944e-13,9.096317880317603e-13,9.014018974249885e-13,7.995879474654578e-13,1.0383950874203795e-12,0.10428511118504402,0.11093897346547706,1.9171795641096455e-11,0.7388104763812572,4.496161405201285,0.7684585185032018,1.1428218502973626,2.3092395449955427,4.267711602597742,334835268.62718815,13597063.537228417,194.19798837753902,0.25270126734173076,247.4224331615796,162.55242224070784,13570255.799015816,28570255.799015816,13541029.084990487,268.5430840361568,268.5430840361568,268.5430840361568,268.2954893076329,0.24759472852389308,334835268.62719095,334835268.6271896,0.0,0.9999999999999959,0.03079752282171378,0.01121759752355426,0.5227531854303602,0.0,4.094272492424823e-15,4398,0,0.0,2.3556093029999943,0.0,5.422980811679432e-13,0,0.05,24000000.0,True,-4570255.799015816,0.43112;0.43114;0.43117;0.43121;0.43127;0.43135;0.43145;0.43161;0.43188;0.43235;0.43321;0.43485;0.43818;0.44560;0.47572;0.51555;0.44108;0.29751;0.00000;0.00000;0.00000;0.00000;0.00000;0.00000,2.9603355850916846,19236.79634820586,4.284132747320089,37530799.11859916,7.574387811658038,2.1220578790984623,4.267711602597742,0.6422546011956699,0.2251682656286165,1.6489904062283007,4.496161405201285,0.6528418933372635,0.012798259369478433,257527.8366794373,5.41082417964079,71.17497162306269,-0.13146695486375115,2.8722628426879417,5.776463300170399,0.45822417996643244,193.94928109528766,0.12928963496036,2.9645822265857458,2.9606350656804254,2.9085828369542313,3.0220792226093565,4.288379388814151,1.13344512695288,13.570255799015817,28.570255799015815,0.3348352686271896,0.33483526862719093,0.0,calibration_check
ok,R30010_S+00,30010,0,20272106,199.06781858092134,0.275905425234738,0.15656313825103735,65.02727254631853,3608.08905032136,1.963078112298462,3.0502075318222883,0.38719444192482266,0.19856348196766105,0.07231927514480671,630.5833278396117,4,1.7505047121898298e-13,1.821946399086977e-13,1.6911885570097801e-13,1.3307947514717219e-13,2.7470861939689215e-13,0.27094404701095554,0.3480196506318482,1.1847620505821247e-11,6.350760200530677,3.2123754654581376,4.630712632019115,3.7284305100121875,2.1657968163622243,0.13084689386828438,420338823.9611717,2021323.90663092,165.4668801120956,0.2703309669264181,214.0481091374249,139.2342985585494,1950777.9920026436,16950777.992002644,1930255.6803176627,233.55920633148602,233.55920633148602,233.55920633148602,230.21445510631895,3.344751225167073,420338823.96117175,420338823.9611716,0.0,0.9999999999999997,0.003781860700912953,0.0015718646000149074,0.6098012658566273,0.0,2.8360285264011934e-16,1035,0,0.0,0.6227127789999827,0.0,5.326924848908021e-13,47,0.05,24000000.0,False,7049222.007997356,0.56857;0.56858;0.56861;0.56863;0.56867;0.56873;0.56840;0.56818;0.56827;0.57033;0.57490;0.58767;0.60517;0.56870;0.51553;0.44848;0.28686;0.00000;0.00000;0.00000;0.00000;0.00000;0.00000;0.00000,2.2990010574037725,12944.837294062663,4.1120965960814475,416379581.94407874,8.619489424809604,2.663946713065453,4.630712632019115,0.6410711572842294,0.784469815127447,-1.689172578445742,3.2123754654581376,0.5068263003198407,0.0016009125008869742,178995.67256644773,5.252842531520505,55.48578171952914,0.8028257144470805,0.41946895000741025,0.7291587913573193,-0.3773001810558315,161.25993555412606,0.04469400098086914,2.2662521938271967,2.2339086291990897,2.129827677151067,2.4445888840453023,4.079347732504872,0.3056359125212276,1.9507779920026436,16.950777992002642,0.4203388239611716,0.4203388239611717,0.0,calibration_check
ok,R30010_S+01,30010,1,20272106,199.06781858092134,0.275905425234738,0.15656313825103735,65.02727254631853,3608.08905032136,1.963078112298462,3.0502075318222883,0.38719444192482266,0.19856348196766105,0.07231927514480671,630.5833278396117,4,1.7505047121898298e-13,1.821946399086977e-13,1.6911885570097801e-13,1.3307947514717219e-13,2.7470861939689215e-13,0.27094404701095554,0.3480196506318482,1.1847620505821247e-11,6.350760200530677,3.2123754654581376,0.42603460395489745,6.299093256237209,11.560787172407272,16.00398481812875,1352633679.4116724,7602534.395717336,306.84722044796035,0.28889321125198164,380.65652726108425,250.4619213233227,7356304.548647992,22356304.548647992,7133860.3183385655,439.73754238575634,439.73754238575634,439.73754238575634,399.8055610729775,39.93198131277882,1352633679.411667,1352633679.4116664,0.0,0.9999999999999994,0.012279428268988285,0.004865369612840706,0.5515648760796549,0.0,5.287874671402464e-16,6949,0,0.0,3.6673367110000186,0.0,2.838806002371296e-13,0,0.05,24000000.0,False,1643695.4513520077,0.47919;0.47952;0.47997;0.48060;0.48147;0.48269;0.48348;0.48423;0.48505;0.48600;0.48719;0.48888;0.49166;0.49706;0.51552;0.54695;0.50134;0.42543;0.16646;0.00000;0.00000;0.00000;0.00000;0.00000,2.2990010574037725,12944.837294062663,4.1120965960814475,416379581.94407874,8.619489424809604,8.572474962682032,16.00398481812875,0.6794192785529319,0.1961256197734069,1.8172056823715759,3.2123754654581376,0.5068263003198407,0.005151672991050954,178995.67256644773,5.252842531520505,55.48578171952914,0.8028257144470805,1.3498344594975742,2.520010882601336,0.13028051091354795,289.27894697168233,0.08017511290247042,2.2662521938271967,2.2339086291990897,2.129827677151067,2.4445888840453023,4.079347732504872,0.8809583936746306,7.3563045486479925,22.35630454864799,1.3526336794116665,1.3526336794116671,0.0,calibration_check
ok,R30010_S+02,30010,2,20272106,199.06781858092134,0.275905425234738,0.15656313825103735,65.02727254631853,3608.08905032136,1.963078112298462,3.0502075318222883,0.38719444192482266,0.19856348196766105,0.07231927514480671,630.5833278396117,4,1.7505047121898298e-13,1.821946399086977e-13,1.6911885570097801e-13,1.3307947514717219e-13,2.7470861939689215e-13,0.27094404701095554,0.3480196506318482,1.1847620505821247e-11,6.350760200530677,3.2123754654581376,3.1423778937869256,2.47575547862154,1.6613528745207378,0.6991700814845184,314734056.1869361,1421518.7563266149,141.77169111304266,0.26503818378559074,186.1227555908171,120.35469999542124,1390072.9925104678,16390072.992510468,1384135.5518000927,204.370084541623,204.370084541623,204.370084541623,202.10888609531668,2.2611984463063095,314734056.1869362,314734056.1869364,0.0,1.0000000000000007,0.003025615299998812,0.0011823231812779107,0.6246351437529797,0.0,5.681429473903688e-16,699,0,0.0,0.4169207209999968,0.0,1.4980582017878013e-13,0,0.05,24000000.0,False,7609927.007489532,0.58460;0.58465;0.58471;0.58481;0.58493;0.58511;0.58562;0.58656;0.58798;0.59029;0.59984;0.62171;0.59498;0.54669;0.48898;0.40685;0.08614;0.00000;0.00000;0.00000;0.00000;0.00000;0.00000;0.00000,2.2990010574037725,12944.837294062663,4.1120965960814475,416379581.94407874,8.619489424809604,1.9946640821034303,3.1423778937869256,0.45798337440780335,0.7041453023112522,-1.2248718138675134,3.2123754654581376,0.5068263003198407,0.0011987036559132423,178995.67256644773,5.252842531520505,55.48578171952914,0.8028257144470805,0.3140827269681437,0.4948034242458635,-0.5029559470420955,139.53996152907783,0.03867420110283849,2.2662521938271967,2.2339086291990897,2.129827677151067,2.4445888840453023,4.079347732504872,0.15275259439255975,1.3900729925104678,16.39007299251047,0.3147340561869364,0.3147340561869362,0.0,calibration_check
ok,R30010_S+03,30010,3,20272106,199.06781858092134,0.275905425234738,0.15656313825103735,65.02727254631853,3608.08905032136,1.963078112298462,3.0502075318222883,0.38719444192482266,0.19856348196766105,0.07231927514480671,630.5833278396117,4,1.7505047121898298e-13,1.821946399086977e-13,1.6911885570097801e-13,1.3307947514717219e-13,2.7470861939689215e-13,0.27094404701095554,0.3480196506318482,1.1847620505821247e-11,6.350760200530677,3.2123754654581376,16.96068127278269,19.33671229885672,25.228653894854606,34.63650606077633,3793324248.9902334,19323426.584991127,509.0815665264348,0.28354887096282827,628.4235985048181,419.836820462639,19694174.59381505,34694174.59381505,19059516.74611076,703.8536087913621,703.8536087913621,703.8536087913621,653.3724320870865,50.48117670427564,3793324248.990235,3793324248.9902773,0.0,1.000000000000011,0.03520654559985908,0.012462869913739084,0.4938136081688212,0.0,1.1187682437475535e-14,39429,0,0.0,21.63164322,0.0,1.2254145933541367e-14,0,0.05,24000000.0,True,-10694174.593815051,0.40595;0.40630;0.40680;0.40749;0.40845;0.40979;0.41088;0.41169;0.41253;0.41338;0.41429;0.41530;0.41649;0.41804;0.42036;0.42435;0.43317;0.47265;0.46938;0.35346;0.00362;0.00000;0.00000;0.00000,2.2990010574037725,12944.837294062663,4.1120965960814475,416379581.94407874,8.619489424809604,24.040638381817587,34.63650606077633,0.2836000749718373,0.3774587117359148,0.7352477295845111,3.2123754654581376,0.5068263003198407,0.01444734548404961,178995.67256644773,5.252842531520505,55.48578171952914,0.8028257144470805,3.7854741200602606,5.453914959327556,0.5781202814135575,484.4363387016459,0.13426396409437258,2.2662521938271967,2.2339086291990897,2.129827677151067,2.4445888840453023,4.079347732504872,1.2860841414894406,19.694174593815053,34.69417459381505,3.7933242489902774,3.793324248990235,0.0,calibration_check
ok,R30011_S+00,30011,0,20273106,292.99369026449455,0.2571396130131299,0.11796914601151406,69.2115616265505,1819.186440414617,2.638123187787,2.916742173490791,0.275168786415712,0.20818237922266966,0.059938940657723885,685.5187355464448,4,2.799610294432615e-13,2.8125607053397116e-13,2.787146665838479e-13,2.5692313330122043e-13,3.237665878355162e-13,0.1042260156759236,0.11267641726611871,1.9466171858603377e-11,1.6243344080429276,2.75449098762395,4.373796431337108,4.42515500571311,5.128153143144242,6.482790843630505,805109144.7836233,14750718.397663057,240.93997239428126,0.25317222061854083,287.7001928386315,198.0658021759462,14972237.278173845,29972237.278173845,14869248.99482334,311.3275897741873,311.3275897741873,311.3275897741873,310.80657831812573,0.521011456061558,805109144.7836239,805109144.783621,0.0,0.9999999999999963,0.027378676319719467,0.012011795407256207,0.5361750305008707,0.0,3.7016499664408605e-15,9567,0,0.0,5.5208790690000455,0.0,6.307815813716504e-14,0,0.05,24000000.0,True,-5972237.278173845,0.46718;0.46723;0.46731;0.46740;0.46754;0.46773;0.46787;0.46802;0.46821;0.46847;0.46889;0.46961;0.47095;0.47362;0.47971;0.50948;0.52176;0.41460;0.00000;0.00000;0.00000;0.00000;0.00000;0.00000,2.466858267750633,20278.550849931515,4.30703691612652,84888992.0974222,7.928851377154459,5.102473855956241,6.482790843630505,0.16674908195042662,0.4311120294511156,0.4133278232933064,2.75449098762395,0.4400413557503311,0.013835155784009939,338320.14092024777,5.529327853035253,26.28442990826481,0.21067544400431143,3.141270560231458,3.9910444619844427,0.4971053441524341,240.46764824778765,0.1321841692009214,2.4548185026499607,2.4508764206205287,2.4155198075716617,2.515948626040654,4.294997151025847,1.1688131720798258,14.972237278173845,29.972237278173846,0.805109144783621,0.8051091447836239,0.0,calibration_check
ok,R30011_S+01,30011,1,20273106,292.99369026449455,0.2571396130131299,0.11796914601151406,69.2115616265505,1819.186440414617,2.638123187787,2.916742173490791,0.275168786415712,0.20818237922266966,0.059938940657723885,685.5187355464448,4,2.799610294432615e-13,2.8125607053397116e-13,2.787146665838479e-13,2.5692313330122043e-13,3.237665878355162e-13,0.1042260156759236,0.11267641726611871,1.9466171858603377e-11,1.6243344080429276,2.75449098762395,0.6154141812697767,0.528593308944279,0.5869052366617994,0.790349964422338,99456249.38363983,1931338.7713589387,84.66319586808446,0.2530523279568615,104.21038542813137,69.63497243361557,1926362.4256379157,16926362.425637916,1919196.6177708507,113.82504151180822,113.82504151180822,113.82504151180822,113.68683720099142,0.1382043108168034,99456249.38363987,99456249.38363932,0.0,0.9999999999999944,0.0037094337724347297,0.0016760778548375339,0.6369297940654713,0.0,5.543572853281725e-15,477,0,0.0,0.2860081530000116,0.0,3.19197341354999e-13,0,0.05,24000000.0,False,7073637.574362084,0.58969;0.58972;0.58977;0.58984;0.58992;0.59005;0.59078;0.59229;0.59556;0.60543;0.63672;0.60872;0.56592;0.51276;0.37544;0.00000;0.00000;0.00000;0.00000;0.00000;0.00000;0.00000;0.00000;0.00000,2.466858267750633,20278.550849931515,4.30703691612652,84888992.0974222,7.928851377154459,0.6303156728245483,0.790349964422338,0.15476560156672928,0.45374386975321823,0.2775367814806909,2.75449098762395,0.4400413557503311,0.0017090759840838769,338320.14092024777,5.529327853035253,26.28442990826481,0.21067544400431143,0.388045509412056,0.486568504926635,-0.41111733799468403,84.51724169371393,0.046458812475785226,2.4548185026499607,2.4508764206205287,2.4155198075716617,2.515948626040654,4.294997151025847,0.2858584589826618,1.9263624256379157,16.926362425637915,0.09945624938363933,0.09945624938363987,0.0,calibration_check
ok,R30011_S+02,30011,2,20273106,292.99369026449455,0.2571396130131299,0.11796914601151406,69.2115616265505,1819.186440414617,2.638123187787,2.916742173490791,0.275168786415712,0.20818237922266966,0.059938940657723885,685.5187355464448,4,2.799610294432615e-13,2.8125607053397116e-13,2.787146665838479e-13,2.5692313330122043e-13,3.237665878355162e-13,0.1042260156759236,0.11267641726611871,1.9466171858603377e-11,1.6243344080429276,2.75449098762395,0.7266762211881634,0.9835715195541178,1.0500903897817204,0.9262328318709708,145424164.75359446,2798396.966054997,102.3418470634662,0.2528849719660094,125.413333312788,84.21344860323481,2795655.48219667,17795655.48219667,2786440.4284686,138.08055209175095,138.08055209175095,138.08055209175095,137.8936638116201,0.18688828013085867,145424164.75359425,145424164.75359464,0.0,1.0000000000000027,0.005532592854371806,0.00242931481834699,0.6203595054036019,0.0,2.6641390149738746e-15,721,0,0.0,0.3793781020000324,0.0,2.983450359224156e-13,0,0.05,24000000.0,False,6204344.51780333,0.56945;0.56947;0.56951;0.56956;0.56963;0.56973;0.57013;0.57092;0.57249;0.57585;0.58565;0.61994;0.59162;0.54535;0.48035;0.09940;0.00000;0.00000;0.00000;0.00000;0.00000;0.00000;0.00000;0.00000,2.466858267750633,20278.550849931515,4.30703691612652,84888992.0974222,7.928851377154459,0.9216427405987431,1.0500903897817204,0.1310662962924077,0.46391287681364,0.21652273911815972,2.75449098762395,0.4400413557503311,0.0024989977907482735,338320.14092024777,5.529327853035253,26.28442990826481,0.21067544400431143,0.5673971665164567,0.6464742632934294,-0.24611283732645495,102.19921625673709,0.05617852793221376,2.4548185026499607,2.4508764206205287,2.4155198075716617,2.515948626040654,4.294997151025847,0.44690932128472727,2.79565548219667,17.79565548219667,0.14542416475359463,0.14542416475359424,0.0,calibration_check
ok,R30011_S+03,30011,3,20273106,292.99369026449455,0.2571396130131299,0.11796914601151406,69.2115616265505,1819.186440414617,2.638123187787,2.916742173490791,0.275168786415712,0.20818237922266966,0.059938940657723885,685.5187355464448,4,2.799610294432615e-13,2.8125607053397116e-13,2.787146665838479e-13,2.5692313330122043e-13,3.237665878355162e-13,0.1042260156759236,0.11267641726611871,1.9466171858603377e-11,1.6243344080429276,2.75449098762395,0.609752353343891,0.44724329166881815,0.24897736973642007,0.016511595028697826,52168050.40190595,994604.957643909,61.21547239375386,0.25221499410984066,74.72138277824864,50.45602826021409,992396.5253776517,15992396.525377652,992267.5562049765,83.0840724335688,83.0840724335688,83.0840724335688,83.0769246097815,0.007147823787306606,52168050.40190595,52168050.4019075,0.0,1.0000000000000298,0.0020364592607812833,0.0008872687652280971,0.6576098056687212,0.0,2.984913817481263e-14,338,0,0.0,0.17620621700001493,0.0,6.884498472897063e-12,1,0.05,24000000.0,False,8007603.474622348,0.62296;0.62299;0.62304;0.62311;0.62321;0.62335;0.62560;0.63146;0.65373;0.64462;0.60913;0.56660;0.51433;0.38889;0.00000;0.00000;0.00000;0.00000;0.00000;0.00000;0.00000;0.00000;0.00000;0.00000,2.466858267750633,20278.550849931515,4.30703691612652,84888992.0974222,7.928851377154459,0.3306211524444568,0.609752353343891,0.6709684254985422,0.799249864382377,-1.7943218512459078,2.75449098762395,0.4400413557503311,0.0008964661610599709,338320.14092024777,5.529327853035253,26.28442990826481,0.21067544400431143,0.2035425407523099,0.37538597367924287,-0.6913448086344691,61.21129669417005,0.03364762145006928,2.4548185026499607,2.4508764206205287,2.4155198075716617,2.515948626040654,4.294997151025847,-0.0023493803420536015,0.9923965253776517,15.992396525377652,0.0521680504019075,0.05216805040190595,0.0,calibration_check
ok,R30012_S+00,30012,0,20274106,56.672795272565615,0.26646081270346017,0.17213572384939665,43.8407719313646,3252.5036989524847,1.9490874294326912,3.2036191917109504,0.5671539517853463,0.19813869603221893,0.04762165140901626,639.2473596064938,4,5.3546956472068864e-14,5.779995570517537e-14,4.933039946336938e-14,2.963941725786697e-14,8.913098020548421e-14,0.37070909984575784,0.43262375559674654,2.533994675713569e-12,2.9381083428177313,7.145749065870904,0.04974499001470791,0.8081339091975913,1.3047965040512473,1.539732774575676,146048895.3912238,1918580.801266799,123.3471620227802,0.3261715214475316,164.5643636398673,102.75930240816588,1505506.4132340755,16505506.413234076,1466921.932016762,189.7865201769899,189.7865201769899,189.7865201769899,151.97309325100878,37.81342692598113,146048895.39122376,146048895.39122403,0.0,1.0000000000000018,0.002703587612316934,0.0009012094046072809,0.5715581786528052,0.0,1.8365144136884414e-15,485,0,0.0,0.3848672980000174,0.0,6.365422901584704e-13,0,0.05,24000000.0,False,7494493.5867659245,0.52325;0.52352;0.52390;0.52442;0.52515;0.52616;0.52740;0.52938;0.53304;0.54300;0.56696;0.54088;0.49096;0.43558;0.37166;0.24343;0.00083;0.00000;0.00000;0.00000;0.00000;0.00000;0.00000;0.00000,1.7533746338786904,2484.579092257467,3.3952528263116775,250804124.10003665,8.399334673542901,0.9256020444598055,1.539732774575676,0.6163528348097002,0.23170835251151845,1.6097498849308893,7.145749065870904,0.8540477612057642,0.0009109502518077346,52173.30812234409,4.717448374650889,74.18901528569062,0.4680678063692647,0.3150333263654009,0.5240558192279007,-0.501643501159548,109.62648801346951,0.033705261595482976,1.7676441033675179,1.6988312300351822,1.4775862584718538,1.9557452804095397,3.409522295800505,0.2829800942851034,1.5055064132340756,16.505506413234077,0.14604889539122404,0.14604889539122376,0.0,calibration_check
ok,R30012_S+01,30012,1,20274106,56.672795272565615,0.26646081270346017,0.17213572384939665,43.8407719313646,3252.5036989524847,1.9490874294326912,3.2036191917109504,0.5671539517853463,0.19813869603221893,0.04762165140901626,639.2473596064938,4,5.3546956472068864e-14,5.779995570517537e-14,4.933039946336938e-14,2.963941725786697e-14,8.913098020548421e-14,0.37070909984575784,0.43262375559674654,2.533994675713569e-12,2.9381083428177313,7.145749065870904,0.9763301493335238,0.7950871097227101,0.8070316717231594,1.0121638353348716,141638901.7849094,1585442.4799399641,118.65494403325663,0.31122546149337715,160.68223408613613,101.01892494418352,1304562.9372377694,16304562.93723777,1280483.3472554255,180.8578013738622,180.8578013738622,180.8578013738622,154.19181839518814,26.665982978674066,141638901.7849094,141638901.78490934,0.0,0.9999999999999996,0.002703587612316934,0.0008743799693663814,0.5778519753419554,0.0,4.208211446450305e-16,448,0,0.0,0.24440789800001994,0.0,6.687032257236764e-14,0,0.05,24000000.0,False,7695437.062762231,0.53184;0.53204;0.53231;0.53270;0.53324;0.53399;0.53523;0.53739;0.54186;0.55694;0.57404;0.53922;0.48903;0.43362;0.36968;0.24410;0.00000;0.00000;0.00000;0.00000;0.00000;0.00000;0.00000;0.00000,1.7533746338786904,2484.579092257467,3.3952528263116775,250804124.10003665,8.399334673542901,0.8976531915285662,1.0121638353348716,0.10863057122971839,0.4933467835277734,0.03991929883335963,7.145749065870904,0.8540477612057642,0.0008834438144917835,52173.30812234409,4.717448374650889,74.18901528569062,0.4680678063692647,0.3055207932419846,0.344495068675438,-0.5149592270484283,107.95869802670452,0.03319249046864241,1.7676441033675179,1.6988312300351822,1.4775862584718538,1.9557452804095397,3.409522295800505,0.20015049038845137,1.3045629372377694,16.30456293723777,0.14163890178490934,0.1416389017849094,0.0,calibration_check
ok,R30012_S+02,30012,2,20274106,56.672795272565615,0.26646081270346017,0.17213572384939665,43.8407719313646,3252.5036989524847,1.9490874294326912,3.2036191917109504,0.5671539517853463,0.19813869603221893,0.04762165140901626,639.2473596064938,4,5.3546956472068864e-14,5.779995570517537e-14,4.933039946336938e-14,2.963941725786697e-14,8.913098020548421e-14,0.37070909984575784,0.43262375559674654,2.533994675713569e-12,2.9381083428177313,7.145749065870904,2.6567569134833438,7.531094294089985,11.050509647100546,13.21500297251502,1359081842.8911204,16817113.158785433,375.33209530768835,0.32454265812115285,494.32463893476927,316.7162703098484,14443003.702506766,29443003.702506766,13754036.812350556,569.0430421317712,569.0430421317712,569.0430421317712,456.4558642795347,112.58717785223655,1359081842.8911152,1359081842.89111,0.0,0.9999999999999961,0.02429875777742758,0.007721241903843698,0.45062722789199994,0.0,3.859376657609134e-15,16548,0,0.0,9.31495445600001,0.0,1.982626875337759e-14,0,0.05,24000000.0,True,-5443003.702506766,0.36328;0.36381;0.36456;0.36560;0.36704;0.36906;0.37074;0.37199;0.37328;0.37464;0.37613;0.37786;0.38009;0.38337;0.38921;0.40784;0.44020;0.39671;0.30730;0.04195;0.00000;0.00000;0.00000;0.00000,1.7533746338786904,2484.579092257467,3.3952528263116775,250804124.10003665,8.399334673542901,8.613340956797224,13.21500297251502,0.4635506145847222,0.2956997539826163,1.225801476104302,7.145749065870904,0.8540477612057642,0.008476996307932241,52173.30812234409,4.717448374650889,74.18901528569062,0.4680678063692647,2.9315940570580796,4.497792943823661,0.4671038326180399,334.41763266650617,0.10281852493333371,1.7676441033675179,1.6988312300351822,1.4775862584718538,1.9557452804095397,3.409522295800505,1.2257514464670969,14.443003702506767,29.443003702506765,1.35908184289111,1.359081842891115,0.0,calibration_check
ok,R30012_S+03,30012,3,20274106,56.672795272565615,0.26646081270346017,0.17213572384939665,43.8407719313646,3252.5036989524847,1.9490874294326912,3.2036191917109504,0.5671539517853463,0.19813869603221893,0.04762165140901626,639.2473596064938,4,5.3546956472068864e-14,5.779995570517537e-14,4.933039946336938e-14,2.963941725786697e-14,8.913098020548421e-14,0.37070909984575784,0.43262375559674654,2.533994675713569e-12,2.9381083428177313,7.145749065870904,2.2415926751420736,1.1712908279949727,0.4952264572855315,0.21339956301375052,162581186.17099285,1891324.8035480378,123.00537952424328,0.29138280219721757,168.77593041276475,108.44470020078604,1327216.0781215653,16327216.078121565,1293592.019325599,189.39161476659712,189.39161476659712,189.39161476659712,172.65059950079922,16.7410152657979,162581186.170993,162581186.17099324,0.0,1.0000000000000016,0.003157728565764498,0.0010022442060106515,0.5522048559541716,0.0,1.4664586027242312e-15,593,0,0.0,0.442497177000007,0.0,1.5248295050645176e-13,14,0.05,24000000.0,False,7672783.921878435,0.53509;0.53514;0.53522;0.53533;0.53548;0.53568;0.53615;0.53660;0.53720;0.54009;0.54732;0.54244;0.49989;0.44604;0.38501;0.29373;0.00106;0.00000;0.00000;0.00000;0.00000;0.00000;0.00000;0.00000,1.7533746338786904,2484.579092257467,3.3952528263116775,250804124.10003665,8.399334673542901,1.0303773808590821,2.2415926751420736,0.7581136231520765,0.8280663877470646,-1.9683983264823877,7.145749065870904,0.8540477612057642,0.001014067049839295,52173.30812234409,4.717448374650889,74.18901528569062,0.4680678063692647,0.3506941407990831,0.7629373779294746,-0.45507149000638875,115.66487874060772,0.03556179775532899,1.7676441033675179,1.6988312300351822,1.4775862584718538,1.9557452804095397,3.409522295800505,0.27676611809704144,1.3272160781215654,16.327216078121566,0.16258118617099324,0.16258118617099301,0.0,calibration_check
ok,R30013_S+00,30013,0,20275106,165.0755335522723,0.7141359448841873,0.23702797333561268,44.34702759383879,3416.2870669055815,2.2194184348169177,2.7796245594780027,0.24337065888853746,0.28827157787302937,0.06924191149768369,702.155233143795,4,7.546147020132797e-14,8.539812325023691e-14,6.902504566131873e-14,5.5125966096258425e-14,1.6780896671191992e-13,0.41517919714766394,0.6447979122161085,3.787152928240302e-12,5.975720878084305,2.108872966888086,1.722946818745717,6.309036705108978,8.752774711008813,9.054160836445224,1019267840.6059157,7626130.155262688,294.63010894326504,0.3682212677319723,331.3929460844329,204.29460059101513,8002199.072410554,23002199.072410554,7560576.924672797,389.05654455313186,389.05654455313186,389.05654455313186,305.5561024560307,83.50044209710114,1019267840.6059134,1019267840.6059141,0.0,1.0000000000000007,0.008814330131959428,0.0036019382085036313,0.5372536400826533,0.0,7.017348225953023e-16,7887,0,0.0,4.131044498999984,0.0,1.7673864820755622e-14,0,0.05,24000000.0,False,997800.9275894463,0.47458;0.47520;0.47607;0.47727;0.47895;0.48128;0.48300;0.48446;0.48599;0.48766;0.48961;0.49209;0.49576;0.50282;0.52428;0.51879;0.46889;0.27984;0.02025;0.00000;0.00000;0.00000;0.00000;0.00000,2.217682709661136,7320.60924151028,3.864547225760002,385409757.5685084,8.58592270566068,6.4597297678271834,9.054160836445224,0.4543009457441331,0.31084827897360945,1.134910326158343,2.108872966888086,0.3240504197389491,0.0037664523646275547,105725.11768042644,5.024178177223349,77.03531109670611,0.7763903036770212,1.0809958998449811,1.5151579233981565,0.03382404670254564,248.5211999016655,0.07274599441866343,1.9371649242989877,1.8447233003722163,1.747072811428486,2.2305317609908473,3.584029440397854,0.882304213110483,8.002199072410553,23.002199072410555,1.0192678406059141,1.0192678406059135,0.0,calibration_check
ok,R30013_S+01,30013,1,20275106,165.0755335522723,0.7141359448841873,0.23702797333561268,44.34702759383879,3416.2870669055815,2.2194184348169177,2.7796245594780027,0.24337065888853746,0.28827157787302937,0.06924191149768369,702.155233143795,4,7.546147020132797e-14,8.539812325023691e-14,6.902504566131873e-14,5.5125966096258425e-14,1.6780896671191992e-13,0.41517919714766394,0.6447979122161085,3.787152928240302e-12,5.975720878084305,2.108872966888086,2.0238204193127114,1.328363603435863,0.9083068427920267,0.7636501373812026,198187290.14225638,1129141.3154316435,122.6595897024385,0.3282238638995074,137.04019439297724,89.41883507778877,1093889.4648413528,16093889.464841353,1076674.762614578,160.9416654061703,160.9416654061703,160.9416654061703,140.98928217936293,19.95238322680737,198187290.14225647,198187290.14225656,0.0,1.0000000000000004,0.0017408389796296439,0.000726078329564142,0.5920688649394679,0.0,4.511236169529876e-16,598,0,0.0,0.31212301300001855,0.0,3.708445627107333e-14,0,0.05,24000000.0,False,7906110.535158647,0.57309;0.57328;0.57355;0.57391;0.57442;0.57514;0.57600;0.57735;0.57952;0.58324;0.59005;0.58182;0.54837;0.50283;0.43438;0.10557;0.00000;0.00000;0.00000;0.00000;0.00000;0.00000;0.00000;0.00000,2.217682709661136,7320.60924151028,3.864547225760002,385409757.5685084,8.58592270566068,1.2560352507304509,2.0238204193127114,0.3896456926049424,0.6672153549828921,-1.0032921298973523,2.108872966888086,0.3240504197389491,0.0007323521432322295,105725.11768042644,5.024178177223349,77.03531109670611,0.7763903036770212,0.21018974553127226,0.338673853849999,-0.6773884755951999,109.58653131236244,0.03207767063077172,1.9371649242989877,1.8447233003722163,1.747072811428486,2.2305317609908473,3.584029440397854,0.052748298587087475,1.0938894648413529,16.093889464841354,0.19818729014225656,0.19818729014225647,0.0,calibration_check
ok,R30013_S+02,30013,2,20275106,165.0755335522723,0.7141359448841873,0.23702797333561268,44.34702759383879,3416.2870669055815,2.2194184348169177,2.7796245594780027,0.24337065888853746,0.28827157787302937,0.06924191149768369,702.155233143795,4,7.546147020132797e-14,8.539812325023691e-14,6.902504566131873e-14,5.5125966096258425e-14,1.6780896671191992e-13,0.41517919714766394,0.6447979122161085,3.787152928240302e-12,5.975720878084305,2.108872966888086,1.1357097170075885,1.1522093515821559,0.9539325062380031,0.5408791809751301,149217380.1241561,904009.3825435395,107.10314480022998,0.3323747113826374,120.36886447476823,77.49801747759442,857990.1941118315,15857990.194111831,832661.2387567405,142.18863526547025,142.18863526547025,142.18863526547025,121.25453303631721,20.93410222915304,149217380.12415606,149217380.12415624,0.0,1.000000000000001,0.0013953105509918247,0.000547823694704593,0.603713988805556,0.0,1.1983452207604105e-15,451,0,0.0,0.2843428169999811,0.0,5.081013475957723e-14,0,0.05,24000000.0,False,8142009.8058881685,0.58500;0.58517;0.58541;0.58574;0.58620;0.58684;0.58783;0.58895;0.58996;0.59737;0.59854;0.57036;0.53026;0.47876;0.36305;0.01259;0.00000;0.00000;0.00000;0.00000;0.00000;0.00000;0.00000;0.00000,2.217682709661136,7320.60924151028,3.864547225760002,385409757.5685084,8.58592270566068,0.9456826889507193,1.1522093515821559,0.2604696896889306,0.6048326503492152,-0.6289959020952912,2.108872966888086,0.3240504197389491,0.0005513959450325215,105725.11768042644,5.024178177223349,77.03531109670611,0.7763903036770212,0.15825416016651134,0.19281512224036992,-0.800644864478937,95.088716683082,0.02783393632351038,1.9371649242989877,1.8447233003722163,1.747072811428486,2.2305317609908473,3.584029440397854,-0.04382706204041146,0.8579901941118315,15.857990194111832,0.14921738012415622,0.14921738012415606,0.0,calibration_check
ok,R30013_S+03,30013,3,20275106,165.0755335522723,0.7141359448841873,0.23702797333561268,44.34702759383879,3416.2870669055815,2.2194184348169177,2.7796245594780027,0.24337065888853746,0.28827157787302937,0.06924191149768369,702.155233143795,4,7.546147020132797e-14,8.539812325023691e-14,6.902504566131873e-14,5.5125966096258425e-14,1.6780896671191992e-13,0.41517919714766394,0.6447979122161085,3.787152928240302e-12,5.975720878084305,2.108872966888086,0.5934857785409026,3.8319495670897865,5.655423857209102,6.063908648898848,636862657.4475341,4935706.477761736,233.97168492028763,0.37164111850501197,263.2316918112723,161.1644542841108,5009793.7761370465,20009793.776137047,4746175.183523849,310.47139838456695,310.47139838456695,310.47139838456695,242.67289435459878,67.79850402996817,636862657.4475346,636862657.4475329,0.0,0.9999999999999973,0.005662576070583469,0.002287655302025907,0.55525863300282,0.0,2.6205493982011747e-15,3666,0,0.0,2.051052661999961,0.0,5.169376208482694e-14,0,0.05,24000000.0,False,3990206.2238629535,0.50143;0.50199;0.50277;0.50386;0.50538;0.50748;0.50890;0.51025;0.51174;0.51350;0.51580;0.51933;0.52674;0.54610;0.53436;0.48760;0.38790;0.06555;0.00000;0.00000;0.00000;0.00000;0.00000;0.00000,2.217682709661136,7320.60924151028,3.864547225760002,385409757.5685084,8.58592270566068,4.03619196293466,6.063908648898848,0.5346570943922788,0.2741095682682183,1.3553425903906902,2.108872966888086,0.3240504197389491,0.0023533685323185614,105725.11768042644,5.024178177223349,77.03531109670611,0.7763903036770212,0.6754318090286341,1.0147576790505675,-0.17041849039839643,196.44553999263917,0.05750264428761147,1.9371649242989877,1.8447233003722163,1.747072811428486,2.2305317609908473,3.584029440397854,0.6933493246721188,5.009793776137046,20.009793776137048,0.6368626574475329,0.6368626574475346,0.0,calibration_check
ok,R30014_S+00,30014,0,20276106,673.9274278299395,0.4259507714528977,0.2186192990694143,67.66997066245361,3253.0466460455027,2.6255864303302183,2.7086883194004243,0.5277674736630231,0.25537401054415676,0.059829930535441375,676.6250199150599,4,7.442634193289241e-13,7.574944270393775e-13,7.314722870229394e-13,5.81801300972122e-13,9.70341622001786e-13,0.19449086470838317,0.21804399311710007,5.1259625654726776e-11,8.958397025899671,5.292676781736093,2.1183772610351452,2.0613658664808034,1.4159784602820475,0.18221504243887576,227922266.2529539,771558.801335025,98.73314030710904,0.2543649163919478,127.61107820339075,83.73576603751911,761191.8348901235,15761191.834890123,760928.6919472069,138.67322218660107,138.67322218660107,138.67322218660107,138.60955936018237,0.06366282641869248,227922266.25295392,227922266.2529497,0.0,0.9999999999999816,0.001715388802782151,0.0006795076456227037,0.6183567490578328,0.0,1.843666933357626e-14,381,0,0.0,0.25655677800000376,0.0,3.839397808293162e-12,3,0.05,24000000.0,False,8238808.165109877,0.58186;0.58188;0.58191;0.58194;0.58199;0.58206;0.58280;0.58535;0.59240;0.61699;0.59900;0.56101;0.51724;0.46716;0.39507;0.00681;0.00000;0.00000;0.00000;0.00000;0.00000;0.00000;0.00000;0.00000,2.8286131318618266,45604.649269874826,4.659009120061902,491829914.17984086,8.69181493995402,1.444484157559218,2.1183772610351452,0.5394535663183679,0.7233971909007586,-1.3403831454045523,5.292676781736093,0.7236753728889513,0.0006848946308903296,762238.0447669091,5.882090621450041,48.07223372789848,0.9522303059694056,0.16124359674873326,0.23646833857783853,-0.7925175229060755,98.65817476252357,0.030327931166451393,2.8850960398062453,2.869914474611247,2.770491285809819,2.9926412582502246,4.71549202800632,-0.11263097028495442,0.7611918348901234,15.761191834890123,0.2279222662529497,0.22792226625295392,0.0,calibration_check
ok,R30014_S+01,30014,1,20276106,673.9274278299395,0.4259507714528977,0.2186192990694143,67.66997066245361,3253.0466460455027,2.6255864303302183,2.7086883194004243,0.5277674736630231,0.25537401054415676,0.059829930535441375,676.6250199150599,4,7.442634193289241e-13,7.574944270393775e-13,7.314722870229394e-13,5.81801300972122e-13,9.70341622001786e-13,0.19449086470838317,0.21804399311710007,5.1259625654726776e-11,8.958397025899671,5.292676781736093,8.61985986171361,14.371812350979122,23.13733750991173,34.916435338511434,3196999671.325839,11081229.992035102,373.47106105418834,0.25947133335904154,467.6583029442634,313.7863913183383,10952597.07139837,25952597.07139837,10840659.722165152,513.8955594504006,513.8955594504006,513.8955594504006,507.38737956771166,6.508179882688921,3196999671.3258066,3196999671.325828,0.0,1.0000000000000067,0.023920185486941657,0.00867721348788458,0.49609129684633246,0.0,6.711815553688204e-15,14702,0,0.0,7.841900801000008,0.0,1.011084412971169e-13,0,0.05,24000000.0,True,-1952597.07139837,0.42960;0.42969;0.42980;0.42997;0.43020;0.43051;0.43072;0.43092;0.43114;0.43142;0.43179;0.43234;0.43327;0.43499;0.43849;0.44768;0.49447;0.46560;0.38559;0.00092;0.00000;0.00000;0.00000;0.00000,2.8286131318618266,45604.649269874826,4.659009120061902,491829914.17984086,8.69181493995402,20.261361265278975,34.916435338511434,0.48937055565880855,0.2836886415437024,1.2978681507377856,5.292676781736093,0.7236753728889513,0.009606818788907326,762238.0447669091,5.882090621450041,48.07223372789848,0.9522303059694056,2.2617172700318195,3.8976208843573614,0.35443831423249605,369.49706670877106,0.11358492727361974,2.8850960398062453,2.869914474611247,2.770491285809819,2.9926412582502246,4.71549202800632,1.0445879687954978,10.95259707139837,25.95259707139837,3.196999671325828,3.1969996713258064,0.0,calibration_check
ok,R30014_S+02,30014,2,20276106,673.9274278299395,0.4259507714528977,0.2186192990694143,67.66997066245361,3253.0466460455027,2.6255864303302183,2.7086883194004243,0.5277674736630231,0.25537401054415676,0.059829930535441375,676.6250199150599,4,7.442634193289241e-13,7.574944270393775e-13,7.314722870229394e-13,5.81801300972122e-13,9.70341622001786e-13,0.19449086470838317,0.21804399311710007,5.1259625654726776e-11,8.958397025899671,5.292676781736093,2.6662709986872692,8.965447219814592,15.026982269119964,20.850876146603394,1874110269.4902823,6624704.5069099,285.89506472731193,0.25937985342172176,357.18953178146523,240.28524573392352,6484671.06576338,21484671.06576338,6428946.7569413595,395.5466212787945,395.5466212787945,395.5466212787945,381.5907004987006,13.95592078009389,1874110269.490279,1874110269.4902778,0.0,0.9999999999999993,0.014669403271721308,0.005293836232325428,0.5252559278753727,0.0,6.360847143919863e-16,5786,0,0.0,3.3104720610000413,0.0,3.7000853123411006e-13,0,0.05,24000000.0,False,2515328.9342366196,0.46293;0.46300;0.46310;0.46323;0.46341;0.46367;0.46385;0.46405;0.46432;0.46470;0.46533;0.46643;0.46858;0.47331;0.49229;0.52150;0.47645;0.40904;0.05724;0.00000;0.00000;0.00000;0.00000;0.00000,2.8286131318618266,45604.649269874826,4.659009120061902,491829914.17984086,8.69181493995402,11.877394158556305,20.850876146603394,0.5706675786003012,0.24482891750549798,1.531026494967012,5.292676781736093,0.7236753728889513,0.005631604504343541,762238.0447669091,5.882090621450041,48.07223372789848,0.9522303059694056,1.3258392237157501,2.327523114494849,0.12249086306839524,282.9028153791121,0.08696549609057003,2.8850960398062453,2.869914474611247,2.770491285809819,2.9926412582502246,4.71549202800632,0.82116651145707,6.48467106576338,21.48467106576338,1.8741102694902778,1.874110269490279,0.0,calibration_check
ok,R30014_S+03,30014,3,20276106,673.9274278299395,0.4259507714528977,0.2186192990694143,67.66997066245361,3253.0466460455027,2.6255864303302183,2.7086883194004243,0.5277674736630231,0.25537401054415676,0.059829930535441375,676.6250199150599,4,7.442634193289241e-13,7.574944270393775e-13,7.314722870229394e-13,5.81801300972122e-13,9.70341622001786e-13,0.19449086470838317,0.21804399311710007,5.1259625654726776e-11,8.958397025899671,5.292676781736093,0.8206792406593773,1.271501600589285,2.6315931391918657,4.90095385646712,379666638.982496,1388558.3592039542,128.82861579877894,0.2599802203585904,163.32461524105756,108.18218431725738,1337221.8692886066,16337221.869288607,1329095.64126952,176.64230992959412,176.64230992959412,176.64230992959412,175.10731664579862,1.534993283795501,379666638.9824965,379666638.9824947,0.0,0.9999999999999953,0.0026613153625813066,0.0011260374192910837,0.5996153863171567,0.0,4.7097615636019996e-15,555,0,0.0,0.31151520600002414,0.0,1.0140306822256657e-12,0,0.05,24000000.0,False,7662778.130711393,0.55419;0.55424;0.55431;0.55440;0.55453;0.55471;0.55526;0.55632;0.55848;0.56349;0.58785;0.58995;0.55144;0.50633;0.45356;0.36266;0.00000;0.00000;0.00000;0.00000;0.00000;0.00000;0.00000;0.00000,2.8286131318618266,45604.649269874826,4.659009120061902,491829914.17984086,8.69181493995402,2.4061819592269122,4.90095385646712,0.6596080534424213,0.2173755847127272,1.6957464917236365,5.292676781736093,0.7236753728889513,0.0011408786286755282,762238.0447669091,5.882090621450041,48.07223372789848,0.9522303059694056,0.2685951462377015,0.5470793315252656,-0.5709018396986847,127.33298439986038,0.03914268630443711,2.8850960398062453,2.869914474611247,2.770491285809819,2.9926412582502246,4.71549202800632,0.1425641372714609,1.3372218692886066,16.337221869288605,0.3796666389824947,0.3796666389824965,0.0,calibration_check
ok,R30015_S+00,30015,0,20277106,37.71857112681947,0.19317123296535105,0.16692940277139623,50.52427251622727,1326.112343101393,2.089914808186893,3.2945133028557083,0.3431461906267517,0.22348175557333474,0.07296875468538028,691.0574758804739,4,4.177002221148034e-14,4.180782569897381e-14,4.173171742779916e-14,3.909868571595905e-14,4.3925101633930486e-14,0.04809829074108429,0.04876475487688541,2.112309978925882e-12,0.8180168884811909,2.821587339180695,0.027355925751642446,0.1137376854302944,0.18624161413331805,0.24486771186071343,22571689.262780424,909755.666165822,40.000929680684806,0.25273980175767746,51.55927686860907,34.25147096979601,884623.9475490414,15884623.947549041,867092.5545682143,55.474249737940866,55.474249737940866,55.474249737940866,55.22394973848572,0.2502999994551445,22571689.262780424,22571689.26278049,0.0,1.0000000000000029,0.0016094703188475176,0.0006953384974100028,0.6124990067003193,0.0,2.970766812871429e-15,259,0,0.0,0.11254021899998179,0.0,5.17648345863814e-13,0,0.05,24000000.0,False,8115376.052450959,0.58950;0.58973;0.59005;0.59048;0.59106;0.59187;0.59856;0.61189;0.59595;0.56131;0.51966;0.47095;0.39808;0.01791;0.00000;0.00000;0.00000;0.00000;0.00000;0.00000;0.00000;0.00000;0.00000;0.00000,1.5765552322229919,1905.7033665341285,3.2800553011799973,46595439.87866,7.668343415993852,0.1430507342939921,0.24486771186071343,0.5687373883227413,0.246579669580666,1.5205219825160041,2.821587339180695,0.45049349792952936,0.0007009813723297002,26116.703988590165,4.4169183667113865,26.247034881610126,-0.0872377299491233,0.17487503779976216,0.2993431007461942,-0.7572721786260553,39.84352225391981,0.03004535962672464,1.626974179536841,1.626182855809035,1.5978787568024053,1.6484293728065167,3.3304742484938465,-0.04107523084819927,0.8846239475490414,15.884623947549041,0.02257168926278049,0.022571689262780425,0.0,calibration_check
ok,R30015_S+01,30015,1,20277106,37.71857112681947,0.19317123296535105,0.16692940277139623,50.52427251622727,1326.112343101393,2.089914808186893,3.2945133028557083,0.3431461906267517,0.22348175557333474,0.07296875468538028,691.0574758804739,4,4.177002221148034e-14,4.180782569897381e-14,4.173171742779916e-14,3.909868571595905e-14,4.3925101633930486e-14,0.04809829074108429,0.04876475487688541,2.112309978925882e-12,0.8180168884811909,2.821587339180695,2.3274787153796095,2.0542789440890967,2.8680520249291463,4.768797957899758,474098015.66571385,17808507.494121585,183.33856895766405,0.2527767175007565,230.15954790091425,157.21253415803335,18577537.753412873,33577537.75341287,17864591.683843344,248.69803808986694,248.69803808986694,248.69803808986694,247.40587043855996,1.2921676513069826,474098015.66571313,474098015.66571414,0.0,1.0000000000000022,0.03320372175518153,0.012677730269731078,0.4828629913377645,0.0,2.1372773723990956e-15,6379,0,0.0,3.487263974999962,0.0,1.4151313544896643e-14,0,0.05,24000000.0,True,-9577537.753412873,0.40243;0.40269;0.40304;0.40352;0.40418;0.40508;0.40599;0.40662;0.40730;0.40808;0.40905;0.41038;0.41244;0.41609;0.42395;0.46618;0.46101;0.35677;0.00025;0.00000;0.00000;0.00000;0.00000;0.00000,1.5765552322229919,1905.7033665341285,3.2800553011799973,46595439.87866,7.668343415993852,3.0046519105744025,4.768797957899758,0.3527173302148613,0.3645811386709884,0.8125131679740695,2.821587339180695,0.45049349792952936,0.014723482756257041,26116.703988590165,4.4169183667113865,26.247034881610126,-0.0872377299491233,3.6730927599222665,5.829705993911651,0.5650318961137935,182.603779144442,0.13769857440387337,1.626974179536841,1.626182855809035,1.5978787568024053,1.6484293728065167,3.3304742484938465,1.2506275233808029,18.577537753412873,33.57753775341287,0.47409801566571413,0.47409801566571314,0.0,calibration_check
ok,R30015_S+02,30015,2,20277106,37.71857112681947,0.19317123296535105,0.16692940277139623,50.52427251622727,1326.112343101393,2.089914808186893,3.2945133028557083,0.3431461906267517,0.22348175557333474,0.07296875468538028,691.0574758804739,4,4.177002221148034e-14,4.180782569897381e-14,4.173171742779916e-14,3.909868571595905e-14,4.3925101633930486e-14,0.04809829074108429,0.04876475487688541,2.112309978925882e-12,0.8180168884811909,2.821587339180695,0.29114574520058634,0.5642781020273494,0.8306930910505838,1.0903907122702892,109524897.29119885,4308526.91592871,88.09288533258012,0.25261919575809355,112.4800937843052,75.46246599684196,4278839.802095216,19278839.802095216,4166994.57565121,124.37498715939817,124.37498715939817,124.37498715939817,122.9054235184574,1.4695636409407768,109524897.2911989,109524897.29119888,0.0,0.9999999999999999,0.00883267664204022,0.0032739563365713244,0.5585312778083743,0.0,1.3605272921853788e-16,688,0,0.0,0.3972629460000121,0.0,5.713036114759609e-14,0,0.05,24000000.0,False,4721160.197904784,0.49786;0.49802;0.49824;0.49854;0.49895;0.49951;0.50021;0.50119;0.50280;0.50582;0.51267;0.54756;0.54242;0.49753;0.44013;0.28122;0.00000;0.00000;0.00000;0.00000;0.00000;0.00000;0.00000;0.00000,1.5765552322229919,1905.7033665341285,3.2800553011799973,46595439.87866,7.668343415993852,0.6941269126372022,1.0903907122702892,0.4291433498583298,0.30809345944314304,1.1514392433411418,2.821587339180695,0.45049349792952936,0.003401380903025809,26116.703988590165,4.4169183667113865,26.247034881610126,-0.0872377299491233,0.8485483886842302,1.332968460217018,-0.07132338688862092,87.76717502743503,0.06618381578605399,1.626974179536841,1.626182855809035,1.5978787568024053,1.6484293728065167,3.3304742484938465,0.6343288103842498,4.278839802095216,19.278839802095217,0.10952489729119888,0.1095248972911989,0.0,calibration_check
ok,R30015_S+03,30015,3,20277106,37.71857112681947,0.19317123296535105,0.16692940277139623,50.52427251622727,1326.112343101393,2.089914808186893,3.2945133028557083,0.3431461906267517,0.22348175557333474,0.07296875468538028,691.0574758804739,4,4.177002221148034e-14,4.180782569897381e-14,4.173171742779916e-14,3.909868571595905e-14,4.3925101633930486e-14,0.04809829074108429,0.04876475487688541,2.112309978925882e-12,0.8180168884811909,2.821587339180695,0.4257086185445722,0.5066167005961446,0.4575081918852864,0.27838309241199766,65806140.355818816,2398615.5479508867,68.14630763621301,0.25160297541911475,88.26433378009656,58.49817585786342,2381785.3982055224,17381785.398205522,2356935.321208194,95.98482022038378,95.98482022038378,95.98482022038378,95.8004305819172,0.18438963846658396,65806140.35581873,65806140.35581899,0.0,1.0000000000000038,0.005007523609383706,0.0019966994423850524,0.5792111820759187,0.0,3.849484849372586e-15,407,0,0.0,0.22009145599997737,0.0,8.787488576284911e-14,0,0.05,24000000.0,False,6618214.601794478,0.53189;0.53197;0.53207;0.53220;0.53239;0.53265;0.53351;0.53542;0.53907;0.54967;0.57873;0.55027;0.50643;0.45319;0.34507;0.00000;0.00000;0.00000;0.00000;0.00000;0.00000;0.00000;0.00000;0.00000,1.5765552322229919,1905.7033665341285,3.2800553011799973,46595439.87866,7.668343415993852,0.4170541508595002,0.5066167005961446,0.20403087624616864,0.5588754585101854,-0.35325275106111215,2.821587339180695,0.45049349792952936,0.0020436608902997316,26116.703988590165,4.4169183667113865,26.247034881610126,-0.0872377299491233,0.5098356240955406,0.6193230332160722,-0.2925698220492083,68.03132074084334,0.051301325332466,1.626974179536841,1.626182855809035,1.5978787568024053,1.6484293728065167,3.3304742484938465,0.37996064447327177,2.3817853982055226,17.381785398205523,0.06580614035581898,0.06580614035581873,0.0,calibration_check
ok,R30016_S+00,30016,0,20278106,86.09439934901792,0.15508232211051654,0.2178810933009592,69.8539398524509,1462.1843443318603,2.8159295512804983,2.585187847296793,0.5872693139474651,0.1825126554221293,0.06216151090414344,706.6192537333417,4,9.009511805440826e-14,9.077962558614971e-14,8.942719105419453e-14,7.999931340086018e-14,1.0623127417055899e-13,0.1320504560897542,0.14287419573857757,6.341314505522916e-12,1.8966763585338722,5.668484939367714,0.04895639876250996,0.7690332335345946,1.4041358715953907,1.8243253550265996,159620347.03178155,2759266.7668767846,76.78953818686935,0.25760523637290056,95.710857715751,63.99307607904166,2637335.7015423477,17637335.701542348,2607960.745981682,103.33996144095707,103.33996144095707,103.33996144095707,102.68402139363715,0.6559400473199162,159620347.0317814,159620347.03178138,0.0,0.9999999999999998,0.004564133531184296,0.0021549594125293203,0.6325977899864658,0.0,1.867075403724156e-16,494,0,0.0,0.2896359580000194,0.0,1.1895187519914398e-12,0,0.05,24000000.0,False,6362664.298457652,0.57604;0.57613;0.57625;0.57642;0.57665;0.57697;0.57782;0.57953;0.58298;0.59198;0.62939;0.60868;0.56165;0.50634;0.40945;0.00000;0.00000;0.00000;0.00000;0.00000;0.00000;0.00000;0.00000;0.00000,1.9349749004556358,6014.032993759186,3.7791658063664686,102226756.99658376,8.009564583617312,1.0116127147297738,1.8243253550265996,0.6631433960423042,0.20214989896494368,1.7549887722974435,5.668484939367714,0.7534669970945649,0.0022097248531027292,96748.50090167797,4.9856442444385145,20.932023983476974,0.2779932308917668,0.5333607445351134,0.9618537958878763,-0.27297895163668173,76.0204980670235,0.051991049118885746,1.9637049849622101,1.9571861873607486,1.9088028574153768,2.0319689883376855,3.8078958908730427,0.44079369025152765,2.6373357015423475,17.637335701542348,0.15962034703178138,0.1596203470317814,0.0,calibration_check
ok,R30016_S+01,30016,1,20278106,86.09439934901792,0.15508232211051654,0.2178810933009592,69.8539398524509,1462.1843443318603,2.8159295512804983,2.585187847296793,0.5872693139474651,0.1825126554221293,0.06216151090414344,706.6192537333417,4,9.009511805440826e-14,9.077962558614971e-14,8.942719105419453e-14,7.999931340086018e-14,1.0623127417055899e-13,0.1320504560897542,0.14287419573857757,6.341314505522916e-12,1.8966763585338722,5.668484939367714,7.559827181155616,8.147097261218299,6.989328495836294,4.086520885009599,1056500079.0045516,15854374.327121226,196.3648107281443,0.25450517567521236,239.37831835714897,164.84031529933276,15898595.139264397,30898595.139264397,15775517.077180967,263.17910264819545,263.17910264819545,263.17910264819545,262.1243159630032,1.054786685192255,1056500079.004552,1056500079.0045526,0.0,1.0000000000000007,0.03128256030996084,0.012605373653199234,0.5265249957794415,0.0,5.641707554963071e-16,6789,0,0.0,3.6417652009999983,0.0,3.089578430641809e-14,0,0.05,24000000.0,True,-6898595.139264397,0.45302;0.45308;0.45317;0.45328;0.45344;0.45366;0.45386;0.45405;0.45429;0.45464;0.45519;0.45613;0.45787;0.46132;0.46897;0.51228;0.50263;0.37895;0.00000;0.00000;0.00000;0.00000;0.00000;0.00000,1.9349749004556358,6014.032993759186,3.7791658063664686,102226756.99658376,8.009564583617312,6.6956934558049515,8.147097261218299,0.23313993891303916,0.5864562254099505,-0.5187373524597025,5.668484939367714,0.7534669970945649,0.014625795052409728,96748.50090167797,4.9856442444385145,20.932023983476974,0.2779932308917668,3.5302245560653858,4.2954599104699085,0.5478023315516459,195.57860866521978,0.13375783253553347,1.9637049849622101,1.9571861873607486,1.9088028574153768,2.0319689883376855,3.8078958908730427,1.2001491078175177,15.898595139264398,30.898595139264398,1.0565000790045527,1.056500079004552,0.0,calibration_check
ok,R30016_S+02,30016,2,20278106,86.09439934901792,0.15508232211051654,0.2178810933009592,69.8539398524509,1462.1843443318603,2.8159295512804983,2.585187847296793,0.5872693139474651,0.1825126554221293,0.06216151090414344,706.6192537333417,4,9.009511805440826e-14,9.077962558614971e-14,8.942719105419453e-14,7.999931340086018e-14,1.0623127417055899e-13,0.1320504560897542,0.14287419573857757,6.341314505522916e-12,1.8966763585338722,5.668484939367714,0.4767663420033837,0.8400725592417326,1.1754659594206442,1.4829465425401183,156811742.10226232,2654855.278455563,75.98060566656508,0.2567235730258804,95.04351320023285,63.41624212664879,2555290.710656196,17555290.710656196,2531641.877283599,102.74059528662838,102.74059528662838,102.74059528662838,102.27041180301285,0.47018348361552853,156811742.1022623,156811742.10226274,0.0,1.0000000000000029,0.004564133531184296,0.002117965594617726,0.635026193240721,0.0,2.850773990661382e-15,480,0,0.0,0.25972004499999457,0.0,2.018272446118892e-13,0,0.05,24000000.0,False,6444709.289343804,0.57792;0.57800;0.57810;0.57825;0.57845;0.57872;0.57957;0.58134;0.58495;0.59498;0.63279;0.60750;0.56021;0.50455;0.40392;0.00000;0.00000;0.00000;0.00000;0.00000;0.00000;0.00000;0.00000;0.00000,1.9349749004556358,6014.032993759186,3.7791658063664686,102226756.99658376,8.009564583617312,0.9938128508014697,1.4829465425401183,0.37757697767285664,0.33125927587451176,1.0124443447529292,5.668484939367714,0.7534669970945649,0.002170843568663034,96748.50090167797,4.9856442444385145,20.932023983476974,0.2779932308917668,0.5239759784688229,0.7818658865376661,-0.28068862266812267,75.34871932174568,0.05153161406346202,1.9637049849622101,1.9571861873607486,1.9088028574153768,2.0319689883376855,3.8078958908730427,0.4240408517899101,2.555290710656196,17.555290710656195,0.15681174210226273,0.15681174210226229,0.0,calibration_check
ok,R30016_S+03,30016,3,20278106,86.09439934901792,0.15508232211051654,0.2178810933009592,69.8539398524509,1462.1843443318603,2.8159295512804983,2.585187847296793,0.5872693139474651,0.1825126554221293,0.06216151090414344,706.6192537333417,4,9.009511805440826e-14,9.077962558614971e-14,8.942719105419453e-14,7.999931340086018e-14,1.0623127417055899e-13,0.1320504560897542,0.14287419573857757,6.341314505522916e-12,1.8966763585338722,5.668484939367714,1.5660003892554037,3.1800929520052965,3.96433501978276,3.9187265925877934,498182275.4558921,8109975.355059096,135.28789643719617,0.25619369776799467,167.85032191035245,113.09330037117428,7947486.093182925,22947486.093182925,7855534.809912752,181.92758737287463,181.92758737287463,181.92758737287463,181.1738737851822,0.753713587692431,498182275.45589185,498182275.455892,0.0,1.0000000000000004,0.014485212934539764,0.006399053608053543,0.5726232264066365,0.0,3.589327503924891e-16,1994,0,0.0,1.0448098530000038,0.0,7.592688647752735e-14,0,0.05,24000000.0,False,1052513.9068170749,0.50224;0.50233;0.50245;0.50262;0.50285;0.50317;0.50349;0.50389;0.50448;0.50545;0.50719;0.51063;0.51900;0.56219;0.55066;0.49106;0.31666;0.00000;0.00000;0.00000;0.00000;0.00000;0.00000;0.00000,1.9349749004556358,6014.032993759186,3.7791658063664686,102226756.99658376,8.009564583617312,3.1572887384078134,3.96433501978276,0.30723500840087076,0.375804506214888,0.7451729627106718,5.668484939367714,0.7534669970945649,0.006896650558158279,96748.50090167797,4.9856442444385145,20.932023983476974,0.2779932308917668,1.6646428496891228,2.090148380848267,0.22132106964573564,134.30145609326473,0.09184987967754045,1.9637049849622101,1.9571861873607486,1.9088028574153768,2.0319689883376855,3.8078958908730427,0.909019534460465,7.947486093182925,22.947486093182924,0.49818227545589205,0.49818227545589183,0.0,calibration_check
ok,R30017_S+00,30017,0,20279106,110.1005053209187,0.8376862839014737,0.24575427373673706,32.47863782098612,1418.9183943968171,2.221747867125355,3.9700619476535275,0.4907860418346299,0.164682423175171,0.04009922371637018,664.7774131346206,4,6.016309069851198e-14,3.3415479120523366e-13,9.695457402174115e-15,2.6615209677928253e-15,1.184350472828689e-12,0.9205205462726047,1.7017883377079122,1.0852892439702025e-11,0.8934177564948703,7.343574209407009,0.05197896520627643,0.11715974955744943,0.2822946495600088,0.5473836652139547,39400335.36417323,1830907.2704540608,62.867164759361366,0.41162541756277204,85.28059597731516,53.883871696213326,1717472.6214703023,16717472.621470302,1715150.9289545268,96.01137270217465,96.01137270217465,96.01137270217465,40.49160295662404,55.51976974555061,39400335.36417323,39400335.36417396,0.0,1.0000000000000184,0.0033372797416538506,0.001155791650852023,0.5517318884528224,0.0,1.853174323897932e-14,415,0,0.0,0.2897298689999843,0.0,2.4941909894365458e-12,0,0.05,24000000.0,False,7282527.378529698,0.50179;0.50213;0.50261;0.50326;0.50415;0.50537;0.50907;0.51013;0.51473;0.52044;0.48219;0.43121;0.31703;0.27529;0.13660;0.00000;0.00000;0.00000;0.00000;0.00000;0.00000;0.00000;0.00000;0.00000,2.041789312228636,3575.914436225674,3.553387118535621,50485143.57243132,7.703163595668052,0.24970425738442234,0.5473836652139547,0.765990456379175,0.16933903784361096,1.9839657729383342,7.343574209407009,0.8659074879282359,0.0011739782950242101,89176.64994012928,4.950251153370803,43.6877433782023,-0.04894542026455307,0.2794932779980583,0.6126850079200296,-0.553628632727312,53.19387673875398,0.037489031750389507,2.5296642903077444,0.9922849003571567,0.4308464897152812,3.0791968355363037,4.041262096614729,0.262666349244397,1.7174726214703024,16.717472621470304,0.03940033536417396,0.039400335364173235,0.0,calibration_check
ok,R30017_S+01,30017,1,20279106,110.1005053209187,0.8376862839014737,0.24575427373673706,32.47863782098612,1418.9183943968171,2.221747867125355,3.9700619476535275,0.4907860418346299,0.164682423175171,0.04009922371637018,664.7774131346206,4,6.016309069851198e-14,3.3415479120523366e-13,9.695457402174115e-15,2.6615209677928253e-15,1.184350472828689e-12,0.9205205462726047,1.7017883377079122,1.0852892439702025e-11,0.8934177564948703,7.343574209407009,0.9451633816729373,0.7918282508337836,1.0805893938368545,1.8114468106821495,182601261.08715376,7857819.5400461815,132.33074965514933,0.39352481784948484,179.5982638281411,114.30011944078483,7575681.250195246,22575681.250195246,7563195.237028122,197.9040934938149,197.9040934938149,197.9040934938149,98.33409942588058,99.56999406793433,182601261.0871531,182601261.08715338,0.0,1.0000000000000016,0.014489393290162514,0.005086425725132633,0.48336369973238114,0.0,1.4688885492485159e-15,1896,0,0.0,1.1512676930000225,0.0,3.4042946172741264e-13,0,0.05,24000000.0,False,1424318.7498047538,0.40577;0.40613;0.40662;0.40729;0.40821;0.40948;0.41081;0.41202;0.41364;0.41631;0.42387;0.42902;0.42722;0.44688;0.40174;0.29339;0.22359;0.00296;0.00000;0.00000;0.00000;0.00000;0.00000;0.00000,2.041789312228636,3575.914436225674,3.553387118535621,50485143.57243132,7.703163595668052,1.1572569592564312,1.8114468106821495,0.33809991817625507,0.37523896888526487,0.7485661866884107,7.343574209407009,0.8659074879282359,0.005440814530611691,89176.64994012928,4.950251153370803,43.6877433782023,-0.04894542026455307,1.2953144828872403,2.027547356780736,0.11237522139153672,114.5153143706909,0.08070606091435682,2.5296642903077444,0.9922849003571567,0.4308464897152812,3.0791968355363037,4.041262096614729,0.8953020507341123,7.575681250195246,22.575681250195245,0.18260126108715338,0.1826012610871531,0.0,calibration_check
ok,R30017_S+02,30017,2,20279106,110.1005053209187,0.8376862839014737,0.24575427373673706,32.47863782098612,1418.9183943968171,2.221747867125355,3.9700619476535275,0.4907860418346299,0.164682423175171,0.04009922371637018,664.7774131346206,4,6.016309069851198e-14,3.3415479120523366e-13,9.695457402174115e-15,2.6615209677928253e-15,1.184350472828689e-12,0.9205205462726047,1.7017883377079122,1.0852892439702025e-11,0.8934177564948703,7.343574209407009,0.3110200281994462,0.3492153902237999,0.3080066807417802,0.187393899753387,45586373.24933465,1857852.9351938688,63.63912909571482,0.3645589517603567,88.27929970483679,55.83092210141367,1788370.8758057728,16788370.875805773,1787673.6469662115,98.45730059596207,98.45730059596207,98.45730059596207,55.58015930138906,42.87714129457301,45586373.24933466,45586373.24933484,0.0,1.000000000000004,0.0040443007615997536,0.001335299547705817,0.5482062825964749,0.0,3.922530387494287e-15,411,0,0.0,0.2781795179999449,0.0,1.0605877345616276e-12,0,0.05,24000000.0,False,7211629.124194227,0.49692;0.49713;0.49742;0.49782;0.49837;0.49913;0.50123;0.50621;0.51297;0.52983;0.50046;0.45668;0.40337;0.28529;0.20261;0.00000;0.00000;0.00000;0.00000;0.00000;0.00000;0.00000;0.00000;0.00000,2.041789312228636,3575.914436225674,3.553387118535621,50485143.57243132,7.703163595668052,0.2889089997296033,0.3492153902237999,0.21051259757852414,0.571317801661748,-0.4279068099704882,7.343574209407009,0.8659074879282359,0.001358298406572818,89176.64994012928,4.950251153370803,43.6877433782023,-0.04894542026455307,0.3233750366268461,0.39087581110305025,-0.49029350908533836,57.21754296793977,0.04032475947446081,2.5296642903077444,0.9922849003571567,0.4308464897152812,3.0791968355363037,4.041262096614729,0.26901133292908597,1.7883708758057728,16.78837087580577,0.045586373249334844,0.045586373249334664,0.0,calibration_check
ok,R30017_S+03,30017,3,20279106,110.1005053209187,0.8376862839014737,0.24575427373673706,32.47863782098612,1418.9183943968171,2.221747867125355,3.9700619476535275,0.4907860418346299,0.164682423175171,0.04009922371637018,664.7774131346206,4,6.016309069851198e-14,3.3415479120523366e-13,9.695457402174115e-15,2.6615209677928253e-15,1.184350472828689e-12,0.9205205462726047,1.7017883377079122,1.0852892439702025e-11,0.8934177564948703,7.343574209407009,0.22491436681668792,1.0510092984651493,2.1299240451219097,3.46165860678697,270902521.6942222,11974818.272621911,164.72306575645942,0.41100787113159,220.6187723174319,141.82189049538206,11642225.845221713,26642225.845221713,11613719.341995671,247.37283185758042,247.37283185758042,247.37283185758042,103.98636555632116,143.38646630125925,270902521.6942219,270902521.6942227,0.0,1.0000000000000029,0.022642011652339013,0.007304987574153613,0.4673578385020497,0.0,2.8602922454693606e-15,4001,0,0.0,2.2956782610000346,0.0,9.522370283140818e-13,0,0.05,24000000.0,True,-2642225.845221713,0.37834;0.37877;0.37936;0.38017;0.38128;0.38280;0.38464;0.38590;0.38739;0.38940;0.39277;0.40361;0.40105;0.39577;0.40667;0.31880;0.27519;0.12983;0.00000;0.00000;0.00000;0.00000;0.00000;0.00000,2.041789312228636,3575.914436225674,3.553387118535621,50485143.57243132,7.703163595668052,1.7168765792976792,3.46165860678697,0.7064391382069504,0.18579140758676113,1.8852515544794335,7.343574209407009,0.8659074879282359,0.008071852119957599,89176.64994012928,4.950251153370803,43.6877433782023,-0.04894542026455307,1.9216951608768893,3.874624811989446,0.2836844965224276,139.48201324227614,0.09830164567115222,2.5296642903077444,0.9922849003571567,0.4308464897152812,3.0791968355363037,4.041262096614729,1.0782689313729164,11.642225845221713,26.642225845221713,0.2709025216942227,0.2709025216942219,0.0,calibration_check
ok,R30018_S+00,30018,0,20280106,850.7195879361512,0.1995446046160228,0.25624586878393313,51.58104975533576,2637.5619023748523,2.9296528384364686,2.855790765921797,0.24251194670295412,0.3184144930931326,0.0614837982788172,769.6622468638791,4,8.308783410595705e-13,8.314560200205282e-13,8.303120770702114e-13,7.990425395987517e-13,8.828633822912173e-13,0.04194234481659331,0.04346114058750542,4.288737433805232e-11,6.123298480063661,2.366593673375959,3.837349212779079,2.760685319946556,1.525000286144936,0.13029411137422015,325569066.3113662,1629141.440276383,122.26124004862503,0.25094029960217973,145.6310008522569,98.68918698730569,1628752.5123007149,16628752.512300715,1621949.4897242524,156.69758027434847,156.69758027434847,156.69758027434847,156.68925487594163,0.008325398406839213,325569066.3113665,325569066.3113646,0.0,0.9999999999999941,0.003224516412441994,0.0014400150529038493,0.5634738712566616,0.0,5.858506935018075e-15,676,0,0.0,0.400101296999992,0.0,1.9167086757175273e-12,0,0.05,24000000.0,False,7371247.487699285,0.52986;0.52986;0.52987;0.52988;0.52990;0.52992;0.53003;0.53032;0.53157;0.53425;0.54234;0.56315;0.54129;0.50657;0.46141;0.29075;0.00000;0.00000;0.00000;0.00000;0.00000;0.00000;0.00000;0.00000,2.9297864326105265,43881.00939317336,4.642276609076859,288869868.5422079,8.46070224378843,2.0633322325611974,3.837349212779079,0.670674338701866,0.7994391824790558,-1.7966350948743341,2.366593673375959,0.37412369918015703,0.0014643358872220684,713700.3669516548,5.853515920051083,51.13431996606489,0.7869854296276636,0.33696417695120195,0.6266800851326757,-0.47241626701996675,122.25393326970935,0.0463511143225235,2.925555879864425,2.9249579526442786,2.908286498759753,2.9516101021290053,4.638046056330757,0.21195879091684208,1.628752512300715,16.628752512300714,0.3255690663113646,0.3255690663113665,0.0,calibration_check
ok,R30018_S+01,30018,1,20280106,850.7195879361512,0.1995446046160228,0.25624586878393313,51.58104975533576,2637.5619023748523,2.9296528384364686,2.855790765921797,0.24251194670295412,0.3184144930931326,0.0614837982788172,769.6622468638791,4,8.308783410595705e-13,8.314560200205282e-13,8.303120770702114e-13,7.990425395987517e-13,8.828633822912173e-13,0.04194234481659331,0.04346114058750542,4.288737433805232e-11,6.123298480063661,2.366593673375959,0.6900201366823843,1.395824550291448,2.2706251411738565,3.3144219093296097,302593666.368267,1588076.8593777122,118.05257347257977,0.25172539888586937,141.71632325716163,95.08844678283776,1585964.4156085625,16585964.415608563,1571287.271119602,154.1800472912571,154.1800472912571,154.1800472912571,153.99304098985817,0.18700630139892382,302593666.36826694,302593666.36826867,0.0,1.0000000000000058,0.003224516412441994,0.0013399550175850863,0.5674329820805852,0.0,5.712395501307822e-15,634,0,0.0,0.3901828019999698,0.0,6.032191737041758e-13,0,0.05,24000000.0,False,7414035.5843914375,0.53110;0.53114;0.53120;0.53128;0.53140;0.53156;0.53195;0.53267;0.53409;0.53719;0.54948;0.56470;0.53783;0.50230;0.45488;0.19558;0.00000;0.00000;0.00000;0.00000;0.00000;0.00000;0.00000;0.00000,2.9297864326105265,43881.00939317336,4.642276609076859,288869868.5422079,8.46070224378843,1.9177229343693245,3.3144219093296097,0.5119092274657635,0.27191684596239624,1.368498924225623,2.366593673375959,0.37412369918015703,0.001360997744439842,713700.3669516548,5.853515920051083,51.13431996606489,0.7869854296276636,0.31318462436758215,0.5412804749140943,-0.5041995675471326,117.86129003343548,0.04468569625884934,2.925555879864425,2.9249579526442786,2.908286498759753,2.9516101021290053,4.638046056330757,0.20087151748393683,1.5859644156085626,16.58596441560856,0.3025936663682687,0.30259366636826696,0.0,calibration_check
ok,R30018_S+02,30018,2,20280106,850.7195879361512,0.1995446046160228,0.25624586878393313,51.58104975533576,2637.5619023748523,2.9296528384364686,2.855790765921797,0.24251194670295412,0.3184144930931326,0.0614837982788172,769.6622468638791,4,8.308783410595705e-13,8.314560200205282e-13,8.303120770702114e-13,7.990425395987517e-13,8.828633822912173e-13,0.04194234481659331,0.04346114058750542,4.288737433805232e-11,6.123298480063661,2.366593673375959,0.6579737715265759,0.9061605667919977,1.1541504986718407,1.4019435671661047,162530649.8587622,845772.1573635979,86.4888980474671,0.2515483131029479,103.785799486734,69.68862815599829,842585.7436034754,15842585.743603475,837171.1863606386,112.53023501082654,112.53023501082654,112.53023501082654,112.43816860364157,0.09206640718497283,162530649.8587622,162530649.85876185,0.0,0.9999999999999978,0.0017046176623212526,0.0007248938799239154,0.5848090185158213,0.0,2.2003718619418517e-15,357,0,0.0,0.22783228100001907,0.0,6.253697616203994e-13,0,0.05,24000000.0,False,8157414.256396525,0.55530;0.55534;0.55540;0.55547;0.55558;0.55572;0.55668;0.55874;0.56450;0.58394;0.56918;0.53977;0.50482;0.45936;0.24205;0.00000;0.00000;0.00000;0.00000;0.00000;0.00000;0.00000;0.00000;0.00000,2.9297864326105265,43881.00939317336,4.642276609076859,288869868.5422079,8.46070224378843,1.0300571010391297,1.4019435671661047,0.2691706992768294,0.37962321135902627,0.7222607318458425,2.366593673375959,0.37412369918015703,0.0007310260340707342,713700.3669516548,5.853515920051083,51.13431996606489,0.7869854296276636,0.16821931911253504,0.22895234843288734,-0.7741241292148823,86.37914668432448,0.03274961873181023,2.925555879864425,2.9249579526442786,2.908286498759753,2.9516101021290053,4.638046056330757,-0.07274661583416489,0.8425857436034754,15.842585743603475,0.16253064985876184,0.1625306498587622,0.0,calibration_check
ok,R30018_S+03,30018,3,20280106,850.7195879361512,0.1995446046160228,0.25624586878393313,51.58104975533576,2637.5619023748523,2.9296528384364686,2.855790765921797,0.24251194670295412,0.3184144930931326,0.0614837982788172,769.6622468638791,4,8.308783410595705e-13,8.314560200205282e-13,8.303120770702114e-13,7.990425395987517e-13,8.828633822912173e-13,0.04194234481659331,0.04346114058750542,4.288737433805232e-11,6.123298480063661,2.366593673375959,1.8493378084711496,1.665509940035667,1.4038191045126547,1.0642653019021135,236008724.71519175,1200703.531942262,104.15853752594381,0.25124512406943317,124.97953970230861,83.95529420419216,1199227.6270085368,16199227.627008537,1194796.9130127598,137.22132878839028,137.22132878839028,137.22132878839028,137.11945601680955,0.10187277158073016,236008724.7151917,236008724.71519297,0.0,1.0000000000000053,0.002607266445945358,0.001048652014132548,0.5745036256665969,0.0,5.429883425781714e-15,480,0,0.0,0.30493321099999093,0.0,3.418590201957899e-13,0,0.05,24000000.0,False,7800772.372991463,0.54192;0.54194;0.54197;0.54202;0.54208;0.54217;0.54268;0.54373;0.54598;0.55228;0.57338;0.55691;0.52523;0.48695;0.42572;0.00038;0.00000;0.00000;0.00000;0.00000;0.00000;0.00000;0.00000;0.00000,2.9297864326105265,43881.00939317336,4.642276609076859,288869868.5422079,8.46070224378843,1.4957330387303962,1.8493378084711496,0.1973333789467179,0.5874791252004233,-0.5248747512025401,2.366593673375959,0.37412369918015703,0.0010615137648472097,713700.3669516548,5.853515920051083,51.13431996606489,0.7869854296276636,0.24426917021932365,0.30201660338659875,-0.6121313428854734,104.08911178489208,0.03946413985247913,2.925555879864425,2.9249579526442786,2.908286498759753,2.9516101021290053,4.638046056330757,0.07943578813918119,1.199227627008537,16.199227627008536,0.23600872471519296,0.2360087247151917,0.0,calibration_check
ok,R30019_S+00,30019,0,20281106,291.12346118153835,0.07744459578417473,0.12614249052196955,79.21053701046375,1444.1349391037272,2.3816564367270976,3.810035018808687,0.5582237896327953,0.2157391534134433,0.07861649989356673,618.2233466630702,4,2.8700692064524996e-13,2.8721609219639853e-13,2.86798241221335e-13,2.7556105107477337e-13,3.0055779658889817e-13,0.04310724890328932,0.044098380098708846,2.275054090092359e-11,1.1378810928699696,4.260355958776094,0.4716206791309301,0.36389443662038157,0.20702769000056073,0.013044540562791748,41639754.050074555,1137742.9493075088,52.30704073670878,0.2506991136445452,70.56360836226295,46.92532182251797,1137732.310204938,16137732.310204938,1137638.4787225444,75.90772366909523,75.90772366909523,75.90772366909523,75.90706670523187,0.0006569638633635577,41639754.05007454,41639754.050074816,0.0,1.0000000000000067,0.002595632801330488,0.0010167638110956838,0.5708070721661374,0.0,6.620391699592379e-15,295,0,0.0,0.18903662200000326,0.0,1.1629938167070288e-11,0,0.05,24000000.0,False,7862267.689795062,0.53269;0.53274;0.53282;0.53293;0.53307;0.53327;0.53600;0.54518;0.57061;0.54989;0.51429;0.47445;0.42926;0.35284;0.00203;0.00000;0.00000;0.00000;0.00000;0.00000;0.00000;0.00000;0.00000;0.00000,2.46407720595791,23060.04569653455,4.362860163571566,65465091.96822778,7.816009782330031,0.263896836578666,0.4716206791309301,0.6544457880821292,0.7915167974192917,-1.7377098737272647,4.260355958776094,0.6294458865379107,0.0010288521548691483,293323.2302093569,5.467346458999063,18.231601420817995,0.0560968812079702,0.2319195197391531,0.4144727266197964,-0.634662696992709,52.30629925728406,0.03621981425762533,2.463925366750749,2.463293081477657,2.445934430383417,2.483644595989664,4.362708324364404,0.056044152825909806,1.1377323102049381,16.13773231020494,0.04163975405007481,0.04163975405007454,0.0,calibration_check
ok,R30019_S+01,30019,1,20281106,291.12346118153835,0.07744459578417473,0.12614249052196955,79.21053701046375,1444.1349391037272,2.3816564367270976,3.810035018808687,0.5582237896327953,0.2157391534134433,0.07861649989356673,618.2233466630702,4,2.8700692064524996e-13,2.8721609219639853e-13,2.86798241221335e-13,2.7556105107477337e-13,3.0055779658889817e-13,0.04310724890328932,0.044098380098708846,2.275054090092359e-11,1.1378810928699696,4.260355958776094,0.07865887223388597,0.23096050014948366,0.38791941457225604,0.5495356155022029,49193343.953753956,1373401.4193682505,56.88177381069898,0.2509461689947725,76.81578622343423,51.00933118544844,1366977.4081640523,16366977.408164052,1362837.567490384,83.02714550331572,83.02714550331572,83.02714550331572,82.99511863351118,0.032026869804539615,49193343.953753896,49193343.95375614,0.0,1.0000000000000455,0.003145248899412709,0.001198667921690584,0.5660801947961315,0.0,4.5587971449599734e-14,310,0,0.0,0.2091473020000194,0.0,2.575362370378621e-12,0,0.05,24000000.0,False,7633022.591835948,0.52291;0.52297;0.52304;0.52315;0.52329;0.52348;0.52534;0.53045;0.55379;0.55770;0.52421;0.48531;0.44199;0.38207;0.03209;0.00000;0.00000;0.00000;0.00000;0.00000;0.00000;0.00000;0.00000;0.00000,2.46407720595791,23060.04569653455,4.362860163571566,65465091.96822778,7.816009782330031,0.3117686006144571,0.5495356155022029,0.5629202246966396,0.24827658379736475,1.5103404972158117,4.260355958776094,0.6294458865379107,0.001215489358346686,293323.2302093569,5.467346458999063,18.231601420817995,0.0560968812079702,0.2739904921243684,0.48294643345919497,-0.5622645075794864,56.852961061762144,0.03936817780826407,2.463925366750749,2.463293081477657,2.445934430383417,2.483644595989664,4.362708324364404,0.1377974918884475,1.3669774081640522,16.366977408164054,0.04919334395375614,0.049193343953753896,0.0,calibration_check
ok,R30019_S+02,30019,2,20281106,291.12346118153835,0.07744459578417473,0.12614249052196955,79.21053701046375,1444.1349391037272,2.3816564367270976,3.810035018808687,0.5582237896327953,0.2157391534134433,0.07861649989356673,618.2233466630702,4,2.8700692064524996e-13,2.8721609219639853e-13,2.86798241221335e-13,2.7556105107477337e-13,3.0055779658889817e-13,0.04310724890328932,0.044098380098708846,2.275054090092359e-11,1.1378810928699696,4.260355958776094,0.5072036608642494,0.8960148443202196,1.229251625792278,1.5069140052804253,163286286.02293667,4476063.436423054,103.62435276306395,0.25090805500757835,138.72681997757238,92.87387510876113,4473017.229796622,19473017.229796622,4457222.846603684,149.00260919059602,149.00260919059602,149.00260919059602,148.9446302603466,0.057978930249419136,163286286.0229369,163286286.0229361,0.0,0.9999999999999951,0.009956913571488415,0.003857140791075857,0.515170814271602,0.0,4.9279258170814296e-15,937,0,0.0,0.6135193589999517,0.0,4.2513254866035725e-13,0,0.05,24000000.0,False,4526982.770203378,0.45653;0.45655;0.45658;0.45663;0.45669;0.45677;0.45701;0.45748;0.45836;0.46009;0.46379;0.47590;0.51385;0.48123;0.43621;0.36819;0.01004;0.00000;0.00000;0.00000;0.00000;0.00000;0.00000;0.00000,2.46407720595791,23060.04569653455,4.362860163571566,65465091.96822778,7.816009782330031,1.034846034064293,1.5069140052804253,0.3610245562775008,0.3389920961656045,0.9660474230063733,4.260355958776094,0.6294458865379107,0.004034544657330359,293323.2302093569,5.467346458999063,18.231601420817995,0.0560968812079702,0.9094500651682321,1.3243158839028417,-0.04122114158922193,103.5797293489035,0.07172441199517555,2.463925366750749,2.463293081477657,2.445934430383417,2.483644595989664,4.362708324364404,0.6508962328816159,4.473017229796622,19.47301722979662,0.1632862860229361,0.1632862860229369,0.0,calibration_check
ok,R30019_S+03,30019,3,20281106,291.12346118153835,0.07744459578417473,0.12614249052196955,79.21053701046375,1444.1349391037272,2.3816564367270976,3.810035018808687,0.5582237896327953,0.2157391534134433,0.07861649989356673,618.2233466630702,4,2.8700692064524996e-13,2.8721609219639853e-13,2.86798241221335e-13,2.7556105107477337e-13,3.0055779658889817e-13,0.04310724890328932,0.044098380098708846,2.275054090092359e-11,1.1378810928699696,4.260355958776094,0.09322357912071537,1.2918185691624413,2.0839842519418057,2.469720627458809,234265754.0010417,6383745.372409723,124.12854845521069,0.2509430663624994,165.85029972679322,111.23727626668652,6391671.45403485,21391671.45403485,6362877.492049798,179.024046344362,179.024046344362,179.024046344362,178.94022838314007,0.08381796122193919,234265754.00104165,234265754.00104094,0.0,0.9999999999999969,0.014620013955585582,0.005432517724209431,0.4961757818989102,0.0,3.0531809497922056e-15,1590,0,0.0,0.9661071710000328,0.0,1.6781499098517522e-12,0,0.05,24000000.0,False,2608328.54596515,0.43580;0.43583;0.43586;0.43592;0.43599;0.43609;0.43625;0.43653;0.43702;0.43791;0.43965;0.44332;0.45553;0.49559;0.46296;0.41242;0.26120;0.00000;0.00000;0.00000;0.00000;0.00000;0.00000;0.00000,2.46407720595791,23060.04569653455,4.362860163571566,65465091.96822778,7.816009782330031,1.4846867569209428,2.469720627458809,0.6120366559379653,0.2332212740880715,1.6006723554715712,4.260355958776094,0.6294458865379107,0.005788334521048546,293323.2302093569,5.467346458999063,18.231601420817995,0.0560968812079702,1.304781990160552,2.170455808549966,0.11553795352894503,124.06643966094043,0.08591055884150253,2.463925366750749,2.463293081477657,2.445934430383417,2.483644595989664,4.362708324364404,0.8050755560427388,6.39167145403485,21.39167145403485,0.23426575400104094,0.23426575400104166,0.0,calibration_check
ok,R30020_S+00,30020,0,20282106,178.06162323457414,0.428804509012299,0.2715782624298169,24.438378115978423,1575.4017396621923,2.91190887775638,3.2777748724322855,0.6473990639065843,0.23256966421166442,0.07037422839340013,608.5045850873106,4,2.1050131153772138e-13,2.8048699969081816e-13,1.6597748824637203e-13,1.0481975930252994e-13,6.33074968689787e-13,0.5783060156210672,0.8863002441208992,6.854647355060535e-12,0.8466047240769727,5.519626249719272,0.08109711627473072,0.11281426649556875,0.16879981800233268,0.24905377079502247,24132292.833429273,925867.5082583718,51.37429267751969,0.2838162301315527,64.65444143916783,43.269951501847075,901351.9508201536,15901351.950820154,899069.2247225698,71.49426572761566,71.49426572761566,71.49426572761566,69.21318262207696,2.2810831055386984,24132292.833429277,24132292.83342922,0.0,0.9999999999999977,0.0019491535247537545,0.0007596189031533751,0.593167207082394,0.0,2.3155426988488138e-15,346,0,0.0,0.20139415799997096,0.0,8.409772341058317e-13,0,0.05,24000000.0,False,8098648.049179846,0.56084;0.56095;0.56112;0.56134;0.56165;0.56207;0.56651;0.58411;0.58644;0.55675;0.52039;0.48013;0.43119;0.20795;0.00000;0.00000;0.00000;0.00000;0.00000;0.00000;0.00000;0.00000;0.00000;0.00000,2.250570328147195,4351.537276551412,3.638642708168869,51748754.25321419,7.713899899491914,0.15294124289191366,0.24905377079502247,0.4168859069112772,0.31697039187026244,1.098177648778425,5.519626249719272,0.7419096713560264,0.0007663635352076591,61834.24494867371,4.7912290620334534,64.464250949295,-0.07231931248043845,0.1806524798909678,0.29417951933419484,-0.7431560723158828,49.78393896780954,0.03160078963635303,2.4536293346841735,2.225765785847179,2.0261597558650437,2.807171739949476,3.8417017147058474,-0.03345115645965484,0.9013519508201536,15.901351950820153,0.02413229283342922,0.024132292833429277,0.0,calibration_check
ok,R30020_S+01,30020,1,20282106,178.06162323457414,0.428804509012299,0.2715782624298169,24.438378115978423,1575.4017396621923,2.91190887775638,3.2777748724322855,0.6473990639065843,0.23256966421166442,0.07037422839340013,608.5045850873106,4,2.1050131153772138e-13,2.8048699969081816e-13,1.6597748824637203e-13,1.0481975930252994e-13,6.33074968689787e-13,0.5783060156210672,0.8863002441208992,6.854647355060535e-12,0.8466047240769727,5.519626249719272,0.46082600391059375,0.7004660502050323,0.7904485014644228,0.7307733576887657,105817126.33671492,3897427.8609762248,106.55457666564126,0.2784404682028183,134.11531921661793,90.5635641755146,3856056.229336813,18856056.229336813,3845423.8014336824,148.0218383254244,148.0218383254244,148.0218383254244,142.4383140301919,5.5835242952325075,105817126.33671492,105817126.33671558,0.0,1.0000000000000062,0.008071002753548892,0.0032359333232613867,0.537055287139028,0.0,6.1960772818852135e-15,920,0,0.0,0.5204984320000108,0.0,1.7480458280619284e-13,0,0.05,24000000.0,False,5143943.770663187,0.48290;0.48296;0.48303;0.48313;0.48327;0.48346;0.48380;0.48439;0.48545;0.48754;0.49216;0.51341;0.53041;0.49316;0.44713;0.34709;0.00000;0.00000;0.00000;0.00000;0.00000;0.00000;0.00000;0.00000,2.250570328147195,4351.537276551412,3.638642708168869,51748754.25321419,7.713899899491914,0.6706284783172036,0.7904485014644228,0.18696048075128952,0.43291184749178707,0.4025289150492776,5.519626249719272,0.7419096713560264,0.0033604095385658624,61834.24494867371,4.7912290620334534,64.464250949295,-0.07231931248043845,0.792138833206216,0.9336689000007939,-0.10119869566891965,104.24805091328884,0.06617235990588811,2.4536293346841735,2.225765785847179,2.0261597558650437,2.807171739949476,3.8417017147058474,0.5907780854080508,3.8560562293368132,18.85605622933681,0.10581712633671558,0.10581712633671492,0.0,calibration_check
ok,R30020_S+02,30020,2,20282106,178.06162323457414,0.428804509012299,0.2715782624298169,24.438378115978423,1575.4017396621923,2.91190887775638,3.2777748724322855,0.6473990639065843,0.23256966421166442,0.07037422839340013,608.5045850873106,4,2.1050131153772138e-13,2.8048699969081816e-13,1.6597748824637203e-13,1.0481975930252994e-13,6.33074968689787e-13,0.5783060156210672,0.8863002441208992,6.854647355060535e-12,0.8466047240769727,5.519626249719272,0.9236982015227019,0.8896001154935128,0.7903040057438303,0.6258098722736543,127390622.85749434,4597347.308261959,116.20431250198256,0.27507500710302946,147.05201017271278,99.36159192421965,4569647.093159087,19569647.093159087,4560017.330430202,158.92457726168394,158.92457726168394,158.92457726168394,156.8207102079154,2.103867053768539,127390622.85749453,127390622.8574945,0.0,0.9999999999999998,0.009276531576392799,0.003867021078469505,0.5291590844829963,0.0,2.339443965277858e-16,1168,0,0.0,0.7091085449999923,0.0,1.7521155244486006e-13,0,0.05,24000000.0,False,4430352.906840913,0.47335;0.47339;0.47345;0.47353;0.47363;0.47378;0.47403;0.47446;0.47523;0.47669;0.47970;0.48752;0.52467;0.50491;0.46168;0.39589;0.01263;0.00000;0.00000;0.00000;0.00000;0.00000;0.00000;0.00000,2.250570328147195,4351.537276551412,3.638642708168869,51748754.25321419,7.713899899491914,0.8073530487584248,0.9236982015227019,0.14331237556897267,0.5614948503027166,-0.36896910181630016,5.519626249719272,0.7419096713560264,0.004045513982415147,61834.24494867371,4.7912290620334534,64.464250949295,-0.07231931248043845,0.9536363615719924,1.0910619504631063,-0.02061719790480021,114.38226514709669,0.0726051408141921,2.4536293346841735,2.225765785847179,2.0261597558650437,2.807171739949476,3.8417017147058474,0.662507313923061,4.569647093159087,19.569647093159087,0.1273906228574945,0.12739062285749453,0.0,calibration_check
ok,R30020_S+03,30020,3,20282106,178.06162323457414,0.428804509012299,0.2715782624298169,24.438378115978423,1575.4017396621923,2.91190887775638,3.2777748724322855,0.6473990639065843,0.23256966421166442,0.07037422839340013,608.5045850873106,4,2.1050131153772138e-13,2.8048699969081816e-13,1.6597748824637203e-13,1.0481975930252994e-13,6.33074968689787e-13,0.5783060156210672,0.8863002441208992,6.854647355060535e-12,0.8466047240769727,5.519626249719272,0.5217818111337535,0.8334778001491172,0.928766668985419,0.8076484176426595,121957291.80849321,4470041.881322714,114.30555243537518,0.2780167644117187,144.67808339134342,97.21463207963284,4430514.523446266,19430514.523446266,4418187.6291685365,157.327249230472,157.327249230472,157.327249230472,154.91120436137982,2.4160448690921896,121957291.80849335,121957291.80849376,0.0,1.0000000000000033,0.009276531576392799,0.003708904867512249,0.5302970376295546,0.0,3.4211362620523318e-15,1114,0,0.0,0.4740907049999805,0.0,1.7891289047332413e-13,0,0.05,24000000.0,False,4569485.476553734,0.47519;0.47525;0.47532;0.47542;0.47556;0.47575;0.47604;0.47652;0.47737;0.47896;0.48227;0.49185;0.52906;0.50224;0.45833;0.38775;0.00409;0.00000;0.00000;0.00000;0.00000;0.00000;0.00000;0.00000,2.250570328147195,4351.537276551412,3.638642708168869,51748754.25321419,7.713899899491914,0.7729186744777373,0.928766668985419,0.19646117835776308,0.4383577651939327,0.3698534088364039,5.519626249719272,0.7419096713560264,0.0038729689690006745,61834.24494867371,4.7912290620334534,64.464250949295,-0.07231931248043845,0.9129628650731035,1.0970487673548301,-0.039546887111732716,111.91642998145859,0.07103993042781356,2.4536293346841735,2.225765785847179,2.0261597558650437,2.807171739949476,3.8417017147058474,0.6503115922017666,4.4305145234462655,19.430514523446266,0.12195729180849377,0.12195729180849335,0.0,calibration_check
ok,R30021_S+00,30021,0,20283106,205.53668358453928,0.13824562152088546,0.23962419489592696,27.417873899266947,1223.3647618241241,2.35754298126582,3.0125754712678576,0.627857368417056,0.19808136883117985,0.07183725368773775,610.8510999560995,4,2.1175336646177996e-13,2.154349463836592e-13,2.0783217484444272e-13,1.5683134152446003e-13,2.575855238215513e-13,0.19686667490025234,0.20507062573140886,5.906768193442505e-12,0.5238722248135368,5.243998088898779,0.28241813574487107,0.25245823068253265,0.4045163110185796,0.7385923767530121,66191476.43298778,3993574.2367644883,81.23329305935479,0.25495394016734557,106.11691284129314,70.72495687419867,3943507.4935370088,18943507.49353701,3925952.5454136357,115.06271943002461,115.06271943002461,115.06271943002461,113.31375841762463,1.7489610123999881,66191476.43298771,66191476.43298759,0.0,0.9999999999999982,0.009062537031792555,0.0033726415956020464,0.5683875391337008,0.0,1.8009764394886826e-15,599,0,0.0,0.32837658799996916,0.0,3.040461686730202e-13,0,0.05,24000000.0,False,5056492.506462991,0.50335;0.50339;0.50345;0.50353;0.50363;0.50377;0.50422;0.50520;0.50707;0.51092;0.52212;0.56636;0.53784;0.48929;0.42979;0.26828;0.00000;0.00000;0.00000;0.00000;0.00000;0.00000;0.00000;0.00000,2.3128893447354724,5635.378872194428,3.7509231194188772,30890593.159193356,7.489826247676371,0.4194962635497489,0.7385923767530121,0.4596784150495539,0.31876110284112913,1.087433382953225,5.243998088898779,0.7196625247455704,0.0035078455277090014,78446.46869005181,4.89457339836346,44.619242408027574,-0.28077462680493215,0.8007606505556986,1.4098712276946945,-0.09649727627099887,80.91164767272402,0.06613861229097279,2.339032750724297,2.3234293800437578,2.2011494551650936,2.4166380500066436,3.777066525407702,0.6013617619668147,3.943507493537009,18.94350749353701,0.06619147643298759,0.06619147643298771,0.0,calibration_check
ok,R30021_S+01,30021,1,20283106,205.53668358453928,0.13824562152088546,0.23962419489592696,27.417873899266947,1223.3647618241241,2.35754298126582,3.0125754712678576,0.627857368417056,0.19808136883117985,0.07183725368773775,610.8510999560995,4,2.1175336646177996e-13,2.154349463836592e-13,2.0783217484444272e-13,1.5683134152446003e-13,2.575855238215513e-13,0.19686667490025234,0.20507062573140886,5.906768193442505e-12,0.5238722248135368,5.243998088898779,0.13125641953191022,0.22591760088333418,0.2390372533065167,0.17061537680145775,30249010.883189414,1804711.4009163335,54.805295361528344,0.2539390820043847,72.21990582393083,47.82786999272509,1791134.9894408807,16791134.98944088,1787916.3700639121,77.59736688598032,77.59736688598032,77.59736688598032,77.44190176316674,0.15546512281358105,30249010.88318942,30249010.883189306,0.0,0.9999999999999962,0.0037232978765840306,0.0015739780786332381,0.6036176122761917,0.0,3.817777701832174e-15,361,0,0.0,0.15777578400002312,0.0,5.969113334306375e-13,0,0.05,24000000.0,False,7208865.010559119,0.55442;0.55448;0.55455;0.55464;0.55478;0.55496;0.55654;0.56107;0.57627;0.60295;0.56985;0.52549;0.47550;0.41060;0.10487;0.00000;0.00000;0.00000;0.00000;0.00000;0.00000;0.00000;0.00000;0.00000,2.3128893447354724,5635.378872194428,3.7509231194188772,30890593.159193356,7.489826247676371,0.19170666263080471,0.2390372533065167,0.22601776126055523,0.4657819602012247,0.20530823879265145,5.243998088898779,0.7196625247455704,0.0016030592345472375,78446.46869005181,4.89457339836346,44.619242408027574,-0.28077462680493215,0.3659416429245497,0.456289228526284,-0.4365881664541397,54.69726361619464,0.04471051098009159,2.339032750724297,2.3234293800437578,2.2011494551650936,2.4166380500066436,3.777066525407702,0.256407761914491,1.7911349894408808,16.79113498944088,0.030249010883189306,0.03024901088318942,0.0,calibration_check
ok,R30021_S+02,30021,2,20283106,205.53668358453928,0.13824562152088546,0.23962419489592696,27.417873899266947,1223.3647618241241,2.35754298126582,3.0125754712678576,0.627857368417056,0.19808136883117985,0.07183725368773775,610.8510999560995,4,2.1175336646177996e-13,2.154349463836592e-13,2.0783217484444272e-13,1.5683134152446003e-13,2.575855238215513e-13,0.19686667490025234,0.20507062573140886,5.906768193442505e-12,0.5238722248135368,5.243998088898779,0.9297209125582929,1.522094564190538,1.6160677762017466,1.211640548591919,208261375.3994469,11871558.501055226,143.84097404701464,0.25406929152847385,184.91492799270875,125.41574868324302,11878552.609166693,26878552.609166693,11837359.380255412,198.1640020593874,198.1640020593874,198.1640020593874,197.54616246268176,0.617839596705636,208261375.39944625,208261375.39944643,0.0,1.0000000000000009,0.024022567436222834,0.009833774254645761,0.5033230131437642,0.0,8.586034447492049e-16,3026,0,0.0,1.6633705300000088,0.0,1.1725270334554067e-13,0,0.05,24000000.0,True,-2878552.609166693,0.42762;0.42765;0.42769;0.42774;0.42782;0.42791;0.42804;0.42822;0.42851;0.42900;0.42989;0.43156;0.43493;0.44305;0.48897;0.48130;0.41504;0.12754;0.00000;0.00000;0.00000;0.00000;0.00000;0.00000,2.3128893447354724,5635.378872194428,3.7509231194188772,30890593.159193356,7.489826247676371,1.3198809503856244,1.6160677762017466,0.20489959497461485,0.4644008757063457,0.21359474576192558,5.243998088898779,0.7196625247455704,0.011036900423713655,78446.46869005181,4.89457339836346,44.619242408027574,-0.28077462680493215,2.519471137939052,3.08485103743944,0.4013093876151446,143.52064487930636,0.1173163142816921,2.339032750724297,2.3234293800437578,2.2011494551650936,2.4166380500066436,3.777066525407702,1.074507736981379,11.878552609166693,26.878552609166693,0.20826137539944642,0.20826137539944625,0.0,calibration_check
ok,R30021_S+03,30021,3,20283106,205.53668358453928,0.13824562152088546,0.23962419489592696,27.417873899266947,1223.3647618241241,2.35754298126582,3.0125754712678576,0.627857368417056,0.19808136883117985,0.07183725368773775,610.8510999560995,4,2.1175336646177996e-13,2.154349463836592e-13,2.0783217484444272e-13,1.5683134152446003e-13,2.575855238215513e-13,0.19686667490025234,0.20507062573140886,5.906768193442505e-12,0.5238722248135368,5.243998088898779,0.6026884900281193,1.4444649838765742,2.116453400040142,2.618653738518822,267539834.3798539,15268957.072757374,163.29525194875748,0.2548909046130075,207.0399125751891,142.2022995697994,15303297.496933796,30303297.496933796,15206476.878053281,228.30857131743758,228.30857131743758,228.30857131743758,225.545256894332,2.7633144231055837,267539834.37985364,267539834.37985328,0.0,0.9999999999999987,0.03487847895487518,0.012271414581461512,0.4893001355821056,0.0,1.3367275549127496e-15,4552,0,0.0,2.5749203199999897,0.0,1.3186634898701913e-13,0,0.05,24000000.0,True,-6303297.4969337955,0.40999;0.41004;0.41011;0.41021;0.41034;0.41051;0.41069;0.41088;0.41113;0.41152;0.41216;0.41328;0.41539;0.41976;0.43231;0.48841;0.44576;0.32159;0.00001;0.00000;0.00000;0.00000;0.00000;0.00000,2.3128893447354724,5635.378872194428,3.7509231194188772,30890593.159193356,7.489826247676371,1.6955651531159144,2.618653738518822,0.4459203405292869,0.3018393999992673,1.1889636000043964,5.243998088898779,0.7196625247455704,0.014178387642757941,78446.46869005181,4.89457339836346,44.619242408027574,-0.28077462680493215,3.2366005922902694,4.998649698313146,0.5100891092676512,162.66879064687095,0.1329683473997732,2.339032750724297,2.3234293800437578,2.2011494551650936,2.4166380500066436,3.777066525407702,1.1838093741215936,15.303297496933796,30.303297496933794,0.2675398343798533,0.2675398343798536,0.0,calibration_check
ok,R30022_S+00,30022,0,20284106,49.44439883802587,0.1660204153192576,0.1796894098278221,44.54760967025594,2745.042531566906,2.224530780558904,2.8857415699496496,0.5304013346704721,0.18085486079276614,0.05351942005901037,680.0207339590038,4,4.3849624421212857e-14,4.416866260501502e-14,4.35584385769592e-14,4.005199944388517e-14,5.3665225321632394e-14,0.12737942329774254,0.1446327701592181,1.9676083413854384e-12,2.506811673939571,5.946267737045577,5.24038127301609,4.1155608092201055,2.5693914890839,0.6018733126074738,494160729.9502908,5822039.501032961,192.7310798363918,0.2664324048122182,254.50697764071458,167.6310922239365,5065493.530029256,20065493.530029256,4922868.761519633,278.40174646787233,278.40174646787233,278.40174646787233,272.51642345461175,5.8853230132605745,494160729.95029086,494160729.95029086,0.0,1.0,0.009602043696024715,0.0036731385275146004,0.5371620320479599,0.0,0.0,2777,0,0.0,1.598677049999992,0.0,6.565867745325077e-14,0,0.05,24000000.0,False,3934506.469970744,0.49948;0.49955;0.49964;0.49977;0.49995;0.50019;0.50045;0.50083;0.50135;0.50124;0.50037;0.50121;0.50831;0.52828;0.52288;0.46831;0.38835;0.03841;0.00000;0.00000;0.00000;0.00000;0.00000;0.00000,1.6941171009581786,2202.6297798168325,3.342941506640419,189493761.27943143,8.277594916222201,3.1318017209818922,5.24038127301609,0.5560569360438284,0.7468498100913371,-1.4810988605480224,5.946267737045577,0.7742444598813163,0.0038348745281753713,41155.71090621346,4.614430107907115,61.620422552093686,0.39912170849312123,1.2493167131538525,2.090456705421587,0.09667254993451291,187.8210343945044,0.06842190320719502,1.6508308471035242,1.644788901138203,1.6083407992303864,1.73540955491907,3.2996552527857648,0.7650751476885782,5.065493530029256,20.065493530029254,0.49416072995029087,0.49416072995029087,0.0,calibration_check
ok,R30022_S+01,30022,1,20284106,49.44439883802587,0.1660204153192576,0.1796894098278221,44.54760967025594,2745.042531566906,2.224530780558904,2.8857415699496496,0.5304013346704721,0.18085486079276614,0.05351942005901037,680.0207339590038,4,4.3849624421212857e-14,4.416866260501502e-14,4.35584385769592e-14,4.005199944388517e-14,5.3665225321632394e-14,0.12737942329774254,0.1446327701592181,1.9676083413854384e-12,2.506811673939571,5.946267737045577,1.9748226812065541,3.464352982018826,4.761604496983449,5.866577226100424,633809046.8177412,9156932.639976999,222.64675054365597,0.2772209539005865,286.7111616020631,189.76248171544222,7927651.649194259,22927651.64919426,7526821.75741753,326.7823584688441,326.7823584688441,326.7823584688441,304.10656156716834,22.675796901675767,633809046.8177389,633809046.8177384,0.0,0.9999999999999992,0.01189133984879824,0.004656661594820733,0.5346740438636262,0.0,7.523356768055829e-16,3982,0,0.0,2.1973877399999537,0.0,1.5530936780791028e-14,0,0.05,24000000.0,False,1072348.3508057408,0.46047;0.46091;0.46154;0.46241;0.46361;0.46530;0.46644;0.46750;0.46868;0.47009;0.47195;0.47477;0.47985;0.49483;0.53343;0.49202;0.42316;0.25312;0.00000;0.00000;0.00000;0.00000;0.00000;0.00000,1.6941171009581786,2202.6297798168325,3.342941506640419,189493761.27943143,8.277594916222201,4.016839346577314,5.866577226100424,0.3618651428338486,0.33852335094382213,0.9688598943370672,5.946267737045577,0.7742444598813163,0.004918598387235195,41155.71090621346,4.614430107907115,61.620422552093686,0.39912170849312123,1.602369810359413,2.3402544702852865,0.20476275398532742,212.7106966966344,0.07748903496049526,1.6508308471035242,1.644788901138203,1.6083407992303864,1.73540955491907,3.2996552527857648,0.9617500194511825,7.927651649194259,22.92765164919426,0.6338090468177384,0.6338090468177389,0.0,calibration_check
ok,R30022_S+02,30022,2,20284106,49.44439883802587,0.1660204153192576,0.1796894098278221,44.54760967025594,2745.042531566906,2.224530780558904,2.8857415699496496,0.5304013346704721,0.18085486079276614,0.05351942005901037,680.0207339590038,4,4.3849624421212857e-14,4.416866260501502e-14,4.35584385769592e-14,4.005199944388517e-14,5.3665225321632394e-14,0.12737942329774254,0.1446327701592181,1.9676083413854384e-12,2.506811673939571,5.946267737045577,0.919228639394819,0.7354855267649503,0.7623424513309551,0.9997994130928337,134784719.8384296,1809035.6777810548,101.96923734048188,0.273432068029633,133.58361712849512,86.9349412313358,1529823.8324273378,16529823.832427338,1488308.19467517,149.54061054490327,149.54061054490327,149.54061054490327,142.70310242594834,6.837508118954929,134784719.83842963,134784719.8384294,0.0,0.9999999999999982,0.0026617104056222917,0.0010334584808961752,0.620366354784412,0.0,1.7688843318987626e-15,426,0,0.0,0.222890915999983,0.0,4.680881913505781e-14,0,0.05,24000000.0,False,7470176.167572662,0.57365;0.57386;0.57416;0.57457;0.57514;0.57594;0.57720;0.57940;0.58390;0.59980;0.61755;0.58133;0.52982;0.47130;0.39383;0.07230;0.00000;0.00000;0.00000;0.00000;0.00000;0.00000;0.00000;0.00000,1.6941171009581786,2202.6297798168325,3.342941506640419,189493761.27943143,8.277594916222201,0.8542140076458895,0.9997994130928337,0.12818514093048258,0.4842797446976904,0.09432153181385775,5.946267737045577,0.7742444598813163,0.0010459805030392482,41155.71090621346,4.614430107907115,61.620422552093686,0.39912170849312123,0.3407571524124317,0.3988330768867062,-0.46755501965865526,98.09128937756833,0.03573397798014319,1.6508308471035242,1.644788901138203,1.6083407992303864,1.73540955491907,3.2996552527857648,0.25744713209510667,1.5298238324273377,16.529823832427336,0.13478471983842938,0.13478471983842963,0.0,calibration_check
ok,R30022_S+03,30022,3,20284106,49.44439883802587,0.1660204153192576,0.1796894098278221,44.54760967025594,2745.042531566906,2.224530780558904,2.8857415699496496,0.5304013346704721,0.18085486079276614,0.05351942005901037,680.0207339590038,4,4.3849624421212857e-14,4.416866260501502e-14,4.35584385769592e-14,4.005199944388517e-14,5.3665225321632394e-14,0.12737942329774254,0.1446327701592181,1.9676083413854384e-12,2.506811673939571,5.946267737045577,0.46656495810257725,0.434162359846511,0.4276681143177708,0.4470822215163567,70037267.0087865,894612.34963035,73.37926499477804,0.2725017459111771,96.30627915956747,62.57769636629291,767378.0066639706,15767378.00666397,751880.2016407382,105.85242948034073,105.85242948034073,105.85242948034073,103.15185369342105,2.7005757869196856,70037267.00878648,70037267.00878692,0.0,1.0000000000000062,0.0014013902853107674,0.000540109914226501,0.6485739099751646,0.0,6.170053359840112e-15,267,0,0.0,0.1491545970000061,0.0,8.201393848515712e-14,0,0.05,24000000.0,False,8232621.993336029,0.61558;0.61576;0.61602;0.61638;0.61687;0.61757;0.62079;0.62927;0.64757;0.62655;0.58225;0.53059;0.47255;0.39676;0.08108;0.00000;0.00000;0.00000;0.00000;0.00000;0.00000;0.00000;0.00000;0.00000,1.6941171009581786,2202.6297798168325,3.342941506640419,189493761.27943143,8.277594916222201,0.4438694134458039,0.46656495810257725,0.03345633316422784,0.507315491146737,-0.04389294688042162,5.946267737045577,0.7742444598813163,0.0005435157328305516,41155.71090621346,4.614430107907115,61.620422552093686,0.39912170849312123,0.17706532088557034,0.18611887081623038,-0.7518664891928626,70.7090021445159,0.025758800212160753,1.6508308471035242,1.644788901138203,1.6083407992303864,1.73540955491907,3.2996552527857648,-0.04836511092605448,0.7673780066639706,15.767378006663971,0.07003726700878692,0.07003726700878649,0.0,calibration_check
ok,R30023_S+00,30023,0,20285106,151.3155905332059,0.8377221348410863,0.2634128422718955,64.26195792972324,2344.5657338822543,1.578778262800606,3.211125387209578,0.5577991290697342,0.1570173644658738,0.06279540631758312,633.2003103839493,4,2.9194392822729823e-13,6.330178239435352e-13,7.594911291143714e-14,2.1160704191291456e-14,1.215299657959284e-12,0.845793530588091,0.9066660919404078,4.067896477102441e-11,4.54991920036526,5.3296808965487665,7.241966689523805,5.503965138620442,3.0837088708238953,0.1976354823137788,632227963.5230279,4311573.630138665,159.62347324760964,0.3104692502892418,228.13754808095456,140.58442125928767,4114349.6825245917,19114349.68252459,4109213.8967806697,247.5565828758911,247.5565828758911,247.5565828758911,197.30437541199265,50.25220746389846,632227963.523028,632227963.5230297,0.0,1.0000000000000027,0.009454347625495216,0.003283770792153105,0.5534066332507316,0.0,2.6397599441995402e-15,1438,0,0.0,1.0282227480000188,0.0,3.360778647657424e-13,94,0.05,24000000.0,False,4885650.317475408,0.48509;0.48516;0.48524;0.48536;0.48553;0.48576;0.48617;0.48686;0.48787;0.48714;0.48949;0.50083;0.54194;0.51090;0.44613;0.36788;0.21624;0.00131;0.00000;0.00000;0.00000;0.00000;0.00000;0.00000,2.1798836770893883,9723.836112956105,3.98783763056634,292324757.111027,8.465865597503873,4.00681904532048,7.241966689523805,0.661132771043352,0.7952650022360057,-1.7580856853111504,5.3296808965487665,0.7267012073348869,0.0034155998377188674,154849.4815652362,5.1899097556809615,36.48450513204511,0.6580036843170937,0.8806352088623505,1.5916692957849516,-0.05520395490993368,149.2404641896106,0.06365377691607327,2.807132536428015,1.8862393034193092,1.3312467139329132,3.0903999734401553,4.615086489904966,0.6346358070874428,4.114349682524591,19.11434968252459,0.6322279635230297,0.632227963523028,0.0,calibration_check
ok,R30023_S+01,30023,1,20285106,151.3155905332059,0.8377221348410863,0.2634128422718955,64.26195792972324,2344.5657338822543,1.578778262800606,3.211125387209578,0.5577991290697342,0.1570173644658738,0.06279540631758312,633.2003103839493,4,2.9194392822729823e-13,6.330178239435352e-13,7.594911291143714e-14,2.1160704191291456e-14,1.215299657959284e-12,0.845793530588091,0.9066660919404078,4.067896477102441e-11,4.54991920036526,5.3296808965487665,4.589318152610305,8.851070100971086,13.054422617124903,17.199375701071766,1723604577.6969292,12080750.16369182,269.76526062812445,0.3252618938305744,378.83150008150506,233.49624001462672,11565175.032291282,26565175.032291282,11521463.236347526,412.3693837627555,412.3693837627555,412.3693837627555,287.8885700236554,124.48081373910009,1723604577.69694,1723604577.696947,0.0,1.0000000000000042,0.026059178262924563,0.008391071987916754,0.4958921207804375,0.0,4.149766985768881e-15,7137,0,0.0,3.9070666940000365,0.0,1.7388368186892774e-13,0,0.05,24000000.0,True,-2565175.032291282,0.39423;0.39451;0.39490;0.39544;0.39619;0.39723;0.39806;0.39878;0.39959;0.40060;0.40199;0.40417;0.40821;0.42026;0.43669;0.46371;0.40404;0.27864;0.09958;0.00000;0.00000;0.00000;0.00000;0.00000,2.1798836770893883,9723.836112956105,3.98783763056634,292324757.111027,8.465865597503873,10.923546642944515,17.199375701071766,0.43022489370346295,0.30760129225663385,1.1543922464601968,5.3296808965487665,0.7267012073348869,0.00931174173800792,154849.4815652362,5.1899097556809615,36.48450513204511,0.6580036843170937,2.400822116152654,3.7801497001729234,0.38035998311607083,246.4158051985656,0.10510083024651966,2.807132536428015,1.8862393034193092,1.3312467139329132,3.0903999734401553,4.615086489904966,1.082093902980189,11.565175032291283,26.565175032291283,1.723604577696947,1.72360457769694,0.0,calibration_check
ok,R30023_S+02,30023,2,20285106,151.3155905332059,0.8377221348410863,0.2634128422718955,64.26195792972324,2344.5657338822543,1.578778262800606,3.211125387209578,0.5577991290697342,0.1570173644658738,0.06279540631758312,633.2003103839493,4,2.9194392822729823e-13,6.330178239435352e-13,7.594911291143714e-14,2.1160704191291456e-14,1.215299657959284e-12,0.845793530588091,0.9066660919404078,4.067896477102441e-11,4.54991920036526,5.3296808965487665,0.23225224342959414,0.8870759115610936,1.5157945901956644,2.118408279333306,187512538.32422695,1392653.3168430303,89.24280550018968,0.32720120726133595,126.82426678826558,76.83505935991003,1310353.8831319176,16310353.883131918,1307302.0701938514,141.3956088178665,141.3956088178665,141.3956088178665,94.51395491857184,46.88165389929466,187512538.32422715,187512538.3242291,0.0,1.0000000000000104,0.0031635372694069,0.001000587344632062,0.6242409462741492,0.0,1.033078093076995e-14,379,0,0.0,0.22646983499998896,0.0,2.2853632255029195e-12,0,0.05,24000000.0,False,7689646.116868082,0.56661;0.56680;0.56706;0.56741;0.56791;0.56861;0.57113;0.57724;0.59161;0.61165;0.57419;0.51711;0.45272;0.37403;0.23355;0.02844;0.00000;0.00000;0.00000;0.00000;0.00000;0.00000;0.00000;0.00000,2.1798836770893883,9723.836112956105,3.98783763056634,292324757.111027,8.465865597503873,1.1883827561299145,2.118408279333306,0.5916023453873748,0.2354729882306375,1.5871620706161746,5.3296808965487665,0.7267012073348869,0.0010130330077485641,154849.4815652362,5.1899097556809615,36.48450513204511,0.6580036843170937,0.26118766153792644,0.46559250528300444,-0.5830473429121232,81.27648199730679,0.03466590030842298,2.807132536428015,1.8862393034193092,1.3312467139329132,3.0903999734401553,4.615086489904966,0.1438430178447844,1.3103538831319175,16.310353883131917,0.1875125383242291,0.18751253832422715,0.0,calibration_check
ok,R30023_S+03,30023,3,20285106,151.3155905332059,0.8377221348410863,0.2634128422718955,64.26195792972324,2344.5657338822543,1.578778262800606,3.211125387209578,0.5577991290697342,0.1570173644658738,0.06279540631758312,633.2003103839493,4,2.9194392822729823e-13,6.330178239435352e-13,7.594911291143714e-14,2.1160704191291456e-14,1.215299657959284e-12,0.845793530588091,0.9066660919404078,4.067896477102441e-11,4.54991920036526,5.3296808965487665,0.5434896253416893,0.5405425964216642,0.9272147464706996,1.7035060754887952,146535863.3157352,1087982.6012684032,78.77613819313078,0.32624527253061514,112.21662664868441,67.86835318828132,1022988.5928847287,16022988.592884729,1020633.1241388842,124.74336407146052,124.74336407146052,124.74336407146052,84.89133426826366,39.85202980319686,146535863.31573498,146535863.3157373,0.0,1.0000000000000158,0.0024314396341164183,0.0007840556733156648,0.6357503953634407,0.0,1.58635646840361e-14,353,0,0.0,0.3217157489999636,0.0,1.5651879328476013e-12,0,0.05,24000000.0,False,7977011.407115271,0.58419;0.58439;0.58466;0.58505;0.58558;0.58631;0.59061;0.60213;0.62203;0.60563;0.55423;0.49451;0.42699;0.33314;0.18303;0.00007;0.00000;0.00000;0.00000;0.00000;0.00000;0.00000;0.00000;0.00000,2.1798836770893883,9723.836112956105,3.98783763056634,292324757.111027,8.465865597503873,0.9286882609307121,1.7035060754887952,0.5105892044678616,0.2918181125378281,1.2490913247730315,5.3296808965487665,0.7267012073348869,0.0007916572816111906,154849.4815652362,5.1899097556809615,36.48450513204511,0.6580036843170937,0.204110934729601,0.3744035883872488,-0.6901337284269008,71.84916154273138,0.03064497638279469,2.807132536428015,1.8862393034193092,1.3312467139329132,3.0903999734401553,4.615086489904966,0.036621950294566975,1.0229885928847287,16.02298859288473,0.1465358633157373,0.14653586331573498,0.0,calibration_check
ok,R30024_S+00,30024,0,20286106,644.6459436297015,0.3320677713979225,0.20202264523594066,31.921917882040063,1944.6517312239062,2.5188567558857966,2.4176761608933983,0.25102608680869787,0.22531040000624591,0.05106583236799095,751.6001556380818,4,7.015435770725955e-13,7.411862313416969e-13,6.705281951363517e-13,5.231711686376737e-13,1.1954047398614345e-12,0.3070357030766524,0.41481618423020783,2.36600860121884e-11,1.6109359721649419,2.9494408511713113,0.8723225305328062,0.7678429791776212,0.5656866394772312,0.26585351143163594,97501373.1944493,1878273.8029651907,91.0525870313395,0.2587840718324449,109.93108227969657,73.11989383011593,1875249.6397839636,16875249.639783964,1874222.9873416424,119.09497565915812,119.09497565915812,119.09497565915812,118.98862045777662,0.10635520138150412,97501373.19444934,97501373.19444841,0.0,0.9999999999999906,0.0034818962665911124,0.0016607782321128675,0.6535038949958656,0.0,9.475476742015258e-15,544,0,0.0,0.26568140799997764,0.0,1.5787164167262886e-12,0,0.05,24000000.0,False,7124750.360216036,0.60867;0.60869;0.60871;0.60874;0.60879;0.60885;0.60954;0.61098;0.61395;0.62206;0.65269;0.62994;0.58375;0.52484;0.38403;0.00000;0.00000;0.00000;0.00000;0.00000;0.00000;0.00000;0.00000;0.00000,2.809321254253911,20578.33487553756,4.313410230308706,76616546.33350785,7.88432257126876,0.6179264151548236,0.8723225305328062,0.3742096337419751,0.6635763860732018,-0.9814583164392112,2.9494408511713113,0.4697396911417199,0.0016931728644137038,402976.5876965604,5.605279815050404,60.91901302452782,0.20707827940863444,0.3835822315919796,0.5415004355266145,-0.4161415185511154,90.91355106449403,0.046750556721678764,2.8756439408103067,2.8321336420497483,2.7243604002726283,3.0832315712755074,4.379732916865101,0.2737589012684477,1.8752496397839635,16.875249639783963,0.09750137319444842,0.09750137319444933,0.0,calibration_check
ok,R30024_S+01,30024,1,20286106,644.6459436297015,0.3320677713979225,0.20202264523594066,31.921917882040063,1944.6517312239062,2.5188567558857966,2.4176761608933983,0.25102608680869787,0.22531040000624591,0.05106583236799095,751.6001556380818,4,7.015435770725955e-13,7.411862313416969e-13,6.705281951363517e-13,5.231711686376737e-13,1.1954047398614345e-12,0.3070357030766524,0.41481618423020783,2.36600860121884e-11,1.6109359721649419,2.9494408511713113,2.4022580978110244,1.5480083985336264,1.1502436440607893,1.208963834392513,248889819.88385487,4757738.422672766,145.65972369121334,0.2594391573069339,173.05926388908344,116.85921027056393,4751382.873776928,19751382.873776928,4745508.743714772,192.78349659858264,192.78349659858264,192.78349659858264,192.13929405498402,0.6442025435986238,248889819.88385457,248889819.88385552,0.0,1.0000000000000038,0.00956704083264043,0.004119397526291409,0.6118542738903693,0.0,3.83171283120895e-15,1571,0,0.0,0.7594135630000096,0.0,3.8582017118347586e-13,0,0.05,24000000.0,False,4248617.126223072,0.55459;0.55461;0.55463;0.55466;0.55470;0.55476;0.55494;0.55527;0.55590;0.55712;0.55967;0.56566;0.59286;0.60253;0.55134;0.46909;0.03939;0.00000;0.00000;0.00000;0.00000;0.00000;0.00000;0.00000,2.809321254253911,20578.33487553756,4.313410230308706,76616546.33350785,7.88432257126876,1.5773684936994883,2.4022580978110244,0.31689843560320247,0.6260849180333055,-0.756509508199833,2.9494408511713113,0.4697396911417199,0.00432212876033779,402976.5876965604,5.605279815050404,60.91901302452782,0.20707827940863444,0.9791627482125549,1.4912188561924173,-0.009145117414068996,145.25357232793203,0.07469387448441153,2.8756439408103067,2.8321336420497483,2.7243604002726283,3.0832315712755074,4.379732916865101,0.6774005611328108,4.751382873776928,19.751382873776926,0.24888981988385553,0.24888981988385456,0.0,calibration_check
ok,R30024_S+02,30024,2,20286106,644.6459436297015,0.3320677713979225,0.20202264523594066,31.921917882040063,1944.6517312239062,2.5188567558857966,2.4176761608933983,0.25102608680869787,0.22531040000624591,0.05106583236799095,751.6001556380818,4,7.015435770725955e-13,7.411862313416969e-13,6.705281951363517e-13,5.231711686376737e-13,1.1954047398614345e-12,0.3070357030766524,0.41481618423020783,2.36600860121884e-11,1.6109359721649419,2.9494408511713113,1.3162033246408837,1.9842213257670196,2.2111264507230293,1.9969186995089134,296186608.22584,5667163.277777571,159.07470823164397,0.2600162838729306,188.19588269166977,127.50943063893659,5658587.224842936,20658587.224842936,5648409.418898851,209.56575798314225,209.56575798314225,209.56575798314225,207.65537464151694,1.9103833416253053,296186608.2258404,296186608.22584116,0.0,1.0000000000000027,0.011710351804569542,0.004859850907656211,0.6049779760853236,0.0,2.616122270758616e-15,2022,0,0.0,1.077349225999967,0.0,2.538022668130422e-13,0,0.05,24000000.0,False,3341412.775157064,0.54353;0.54355;0.54358;0.54362;0.54367;0.54375;0.54391;0.54417;0.54466;0.54559;0.54746;0.55152;0.56378;0.60442;0.56659;0.49731;0.16370;0.00000;0.00000;0.00000;0.00000;0.00000;0.00000;0.00000,2.809321254253911,20578.33487553756,4.313410230308706,76616546.33350785,7.88432257126876,1.8771174501599615,2.2111264507230293,0.1790823142372573,0.43956022172808795,0.3626386696314722,2.9494408511713113,0.4697396911417199,0.005143467331999328,402976.5876965604,5.605279815050404,60.91901302452782,0.20707827940863444,1.165234051876871,1.3725725223898808,0.0664131676189811,158.45500615117479,0.08148245961319146,2.8756439408103067,2.8321336420497483,2.7243604002726283,3.0832315712755074,4.379732916865101,0.7533657253671527,5.658587224842936,20.658587224842936,0.29618660822584114,0.29618660822584036,0.0,calibration_check
ok,R30024_S+03,30024,3,20286106,644.6459436297015,0.3320677713979225,0.20202264523594066,31.921917882040063,1944.6517312239062,2.5188567558857966,2.4176761608933983,0.25102608680869787,0.22531040000624591,0.05106583236799095,751.6001556380818,4,7.015435770725955e-13,7.411862313416969e-13,6.705281951363517e-13,5.231711686376737e-13,1.1954047398614345e-12,0.3070357030766524,0.41481618423020783,2.36600860121884e-11,1.6109359721649419,2.9494408511713113,3.1060411182427323,2.515527445243991,1.4956490333434096,0.08954529349213902,284285175.7345427,5358816.772625468,155.2670382666298,0.2580881228904779,185.31272841054806,124.90495365466049,5356911.225099493,20356911.225099493,5356462.027348369,199.53544393167607,199.53544393167607,199.53544393167607,199.50846497505242,0.02697895662365113,284285175.7345436,284285175.73454297,0.0,0.9999999999999977,0.00956704083264043,0.00467469093182204,0.6057977137818114,0.0,2.306314744816391e-15,1915,0,0.0,1.0249369210000054,0.0,3.0104837106254472e-12,25,0.05,24000000.0,False,3643088.774900507,0.54687;0.54687;0.54688;0.54689;0.54689;0.54691;0.54703;0.54723;0.54749;0.54835;0.55037;0.55479;0.56918;0.60525;0.56313;0.49145;0.12452;0.00000;0.00000;0.00000;0.00000;0.00000;0.00000;0.00000,2.809321254253911,20578.33487553756,4.313410230308706,76616546.33350785,7.88432257126876,1.8016907225805683,3.1060411182427323,0.6350229598235375,0.7800407268894256,-1.6742583990386846,2.9494408511713113,0.4697396911417199,0.004936791447530213,402976.5876965604,5.605279815050404,60.91901302452782,0.20707827940863444,1.1184123725037132,1.9280971881635456,0.048601962836842746,155.23883047965464,0.07982860271949668,2.8756439408103067,2.8321336420497483,2.7243604002726283,3.0832315712755074,4.379732916865101,0.729068908004971,5.356911225099493,20.35691122509949,0.284285175734543,0.28428517573454365,0.0,calibration_check
ok,R30025_S+00,30025,0,20287106,48.36876945443823,0.548389497800341,0.2576390281641263,77.99282808434054,3680.140946428915,2.8227763484372446,2.2700988791611376,0.43001280334194936,0.23198604963942293,0.047458212632264594,761.7232327626016,4,5.005457044148266e-14,6.205408862353638e-14,4.1349297882594376e-14,2.342815103210244e-14,1.2798299060083588e-13,0.5292556841305014,0.7621218787942063,4.839773865945906e-12,8.202622315345163,5.436523368555232,0.9084323048962274,0.9652738010162879,1.7881658729446792,3.3771085206814018,277666663.76529896,1417506.7459318985,111.13296598601379,0.4337934268962335,125.14580204521829,72.15369243119233,1048781.7680423092,16048781.76804231,1010680.5112227816,147.39113807645404,147.39113807645404,147.39113807645404,88.99830272238805,58.392835354065994,277666663.76529896,277666663.76530033,0.0,1.0000000000000049,0.0010467804073335508,0.00042397180451595856,0.6575169352968816,0.0,4.9372395347853484e-15,459,0,0.0,0.2578027929999962,0.0,1.1481786629705748e-13,0,0.05,24000000.0,False,7951218.231957691,0.62041;0.62074;0.62121;0.62185;0.62275;0.62399;0.62554;0.62824;0.63783;0.64549;0.62924;0.58733;0.53548;0.45572;0.21841;0.02685;0.00000;0.00000;0.00000;0.00000;0.00000;0.00000;0.00000;0.00000,1.6845650386817113,3772.417120711103,3.576619707185011,854958624.6213635,8.931945097730015,1.759745124884649,3.3771085206814018,0.5663137707309552,0.2661899839096495,1.4028600965421034,5.436523368555232,0.7353212591595014,0.00042636489786897365,79489.23719361515,4.900308329362727,47.18563279240564,0.9139527151913852,0.2145344570592483,0.41171083963766464,-0.6685029444634945,86.71028606960522,0.023561675308590005,1.7984869993656616,1.6221847373315617,1.375454612858314,2.112868851953604,3.6905416678689615,0.15152513438260026,1.0487817680423093,16.04878176804231,0.27766666376530036,0.27766666376529897,0.0,calibration_check
ok,R30025_S+01,30025,1,20287106,48.36876945443823,0.548389497800341,0.2576390281641263,77.99282808434054,3680.140946428915,2.8227763484372446,2.2700988791611376,0.43001280334194936,0.23198604963942293,0.047458212632264594,761.7232327626016,4,5.005457044148266e-14,6.205408862353638e-14,4.1349297882594376e-14,2.342815103210244e-14,1.2798299060083588e-13,0.5292556841305014,0.7621218787942063,4.839773865945906e-12,8.202622315345163,5.436523368555232,10.050051354148755,6.71648449745255,4.225630961599768,2.5774907465904042,929752281.7610943,3331247.857859528,191.82603927794156,0.3859835227608736,214.23292969677726,132.01754180438212,2368409.9933536164,17368409.993353616,2284863.3113977164,251.12700711076747,251.12700711076747,251.12700711076747,181.11884313190185,70.00816397886561,929752281.7610948,929752281.7610936,0.0,0.9999999999999987,0.0034635148518350127,0.0014030135848138545,0.5976024559320775,0.0,1.2821618391189145e-15,1770,0,0.0,0.9734810390000348,0.0,6.113483306053381e-14,0,0.05,24000000.0,False,6631590.006646384,0.57946;0.57968;0.57999;0.58041;0.58101;0.58184;0.58250;0.58333;0.58431;0.58536;0.58657;0.58937;0.59276;0.57618;0.52972;0.45377;0.19077;0.00001;0.00000;0.00000;0.00000;0.00000;0.00000;0.00000,1.6845650386817113,3772.417120711103,3.576619707185011,854958624.6213635,8.931945097730015,5.892414389947869,10.050051354148755,0.4779967181828753,0.7113610288595826,-1.2681661731574958,5.436523368555232,0.7353212591595014,0.0014276605310876915,79489.23719361515,4.900308329362727,47.18563279240564,0.9139527151913852,0.7183573939427343,1.225224198772079,-0.1436594337520583,158.66910585749642,0.04311495352140346,1.7984869993656616,1.6221847373315617,1.375454612858314,2.112868851953604,3.6905416678689615,0.5226069471000777,2.3684099933536165,17.368409993353616,0.9297522817610936,0.9297522817610948,0.0,calibration_check
ok,R30025_S+02,30025,2,20287106,48.36876945443823,0.548389497800341,0.2576390281641263,77.99282808434054,3680.140946428915,2.8227763484372446,2.2700988791611376,0.43001280334194936,0.23198604963942293,0.047458212632264594,761.7232327626016,4,5.005457044148266e-14,6.205408862353638e-14,4.1349297882594376e-14,2.342815103210244e-14,1.2798299060083588e-13,0.5292556841305014,0.7621218787942063,4.839773865945906e-12,8.202622315345163,5.436523368555232,0.29377650359987895,1.3504195151438112,1.903710732838742,1.9536501566846713,217019915.36041242,938867.7605641613,97.52259691942587,0.4273973490054826,109.54710248477862,63.678449111174395,718573.0597298741,15718573.059729874,700572.0202758089,129.6794790474644,129.6794790474644,129.6794790474644,79.09209797017402,50.58738107729039,217019915.36041242,217019915.360413,0.0,1.0000000000000027,0.0008368980382251991,0.000331792477211373,0.6631315918211481,0.0,2.7465057608378083e-15,380,0,0.0,0.20011047900004542,0.0,2.760589966004137e-13,0,0.05,24000000.0,False,8281426.940270126,0.63815;0.63841;0.63878;0.63928;0.63999;0.64097;0.64291;0.64704;0.65370;0.64784;0.61576;0.56981;0.51377;0.38334;0.14734;0.00003;0.00000;0.00000;0.00000;0.00000;0.00000;0.00000;0.00000;0.00000,1.6845650386817113,3772.417120711103,3.576619707185011,854958624.6213635,8.931945097730015,1.3753892270667758,1.9536501566846713,0.4855613495613068,0.2988601310790737,1.2068392135255577,5.436523368555232,0.7353212591595014,0.00033324012610454147,79489.23719361515,4.900308329362727,47.18563279240564,0.9139527151913852,0.167676771426346,0.2381738524069132,-0.7755270968458265,76.6581868324328,0.020830231218948104,1.7984869993656616,1.6221847373315617,1.375454612858314,2.112868851953604,3.6905416678689615,-0.0273955737633356,0.7185730597298742,15.718573059729874,0.217019915360413,0.21701991536041243,0.0,calibration_check
ok,R30025_S+03,30025,3,20287106,48.36876945443823,0.548389497800341,0.2576390281641263,77.99282808434054,3680.140946428915,2.8227763484372446,2.2700988791611376,0.43001280334194936,0.23198604963942293,0.047458212632264594,761.7232327626016,4,5.005457044148266e-14,6.205408862353638e-14,4.1349297882594376e-14,2.342815103210244e-14,1.2798299060083588e-13,0.5292556841305014,0.7621218787942063,4.839773865945906e-12,8.202622315345163,5.436523368555232,43.596336753394155,23.808493565134096,13.9314430819269,13.96518530377257,3759356641.505671,14390863.665282918,387.93443043214785,0.3904127778094687,432.17510936576207,269.205025894635,11690626.637101013,26690626.637101013,10487179.10398379,506.1178678950711,506.1178678950711,506.1178678950711,355.9726606041184,150.14520729095267,3759356641.505672,3759356641.5056696,0.0,0.9999999999999993,0.013262163691643625,0.005388916244044405,0.5283032030795071,0.0,6.342004811921029e-16,19773,0,0.0,11.432056062999948,0.0,9.295171957230703e-15,0,0.05,24000000.0,True,-2690626.637101013,0.48434;0.48480;0.48545;0.48634;0.48759;0.48933;0.49064;0.49170;0.49281;0.49400;0.49534;0.49699;0.49925;0.50289;0.50904;0.51528;0.51039;0.45954;0.21185;0.00078;0.00000;0.00000;0.00000;0.00000,1.6845650386817113,3772.417120711103,3.576619707185011,854958624.6213635,8.931945097730015,23.82536467605693,43.596336753394155,0.5080201075182293,0.7072801532631532,-1.2436809195789191,5.436523368555232,0.7353212591595014,0.005772596856868088,79489.23719361515,4.900308329362727,47.18563279240564,0.9139527151913852,2.904603401217842,5.314926748710072,0.4630868415727932,319.0549684698787,0.08669639916359152,1.7984869993656616,1.6221847373315617,1.375454612858314,2.112868851953604,3.6905416678689615,1.1580868588296576,11.690626637101014,26.690626637101012,3.7593566415056694,3.759356641505672,0.0,calibration_check
ok,R30026_S+00,30026,0,20288106,44.90513411256914,0.43914258492967756,0.26633677637804654,34.202524662290145,3723.9126972680588,2.931559883757445,2.064756349647883,0.5659314263514195,0.245602252358315,0.0459693007322367,720.3377484479907,4,7.079025591752974e-14,9.467912940006738e-14,5.670171238669088e-14,3.1198164228185026e-14,2.2634375474851244e-13,0.5706837365800355,0.9430973137473821,3.238265258309964e-12,3.337075005535073,7.386643921096904,0.4626231317596121,0.896402461509657,1.055414928442756,0.9396605325589091,132309224.28782555,1024866.5897910817,117.08432590825792,0.4309246907776113,126.54518837412583,76.5868781731116,791957.087477278,15791957.087477278,784400.2792337108,149.10301308673215,149.10301308673215,149.10301308673215,103.64999617448731,45.453016912244834,132309224.2878256,132309224.28782557,0.0,0.9999999999999998,0.0011188797789183909,0.00046017294990749133,0.6537042343518901,0.0,2.252475029470607e-16,433,0,0.0,0.239886064000018,0.0,2.0528285444033508e-13,0,0.05,24000000.0,False,8208042.912522722,0.62430;0.62447;0.62471;0.62505;0.62551;0.62616;0.62751;0.63004;0.63559;0.64508;0.62878;0.58649;0.53557;0.47293;0.29513;0.03400;0.00000;0.00000;0.00000;0.00000;0.00000;0.00000;0.00000;0.00000,1.6522959977803595,1535.8689569485923,3.18635416250413,396860758.56832874,8.59863815816698,0.8385252635677336,1.055414928442756,0.26794477832924407,0.40518325813074657,0.5689004512155207,7.386643921096904,0.8684471640230143,0.00046282391426969615,33410.75310009099,4.523886265028364,108.8782987231888,0.523365968154317,0.25127552187976154,0.3162694655325941,-0.5998498163430706,92.23743023462934,0.024768956131086713,1.981970853588569,1.7593127725129851,1.4998456376501663,2.360485113759113,3.5160290183123393,0.010667335549359856,0.791957087477278,15.791957087477279,0.13230922428782557,0.1323092242878256,0.0,calibration_check
ok,R30026_S+01,30026,1,20288106,44.90513411256914,0.43914258492967756,0.26633677637804654,34.202524662290145,3723.9126972680588,2.931559883757445,2.064756349647883,0.5659314263514195,0.245602252358315,0.0459693007322367,720.3377484479907,4,7.079025591752974e-14,9.467912940006738e-14,5.670171238669088e-14,3.1198164228185026e-14,2.2634375474851244e-13,0.5706837365800355,0.9430973137473821,3.238265258309964e-12,3.337075005535073,7.386643921096904,1.8324681288225213,1.8104103742467132,1.6156306326755525,1.248128904109039,256667350.75811386,1725474.3692782589,158.70924080992359,0.408157501211867,171.89745359370687,106.693979688257,1381578.5070860665,16381578.507086067,1371637.8760346547,203.5393398026946,203.5393398026946,203.5393398026946,148.4466426509794,55.092697151715186,256667350.75811374,256667350.75811392,0.0,1.0000000000000007,0.0021920705560598695,0.000888152687493298,0.627632795818944,0.0,6.966758093618544e-16,736,0,0.0,0.393563491000009,0.0,6.357417228356709e-14,0,0.05,24000000.0,False,7618421.4929139335,0.59512;0.59529;0.59553;0.59586;0.59631;0.59695;0.59770;0.59884;0.60080;0.60388;0.61190;0.61819;0.58677;0.53679;0.47510;0.31427;0.01957;0.00000;0.00000;0.00000;0.00000;0.00000;0.00000;0.00000,1.6522959977803595,1535.8689569485923,3.18635416250413,396860758.56832874,8.59863815816698,1.6266595099634564,1.8324681288225213,0.14401871274988493,0.5598710856138347,-0.35922651368300773,7.386643921096904,0.8684471640230143,0.0008978345129186428,33410.75310009099,4.523886265028364,108.8782987231888,0.523365968154317,0.4874506887814572,0.5491240459932965,-0.3120693116029595,128.46873484760246,0.03449832079625547,1.981970853588569,1.7593127725129851,1.4998456376501663,2.360485113759113,3.5160290183123393,0.2369085125329286,1.3815785070860664,16.381578507086065,0.2566673507581139,0.25666735075811375,0.0,calibration_check
ok,R30026_S+02,30026,2,20288106,44.90513411256914,0.43914258492967756,0.26633677637804654,34.202524662290145,3723.9126972680588,2.931559883757445,2.064756349647883,0.5659314263514195,0.245602252358315,0.0459693007322367,720.3377484479907,4,7.079025591752974e-14,9.467912940006738e-14,5.670171238669088e-14,3.1198164228185026e-14,2.2634375474851244e-13,0.5706837365800355,0.9430973137473821,3.238265258309964e-12,3.337075005535073,7.386643921096904,7.955876893130291,8.636260273172914,7.646958986111523,4.987973031946114,1152920198.115482,7728012.492176428,336.70094316159276,0.40896241828332197,362.55339501712285,227.995210593356,6176870.683858745,21176870.683858745,6116934.4740244,417.5263947293851,417.5263947293851,417.5263947293851,312.9558721166979,104.57052261268723,1152920198.1154869,1152920198.1154857,0.0,0.999999999999999,0.009201886263826205,0.003845854919347564,0.5504907965167518,0.0,1.0339769373945877e-15,7672,0,0.0,4.384293750999973,0.0,2.1669976512613724e-14,0,0.05,24000000.0,False,2823129.316141255,0.50249;0.50281;0.50325;0.50386;0.50471;0.50589;0.50669;0.50743;0.50824;0.50919;0.51041;0.51219;0.51501;0.51905;0.53248;0.53863;0.49268;0.38189;0.06873;0.00000;0.00000;0.00000;0.00000;0.00000,1.6522959977803595,1535.8689569485923,3.18635416250413,396860758.56832874,8.59863815816698,7.30676729609021,8.636260273172914,0.18965566745975496,0.5676976046295301,-0.40618562777718087,7.386643921096904,0.8684471640230143,0.00403296929450368,33410.75310009099,4.523886265028364,108.8782987231888,0.523365968154317,2.1895723901832493,2.587973077874574,0.3403593081202528,272.27750172834743,0.07311597340294684,1.981970853588569,1.7593127725129851,1.4998456376501663,2.360485113759113,3.5160290183123393,0.8880678154362807,6.176870683858745,21.176870683858745,1.1529201981154857,1.1529201981154868,0.0,calibration_check
ok,R30026_S+03,30026,3,20288106,44.90513411256914,0.43914258492967756,0.26633677637804654,34.202524662290145,3723.9126972680588,2.931559883757445,2.064756349647883,0.5659314263514195,0.245602252358315,0.0459693007322367,720.3377484479907,4,7.079025591752974e-14,9.467912940006738e-14,5.670171238669088e-14,3.1198164228185026e-14,2.2634375474851244e-13,0.5706837365800355,0.9430973137473821,3.238265258309964e-12,3.337075005535073,7.386643921096904,15.901175289339323,13.084717014417121,7.831320347462794,0.46197747424619473,1470552212.879235,10955584.817803223,388.57057121112115,0.4270250425149284,420.01405524623726,259.1067043879912,8621792.158373766,23621792.158373766,8346042.700128555,498.7705141761263,498.7705141761263,498.7705141761263,351.7510742843391,147.01943989178721,1470552212.8792217,1470552212.8792305,0.0,1.000000000000006,0.012463945053981839,0.004839488165767984,0.5264798282442497,0.0,5.998758391234581e-15,14590,0,0.0,8.56794710400004,0.0,4.8349465821159463e-14,410,0.05,24000000.0,False,378207.84162623435,0.49821;0.49838;0.49862;0.49895;0.49941;0.50005;0.50042;0.49973;0.49661;0.49585;0.49691;0.49722;0.49566;0.49822;0.50363;0.51628;0.50638;0.43882;0.17383;0.00003;0.00000;0.00000;0.00000;0.00000,1.6522959977803595,1535.8689569485923,3.18635416250413,396860758.56832874,8.59863815816698,9.319797531366358,15.901175289339323,0.6306140399567284,0.7775354616396606,-1.656602277370463,7.386643921096904,0.8684471640230143,0.00514406108089742,33410.75310009099,4.523886265028364,108.8782987231888,0.523365968154317,2.792804331909826,4.765003862054248,0.44604050943942036,307.5051246217388,0.08257581463908406,1.981970853588569,1.7593127725129851,1.4998456376501663,2.360485113759113,3.5160290183123393,1.0396355654992642,8.621792158373765,23.621792158373765,1.4705522128792305,1.4705522128792217,0.0,calibration_check
ok,R30027_S+00,30027,0,20289106,188.10395711903172,0.29102756654873463,0.18414105636247183,25.152613052146158,2189.116536516572,2.4556428446578518,2.799779109423264,0.41221660666231474,0.33502990869731003,0.05283162601907348,676.9885029295566,4,2.062903562596655e-13,2.3209721321824435e-13,1.7806830242707188e-13,8.990753491391667e-14,3.5307698201841663e-13,0.4520752539188948,0.48991872360796407,5.837851394559961e-12,1.2488959923682663,4.681475522031005,4.1450514723653775,3.18300554426999,3.2500562869574328,4.346203700427707,588719532.857597,14170917.221130652,306.08873468775175,0.2690144925071307,373.0132990063185,254.67492829279354,14134449.949521251,29134449.94952125,14014383.309506163,411.4201650134354,411.4201650134354,411.4201650134354,389.72543042910706,21.69473458432833,588719532.8575968,588719532.857598,0.0,1.000000000000002,0.03358307106491243,0.01096027723351067,0.43255889858912744,0.0,2.024891020213803e-15,13074,0,0.0,7.02247388699999,0.0,3.8002430961698676e-14,0,0.05,24000000.0,True,-5134449.949521251,0.36826;0.36835;0.36848;0.36866;0.36891;0.36926;0.36949;0.36971;0.36997;0.37028;0.37070;0.37134;0.37244;0.37450;0.37890;0.39460;0.42866;0.37709;0.12481;0.00000;0.00000;0.00000;0.00000;0.00000,2.2743979318442813,4731.3060469924985,3.674981041521643,69730274.66448991,7.843421375875181,3.731079251005127,4.346203700427707,0.13936464113402963,0.49101456466391324,0.053912612016520534,4.681475522031005,0.6703827569371509,0.012471129132726287,89554.42797244938,4.952087064182348,87.03336436568704,0.09652627198394002,2.987501980793394,3.4800365498699803,0.47530820190509976,299.7924653564683,0.13694678211764486,2.3713865236982734,2.2563032162411982,1.9595126881033524,2.553586003497252,3.7719696333756345,1.151397961128471,14.134449949521251,29.13444994952125,0.5887195328575979,0.5887195328575967,0.0,calibration_check
ok,R30027_S+01,30027,1,20289106,188.10395711903172,0.29102756654873463,0.18414105636247183,25.152613052146158,2189.116536516572,2.4556428446578518,2.799779109423264,0.41221660666231474,0.33502990869731003,0.05283162601907348,676.9885029295566,4,2.062903562596655e-13,2.3209721321824435e-13,1.7806830242707188e-13,8.990753491391667e-14,3.5307698201841663e-13,0.4520752539188948,0.48991872360796407,5.837851394559961e-12,1.2488959923682663,4.681475522031005,0.6595309923239641,0.4768795065016618,0.3481792854524658,0.27343032917637616,69348619.41543838,1693705.284581453,103.99577205284311,0.2636228055274718,131.68140383419026,87.37280918553753,1667246.5004434586,16667246.500443459,1663355.0204615947,141.74510197937147,141.74510197937147,141.74510197937147,139.99944979707553,1.7456521822959417,69348619.41543837,69348619.41543783,0.0,0.9999999999999922,0.003824190158004949,0.001444559803463287,0.5242004015988837,0.0,7.73543593946577e-15,532,0,0.0,0.27132809200003294,0.0,2.567614712289021e-13,0,0.05,24000000.0,False,7332753.499556541,0.48382;0.48385;0.48389;0.48395;0.48403;0.48415;0.48477;0.48601;0.48862;0.49537;0.52225;0.50520;0.46733;0.42334;0.36319;0.03555;0.00000;0.00000;0.00000;0.00000;0.00000;0.00000;0.00000;0.00000,2.2743979318442813,4731.3060469924985,3.674981041521643,69730274.66448991,7.843421375875181,0.43950502836361693,0.6595309923239641,0.33309739349467055,0.6464149585823601,-0.8784897514941608,4.681475522031005,0.6703827569371509,0.0014690451728487457,89554.42797244938,4.952087064182348,87.03336436568704,0.09652627198394002,0.351914836022645,0.5280912072376046,-0.4535624237958115,102.89289831859136,0.04700201958289508,2.3713865236982734,2.2563032162411982,1.9595126881033524,2.553586003497252,3.7719696333756345,0.22883784258549064,1.6672465004434585,16.667246500443458,0.06934861941543784,0.06934861941543836,0.0,calibration_check
ok,R30027_S+02,30027,2,20289106,188.10395711903172,0.29102756654873463,0.18414105636247183,25.152613052146158,2189.116536516572,2.4556428446578518,2.799779109423264,0.41221660666231474,0.33502990869731003,0.05283162601907348,676.9885029295566,4,2.062903562596655e-13,2.3209721321824435e-13,1.7806830242707188e-13,8.990753491391667e-14,3.5307698201841663e-13,0.4520752539188948,0.48991872360796407,5.837851394559961e-12,1.2488959923682663,4.681475522031005,2.9397396589036857,2.4790760350780117,1.6508875836486627,0.4551743046156379,296833845.9868579,6894632.567002357,213.99190892453197,0.26077785994815283,269.57165966164007,180.89811000059206,6878490.137756489,21878490.13775649,6868986.487459913,289.6155439414577,289.6155439414577,289.6155439414577,287.83967549811683,1.775868443340869,296833845.9868563,296833845.9868572,0.0,1.000000000000003,0.0161915629578359,0.005870683677314924,0.4637064346917802,0.0,3.012020642923747e-15,4251,0,0.0,2.3089958600000386,0.0,2.418828561435619e-13,42,0.05,24000000.0,False,2121509.862243511,0.40922;0.40923;0.40926;0.40929;0.40933;0.40939;0.40947;0.40960;0.40982;0.41023;0.41099;0.41222;0.41513;0.42472;0.46054;0.43259;0.37626;0.14178;0.00000;0.00000;0.00000;0.00000;0.00000;0.00000,2.2743979318442813,4731.3060469924985,3.674981041521643,69730274.66448991,7.843421375875181,1.8812193955614995,2.9397396589036857,0.5018029614118185,0.7201201128861832,-1.3207206773170992,4.681475522031005,0.6703827569371509,0.006287974184069272,89554.42797244938,4.952087064182348,87.03336436568704,0.09652627198394002,1.5063058950122548,2.353870680078886,0.1779131757330476,212.87428413225203,0.09724209770530895,2.3713865236982734,2.2563032162411982,1.9595126881033524,2.553586003497252,3.7719696333756345,0.8385111264400293,6.878490137756489,21.87849013775649,0.2968338459868572,0.2968338459868563,0.0,calibration_check
ok,R30027_S+03,30027,3,20289106,188.10395711903172,0.29102756654873463,0.18414105636247183,25.152613052146158,2189.116536516572,2.4556428446578518,2.799779109423264,0.41221660666231474,0.33502990869731003,0.05283162601907348,676.9885029295566,4,2.062903562596655e-13,2.3209721321824435e-13,1.7806830242707188e-13,8.990753491391667e-14,3.5307698201841663e-13,0.4520752539188948,0.48991872360796407,5.837851394559961e-12,1.2488959923682663,4.681475522031005,0.1697539990596413,0.27807128207791465,0.429943984383457,0.6253721059762685,59294417.68145326,1553135.7534448204,97.71122938793343,0.27218524404228744,121.34063576020228,80.83842208131017,1492744.8361449186,16492744.836144919,1484064.4629997052,135.78265085783795,135.78265085783795,135.78265085783795,126.43221062025246,9.350440237585488,59294417.681453295,59294417.68145319,0.0,0.9999999999999982,0.0036549538479664846,0.001238076506912229,0.5309184665526541,0.0,1.7591559616506722e-15,453,0,0.0,0.2386361129999841,0.0,4.025512997757397e-13,0,0.05,24000000.0,False,7507255.163855081,0.48942;0.48948;0.48957;0.48969;0.48985;0.49008;0.49090;0.49253;0.49609;0.50990;0.52805;0.49686;0.45741;0.41149;0.33879;0.00193;0.00000;0.00000;0.00000;0.00000;0.00000;0.00000;0.00000;0.00000,2.2743979318442813,4731.3060469924985,3.674981041521643,69730274.66448991,7.843421375875181,0.37578534287432036,0.6253721059762685,0.4555518468372068,0.297926256058987,1.2124424636460782,4.681475522031005,0.6703827569371509,0.0012560621798395118,89554.42797244938,4.952087064182348,87.03336436568704,0.09652627198394002,0.30089402574006435,0.5007399413544301,-0.5215864351043233,95.1422450339818,0.043461480212184926,2.3713865236982734,2.2563032162411982,1.9595126881033524,2.553586003497252,3.7719696333756345,0.19120941734820573,1.4927448361449185,16.49274483614492,0.05929441768145319,0.05929441768145329,0.0,calibration_check
ok,R30028_S+00,30028,0,20290106,33.570594931220725,0.6899019341015868,0.16027618818559494,25.739911395550724,2096.8208272621036,2.206772081776819,2.387535185336386,0.3777458166972719,0.1943870223737795,0.0589831287872838,665.2945650463765,4,8.84649772854333e-15,1.2498844908983327e-14,6.227682251923308e-15,2.7991304494831593e-15,2.7263948761432083e-14,0.6341340110617755,0.880153557330703,3.21719160503961e-13,0.8024258104581032,3.8425816784956,0.34585639479184693,0.1777034893812166,0.07856065204694812,0.04842788278904152,25662183.484650124,1932607.4369978362,74.42848397581088,0.4001955516410174,86.08495203952673,51.12279260604336,1464736.8801946286,16464736.880194629,1363772.1542728636,99.54533520170044,99.54533520170044,99.54533520170044,59.6086984505105,39.93663675118994,25662183.484650124,25662183.484650113,0.0,0.9999999999999996,0.0014889345263457098,0.0006709931635121292,0.6586013888100728,0.0,4.35499609846941e-16,401,0,0.0,0.2402404779999756,0.0,6.450085892430628e-14,14,0.05,24000000.0,False,7535263.119805371,0.64939;0.64961;0.64991;0.65033;0.65091;0.65172;0.65160;0.65198;0.64932;0.63843;0.60592;0.54788;0.43806;0.23151;0.00214;0.00000;0.00000;0.00000;0.00000;0.00000;0.00000;0.00000;0.00000;0.00000,1.525959037794239,864.1041390255457,2.93656608539409,56983427.60120337,7.755748568868323,0.1626371047522633,0.34585639479184693,0.7138066783868817,0.8047977197002111,-1.828786318201267,3.8425816784956,0.5846231076988933,0.0006769102048118452,14650.022079056584,4.165838279216081,81.46185101571677,-0.09559511044719653,0.20268179641357015,0.4310135470273547,-0.6931852551163019,60.780410034879615,0.028986935480912236,1.1025864769484774,0.8000430437061518,0.45273973637999104,1.4413053546621397,2.5131935245483286,0.2861436464446202,1.4647368801946286,16.46473688019463,0.025662183484650113,0.025662183484650124,0.0,calibration_check
ok,R30028_S+01,30028,1,20290106,33.570594931220725,0.6899019341015868,0.16027618818559494,25.739911395550724,2096.8208272621036,2.206772081776819,2.387535185336386,0.3777458166972719,0.1943870223737795,0.0589831287872838,665.2945650463765,4,8.84649772854333e-15,1.2498844908983327e-14,6.227682251923308e-15,2.7991304494831593e-15,2.7263948761432083e-14,0.6341340110617755,0.880153557330703,3.21719160503961e-13,0.8024258104581032,3.8425816784956,0.1607997788169754,0.15224055868853745,0.1257356258470463,0.081284980292502,20514844.04396673,1178624.6899434647,68.20093270738568,0.4203392307996731,78.34379614197442,45.84002603400684,980099.2922611386,15980099.292261139,955568.0834585223,90.6224202697322,90.6224202697322,90.6224202697322,49.780276340296325,40.84214392943588,20514844.04396673,20514844.043966718,0.0,0.9999999999999994,0.001186160753179352,0.0005372392655680665,0.6747804950468976,0.0,5.447699661490962e-16,324,0,0.0,0.2137383790000058,0.0,5.5018105719615e-14,0,0.05,24000000.0,False,8019900.707738861,0.65620;0.65650;0.65692;0.65751;0.65832;0.65945;0.66107;0.66321;0.66069;0.63665;0.58675;0.51827;0.35025;0.16880;0.00006;0.00000;0.00000;0.00000;0.00000;0.00000;0.00000;0.00000;0.00000;0.00000,1.525959037794239,864.1041390255457,2.93656608539409,56983427.60120337,7.755748568868323,0.1300152359112653,0.1607997788169754,0.23814207077553085,0.6019301032518243,-0.6115806195109459,3.8425816784956,0.5846231076988933,0.0005411350632650155,14650.022079056584,4.165838279216081,81.46185101571677,-0.09559511044719653,0.16202773417400404,0.2003920820108904,-0.790410641211558,54.343916280361306,0.02591729134592781,1.1025864769484774,0.8000430437061518,0.45273973637999104,1.4413053546621397,2.5131935245483286,0.07137553449703493,0.9800992922611386,15.980099292261139,0.020514844043966717,0.02051484404396673,0.0,calibration_check
ok,R30028_S+02,30028,2,20290106,33.570594931220725,0.6899019341015868,0.16027618818559494,25.739911395550724,2096.8208272621036,2.206772081776819,2.387535185336386,0.3777458166972719,0.1943870223737795,0.0589831287872838,665.2945650463765,4,8.84649772854333e-15,1.2498844908983327e-14,6.227682251923308e-15,2.7991304494831593e-15,2.7263948761432083e-14,0.6341340110617755,0.880153557330703,3.21719160503961e-13,0.8024258104581032,3.8425816784956,0.22879454692688403,0.3101240472979185,0.3049297829011871,0.21321175373668988,41697850.98214012,2522868.255824838,98.36590381145109,0.4301926809756221,113.76871207296924,65.74068599356771,2099008.862057157,17099008.862057157,2056239.1551860273,132.61307700964107,132.61307700964107,132.61307700964107,71.72382090102262,60.889256108618454,41697850.982140124,41697850.98214014,0.0,1.0000000000000004,0.0025931046893710482,0.0010837226850546546,0.646385598335069,0.0,3.5736041169675794e-16,548,0,0.0,0.3459282930000427,0.0,3.112439610455672e-14,0,0.05,24000000.0,False,6900991.137942843,0.61182;0.61226;0.61286;0.61370;0.61487;0.61649;0.61836;0.62103;0.62509;0.62934;0.62523;0.58885;0.52100;0.35640;0.18481;0.00006;0.00000;0.00000;0.00000;0.00000;0.00000;0.00000;0.00000;0.00000,1.525959037794239,864.1041390255457,2.93656608539409,56983427.60120337,7.755748568868323,0.26426503271566987,0.3101240472979185,0.1651748037688011,0.5098277557635104,-0.05896653458106246,3.8425816784956,0.5846231076988933,0.0010998947484502834,14650.022079056584,4.165838279216081,81.46185101571677,-0.09559511044719653,0.32933266760798924,0.3864831405670629,-0.4823651880302194,77.47715398169294,0.03694982087852385,1.1025864769484774,0.8000430437061518,0.45273973637999104,1.4413053546621397,2.5131935245483286,0.40189457225274167,2.0990088620571568,17.099008862057158,0.04169785098214014,0.04169785098214012,0.0,calibration_check
ok,R30028_S+03,30028,3,20290106,33.570594931220725,0.6899019341015868,0.16027618818559494,25.739911395550724,2096.8208272621036,2.206772081776819,2.387535185336386,0.3777458166972719,0.1943870223737795,0.0589831287872838,665.2945650463765,4,8.84649772854333e-15,1.2498844908983327e-14,6.227682251923308e-15,2.7991304494831593e-15,2.7263948761432083e-14,0.6341340110617755,0.880153557330703,3.21719160503961e-13,0.8024258104581032,3.8425816784956,0.073766456320184,0.8300647397149502,1.6830401392588117,2.632692654951768,205896140.72322267,18370248.773038264,228.68612290278853,0.47088942098007025,264.8345531077865,152.51909949058586,16561024.214262303,31561024.214262303,15193159.01860148,307.3739878360577,307.3739878360577,307.3739878360577,143.70692903418825,163.66705880186947,205896140.72322318,205896140.72322267,0.0,0.9999999999999976,0.011878230510427133,0.00503724988430064,0.5645924754302737,0.0,2.4606555460982277e-15,7222,0,0.0,4.280699925000022,0.0,6.637051240334758e-14,0,0.05,24000000.0,True,-7561024.214262303,0.46491;0.46596;0.46743;0.46948;0.47232;0.47628;0.48166;0.48464;0.48784;0.49139;0.49564;0.50156;0.51588;0.52355;0.50795;0.38756;0.22811;0.06203;0.00000;0.00000;0.00000;0.00000;0.00000;0.00000,1.525959037794239,864.1041390255457,2.93656608539409,56983427.60120337,7.755748568868323,1.3048909975614285,2.632692654951768,0.7317697709518917,0.17316220238399374,1.9610267856960377,3.8425816784956,0.5846231076988933,0.005431073270530213,14650.022079056584,4.165838279216081,81.46185101571677,-0.09559511044719653,1.626182733100857,3.2809172145755996,0.21116934538989535,172.1634376665683,0.0821068903113522,1.1025864769484774,0.8000430437061518,0.45273973637999104,1.4413053546621397,2.5131935245483286,1.2641150376354875,16.561024214262304,31.561024214262304,0.20589614072322268,0.20589614072322318,0.0,calibration_check
ok,R30029_S+00,30029,0,20291106,37.49870608333695,0.7501293023888844,0.12843085351153316,75.29289103089451,2027.760857415466,1.7875817362520867,3.9118733709966893,0.4114822857315408,0.2938377168470707,0.06669959627319588,746.7636763624669,4,5.738486417908441e-14,1.393374956744752e-13,2.538681896990156e-14,8.809627330171868e-15,4.2877824853812726e-13,0.8051991454287426,1.4043481650858316,1.0491122878335994e-11,2.1588851273197514,3.7015122314636892,0.6055526463887178,0.5235216435997597,0.48529027625584276,0.49085854435696713,83044736.04388899,1205855.0804095725,79.06173571029792,0.3378306751235345,105.01351303818035,66.39951700664204,1155649.9224302657,16155649.922430266,1153321.0819788761,118.53875350573911,118.53875350573911,118.53875350573911,88.84642155844834,29.692331947290768,83044736.04388894,83044736.04388937,0.0,1.000000000000005,0.0028579394707896823,0.0008808815586279394,0.5106089253659292,0.0,5.203625120720481e-15,370,0,0.0,0.2062007199999698,0.0,2.88961349245298e-13,0,0.05,24000000.0,False,7844350.077569734,0.47030;0.47045;0.47067;0.47097;0.47139;0.47198;0.47404;0.47874;0.49305;0.49957;0.46726;0.42759;0.38265;0.32106;0.14650;0.00000;0.00000;0.00000;0.00000;0.00000;0.00000;0.00000;0.00000;0.00000,1.5740162823794053,2823.38599093223,3.4507702555017308,124912725.80238211,8.096606685485561,0.5263057776503218,0.6055526463887178,0.09125414553084416,0.5363204898819464,-0.2179229392916783,3.7015122314636892,0.5683791888251798,0.0008902710240088965,42329.88126896422,4.626647050323621,26.931637630748252,0.3342295344609576,0.24378591106592534,0.2804932225090222,-0.6129913968436793,71.99885598359408,0.035506581419744956,2.1497845984214905,1.410324883896177,0.9506741347974512,2.6379493437161656,4.026538571543816,0.08129511745569132,1.1556499224302657,16.155649922430264,0.08304473604388937,0.08304473604388894,0.0,calibration_check
ok,R30029_S+01,30029,1,20291106,37.49870608333695,0.7501293023888844,0.12843085351153316,75.29289103089451,2027.760857415466,1.7875817362520867,3.9118733709966893,0.4114822857315408,0.2938377168470707,0.06669959627319588,746.7636763624669,4,5.738486417908441e-14,1.393374956744752e-13,2.538681896990156e-14,8.809627330171868e-15,4.2877824853812726e-13,0.8051991454287426,1.4043481650858316,1.0491122878335994e-11,2.1588851273197514,3.7015122314636892,0.024928113709557394,0.34838620389977726,0.6781813963291848,0.9785335369119261,80078563.85829753,1318527.3128969097,82.01218284308415,0.3769805708395549,107.09734945561824,65.61676305834725,1242969.6997411214,16242969.699741121,1237923.7023632228,120.83640482757531,120.83640482757531,120.83640482757531,77.32164251796814,43.514762309607164,80078563.8582975,80078563.8582983,0.0,1.00000000000001,0.002783682909985881,0.0008493507236263622,0.5082801396543788,0.0,1.0048415776932003e-14,381,0,0.0,0.21533412799999496,0.0,2.8944971587124234e-12,0,0.05,24000000.0,False,7757030.300258879,0.46755;0.46779;0.46812;0.46859;0.46924;0.47014;0.47256;0.47887;0.48978;0.49499;0.46234;0.42196;0.37491;0.27797;0.13689;0.00000;0.00000;0.00000;0.00000;0.00000;0.00000;0.00000;0.00000;0.00000,1.5740162823794053,2823.38599093223,3.4507702555017308,124912725.80238211,8.096606685485561,0.5075073127126114,0.9785335369119261,0.7030251402612814,0.18389602881482672,1.8789983894131028,3.7015122314636892,0.5683791888251798,0.0008584725347264739,42329.88126896422,4.626647050323621,26.931637630748252,0.3342295344609576,0.23507842371524418,0.45325873272691086,-0.6287872300474232,70.70134556370597,0.0348667079281825,2.1497845984214905,1.410324883896177,0.9506741347974512,2.6379493437161656,4.026538571543816,0.12008913050226665,1.2429696997411215,16.24296969974112,0.0800785638582983,0.0800785638582975,0.0,calibration_check
ok,R30029_S+02,30029,2,20291106,37.49870608333695,0.7501293023888844,0.12843085351153316,75.29289103089451,2027.760857415466,1.7875817362520867,3.9118733709966893,0.4114822857315408,0.2938377168470707,0.06669959627319588,746.7636763624669,4,5.738486417908441e-14,1.393374956744752e-13,2.538681896990156e-14,8.809627330171868e-15,4.2877824853812726e-13,0.8051991454287426,1.4043481650858316,1.0491122878335994e-11,2.1588851273197514,3.7015122314636892,0.12614421541077572,0.45031625019849025,0.611401633747293,0.6094003660571838,70896612.47317591,1094429.0817010019,75.038836205212,0.35647181400754835,99.45681376200928,61.49710669024225,1039319.1761865951,16039319.176186595,1036416.72213668,110.22934455273207,110.22934455273207,110.22934455273207,77.51329932200565,32.71604523072642,70896612.4731759,70896612.47317576,0.0,0.9999999999999981,0.002331548613139084,0.0007530385661568238,0.5145792592005947,0.0,1.8916341143290915e-15,322,0,0.0,0.18906277199999977,0.0,9.877902569849463e-13,0,0.05,24000000.0,False,7960680.823813405,0.47610;0.47630;0.47658;0.47697;0.47750;0.47825;0.48107;0.48840;0.50400;0.49264;0.45684;0.41585;0.36814;0.26873;0.08017;0.00000;0.00000;0.00000;0.00000;0.00000;0.00000;0.00000;0.00000;0.00000,1.5740162823794053,2823.38599093223,3.4507702555017308,124912725.80238211,8.096606685485561,0.4493156163534357,0.611401633747293,0.44000054189604065,0.3207436179759981,1.0755382921440115,3.7015122314636892,0.5683791888251798,0.0007600385381669333,42329.88126896422,4.626647050323621,26.931637630748252,0.3342295344609576,0.20812391111854087,0.2832024853987234,-0.6816780213247219,66.52460178921135,0.03280692668759864,2.1497845984214905,1.410324883896177,0.9506741347974512,2.6379493437161656,4.026538571543816,0.039187624813232555,1.0393191761865952,16.039319176186595,0.07089661247317576,0.0708966124731759,0.0,calibration_check
ok,R30029_S+03,30029,3,20291106,37.49870608333695,0.7501293023888844,0.12843085351153316,75.29289103089451,2027.760857415466,1.7875817362520867,3.9118733709966893,0.4114822857315408,0.2938377168470707,0.06669959627319588,746.7636763624669,4,5.738486417908441e-14,1.393374956744752e-13,2.538681896990156e-14,8.809627330171868e-15,4.2877824853812726e-13,0.8051991454287426,1.4043481650858316,1.0491122878335994e-11,2.1588851273197514,3.7015122314636892,7.293338861174167,5.796009296709872,3.2946854626173403,0.2021675122424744,654275876.0833468,9085140.798830567,221.44453625689425,0.33639345082839767,292.02642800834883,187.2803761221905,8998128.369207606,23998128.369207606,8974228.04889157,329.1371341334323,329.1371341334323,329.1371341334323,242.6609582114825,86.47617592194982,654275876.0833465,654275876.0833462,0.0,0.9999999999999997,0.021884538219629462,0.0064799495146266334,0.41592020043608924,0.0,3.6440068756438603e-16,6169,0,0.0,3.5525886030000606,0.0,6.782480919748352e-14,335,0.05,24000000.0,False,1871.6307923942804,0.36336;0.36349;0.36367;0.36392;0.36426;0.36475;0.36509;0.36546;0.36594;0.36663;0.36746;0.36687;0.36939;0.37894;0.40171;0.38716;0.32514;0.16559;0.00000;0.00000;0.00000;0.00000;0.00000;0.00000,1.5740162823794053,2823.38599093223,3.4507702555017308,124912725.80238211,8.096606685485561,4.146550283185964,7.293338861174167,0.6483107844622567,0.789170953199376,-1.71013755161393,3.7015122314636892,0.5683791888251798,0.007014085201947033,42329.88126896422,4.626647050323621,26.931637630748252,0.3342295344609576,1.9206905595453763,3.3782894554602,0.2834574017659532,202.0924063400503,0.09966284022152015,2.1497845984214905,1.410324883896177,0.9506741347974512,2.6379493437161656,4.026538571543816,0.9583316622639038,8.998128369207606,23.998128369207606,0.6542758760833463,0.6542758760833465,0.0,calibration_check
ok,R30030_S+00,30030,0,20292106,45.522777591453256,0.7968875691662419,0.18669186621523914,65.10623238941093,1323.0215889374224,2.1747314648103364,2.4694777652107334,0.3864636059571664,0.3350257112019702,0.07969062186061532,602.7084299443277,4,1.0821761156926893e-13,1.945193798694688e-13,6.436771536509752e-14,2.8955728258109365e-14,5.116398039857687e-13,0.72785448281214,1.1462550775314462,1.2664423950025739e-11,1.0321779160966773,2.9097296289125656,0.3635299172287056,0.2552500872443156,0.1349310055432085,0.01,30126108.21211021,856117.1026619471,44.97524478521745,0.28083875765422495,54.37792402756369,36.06073722150628,844283.0297560096,15844283.02975601,843645.4066917654,59.61732146644207,59.61732146644207,59.61732146644207,58.94139512616246,0.6759263402796094,30126108.212110225,30126108.21211012,0.0,0.9999999999999966,0.0019497254545836032,0.0007414142469733889,0.5760437276881577,0.0,3.462383113760554e-15,340,0,0.0,0.1985470190001024,0.0,9.887633171636639e-13,24,0.05,24000000.0,False,8155716.97024399,0.55436;0.55443;0.55453;0.55466;0.55485;0.55510;0.55828;0.56890;0.56967;0.54369;0.50700;0.46195;0.39861;0.07962;0.00000;0.00000;0.00000;0.00000;0.00000;0.00000;0.00000;0.00000;0.00000;0.00000,1.6582287528562405,2963.8165368806244,3.471851316889487,66839269.66129954,7.825031695802437,0.1909277525040574,0.3635299172287056,0.6918734350997833,0.8102279479509814,-1.8516423756739748,2.9097296289125656,0.463852636365112,0.0007478320434125404,37191.5348090087,4.570444101062102,20.320966831934243,0.013754562910689319,0.1849756224450887,0.3521969532185342,-0.7328855025979134,44.36766153988492,0.03353510019100941,2.2946794741285523,1.8143846925425455,1.4674510900032474,2.714680921648308,4.108302038161799,-0.06746682695656146,0.8442830297560096,15.84428302975601,0.03012610821211012,0.030126108212110224,0.0,calibration_check
ok,R30030_S+01,30030,1,20292106,45.522777591453256,0.7968875691662419,0.18669186621523914,65.10623238941093,1323.0215889374224,2.1747314648103364,2.4694777652107334,0.3864636059571664,0.3350257112019702,0.07969062186061532,602.7084299443277,4,1.0821761156926893e-13,1.945193798694688e-13,6.436771536509752e-14,2.8955728258109365e-14,5.116398039857687e-13,0.72785448281214,1.1462550775314462,1.2664423950025739e-11,1.0321779160966773,2.9097296289125656,1.15777050266976,1.5092373794494571,1.679106446046011,1.6673777024594207,237214220.1320505,6815986.683827404,128.45109765475485,0.290929608930745,150.06430598565913,101.14356051565531,6747731.3035926,21747731.3035926,6735002.606436517,168.29698401051652,168.29698401051652,168.29698401051652,155.70093266875764,12.59605134175888,237214220.13205072,237214220.132051,0.0,1.000000000000001,0.01498786421818686,0.005519704296034645,0.5073002946296354,0.0,1.1307117311093176e-15,1591,0,0.0,0.6586958100000402,0.0,1.5344533843241355e-13,0,0.05,24000000.0,False,2252268.6964074,0.44888;0.44895;0.44905;0.44918;0.44936;0.44961;0.44991;0.45030;0.45090;0.45193;0.45385;0.45774;0.46872;0.50502;0.47590;0.41756;0.21113;0.00000;0.00000;0.00000;0.00000;0.00000;0.00000;0.00000,1.6582287528562405,2963.8165368806244,3.471851316889487,66839269.66129954,7.825031695802437,1.5033730076561622,1.679106446046011,0.14002411166488965,0.44350401871941664,0.33897588768349995,2.9097296289125656,0.463852636365112,0.0058884603918588135,37191.5348090087,4.570444101062102,20.320966831934243,0.013754562910689319,1.4565056897762103,1.6267606774574124,0.1633121855195288,124.49886244663942,0.09410191299042218,2.2946794741285523,1.8143846925425455,1.4674510900032474,2.714680921648308,4.108302038161799,0.8335287332923984,6.7477313035926,21.7477313035926,0.23721422013205098,0.23721422013205073,0.0,calibration_check
ok,R30030_S+02,30030,2,20292106,45.522777591453256,0.7968875691662419,0.18669186621523914,65.10623238941093,1323.0215889374224,2.1747314648103364,2.4694777652107334,0.3864636059571664,0.3350257112019702,0.07969062186061532,602.7084299443277,4,1.0821761156926893e-13,1.945193798694688e-13,6.436771536509752e-14,2.8955728258109365e-14,5.116398039857687e-13,0.72785448281214,1.1462550775314462,1.2664423950025739e-11,1.0321779160966773,2.9097296289125656,0.3407829203917588,0.24458977572002838,0.2513706814547468,0.36112563759591404,47252339.04111308,1396289.5513664682,57.37673310748509,0.29140790313039605,68.23938300028377,45.13468847973315,1367988.8052011356,16367988.805201136,1366087.8738309368,75.01309262230295,75.01309262230295,75.01309262230295,71.61701688910237,3.3960757332005755,47252339.0411131,47252339.041113086,0.0,0.9999999999999997,0.003007790375709251,0.001157251315792498,0.5663726491214426,0.0,3.1535287979887134e-16,352,0,0.0,0.14156061999995018,0.0,5.484893377558679e-13,0,0.05,24000000.0,False,7632011.194798864,0.53302;0.53309;0.53318;0.53332;0.53350;0.53375;0.53524;0.53930;0.55308;0.56290;0.53443;0.49515;0.44662;0.36236;0.00764;0.00000;0.00000;0.00000;0.00000;0.00000;0.00000;0.00000;0.00000;0.00000,1.6582287528562405,2963.8165368806244,3.471851316889487,66839269.66129954,7.825031695802437,0.29946725379061195,0.36112563759591404,0.1737825758440855,0.48867838528438967,0.06792968829366205,2.9097296289125656,0.463852636365112,0.0011729630993934,37191.5348090087,4.570444101062102,20.320966831934243,0.013754562910689319,0.29013142901089045,0.3498676264665304,-0.5374052229151082,55.56568582742031,0.04199907718214001,2.2946794741285523,1.8143846925425455,1.4674510900032474,2.714680921648308,4.108302038161799,0.14497548814474273,1.3679888052011355,16.367988805201136,0.04725233904111309,0.0472523390411131,0.0,calibration_check
ok,R30030_S+03,30030,3,20292106,45.522777591453256,0.7968875691662419,0.18669186621523914,65.10623238941093,1323.0215889374224,2.1747314648103364,2.4694777652107334,0.3864636059571664,0.3350257112019702,0.07969062186061532,602.7084299443277,4,1.0821761156926893e-13,1.945193798694688e-13,6.436771536509752e-14,2.8955728258109365e-14,5.116398039857687e-13,0.72785448281214,1.1462550775314462,1.2664423950025739e-11,1.0321779160966773,2.9097296289125656,0.103293338008379,0.8773289356612958,1.7099809564371944,2.601249400336075,208747710.71308282,6326500.431908506,123.127118456083,0.3037656861040503,143.51733565630153,94.95209152701565,6205477.851277702,21205477.8512777,6185852.710378308,157.82642273425435,157.82642273425435,157.82642273425435,141.96932718264844,15.857095551605909,208747710.71308294,208747710.71308297,0.0,1.0000000000000002,0.013140487364957997,0.00489197515559223,0.5138681978097939,0.0,1.427671819053271e-16,1405,0,0.0,0.6368295349999471,0.0,1.2041985723134069e-12,0,0.05,24000000.0,False,2794522.1487222984,0.45426;0.45438;0.45454;0.45475;0.45505;0.45546;0.45590;0.45642;0.45721;0.45853;0.46095;0.46605;0.48615;0.50663;0.46536;0.39983;0.10984;0.00000;0.00000;0.00000;0.00000;0.00000;0.00000;0.00000,1.6582287528562405,2963.8165368806244,3.471851316889487,66839269.66129954,7.825031695802437,1.3229631576107361,2.601249400336075,0.7040214914159073,0.18530793318550778,1.8881524008869532,2.9097296289125656,0.463852636365112,0.005181825211578494,37191.5348090087,4.570444101062102,20.320966831934243,0.013754562910689319,1.2817200765287666,2.520156031019398,0.10779318704465089,116.7900606682929,0.08827524935711155,2.2946794741285523,1.8143846925425455,1.4674510900032474,2.714680921648308,4.108302038161799,0.8011635420249326,6.205477851277702,21.205477851277703,0.20874771071308296,0.20874771071308293,0.0,calibration_check
ok,R30031_S+00,30031,0,20293106,32.474461493923556,0.789643975023607,0.14130615664875362,56.450845224998986,1766.0074116178932,2.1081251310087614,3.3954158242486203,0.41125810015814457,0.20198247159074523,0.05274239298223992,710.0116473963421,4,2.4255032072006385e-14,4.0828801595312206e-14,1.3735517153805215e-14,5.578606042962393e-15,8.325681116937788e-14,0.7279920568349263,0.9328325578375088,2.3048203595791607e-12,1.2966212272575897,4.678491933006853,2.050924528800356,4.058008834985932,5.665001937317822,6.871903835796026,735522416.4332997,20650023.2668654,266.20817575216546,0.36732441714398206,337.7051665064348,208.41785852784398,20643247.2230694,35643247.2230694,20147165.71604848,372.81638256986275,372.81638256986275,372.81638256986275,237.5285468581252,135.28783571173756,735522416.4333013,735522416.4332998,0.0,0.9999999999999979,0.03304804831533089,0.011410891205700827,0.4680689895502259,0.0,2.1069660550592998e-15,13624,0,0.0,7.3087613300000385,0.0,3.092810270025192e-14,0,0.05,24000000.0,True,-11643247.2230694,0.36910;0.36959;0.37027;0.37122;0.37252;0.37432;0.37695;0.37832;0.37976;0.38133;0.38312;0.38533;0.38846;0.39403;0.41051;0.41998;0.41344;0.27131;0.08245;0.00000;0.00000;0.00000;0.00000;0.00000,1.5115419581390137,1833.210799558668,3.263212407036049,78156742.42450558,7.892966449680208,4.661459784225034,6.871903835796026,0.3878131426174694,0.3276298437916212,1.0342209372502729,4.678491933006853,0.6701058849716088,0.013254519559730032,34757.82375244085,4.541052576697982,31.28398528983983,0.11281312725097767,3.5950821151403054,5.299854492071213,0.5557088145367132,227.59792679753562,0.12887710736673874,1.6166832304900196,1.1435616133850854,0.7522422907049175,1.9261363706635237,3.3683536793870545,1.3149205453224713,20.643247223069398,35.6432472230694,0.7355224164332997,0.7355224164333013,0.0,calibration_check
ok,R30031_S+01,30031,1,20293106,32.474461493923556,0.789643975023607,0.14130615664875362,56.450845224998986,1766.0074116178932,2.1081251310087614,3.3954158242486203,0.41125810015814457,0.20198247159074523,0.05274239298223992,710.0116473963421,4,2.4255032072006385e-14,4.0828801595312206e-14,1.3735517153805215e-14,5.578606042962393e-15,8.325681116937788e-14,0.7279920568349263,0.9328325578375088,2.3048203595791607e-12,1.2966212272575897,4.678491933006853,0.058207372901453246,0.12947238773738784,0.3018973318178613,0.5754822051428735,42013394.11241047,1382306.3876806204,64.832189729443,0.38141392552395914,83.83516930423644,49.49621903540945,1244715.4176643882,16244715.417664388,1226462.7970507927,92.77898907678068,92.77898907678068,92.77898907678068,56.18049967385414,36.59848940292653,42013394.11241052,42013394.112410605,0.0,1.000000000000002,0.0019937675094911307,0.000749708012645771,0.5949865229121294,0.0,1.9507204380317524e-15,332,0,0.0,0.16078934099994058,0.0,5.15446828356583e-13,0,0.05,24000000.0,False,7755284.582335612,0.55271;0.55308;0.55358;0.55428;0.55525;0.55659;0.56156;0.57196;0.57940;0.55636;0.51244;0.46189;0.38147;0.20959;0.00794;0.00000;0.00000;0.00000;0.00000;0.00000;0.00000;0.00000;0.00000;0.00000,1.5115419581390137,1833.210799558668,3.263212407036049,78156742.42450558,7.892966449680208,0.26626482439989396,0.5754822051428735,0.7485104112402841,0.17621531595642853,1.942708104261429,4.678491933006853,0.6701058849716088,0.0007571045308638671,34757.82375244085,4.541052576697982,31.28398528983983,0.11281312725097767,0.20535281915988346,0.4438321639697689,-0.6874993306132174,54.39565731903807,0.030801488692057385,1.6166832304900196,1.1435616133850854,0.7522422907049175,1.9261363706635237,3.3683536793870545,0.14060431491321815,1.2447154176643882,16.244715417664388,0.042013394112410604,0.04201339411241052,0.0,calibration_check
ok,R30031_S+02,30031,2,20293106,32.474461493923556,0.789643975023607,0.14130615664875362,56.450845224998986,1766.0074116178932,2.1081251310087614,3.3954158242486203,0.41125810015814457,0.20198247159074523,0.05274239298223992,710.0116473963421,4,2.4255032072006385e-14,4.0828801595312206e-14,1.3735517153805215e-14,5.578606042962393e-15,8.325681116937788e-14,0.7279920568349263,0.9328325578375088,2.3048203595791607e-12,1.2966212272575897,4.678491933006853,0.40753236097537987,0.2903681050113449,0.15609132656361285,0.010733672727281516,34110825.42880624,896740.8290985165,55.17000837616245,0.34018628745105306,70.98439580861529,44.21054717912784,833208.5045161732,15833208.504516173,830157.1982973572,80.06317676103544,80.06317676103544,80.06317676103544,59.842534086097125,20.22064267493831,34110825.428806245,34110825.42880652,0.0,1.000000000000008,0.0017207304212153067,0.0006101491328455895,0.6015934113117151,0.0,8.081642077572825e-15,315,0,0.0,0.1808438399999659,0.0,1.9455571042046582e-13,15,0.05,24000000.0,False,8166791.495483827,0.57512;0.57521;0.57534;0.57551;0.57575;0.57608;0.57942;0.59018;0.58360;0.54756;0.50245;0.45139;0.37864;0.15493;0.00000;0.00000;0.00000;0.00000;0.00000;0.00000;0.00000;0.00000;0.00000;0.00000,1.5115419581390137,1833.210799558668,3.263212407036049,78156742.42450558,7.892966449680208,0.21618136631940477,0.40753236097537987,0.6858689352753601,0.8070774991721386,-1.8354897788083833,4.678491933006853,0.6701058849716088,0.0006146958851874086,34757.82375244085,4.541052576697982,31.28398528983983,0.11281312725097767,0.16672669070568724,0.3143033234442171,-0.7779948698881515,49.01358389912955,0.02775389478927878,1.6166832304900196,1.1435616133850854,0.7522422907049175,1.9261363706635237,3.3683536793870545,-0.04733305612651441,0.8332085045161731,15.833208504516174,0.03411082542880652,0.034110825428806245,0.0,calibration_check
ok,R30031_S+03,30031,3,20293106,32.474461493923556,0.789643975023607,0.14130615664875362,56.450845224998986,1766.0074116178932,2.1081251310087614,3.3954158242486203,0.41125810015814457,0.20198247159074523,0.05274239298223992,710.0116473963421,4,2.4255032072006385e-14,4.0828801595312206e-14,1.3735517153805215e-14,5.578606042962393e-15,8.325681116937788e-14,0.7279920568349263,0.9328325578375088,2.3048203595791607e-12,1.2966212272575897,4.678491933006853,0.6888204798876844,1.4129874407012306,1.5957660923446149,1.237156434817837,194660311.97244817,5310462.3115653815,133.74760491435688,0.3503463077439339,172.15239265876954,106.10330598641086,5008436.795319367,20008436.795319367,4959491.737033993,191.8377329444198,191.8377329444198,191.8377329444198,134.78507618549608,57.05265675892372,194660311.97244826,194660311.97244802,0.0,0.9999999999999988,0.009421229057952766,0.0033635782885145502,0.5251497030920118,0.0,1.224792956950093e-15,1336,0,0.0,0.7362198420000823,0.0,4.4925792657980113e-14,0,0.05,24000000.0,False,3991563.204680633,0.46448;0.46480;0.46524;0.46585;0.46670;0.46788;0.46887;0.47000;0.47157;0.47410;0.47896;0.49309;0.51231;0.48480;0.42797;0.29649;0.06473;0.00000;0.00000;0.00000;0.00000;0.00000;0.00000;0.00000,1.5115419581390137,1833.210799558668,3.263212407036049,78156742.42450558,7.892966449680208,1.2336826119378417,1.5957660923446149,0.274923745895876,0.4259215255712004,0.4444708465727976,4.678491933006853,0.6701058849716088,0.003507886170286343,34757.82375244085,4.541052576697982,31.28398528983983,0.11281312725097767,0.9514595211024997,1.2307110656515547,-0.021609683610034153,117.08710082952477,0.06630045834420237,1.6166832304900196,1.1435616133850854,0.7522422907049175,1.9261363706635237,3.3683536793870545,0.7251323309914338,5.008436795319367,20.008436795319366,0.194660311972448,0.19466031197244826,0.0,calibration_check
ok,R30032_S+00,30032,0,20294106,328.3283100532707,0.34302151681549814,0.23724470738197084,55.2742396775673,2406.524333775328,2.3707461040637803,3.954972888789614,0.2639829034718166,0.27477119522093724,0.06916285487668909,645.384086460099,4,4.149616915666838e-13,4.2894927079911635e-13,4.0223250752576365e-13,3.1896645855004893e-13,6.006893744441425e-13,0.2547146156947171,0.3037043274586011,2.3709844803668077e-11,4.103160847223112,2.290098382513042,9.103072426964331,6.377414784493818,3.483137699037243,0.4202411705946066,764635365.3007573,5469538.8324757,199.29091350836634,0.2559506407933518,256.22097582203287,172.87358833290997,5566510.277201124,20566510.277201124,5523776.594428517,276.2117635276445,276.2117635276445,276.2117635276445,275.89171257015346,0.3200509574910484,764635365.3007579,764635365.3007586,0.0,1.0000000000000009,0.012316302937795539,0.004700534923023988,0.48602527672518364,0.0,9.354206851567118e-16,3628,0,0.0,2.0628616049999664,0.0,3.851284138404782e-13,97,0.05,24000000.0,False,3433489.7227988765,0.43905;0.43906;0.43907;0.43908;0.43910;0.43913;0.43920;0.43930;0.43937;0.43957;0.43999;0.44138;0.44500;0.45698;0.48344;0.45051;0.39499;0.05500;0.00000;0.00000;0.00000;0.00000;0.00000;0.00000,2.5163083313124646,18148.097702815114,4.258831108685188,238588604.8387493,8.377649697616677,4.8459665202725,9.103072426964331,0.6679778487607924,0.7986274330774599,-1.7917645984647597,2.290098382513042,0.35985414001008115,0.004965768057863056,262396.59619562374,5.41895819707921,43.53790025540597,0.6131185419954824,1.18103255044269,2.218551201356145,0.07226186737036003,199.1342442343224,0.08274765454871709,2.638122531642494,2.6101937641486037,2.5094616142647586,2.784366547575184,4.380645309015217,0.7379507100712241,5.5665102772011235,20.566510277201125,0.7646353653007586,0.7646353653007579,0.0,calibration_check
ok,R30032_S+01,30032,1,20294106,328.3283100532707,0.34302151681549814,0.23724470738197084,55.2742396775673,2406.524333775328,2.3707461040637803,3.954972888789614,0.2639829034718166,0.27477119522093724,0.06916285487668909,645.384086460099,4,4.149616915666838e-13,4.2894927079911635e-13,4.0223250752576365e-13,3.1896645855004893e-13,6.006893744441425e-13,0.2547146156947171,0.3037043274586011,2.3709844803668077e-11,4.103160847223112,2.290098382513042,14.490236523026962,9.991558164452641,6.345853223998869,3.553121701665647,1356218218.929696,9566751.201864192,266.172733593143,0.257414591768179,337.81661491313014,230.1019739259986,9732439.681327932,24732439.68132793,9682374.726244282,371.0095855652763,371.0095855652763,371.0095855652763,367.63669017447904,3.3728953907972823,1356218218.9296925,1356218218.9296923,0.0,0.9999999999999998,0.02308176030266614,0.00801756036450201,0.4610531809570841,0.0,1.7579662017054964e-16,9601,0,0.0,5.325355040999966,0.0,5.419595482700395e-14,0,0.05,24000000.0,True,-732439.6813279316,0.40923;0.40927;0.40933;0.40941;0.40951;0.40966;0.40977;0.40989;0.41004;0.41027;0.41064;0.41128;0.41250;0.41488;0.42069;0.45066;0.44423;0.38124;0.00686;0.00000;0.00000;0.00000;0.00000;0.00000,2.5163083313124646,18148.097702815114,4.258831108685188,238588604.8387493,8.377649697616677,8.59519240328603,14.490236523026962,0.47680999031198806,0.7120781460959491,-1.2724688765756942,2.290098382513042,0.35985414001008115,0.008807681957535453,262396.59619562374,5.41895819707921,43.53790025540597,0.6131185419954824,2.0947734498643844,3.5314814755150263,0.3211370608135311,265.2061230978934,0.11020296756436326,2.638122531642494,2.6101937641486037,2.5094616142647586,2.784366547575184,4.380645309015217,0.9807644796109438,9.732439681327932,24.732439681327932,1.3562182189296923,1.3562182189296925,0.0,calibration_check
ok,R30032_S+02,30032,2,20294106,328.3283100532707,0.34302151681549814,0.23724470738197084,55.2742396775673,2406.524333775328,2.3707461040637803,3.954972888789614,0.2639829034718166,0.27477119522093724,0.06916285487668909,645.384086460099,4,4.149616915666838e-13,4.2894927079911635e-13,4.0223250752576365e-13,3.1896645855004893e-13,6.006893744441425e-13,0.2547146156947171,0.3037043274586011,2.3709844803668077e-11,4.103160847223112,2.290098382513042,7.920826241245992,6.565061335038316,5.506001040972108,4.743645359047366,975742608.7632554,7094793.892847612,226.42635915547848,0.2589132657783972,287.4040996654936,195.26620373917842,7252295.774792708,22252295.77479271,7189636.848669305,310.1720338254877,310.1720338254877,310.1720338254877,307.34078004611314,2.831253779374549,975742608.7632565,975742608.7632565,0.0,1.0,0.015184828401362215,0.005913412189104496,0.47642733621268896,0.0,0.0,5203,0,0.0,2.8451436860000285,0.0,4.1892343185231255e-14,0,0.05,24000000.0,False,1747704.2252072915,0.42472;0.42479;0.42488;0.42500;0.42517;0.42542;0.42559;0.42578;0.42604;0.42642;0.42705;0.42818;0.43042;0.43562;0.46154;0.46477;0.41949;0.26597;0.00000;0.00000;0.00000;0.00000;0.00000;0.00000,2.5163083313124646,18148.097702815114,4.258831108685188,238588604.8387493,8.377649697616677,6.183883494075946,7.920826241245992,0.19297303947833133,0.5856306797403905,-0.513784078442343,2.290098382513042,0.35985414001008115,0.006336760891757492,262396.59619562374,5.41895819707921,43.53790025540597,0.6131185419954824,1.507102383827093,1.9304206040585892,0.17814275677433317,224.95020581372253,0.09347514282592904,2.638122531642494,2.6101937641486037,2.5094616142647586,2.784366547575184,4.380645309015217,0.8509397835145468,7.252295774792708,22.25229577479271,0.9757426087632566,0.9757426087632566,0.0,calibration_check
ok,R30032_S+03,30032,3,20294106,328.3283100532707,0.34302151681549814,0.23724470738197084,55.2742396775673,2406.524333775328,2.3707461040637803,3.954972888789614,0.2639829034718166,0.27477119522093724,0.06916285487668909,645.384086460099,4,4.149616915666838e-13,4.2894927079911635e-13,4.0223250752576365e-13,3.1896645855004893e-13,6.006893744441425e-13,0.2547146156947171,0.3037043274586011,2.3709844803668077e-11,4.103160847223112,2.290098382513042,4.536946758846156,8.489032280024324,17.059128270588815,30.24723473053962,2379929896.4518375,17689107.206945334,357.7499833655745,0.2649907327547669,439.70604720982715,304.7310629549699,19381056.838420793,34381056.83842079,18858714.81925738,490.19233990147364,490.19233990147364,490.19233990147364,464.5134964080614,25.678843493412217,2379929896.4518175,2379929896.451807,0.0,0.9999999999999956,0.03717375760767288,0.013221136908991278,0.44007380297640786,0.0,4.407868272132163e-15,26504,0,0.0,14.834080944999982,0.0,3.689147488481698e-14,0,0.05,24000000.0,True,-10381056.838420793,0.37342;0.37363;0.37391;0.37431;0.37486;0.37562;0.37629;0.37677;0.37727;0.37779;0.37837;0.37906;0.37995;0.38126;0.38349;0.38794;0.40488;0.43351;0.35677;0.00000;0.00000;0.00000;0.00000;0.00000,2.5163083313124646,18148.097702815114,4.258831108685188,238588604.8387493,8.377649697616677,15.08308550999973,30.24723473053962,0.6534436714562691,0.2159037524224497,1.7045774854653015,2.290098382513042,0.35985414001008115,0.015455968159549317,262396.59619562374,5.41895819707921,43.53790025540597,0.6131185419954824,3.675967399671275,7.371691205088872,0.5653716511891406,351.31835621159803,0.14598579007944365,2.638122531642494,2.6101937641486037,2.5094616142647586,2.784366547575184,4.380645309015217,1.247705914035686,19.381056838420793,34.3810568384208,2.379929896451807,2.3799298964518174,0.0,calibration_check
ok,R30033_S+00,30033,0,20295106,643.2006764513399,0.2962392486516708,0.23680292177148382,41.65254641861502,1680.8633647448112,2.927611466024276,2.278377041908753,0.39034313215563843,0.17114006890184372,0.06061527393310484,621.2493496170144,4,7.494980614789523e-13,7.58579938463895e-13,7.411450508758749e-13,6.350206224278752e-13,9.591451242778814e-13,0.16157957385676303,0.18532093314327042,3.159678609909751e-11,1.5254761776221866,3.863809632401451,3.780381048724628,2.6348114278259507,1.9444982861667357,1.7094416237469836,397197065.24885714,7888920.436598762,157.93855085417013,0.25422344154890014,186.03426597810258,126.60330004525525,7892341.22516986,22892341.22516986,7882663.428911503,200.59300922569645,200.59300922569645,200.59300922569645,200.44436254868728,0.14864667700916812,397197065.248858,397197065.2488586,0.0,1.0000000000000016,0.013055205307778905,0.00674870395045467,0.6295316098169866,0.0,1.5006315501864601e-15,2631,0,0.0,1.0532939280000164,0.0,2.8054461657480017e-13,0,0.05,24000000.0,False,1107658.7748301402,0.56046;0.56047;0.56049;0.56051;0.56054;0.56058;0.56069;0.56088;0.56124;0.56191;0.56322;0.56589;0.57201;0.59928;0.62095;0.56124;0.38179;0.00000;0.00000;0.00000;0.00000;0.00000;0.00000;0.00000,2.808346492486243,26790.946032374013,4.427988049531525,87547411.43598817,7.942243309577819,2.517283096616074,3.780381048724628,0.31965469558285087,0.637114721539899,-0.8226883292393933,3.863809632401451,0.5870157208401849,0.007302923886868395,441983.4192606399,5.645405977361134,40.354396291930264,0.18340542993449754,1.650162181188468,2.478164591607875,0.2175266296283858,157.7757401122182,0.09386589262487241,2.885717950858894,2.875619810645494,2.808504427092512,2.987600921209639,4.505359507904176,0.8970175760222895,7.89234122516986,22.89234122516986,0.39719706524885856,0.39719706524885795,0.0,calibration_check
ok,R30033_S+01,30033,1,20295106,643.2006764513399,0.2962392486516708,0.23680292177148382,41.65254641861502,1680.8633647448112,2.927611466024276,2.278377041908753,0.39034313215563843,0.17114006890184372,0.06061527393310484,621.2493496170144,4,7.494980614789523e-13,7.58579938463895e-13,7.411450508758749e-13,6.350206224278752e-13,9.591451242778814e-13,0.16157957385676303,0.18532093314327042,3.159678609909751e-11,1.5254761776221866,3.863809632401451,0.32542390969872664,0.24637067007465474,0.3151217860616094,0.5316772576595907,55959262.665990755,1159656.6788269053,59.34726191582852,0.25478550513153136,70.49969391100286,47.53892566567345,1151922.3993771318,16151922.399377132,1150192.0349860638,78.14156051816437,78.14156051816437,78.14156051816437,77.72024395673265,0.42131656143172336,55959262.66599077,55959262.66599418,0.0,1.000000000000061,0.002212925321793348,0.0010167866301715957,0.7195000247397347,0.0,6.097946525419424e-14,350,0,0.0,0.16398723899999368,0.0,1.2313194246081891e-12,0,0.05,24000000.0,False,7848077.600622868,0.68033;0.68038;0.68045;0.68054;0.68067;0.68086;0.68302;0.68861;0.71042;0.70917;0.67058;0.62220;0.56196;0.40373;0.00000;0.00000;0.00000;0.00000;0.00000;0.00000;0.00000;0.00000;0.00000;0.00000,2.808346492486243,26790.946032374013,4.427988049531525,87547411.43598817,7.942243309577819,0.3546484058736454,0.5316772576595907,0.3006635788885973,0.4030714436491089,0.5815713381053468,3.863809632401451,0.5870157208401849,0.0010288752656290744,441983.4192606399,5.645405977361134,40.354396291930264,0.18340542993449754,0.2324837392259041,0.3485319964080559,-0.6336074178769329,59.220654429493656,0.03523228340364509,2.885717950858894,2.875619810645494,2.808504427092512,2.987600921209639,4.505359507904176,0.06432943357172585,1.151922399377132,16.15192239937713,0.05595926266599418,0.05595926266599077,0.0,calibration_check
ok,R30033_S+02,30033,2,20295106,643.2006764513399,0.2962392486516708,0.23680292177148382,41.65254641861502,1680.8633647448112,2.927611466024276,2.278377041908753,0.39034313215563843,0.17114006890184372,0.06061527393310484,621.2493496170144,4,7.494980614789523e-13,7.58579938463895e-13,7.411450508758749e-13,6.350206224278752e-13,9.591451242778814e-13,0.16157957385676303,0.18532093314327042,3.159678609909751e-11,1.5254761776221866,3.863809632401451,0.025567187566121318,0.432147385602466,0.7687822354600331,0.9271749668999537,84955890.52927567,1760873.858496409,73.14839076451027,0.25495373744034505,86.63929683780326,58.58526472276849,1748094.5086851846,16748094.508685185,1744746.086302746,96.88702025580025,96.88702025580025,96.88702025580025,96.53396124155043,0.35305901424982267,84955890.52927569,84955890.52927658,0.0,1.0000000000000104,0.003282914969874379,0.0015343841479771368,0.7040981329032644,0.0,1.052392795909501e-14,419,0,0.0,0.18281490599997596,0.0,7.71059982116579e-12,0,0.05,24000000.0,False,7251905.491314815,0.65720;0.65723;0.65728;0.65734;0.65743;0.65755;0.65860;0.66096;0.66645;0.68962;0.69606;0.65451;0.60267;0.53188;0.10322;0.00000;0.00000;0.00000;0.00000;0.00000;0.00000;0.00000;0.00000;0.00000,2.808346492486243,26790.946032374013,4.427988049531525,87547411.43598817,7.942243309577819,0.5384179438821436,0.9271749668999537,0.6423852515377224,0.2125275440619315,1.6745500211842659,3.863809632401451,0.5870157208401849,0.0015620115468066363,441983.4192606399,5.645405977361134,40.354396291930264,0.18340542993449754,0.3529507387794116,0.6077938026834179,-0.4522859047231466,72.96825474391228,0.04341117563413034,2.885717950858894,2.875619810645494,2.808504427092512,2.987600921209639,4.505359507904176,0.2457282460745476,1.7480945086851847,16.748094508685185,0.08495589052927657,0.08495589052927568,0.0,calibration_check
ok,R30033_S+03,30033,3,20295106,643.2006764513399,0.2962392486516708,0.23680292177148382,41.65254641861502,1680.8633647448112,2.927611466024276,2.278377041908753,0.39034313215563843,0.17114006890184372,0.06061527393310484,621.2493496170144,4,7.494980614789523e-13,7.58579938463895e-13,7.411450508758749e-13,6.350206224278752e-13,9.591451242778814e-13,0.16157957385676303,0.18532093314327042,3.159678609909751e-11,1.5254761776221866,3.863809632401451,4.974774469967294,5.125508094056806,4.208087789483397,2.2225135562470637,652093777.5880882,12636590.07722271,202.3313898095315,0.25413343122595555,233.71711911729196,162.1916747586214,12689965.812006827,27689965.812006827,12675209.428973477,260.99135040225934,260.99135040225934,260.99135040225934,260.65931753353897,0.3320328687203755,652093777.5880901,652093777.5880911,0.0,1.0000000000000016,0.023589697629837918,0.010587592769812262,0.6005853265879997,0.0,1.6452903598088658e-15,5816,0,0.0,3.186244206999959,0.0,2.528751171840528e-13,0,0.05,24000000.0,True,-3689965.8120068274,0.52629;0.52630;0.52632;0.52634;0.52637;0.52641;0.52647;0.52657;0.52674;0.52704;0.52762;0.52873;0.53096;0.53574;0.55065;0.59871;0.54031;0.16534;0.00000;0.00000;0.00000;0.00000;0.00000;0.00000,2.808346492486243,26790.946032374013,4.427988049531525,87547411.43598817,7.942243309577819,4.13272097743864,5.125508094056806,0.27982111623960837,0.6109947065845714,-0.6659682395074286,3.863809632401451,0.5870157208401849,0.011989492474831416,441983.4192606399,5.645405977361134,40.354396291930264,0.18340542993449754,2.7091350478382807,3.3599397809319553,0.4328306547449058,202.15860806475945,0.12027069677698114,2.885717950858894,2.875619810645494,2.808504427092512,2.987600921209639,4.505359507904176,1.101629897487805,12.689965812006827,27.68996581200683,0.6520937775880912,0.6520937775880901,0.0,calibration_check
ok,R30034_S+00,30034,0,20296106,172.84729429458073,0.17690299711442348,0.22201859375450628,48.805689670780595,2495.6489828699223,2.151963172696946,2.873432641503365,0.5025412479927358,0.21796229399016298,0.06797954221322602,618.810719599483,4,1.813434018649296e-13,1.865775034979598e-13,1.762544847805079e-13,1.3145511500587867e-13,2.5006122969740057e-13,0.24146443357409797,0.27404027864710967,9.106043735270408e-12,3.297218182659787,4.435521908192214,0.03815253083108706,0.5970210202155511,1.0819088403011565,1.4139680331135367,123510546.09372613,1266363.610980099,89.08544276806306,0.2697352090642275,114.66253234271231,74.93096191799033,1181984.410211552,16181984.410211552,1167592.5033822097,127.0825470516045,127.0825470516045,127.0825470516045,121.71657523899002,5.365971812614475,123510546.09372607,123510546.09372637,0.0,1.0000000000000024,0.0023589354135949763,0.0009312418797399617,0.6243695698178146,0.0,2.4129374640672223e-15,371,0,0.0,0.18488847100002204,0.0,1.330312530720267e-12,0,0.05,24000000.0,False,7818015.589788448,0.57892;0.57903;0.57918;0.57940;0.57970;0.58012;0.58160;0.58463;0.59257;0.62107;0.60175;0.55721;0.50561;0.44450;0.32789;0.00000;0.00000;0.00000;0.00000;0.00000;0.00000;0.00000;0.00000;0.00000,2.2376625856017096,8435.931405775393,3.926133039747587,212019924.9925442,8.326376676531087,0.7827626061153328,1.4139680331135367,0.6628543596768773,0.20286276646468063,1.7576408115741493,4.435521908192214,0.6469447286800943,0.0009413899054851547,124095.14879219218,5.093754804109833,51.13438616899698,0.518147686114962,0.23740091275485353,0.4288366601123504,-0.6245176156104327,86.58734496700771,0.03469532196288071,2.276575875464406,2.251856774157662,2.124494087225195,2.4037629602945287,3.9650463296102836,0.102558422560553,1.181984410211552,16.18198441021155,0.12351054609372637,0.12351054609372607,0.0,calibration_check
ok,R30034_S+01,30034,1,20296106,172.84729429458073,0.17690299711442348,0.22201859375450628,48.805689670780595,2495.6489828699223,2.151963172696946,2.873432641503365,0.5025412479927358,0.21796229399016298,0.06797954221322602,618.810719599483,4,1.813434018649296e-13,1.865775034979598e-13,1.762544847805079e-13,1.3145511500587867e-13,2.5006122969740057e-13,0.24146443357409797,0.27404027864710967,9.106043735270408e-12,3.297218182659787,4.435521908192214,4.491806751366701,5.9151970756758905,7.210111882634326,8.376551172242007,1025372177.4910557,9679364.223488785,255.01909570576328,0.2662515038335007,325.91691011468214,216.28958758699724,9418833.370861039,24418833.37086104,9269065.09766857,354.1303400398206,354.1303400398206,354.1303400398206,347.0293561335132,7.10098390630742,1025372177.4910588,1025372177.4910595,0.0,1.0000000000000007,0.018288053946834942,0.007183885868298758,0.5178435524920824,0.0,6.975571924087285e-16,6126,0,0.0,2.9698952009999857,0.0,4.026863661088202e-14,0,0.05,24000000.0,True,-418833.37086103857,0.44428;0.44444;0.44465;0.44495;0.44537;0.44595;0.44633;0.44672;0.44719;0.44780;0.44868;0.45014;0.45283;0.45856;0.48168;0.51152;0.45650;0.35671;0.00737;0.00000;0.00000;0.00000;0.00000;0.00000,2.2376625856017096,8435.931405775393,3.926133039747587,212019924.9925442,8.326376676531087,6.498416720479731,8.376551172242007,0.22300558098474277,0.40036689991905894,0.5977986004856461,4.435521908192214,0.6469447286800943,0.007815324664850175,124095.14879219218,5.093754804109833,51.13438616899698,0.518147686114962,1.970878589307552,2.5404904098535703,0.2946598715560418,249.48426891227194,0.099967692021084,2.276575875464406,2.251856774157662,2.124494087225195,2.4037629602945287,3.9650463296102836,0.9858468321742564,9.418833370861039,24.418833370861037,1.0253721774910596,1.025372177491059,0.0,calibration_check
ok,R30034_S+02,30034,2,20296106,172.84729429458073,0.17690299711442348,0.22201859375450628,48.805689670780595,2495.6489828699223,2.151963172696946,2.873432641503365,0.5025412479927358,0.21796229399016298,0.06797954221322602,618.810719599483,4,1.813434018649296e-13,1.865775034979598e-13,1.762544847805079e-13,1.3145511500587867e-13,2.5006122969740057e-13,0.24146443357409797,0.27404027864710967,9.106043735270408e-12,3.297218182659787,4.435521908192214,8.951821712575272,8.26297134773476,7.808442612217549,7.588235506023638,1286424703.5803099,11577751.911052408,284.1302798066999,0.2634382679757041,362.95352897738684,242.39905439775262,11406896.837739527,26406896.837739527,11263443.571220838,393.2380943079904,393.2380943079904,393.2380943079904,387.081373030548,6.156721277442443,1286424703.5803146,1286424703.5803134,0.0,0.9999999999999991,0.022575239932178706,0.008837945340666988,0.5026808778911568,0.0,9.266713334951028e-16,8973,0,0.0,4.425165455000069,0.0,2.3983173859849106e-14,0,0.05,24000000.0,True,-2406896.837739527,0.43018;0.43030;0.43047;0.43071;0.43105;0.43151;0.43182;0.43213;0.43249;0.43295;0.43360;0.43463;0.43647;0.44010;0.44900;0.49095;0.47796;0.40153;0.08523;0.00000;0.00000;0.00000;0.00000;0.00000,2.2376625856017096,8435.931405775393,3.926133039747587,212019924.9925442,8.326376676531087,8.152867794637805,8.951821712575272,0.06396638297863676,0.5278753897994125,-0.16725233879647525,4.435521908192214,0.6469447286800943,0.009805051215612362,124095.14879219218,5.093754804109833,51.13438616899698,0.518147686114962,2.472650380710045,2.714961891103625,0.3931627138289875,279.44387037448416,0.11197242572676708,2.276575875464406,2.251856774157662,2.124494087225195,2.4037629602945287,3.9650463296102836,1.0636242392353346,11.406896837739527,26.406896837739527,1.2864247035803134,1.2864247035803147,0.0,calibration_check
ok,R30034_S+03,30034,3,20296106,172.84729429458073,0.17690299711442348,0.22201859375450628,48.805689670780595,2495.6489828699223,2.151963172696946,2.873432641503365,0.5025412479927358,0.21796229399016298,0.06797954221322602,618.810719599483,4,1.813434018649296e-13,1.865775034979598e-13,1.762544847805079e-13,1.3145511500587867e-13,2.5006122969740057e-13,0.24146443357409797,0.27404027864710967,9.106043735270408e-12,3.297218182659787,4.435521908192214,0.2805180237920031,0.6916642387273373,1.06166895723049,1.3905321793014611,135081651.9423763,1359621.4035123894,92.90920620629362,0.2682559303931075,120.05023322226604,78.37706358909347,1276938.341643393,16276938.341643393,1262549.8984251264,133.58376833579365,133.58376833579365,133.58376833579365,128.77982060752723,4.803947728266422,135081651.94237635,135081651.94237608,0.0,0.999999999999998,0.0027477880489091755,0.0010174654480727783,0.6216077695804698,0.0,1.985620531230078e-15,392,0,0.0,0.21395464199997605,0.0,3.7250781303517187e-13,0,0.05,24000000.0,False,7723061.658356607,0.57443;0.57453;0.57468;0.57488;0.57516;0.57555;0.57684;0.57944;0.58565;0.61272;0.60679;0.56371;0.51300;0.45370;0.35597;0.00106;0.00000;0.00000;0.00000;0.00000;0.00000;0.00000;0.00000;0.00000,2.2376625856017096,8435.931405775393,3.926133039747587,212019924.9925442,8.326376676531087,0.8560958497628228,1.3905321793014611,0.48381146945982795,0.28389994613006203,1.296600323219628,4.435521908192214,0.6469447286800943,0.0010295841737944648,124095.14879219218,5.093754804109833,51.13438616899698,0.518147686114962,0.2596418563579044,0.42172889456158225,-0.5856252944603706,90.55252891534977,0.03628416076816101,2.276575875464406,2.251856774157662,2.124494087225195,2.4037629602945287,3.9650463296102836,0.13341799274108843,1.276938341643393,16.276938341643394,0.1350816519423761,0.13508165194237634,0.0,calibration_check
ok,R30035_S+00,30035,0,20297106,45.529365135464545,0.8471190421693119,0.16446309858403563,61.879072524143204,2837.4005514900355,2.663134838728194,2.5477643363977363,0.4921277842620478,0.2668914814079737,0.07427828923136806,765.7448933454855,4,6.031400187400525e-14,1.738494160814973e-13,1.8531385035193443e-14,6.017500475286343e-15,4.643532268601629e-13,0.8626373178816289,1.2244051870534018,1.0757640625986923e-11,3.7560825051853675,3.975275596850068,0.4926321599069572,8.027692908806458,14.100117402531534,17.7500179811969,1592493553.4674735,14514753.676732805,376.06360995846535,0.44727252222165836,435.29796147527117,267.42870030817255,14288150.420913365,29288150.420913365,14071691.087849103,479.6137251471969,479.6137251471969,479.6137251471969,183.8353335058467,295.77839164135014,1592493553.4674823,1592493553.4674807,0.0,0.999999999999999,0.01778336417223733,0.0072400636284993625,0.5234839794492507,0.0,1.0479979966493571e-15,18730,0,0.0,10.333949258000075,0.0,4.23847486304086e-13,0,0.05,24000000.0,True,-5288150.420913365,0.43874;0.43932;0.44012;0.44124;0.44279;0.44496;0.44764;0.44920;0.45086;0.45267;0.45479;0.45751;0.46209;0.47112;0.46918;0.45622;0.36285;0.30639;0.19069;0.00060;0.00000;0.00000;0.00000;0.00000,1.6582915945188903,2817.3148871956078,3.449835390162488,257396972.43898535,8.410603434329149,10.092615113110462,17.7500179811969,0.6480611776237301,0.21105345277769935,1.7099023026125642,3.975275596850068,0.5993672426886384,0.008079605188197054,37929.18383486197,4.578973497597877,45.85396056773433,0.5747351233047222,2.687005703196708,4.725673080048841,0.4292685882285652,297.87330599240204,0.10498105593021632,2.2458898340978477,1.2736244774564007,0.7851327310165399,2.672565065639127,4.037433629741445,1.1618096700165779,14.288150420913365,29.288150420913365,1.5924935534674807,1.5924935534674822,0.0,calibration_check
ok,R30035_S+01,30035,1,20297106,45.529365135464545,0.8471190421693119,0.16446309858403563,61.879072524143204,2837.4005514900355,2.663134838728194,2.5477643363977363,0.4921277842620478,0.2668914814079737,0.07427828923136806,765.7448933454855,4,6.031400187400525e-14,1.738494160814973e-13,1.8531385035193443e-14,6.017500475286343e-15,4.643532268601629e-13,0.8626373178816289,1.2244051870534018,1.0757640625986923e-11,3.7560825051853675,3.975275596850068,3.1777292524786627,1.9291294978486497,1.4927850953704973,1.8686960450442058,334050603.6701003,2755788.5899544246,163.02719010662673,0.4007145441548743,189.82744906211386,116.80910049233327,2580252.8423999026,17580252.842399903,2569122.8517041057,216.36099112880856,216.36099112880856,216.36099112880856,106.78925575256683,109.57173537624173,334050603.67009985,334050603.67009926,0.0,0.9999999999999982,0.0043107997173122805,0.0016574076598579633,0.5833436112416994,0.0,1.784299867161884e-15,1190,0,0.0,0.6223922530000436,0.0,1.8486645245118402e-13,0,0.05,24000000.0,False,6419747.157600097,0.53976;0.54004;0.54043;0.54098;0.54175;0.54281;0.54371;0.54487;0.54669;0.55013;0.55606;0.55905;0.55956;0.52090;0.41093;0.30888;0.07886;0.00000;0.00000;0.00000;0.00000;0.00000;0.00000;0.00000,1.6582915945188903,2817.3148871956078,3.449835390162488,257396972.43898535,8.410603434329149,2.117084972685504,3.1777292524786627,0.2998329338434926,0.6030531150397457,-0.6183186902384743,3.975275596850068,0.5993672426886384,0.001694824437220823,37929.18383486197,4.578973497597877,45.85396056773433,0.5747351233047222,0.5636417649939303,0.8460222181200031,-0.24899683381255053,136.42654303183534,0.0480815241119877,2.2458898340978477,1.2736244774564007,0.7851327310165399,2.672565065639127,4.037433629741445,0.4402458976558054,2.5802528423999025,17.580252842399904,0.33405060367009926,0.33405060367009987,0.0,calibration_check
ok,R30035_S+02,30035,2,20297106,45.529365135464545,0.8471190421693119,0.16446309858403563,61.879072524143204,2837.4005514900355,2.663134838728194,2.5477643363977363,0.4921277842620478,0.2668914814079737,0.07427828923136806,765.7448933454855,4,6.031400187400525e-14,1.738494160814973e-13,1.8531385035193443e-14,6.017500475286343e-15,4.643532268601629e-13,0.8626373178816289,1.2244051870534018,1.0757640625986923e-11,3.7560825051853675,3.975275596850068,1.9411270390945836,1.2179296598055922,0.9050099773371815,1.0023679916893518,199855648.34570488,1634444.738899141,125.54612972253176,0.3972075650842348,147.3008158380163,90.03604799099342,1523367.751667425,16523367.751667425,1518404.142197227,162.65851771183927,162.65851771183927,162.65851771183927,84.80713858619288,77.85137912564639,199855648.3457047,199855648.3457037,0.0,0.9999999999999949,0.002296614808156341,0.0010005190887709197,0.6047776524423345,0.0,5.070054159434609e-15,619,0,0.0,0.3286333390000209,0.0,1.5650205411195914e-13,0,0.05,24000000.0,False,7476632.248332575,0.56681;0.56704;0.56736;0.56780;0.56842;0.56927;0.57036;0.57211;0.57558;0.58054;0.58446;0.57496;0.53361;0.45869;0.33246;0.14956;0.00000;0.00000;0.00000;0.00000;0.00000;0.00000;0.00000;0.00000,1.6582915945188903,2817.3148871956078,3.449835390162488,257396972.43898535,8.410603434329149,1.2666086669816772,1.9411270390945836,0.32019501345659007,0.6235265834766853,-0.7411595008601122,3.975275596850068,0.5993672426886384,0.0010139788194109159,37929.18383486197,4.578973497597877,45.85396056773433,0.5747351233047222,0.3372153474352844,0.5167956338591627,-0.4720926678706153,105.52393007808489,0.0371903536928087,2.2458898340978477,1.2736244774564007,0.7851327310165399,2.672565065639127,4.037433629741445,0.21337024152888132,1.523367751667425,16.523367751667426,0.19985564834570368,0.1998556483457047,0.0,calibration_check
ok,R30035_S+03,30035,3,20297106,45.529365135464545,0.8471190421693119,0.16446309858403563,61.879072524143204,2837.4005514900355,2.663134838728194,2.5477643363977363,0.4921277842620478,0.2668914814079737,0.07427828923136806,765.7448933454855,4,6.031400187400525e-14,1.738494160814973e-13,1.8531385035193443e-14,6.017500475286343e-15,4.643532268601629e-13,0.8626373178816289,1.2244051870534018,1.0757640625986923e-11,3.7560825051853675,3.975275596850068,6.321295468469776,5.869938555124751,4.665828155831919,2.7089642705912813,771821045.3738493,6051153.062679558,245.7568330617359,0.39411400455838663,287.7883190362683,178.3552099587504,5799674.655508123,20799674.655508123,5783570.296471942,321.03840732851216,321.03840732851216,321.03840732851216,162.02379198393345,159.01461534457871,771821045.3738513,771821045.3738488,0.0,0.9999999999999968,0.009078039166978923,0.0037233481362412666,0.5447731123740749,0.0,3.2434916041370996e-15,4654,0,0.0,2.5485129019999704,0.0,9.75807528529568e-14,0,0.05,24000000.0,False,3200325.3444918767,0.49344;0.49378;0.49427;0.49494;0.49588;0.49718;0.49812;0.49900;0.50002;0.50128;0.50305;0.50600;0.51234;0.51429;0.51820;0.45628;0.33351;0.16138;0.00000;0.00000;0.00000;0.00000;0.00000;0.00000,1.6582915945188903,2817.3148871956078,3.449835390162488,257396972.43898535,8.410603434329149,4.891506612504432,6.321295468469776,0.2857728346425002,0.6230817511535911,-0.7384905069215465,3.975275596850068,0.5993672426886384,0.0039158772787393865,37929.18383486197,4.578973497597877,45.85396056773433,0.5747351233047222,1.3022894480490197,1.682949045912348,0.11470752165131347,207.3724469285343,0.07308536217053828,2.2458898340978477,1.2736244774564007,0.7851327310165399,2.672565065639127,4.037433629741445,0.7818381384614947,5.799674655508124,20.799674655508124,0.7718210453738488,0.7718210453738513,0.0,calibration_check
ok,R30036_S+00,30036,0,20298106,166.39892580649322,0.5943067472687329,0.24565348691410088,57.783474612130746,3530.04046631758,2.350633865702619,2.2945904093631597,0.31869817071177997,0.26925935298123155,0.07512459961196746,712.2241968673516,4,1.2928069556182837e-13,1.5493293347777493e-13,1.0084636978017777e-13,4.3418962223239814e-14,2.593864664466238e-13,0.5369122388853953,0.5771256987818755,8.952563228195952e-12,8.54406320207552,2.5453566929441114,1.306845945399608,2.588242099738941,2.91529063944743,2.2879915645250755,358903411.21668375,1428596.5758206614,137.39196787851182,0.3179197947572604,155.4740233815933,99.2692990390135,1333129.4721525405,16333129.47215254,1309405.8627939373,179.44040110996875,179.44040110996875,179.44040110996875,129.92346172438357,49.516939385585175,358903411.21668357,358903411.21668315,0.0,0.9999999999999989,0.0020649400811204345,0.0008970003189409308,0.6383853071795095,0.0,1.1625203338505894e-15,693,0,0.0,0.3630409370000507,0.0,7.563321683409142e-14,0,0.05,24000000.0,False,7666870.52784746,0.60651;0.60669;0.60695;0.60730;0.60778;0.60846;0.60919;0.61027;0.61212;0.61574;0.62425;0.63197;0.60295;0.55549;0.48400;0.27661;0.00021;0.00000;0.00000;0.00000;0.00000;0.00000;0.00000;0.00000,2.2211505183620472,9615.108104825329,3.982954171472593,555694152.4132286,8.744835826715144,2.2745925622777636,2.91529063944743,0.26429437598832956,0.42810832473201604,0.4313500516079038,2.5453566929441114,0.4057486506895682,0.0009068282379065274,127988.80998353605,5.10717200109443,61.090830726480796,0.9316644522560077,0.2662190703043045,0.3412065864329338,-0.5747608375492471,124.35423175828463,0.03522742386236915,2.195860341590992,2.0093768670703898,1.643396036735699,2.419663910683752,3.9576639947015377,0.15490960483656072,1.3331294721525404,16.33312947215254,0.3589034112166832,0.35890341121668357,0.0,calibration_check
ok,R30036_S+01,30036,1,20298106,166.39892580649322,0.5943067472687329,0.24565348691410088,57.783474612130746,3530.04046631758,2.350633865702619,2.2945904093631597,0.31869817071177997,0.26925935298123155,0.07512459961196746,712.2241968673516,4,1.2928069556182837e-13,1.5493293347777493e-13,1.0084636978017777e-13,4.3418962223239814e-14,2.593864664466238e-13,0.5369122388853953,0.5771256987818755,8.952563228195952e-12,8.54406320207552,2.5453566929441114,53.605463010847394,36.17379988345943,22.89452548514575,13.767639815906369,4987735018.022324,16187459.851561362,500.74404085608995,0.3038789897980186,569.0185268251151,373.6260409476282,16518888.924381372,31518888.92438137,16238143.750997454,627.4398737807139,627.4398737807139,627.4398737807139,487.6165607105886,139.82331307012532,4987735018.022305,4987735018.022303,0.0,0.9999999999999997,0.026111884603403607,0.01100610132354787,0.5235669470542553,0.0,3.8240777144748683e-16,44858,0,0.0,24.514480357000025,0.0,1.2384160468747663e-14,0,0.05,24000000.0,True,-7518888.924381372,0.45848;0.45875;0.45912;0.45965;0.46038;0.46139;0.46233;0.46298;0.46364;0.46434;0.46510;0.46596;0.46704;0.46856;0.47093;0.47449;0.48366;0.50013;0.47389;0.23868;0.00000;0.00000;0.00000;0.00000,2.2211505183620472,9615.108104825329,3.982954171472593,555694152.4132286,8.744835826715144,31.610357048839735,53.605463010847394,0.47424795471745307,0.7100462575888731,-1.2602775455332378,2.5453566929441114,0.4057486506895682,0.012602329251217804,127988.80998353605,5.10717200109443,61.090830726480796,0.9316644522560077,3.699686706573163,6.274001226702722,0.5681649491028733,463.57868815079166,0.1313239019705577,2.195860341590992,2.0093768670703898,1.643396036735699,2.419663910683752,3.9576639947015377,1.2091787042814208,16.518888924381372,31.518888924381372,4.987735018022303,4.987735018022304,0.0,calibration_check
ok,R30036_S+02,30036,2,20298106,166.39892580649322,0.5943067472687329,0.24565348691410088,57.783474612130746,3530.04046631758,2.350633865702619,2.2945904093631597,0.31869817071177997,0.26925935298123155,0.07512459961196746,712.2241968673516,4,1.2928069556182837e-13,1.5493293347777493e-13,1.0084636978017777e-13,4.3418962223239814e-14,2.593864664466238e-13,0.5369122388853953,0.5771256987818755,8.952563228195952e-12,8.54406320207552,2.5453566929441114,47.97496072982524,29.75771519193075,17.847726096338878,12.244993443049637,4253388374.7557673,13934318.120353064,461.7890489038698,0.30305725625280466,522.7395337746,344.9852910454229,14104034.694745272,29104034.694745272,13919572.388952136,597.9839412424184,597.9839412424184,597.9839412424184,445.7740790540154,152.209862188403,4253388374.755749,4253388374.7557487,0.0,0.9999999999999999,0.023832841081680826,0.00955875312873963,0.5307031985917171,0.0,1.1210759897525403e-16,34390,0,0.0,18.325796098999945,0.0,1.4125910775657724e-14,0,0.05,24000000.0,True,-5104034.694745272,0.46927;0.46953;0.46989;0.47040;0.47111;0.47209;0.47296;0.47359;0.47424;0.47492;0.47568;0.47658;0.47775;0.47948;0.48229;0.48714;0.49921;0.51297;0.44312;0.14131;0.00000;0.00000;0.00000;0.00000,2.2211505183620472,9615.108104825329,3.982954171472593,555694152.4132286,8.744835826715144,26.956348865286127,47.97496072982524,0.507640007365042,0.72091250478898,-1.3254750287338792,2.5453566929441114,0.4057486506895682,0.010746882209718554,127988.80998353605,5.10717200109443,61.090830726480796,0.9316644522560077,3.1549800402620973,5.615005366319292,0.4989966160582985,428.094152464103,0.12127174080547481,2.195860341590992,2.0093768670703898,1.643396036735699,2.419663910683752,3.9576639947015377,1.144085721250713,14.104034694745273,29.104034694745273,4.253388374755748,4.253388374755749,0.0,calibration_check
ok,R30036_S+03,30036,3,20298106,166.39892580649322,0.5943067472687329,0.24565348691410088,57.783474612130746,3530.04046631758,2.350633865702619,2.2945904093631597,0.31869817071177997,0.26925935298123155,0.07512459961196746,712.2241968673516,4,1.2928069556182837e-13,1.5493293347777493e-13,1.0084636978017777e-13,4.3418962223239814e-14,2.593864664466238e-13,0.5369122388853953,0.5771256987818755,8.952563228195952e-12,8.54406320207552,2.5453566929441114,8.020688845235465,4.653417879819354,2.84842273110718,2.605703399098941,715104401.4414783,2519957.103179619,189.2020672374938,0.30259013898176046,216.52425732824378,140.23088439633216,2416645.405916631,17416645.40591663,2388330.8004729077,248.26429879243443,248.26429879243443,248.26429879243443,195.60923276652363,52.6550660259108,715104401.44148,715104401.4414775,0.0,0.9999999999999964,0.004408384967355799,0.0017689237916006424,0.6084102481286825,0.0,3.5007406967712105e-15,1759,0,0.0,0.8655470050000531,0.0,6.202668550526275e-14,0,0.05,24000000.0,False,6583354.594083369,0.57741;0.57757;0.57779;0.57809;0.57852;0.57911;0.57958;0.58018;0.58104;0.58245;0.58503;0.59018;0.60047;0.59904;0.55885;0.49316;0.28891;0.00008;0.00000;0.00000;0.00000;0.00000;0.00000;0.00000,2.2211505183620472,9615.108104825329,3.982954171472593,555694152.4132286,8.744835826715144,4.532058213815235,8.020688845235465,0.4774765300202939,0.6991363596356666,-1.1948181578139996,2.5453566929441114,0.4057486506895682,0.001806828366662883,127988.80998353605,5.10717200109443,61.090830726480796,0.9316644522560077,0.5304336012770025,0.9387440911353608,-0.27536897256148074,175.53208089801583,0.049725231926625764,2.195860341590992,2.0093768670703898,1.643396036735699,2.419663910683752,3.9576639947015377,0.40139314792005676,2.4166454059166314,17.416645405916633,0.7151044014414776,0.71510440144148,0.0,calibration_check
ok,R30037_S+00,30037,0,20299106,508.1508781711531,0.593055285209782,0.11973898741555601,37.35575841341709,2198.5361483881024,1.8879433654469675,3.151287284349982,0.5581407236299992,0.2023966392986653,0.07331289819794623,646.0793829184283,4,4.982396923081051e-13,5.155547315602529e-13,4.82400154709918e-13,3.7787471693249227e-13,7.221478099937337e-13,0.25840378325514857,0.3072268395057148,1.9258938001058908e-11,1.228243955725759,4.567878809998824,0.30699061189483734,0.2368733510913982,0.20806894506891974,0.2205773938274019,38362613.87836123,982750.2074996587,72.97283730333841,0.25688296639098057,100.29125324125093,65.16932141204201,976641.5467052218,15976641.546705222,975726.6097797286,110.62907787057023,110.62907787057023,110.62907787057023,110.28590529583416,0.343172574736073,38362613.878361255,38362613.87836105,0.0,0.9999999999999946,0.002521360686904245,0.0008654535763033064,0.6199268939355654,0.0,5.438009447826987e-15,317,0,0.0,0.21641182799999115,0.0,1.3067844351991066e-12,0,0.05,24000000.0,False,8023358.453294778,0.57493;0.57498;0.57505;0.57516;0.57530;0.57549;0.57818;0.58514;0.61358;0.60466;0.56162;0.51123;0.45428;0.38223;0.14048;0.00000;0.00000;0.00000;0.00000;0.00000;0.00000;0.00000;0.00000;0.00000,2.7059926804500853,18982.361442527337,4.278350238526753,67921963.69629328,7.832010233333308,0.2431275754706393,0.30699061189483734,0.1573647409178014,0.55923722549102,-0.35542335294611993,4.567878809998824,0.6597145731609624,0.0008742025618156062,258922.53490340264,5.413169850196545,58.85400917461905,0.08928463561865758,0.1979473005645505,0.24994270109266623,-0.7034504164069202,72.78571632750382,0.03310644511388545,2.71799137476372,2.6891240361812776,2.5830644326213585,2.864342696298904,4.290348932840388,-0.007556855810140057,0.9766415467052217,15.976641546705222,0.03836261387836105,0.038362613878361256,0.0,calibration_check
ok,R30037_S+01,30037,1,20299106,508.1508781711531,0.593055285209782,0.11973898741555601,37.35575841341709,2198.5361483881024,1.8879433654469675,3.151287284349982,0.5581407236299992,0.2023966392986653,0.07331289819794623,646.0793829184283,4,4.982396923081051e-13,5.155547315602529e-13,4.82400154709918e-13,3.7787471693249227e-13,7.221478099937337e-13,0.25840378325514857,0.3072268395057148,1.9258938001058908e-11,1.228243955725759,4.567878809998824,8.563615952933771,4.952056653030857,2.5259773652841133,1.2853780896935412,683499275.9199902,16113323.020140573,307.5253726874737,0.2560618513334879,410.4859356458002,275.21760325727234,16223202.4804767,31223202.4804767,16212105.840574075,440.076166188327,440.076166188327,440.076166188327,439.7082075365554,0.36795865177163023,683499275.91999,683499275.919991,0.0,1.0000000000000016,0.036848489177657,0.013313669089813414,0.46035661923173365,0.0,1.56969238118494e-15,14036,0,0.0,7.633259148000093,0.0,3.0016440799568504e-13,0,0.05,24000000.0,True,-7223202.4804767,0.38071;0.38071;0.38073;0.38074;0.38076;0.38079;0.38083;0.38088;0.38096;0.38111;0.38139;0.38192;0.38297;0.38507;0.38963;0.40321;0.45913;0.40704;0.25149;0.00000;0.00000;0.00000;0.00000;0.00000,2.7059926804500853,18982.361442527337,4.278350238526753,67921963.69629328,7.832010233333308,4.331757015235571,8.563615952933771,0.6409520546993541,0.7800340923110166,-1.6802045538661,4.567878809998824,0.6597145731609624,0.015575498059202945,258922.53490340264,5.413169850196545,58.85400917461905,0.08928463561865758,3.5267887906486557,6.97224351319816,0.5473794517847574,307.22821287563306,0.13974217030767638,2.71799137476372,2.6891240361812776,2.5830644326213585,2.864342696298904,4.290348932840388,1.2071851133856386,16.2232024804767,31.2232024804767,0.683499275919991,0.6834992759199899,0.0,calibration_check
ok,R30037_S+02,30037,2,20299106,508.1508781711531,0.593055285209782,0.11973898741555601,37.35575841341709,2198.5361483881024,1.8879433654469675,3.151287284349982,0.5581407236299992,0.2023966392986653,0.07331289819794623,646.0793829184283,4,4.982396923081051e-13,5.155547315602529e-13,4.82400154709918e-13,3.7787471693249227e-13,7.221478099937337e-13,0.25840378325514857,0.3072268395057148,1.9258938001058908e-11,1.228243955725759,4.567878809998824,3.2778328697766095,2.8316755347061937,1.7141511768712479,0.09686149222032278,312440794.7892883,7660750.456996211,207.7493496277519,0.25564225797280615,282.6626985954979,186.0811574362795,7648141.420013156,22648141.420013156,7647470.352177471,310.0902102853407,310.0902102853407,310.0902102853407,310.0437439733164,0.04646631202427898,312440794.7892886,312440794.78928566,0.0,0.9999999999999907,0.019843731409993355,0.006591653911813237,0.5087117120982044,0.0,9.347779299959292e-15,3675,0,0.0,2.1651026380000076,0.0,3.314142410380204e-12,45,0.05,24000000.0,False,1351858.5799868442,0.43686;0.43686;0.43687;0.43687;0.43688;0.43688;0.43695;0.43709;0.43732;0.43759;0.43847;0.44059;0.44524;0.46041;0.50775;0.46383;0.39311;0.20332;0.00000;0.00000;0.00000;0.00000;0.00000;0.00000,2.7059926804500853,18982.361442527337,4.278350238526753,67921963.69629328,7.832010233333308,1.9801302683935933,3.2778328697766095,0.6198872407157644,0.7713518274531531,-1.6064455093335306,4.567878809998824,0.6597145731609624,0.007119862689402533,258922.53490340264,5.413169850196545,58.85400917461905,0.08928463561865758,1.6121636578488605,2.66871483836431,0.20740912685676052,207.71886081441673,0.0944805301321562,2.71799137476372,2.6891240361812776,2.5830644326213585,2.864342696298904,4.290348932840388,0.8842713157642096,7.648141420013156,22.648141420013157,0.31244079478928566,0.3124407947892886,0.0,calibration_check
ok,R30037_S+03,30037,3,20299106,508.1508781711531,0.593055285209782,0.11973898741555601,37.35575841341709,2198.5361483881024,1.8879433654469675,3.151287284349982,0.5581407236299992,0.2023966392986653,0.07331289819794623,646.0793829184283,4,4.982396923081051e-13,5.155547315602529e-13,4.82400154709918e-13,3.7787471693249227e-13,7.221478099937337e-13,0.25840378325514857,0.3072268395057148,1.9258938001058908e-11,1.228243955725759,4.567878809998824,0.44105823759063806,1.3179673607794256,2.985796668987226,5.444546162214039,401940016.44130015,10105963.264328009,237.14185861704158,0.25892633598118053,321.154220271105,210.98117301600044,10043041.904474095,25043041.904474095,10002149.230529256,349.77595541536914,349.77595541536914,349.77595541536914,347.6987194963545,2.0772359190146403,401940016.4412995,401940016.44129956,0.0,1.0000000000000002,0.024390579865688124,0.008309633800510868,0.49401140111960806,0.0,1.482923877625294e-16,5647,0,0.0,2.7772314390000474,0.0,6.395608153126045e-13,0,0.05,24000000.0,True,-1043041.9044740945,0.41702;0.41706;0.41713;0.41721;0.41733;0.41749;0.41763;0.41780;0.41806;0.41847;0.41919;0.42057;0.42335;0.42970;0.46069;0.48416;0.42284;0.31556;0.00176;0.00000;0.00000;0.00000;0.00000;0.00000,2.7059926804500853,18982.361442527337,4.278350238526753,67921963.69629328,7.832010233333308,2.547342107392832,5.444546162214039,0.7482948118504826,0.17263342772698884,1.9641994336380675,4.567878809998824,0.6597145731609624,0.009159360026491542,258922.53490340264,5.413169850196545,58.85400917461905,0.08928463561865758,2.0739708064654216,4.432788890865662,0.31680263889959537,235.59859064438035,0.10716157240221583,2.71799137476372,2.6891240361812776,2.5830644326213585,2.864342696298904,4.290348932840388,1.0045777152233446,10.043041904474094,25.043041904474094,0.40194001644129956,0.4019400164412995,0.0,calibration_check
ok,R30038_S+00,30038,0,20300106,633.1877727444945,0.7827680606665578,0.12536461230630497,22.380633127557285,3354.272979562598,2.088582202138941,2.615543415150558,0.6263916150061029,0.2865102113396335,0.05429362761707463,676.0695446134523,4,4.240440316138066e-13,1.1258426824837782e-12,7.54276300427521e-14,2.0027563082134706e-14,2.9904178949285707e-12,0.8829272764866498,1.1492130753090013,2.5197072036014398e-11,1.8409483347466156,6.922266672884214,1.9852621865329332,3.863790935700133,5.934116939706951,8.196240198553381,788127796.545683,14744840.652835988,470.5027812538012,0.3335607689404299,608.3011280150073,385.1521416784949,14211436.352829956,29211436.352829956,14187930.719134036,661.3168342001345,661.3168342001345,661.3168342001345,456.61136644045075,204.70546775968376,788127796.5456736,788127796.5456684,0.0,0.9999999999999933,0.03292474810152974,0.010336456099985835,0.4471978428087383,0.0,6.6552769274524685e-15,24065,0,0.0,12.486924992000013,0.0,3.791138363368375e-13,0,0.05,24000000.0,True,-5211436.3528299555,0.35859;0.35880;0.35909;0.35949;0.36006;0.36084;0.36157;0.36209;0.36262;0.36321;0.36389;0.36475;0.36594;0.36788;0.37164;0.38381;0.39437;0.41526;0.34814;0.20824;0.00143;0.00000;0.00000;0.00000,2.8015325197707566,14171.143242649649,4.151404887928915,99173127.73057419,7.99639401026587,4.994852565123349,8.196240198553381,0.4638135991777387,0.29275404258547033,1.2434757444871782,6.922266672884214,0.8402483260085629,0.01175469222141285,261009.32769857894,5.416656028011216,149.8739093056523,0.26504160042726155,2.7131954063288966,4.452183716324389,0.4334810730960286,430.5366764147356,0.1283546923693963,3.0571943071968537,1.8832470600432851,1.3073447061037815,3.4814484806667667,4.407066675355011,1.1686400835023996,14.211436352829956,29.211436352829956,0.7881277965456683,0.7881277965456736,0.0,calibration_check
ok,R30038_S+01,30038,1,20300106,633.1877727444945,0.7827680606665578,0.12536461230630497,22.380633127557285,3354.272979562598,2.088582202138941,2.615543415150558,0.6263916150061029,0.2865102113396335,0.05429362761707463,676.0695446134523,4,4.240440316138066e-13,1.1258426824837782e-12,7.54276300427521e-14,2.0027563082134706e-14,2.9904178949285707e-12,0.8829272764866498,1.1492130753090013,2.5197072036014398e-11,1.8409483347466156,6.922266672884214,0.435890806692691,1.51338339515208,2.1100389335287053,2.2258574218225657,247931122.9697123,4798743.796276756,262.469344901461,0.32996915787675235,346.87951495361256,215.35126573111324,4553353.360839821,19553353.36083982,4549214.893500995,378.70056236863445,378.70056236863445,378.70056236863445,271.04518361124565,107.6553787573888,247931122.96971253,247931122.9697113,0.0,0.9999999999999951,0.01092528685459874,0.003541216439454883,0.5002187732610119,0.0,4.928365601138247e-15,3164,0,0.0,1.6688412230000722,0.0,1.6762236559750192e-12,0,0.05,24000000.0,False,4446646.639160179,0.43769;0.43783;0.43803;0.43830;0.43868;0.43921;0.43962;0.44007;0.44067;0.44157;0.44309;0.44600;0.45356;0.47214;0.48695;0.44010;0.37761;0.24691;0.02307;0.00000;0.00000;0.00000;0.00000;0.00000,2.8015325197707566,14171.143242649649,4.151404887928915,99173127.73057419,7.99639401026587,1.5712926392990105,2.2258574218225657,0.4512735180217898,0.3101386325328913,1.139168204802652,6.922266672884214,0.8402483260085629,0.003697819129577296,261009.32769857894,5.416656028011216,149.8739093056523,0.26504160042726155,0.8535234855003576,1.2090819605368928,-0.06878452436426498,241.4778804226256,0.07199112352928254,3.0571943071968537,1.8832470600432851,1.3073447061037815,3.4814484806667667,4.407066675355011,0.6811275636783107,4.553353360839822,19.55335336083982,0.24793112296971132,0.24793112296971254,0.0,calibration_check
ok,R30038_S+02,30038,2,20300106,633.1877727444945,0.7827680606665578,0.12536461230630497,22.380633127557285,3354.272979562598,2.088582202138941,2.615543415150558,0.6263916150061029,0.2865102113396335,0.05429362761707463,676.0695446134523,4,4.240440316138066e-13,1.1258426824837782e-12,7.54276300427521e-14,2.0027563082134706e-14,2.9904178949285707e-12,0.8829272764866498,1.1492130753090013,2.5197072036014398e-11,1.8409483347466156,6.922266672884214,0.05765899952347106,0.9490188772916047,1.7090054302832414,2.1173276566388743,190647783.48654097,3771437.839573031,231.81053869391758,0.3347201159235859,306.69828255000056,189.20234481343783,3568736.488754023,18568736.488754023,3565037.13508394,336.72247888342224,336.72247888342224,336.72247888342224,223.68695020783377,113.03552867558847,190647783.486541,190647783.4865409,0.0,0.9999999999999996,0.008559430212586882,0.002748578307812962,0.5140540437735036,0.0,4.689641050529062e-16,2089,0,0.0,1.2095099880000362,0.0,9.908680835073058e-12,0,0.05,24000000.0,False,5431263.511245977,0.45401;0.45415;0.45436;0.45464;0.45503;0.45557;0.45602;0.45656;0.45735;0.45861;0.46097;0.46651;0.48028;0.50330;0.47077;0.41546;0.33429;0.19755;0.00040;0.00000;0.00000;0.00000;0.00000;0.00000,2.8015325197707566,14171.143242649649,4.151404887928915,99173127.73057419,7.99639401026587,1.2082527409342978,2.1173276566388743,0.6501383523665849,0.2082920738993417,1.7046670678543105,6.922266672884214,0.8402483260085629,0.00284345511908226,261009.32769857894,5.416656028011216,149.8739093056523,0.26504160042726155,0.6563208310246248,1.1501287769329491,-0.18288381141353724,211.75209298382208,0.06312905785367381,3.0571943071968537,1.8832470600432851,1.3073447061037815,3.4814484806667667,4.407066675355011,0.5765069541166861,3.568736488754023,18.568736488754023,0.1906477834865409,0.190647783486541,0.0,calibration_check
ok,R30038_S+03,30038,3,20300106,633.1877727444945,0.7827680606665578,0.12536461230630497,22.380633127557285,3354.272979562598,2.088582202138941,2.615543415150558,0.6263916150061029,0.2865102113396335,0.05429362761707463,676.0695446134523,4,4.240440316138066e-13,1.1258426824837782e-12,7.54276300427521e-14,2.0027563082134706e-14,2.9904178949285707e-12,0.8829272764866498,1.1492130753090013,2.5197072036014398e-11,1.8409483347466156,6.922266672884214,0.5413540842899517,0.4120713543491497,0.2622182914264141,0.09179489552174529,51574531.46354068,948260.9833908986,116.18129973221284,0.31080241977108514,153.40255819066257,97.69848871337395,902412.0692439768,15902412.069243977,902339.2574318126,170.67165884316142,170.67165884316142,170.67165884316142,143.0752884732725,27.596370369888916,51574531.46354067,51574531.463537365,0.0,0.9999999999999358,0.002399181279549838,0.000762344806585677,0.5790353629714954,0.0,6.414130562432212e-14,455,0,0.0,0.2049897829999736,0.0,5.384187449967549e-12,6,0.05,24000000.0,False,8097587.930756023,0.53576;0.53581;0.53589;0.53599;0.53613;0.53632;0.53722;0.53909;0.54361;0.56286;0.56484;0.52532;0.47729;0.42368;0.35960;0.20470;0.00008;0.00000;0.00000;0.00000;0.00000;0.00000;0.00000;0.00000,2.8015325197707566,14171.143242649649,4.151404887928915,99173127.73057419,7.99639401026587,0.32685965639681525,0.5413540842899517,0.5135421752003921,0.7292315065350408,-1.3753890392102446,6.922266672884214,0.8402483260085629,0.0007692188328778907,261009.32769857894,5.416656028011216,149.8739093056523,0.26504160042726155,0.17754960865960617,0.2940626165722693,-0.7506802805978536,110.13604505054117,0.03283455035460563,3.0571943071968537,1.8832470600432851,1.3073447061037815,3.4814484806667667,4.407066675355011,-0.02307211830781363,0.9024120692439769,15.902412069243978,0.05157453146353737,0.05157453146354067,0.0,calibration_check
ok,R30039_S+00,30039,0,20301106,567.0894747545402,0.20677471801455655,0.14046084983975604,51.9233629809291,3572.8459831775617,2.3484418011301855,3.6754879396717888,0.33285416920230326,0.16790216287072351,0.05893843107771156,662.7292746245398,4,4.0683698175428703e-13,4.1095534332191675e-13,4.031139439603424e-13,3.656564897601846e-13,5.142683550522381e-13,0.14817811184749186,0.1709409683236752,2.133818346025622e-11,5.2386137155385,3.38849368518237,3.433851815781143,9.851866650838051,13.661169940275418,14.861761684093242,1649225820.1391978,10004356.42062573,365.26203950908547,0.25912607875563387,470.8307335163808,318.7402806524234,10228098.771342427,25228098.771342427,10043155.447626851,517.6905557461222,517.6905557461222,517.6905557461222,504.70506162610667,12.985494120015517,1649225820.1391966,1649225820.1392074,0.0,1.0000000000000064,0.019283625551138987,0.007767890839028084,0.5191924381770879,0.0,6.5053772070248006e-15,14639,0,0.0,7.083143941999992,0.0,7.081010409931923e-14,0,0.05,24000000.0,True,-1228098.7713424265,0.45126;0.45141;0.45161;0.45189;0.45227;0.45281;0.45316;0.45349;0.45384;0.45424;0.45474;0.45542;0.45648;0.45833;0.46203;0.47211;0.51463;0.48706;0.40733;0.02404;0.00000;0.00000;0.00000;0.00000,2.7536515868055838,29445.19264034442,4.469014399965414,292480265.3125753,8.466096568007973,10.452162522746963,14.861761684093242,0.4261503570628417,0.31777439447830974,1.0933536331301417,3.38849368518237,0.5300066806229363,0.008508390272954828,499592.4068884751,5.698615829078609,68.80998799114438,0.719216375658272,1.9952153547310252,2.836964603824685,0.2999897783805058,361.28572303585366,0.10111987047214922,2.619511229369323,2.6111444186944373,2.5687898835597567,2.716906399068559,4.334874042529153,1.000189155744752,10.228098771342427,25.228098771342427,1.6492258201392074,1.6492258201391967,0.0,calibration_check
ok,R30039_S+01,30039,1,20301106,567.0894747545402,0.20677471801455655,0.14046084983975604,51.9233629809291,3572.8459831775617,2.3484418011301855,3.6754879396717888,0.33285416920230326,0.16790216287072351,0.05893843107771156,662.7292746245398,4,4.0683698175428703e-13,4.1095534332191675e-13,4.031139439603424e-13,3.656564897601846e-13,5.142683550522381e-13,0.14817811184749186,0.1709409683236752,2.133818346025622e-11,5.2386137155385,3.38849368518237,9.291355133821906,11.463566118336848,14.020357340121022,16.961728799174438,2040869730.5706944,12178309.393585235,406.0470311732424,0.2587733592240026,522.6010382852227,354.56439344749276,12516345.173203073,27516345.173203073,12292424.549905159,566.6308187586154,566.6308187586154,566.6308187586154,561.0635803304131,5.567238428202359,2040869730.5706956,2040869730.5707068,0.0,1.0000000000000056,0.022661908271832898,0.00942563606172985,0.5062013435227052,0.0,5.490636197852744e-15,21145,0,0.0,11.161823813999945,0.0,3.4026716657178e-14,0,0.05,24000000.0,True,-3516345.1732030734,0.43810;0.43825;0.43845;0.43873;0.43911;0.43965;0.44000;0.44033;0.44067;0.44104;0.44148;0.44205;0.44288;0.44424;0.44676;0.45219;0.47583;0.50046;0.44049;0.16353;0.00000;0.00000;0.00000;0.00000,2.7536515868055838,29445.19264034442,4.469014399965414,292480265.3125753,8.466096568007973,12.934251847863553,16.961728799174438,0.22150795274448407,0.4011619979316198,0.5930280124102814,3.38849368518237,0.5300066806229363,0.010528889344268233,499592.4068884751,5.698615829078609,68.80998799114438,0.719216375658272,2.4690218730002282,3.2378277384460414,0.3925249373524363,401.90034530951027,0.11248745319608612,2.619511229369323,2.6111444186944373,2.5687898835597567,2.716906399068559,4.334874042529153,1.0855870032396042,12.516345173203073,27.516345173203074,2.040869730570707,2.0408697305706958,0.0,calibration_check
ok,R30039_S+02,30039,2,20301106,567.0894747545402,0.20677471801455655,0.14046084983975604,51.9233629809291,3572.8459831775617,2.3484418011301855,3.6754879396717888,0.33285416920230326,0.16790216287072351,0.05893843107771156,662.7292746245398,4,4.0683698175428703e-13,4.1095534332191675e-13,4.031139439603424e-13,3.656564897601846e-13,5.142683550522381e-13,0.14817811184749186,0.1709409683236752,2.133818346025622e-11,5.2386137155385,3.38849368518237,7.955762291187745,7.246856855366451,6.449314676029691,5.563135753177469,1073552849.5550581,6336754.210182155,293.30361833068446,0.25668091654129854,381.1614491004844,257.06486376533275,6378207.992168505,21378207.992168505,6317978.216055796,424.5684386970883,424.5684386970883,424.5684386970883,415.75731444817035,8.811124248917963,1073552849.5550561,1073552849.5550585,0.0,1.0000000000000022,0.014514495002215182,0.005211304208674278,0.54042114809415,0.0,2.2208369080327743e-15,6656,0,0.0,3.832508616000041,0.0,5.042391701144402e-14,0,0.05,24000000.0,False,2621792.0078314953,0.48088;0.48096;0.48106;0.48120;0.48139;0.48167;0.48185;0.48205;0.48231;0.48267;0.48324;0.48422;0.48609;0.49006;0.50247;0.53952;0.50600;0.44428;0.19768;0.00000;0.00000;0.00000;0.00000;0.00000,2.7536515868055838,29445.19264034442,4.469014399965414,292480265.3125753,8.466096568007973,6.803767393940339,7.955762291187745,0.1312184694149413,0.5586103355066986,-0.35166201304019135,3.38849368518237,0.5300066806229363,0.005538481456642638,499592.4068884751,5.698615829078609,68.80998799114438,0.719216375658272,1.2987724927607016,1.5186770247231212,0.11353308194907781,291.48918881458513,0.08158459395872,2.619511229369323,2.6111444186944373,2.5687898835597567,2.716906399068559,4.334874042529153,0.8018668620515793,6.378207992168504,21.378207992168505,1.0735528495550586,1.0735528495550561,0.0,calibration_check
ok,R30039_S+03,30039,3,20301106,567.0894747545402,0.20677471801455655,0.14046084983975604,51.9233629809291,3572.8459831775617,2.3484418011301855,3.6754879396717888,0.33285416920230326,0.16790216287072351,0.05893843107771156,662.7292746245398,4,4.0683698175428703e-13,4.1095534332191675e-13,4.031139439603424e-13,3.656564897601846e-13,5.142683550522381e-13,0.14817811184749186,0.1709409683236752,2.133818346025622e-11,5.2386137155385,3.38849368518237,1.074896144101941,1.4450124469341752,1.4635075543327223,1.1303814662975824,201723974.3874053,1222452.750390113,127.16981668533752,0.25679865424453785,168.991563754467,111.39042768123842,1211335.7873149347,16211335.787314935,1203369.776015602,183.59346714692134,183.59346714692134,183.59346714692134,182.88854349476813,0.7049236521532123,201723974.3874051,201723974.38740483,0.0,0.9999999999999987,0.002442438047956933,0.0010283298570134267,0.6244852408873953,0.0,1.3296431537391152e-15,546,0,0.0,0.30692755899997337,0.0,1.961281955699438e-13,0,0.05,24000000.0,False,7788664.212685065,0.57801;0.57806;0.57813;0.57823;0.57836;0.57856;0.57916;0.58030;0.58265;0.58814;0.61392;0.61205;0.57367;0.52933;0.47773;0.38984;0.00587;0.00000;0.00000;0.00000;0.00000;0.00000;0.00000;0.00000,2.7536515868055838,29445.19264034442,4.469014399965414,292480265.3125753,8.466096568007973,1.2784494029166051,1.4635075543327223,0.13846653837613493,0.49276658608610047,0.04340048348339749,3.38849368518237,0.5300066806229363,0.0010406981751927248,499592.4068884751,5.698615829078609,68.80998799114438,0.719216375658272,0.24404345736058677,0.27936924419369635,-0.6125328309916122,126.35414552555717,0.03536512520284524,2.619511229369323,2.6111444186944373,2.5687898835597567,2.716906399068559,4.334874042529153,0.08723208199491363,1.2113357873149346,16.211335787314933,0.20172397438740483,0.2017239743874051,0.0,calibration_check
ok,R30040_S+00,30040,0,20302106,32.582176124338105,0.2515706773325996,0.21094531034175748,20.20228151005892,2864.548435786968,2.7131518673117494,2.1099302214507283,0.2175396877385601,0.33511797374770336,0.06084812743448456,726.8921937158705,4,3.9987276468928394e-14,4.100319312219832e-14,3.892345572415772e-14,2.8247998877935778e-14,5.140172082411521e-14,0.23215459872331046,0.24810148615885247,8.283580502659622e-13,1.1936367674815302,2.145075257799373,0.37083000739531313,0.8260331144978065,1.6545461731481055,2.8563691833462106,225154737.63694918,7296858.901519564,200.3980703295256,0.2928702782240543,218.0375481577454,145.00447171589545,7205091.002881572,22205091.00288157,6481124.189116117,249.37766261041267,249.37766261041267,249.37766261041267,204.88040483434608,44.49725777606659,225154737.6369484,225154737.63694862,0.0,1.0000000000000009,0.006126235185600888,0.0027292682704198076,0.5613079276779527,0.0,9.265461562272397e-16,3523,0,0.0,2.288413817999981,0.0,1.9764614898516416e-14,0,0.05,24000000.0,False,1794908.9971184283,0.50215;0.50280;0.50370;0.50495;0.50670;0.50913;0.51094;0.51247;0.51411;0.51594;0.51817;0.52121;0.52634;0.54449;0.54899;0.50121;0.32423;0.00059;0.00000;0.00000;0.00000;0.00000;0.00000;0.00000,1.5129800869470436,658.2342942741989,2.8183805054667896,109858206.83884354,8.040832505969238,1.426944619596859,2.8563691833462106,0.6622012905512858,0.2096898340440251,1.7418609957358495,2.145075257799373,0.33144253357139,0.002819542068800284,10817.659014781064,4.034133287853603,141.79331351068842,0.07687218786687312,1.1954596728848994,2.392996982970708,0.07753493039829454,186.54051138249324,0.06512039002449109,1.618534276471095,1.5959279888523688,1.456704285071188,1.7166942562937022,2.923934694990841,0.8631359484338488,7.205091002881572,22.20509100288157,0.22515473763694863,0.2251547376369484,0.0,calibration_check
ok,R30040_S+01,30040,1,20302106,32.582176124338105,0.2515706773325996,0.21094531034175748,20.20228151005892,2864.548435786968,2.7131518673117494,2.1099302214507283,0.2175396877385601,0.33511797374770336,0.06084812743448456,726.8921937158705,4,3.9987276468928394e-14,4.100319312219832e-14,3.892345572415772e-14,2.8247998877935778e-14,5.140172082411521e-14,0.23215459872331046,0.24810148615885247,8.283580502659622e-13,1.1936367674815302,2.145075257799373,1.073547100942576,0.9420176980133598,0.7231828941366911,0.4170426893125699,124486463.2147378,2573429.2968437374,145.82983619532314,0.2805045862805702,161.33553113818584,107.29459553911563,2422745.1307611763,17422745.130761176,2289754.2319181114,180.94165715819145,180.94165715819145,180.94165715819145,161.68665845586017,19.254998702331278,124486463.21473777,124486463.21473783,0.0,1.0000000000000004,0.00353223458569488,0.0015310797424653358,0.5744143680508459,0.0,4.788042268706219e-16,1322,0,0.0,0.7464883189999227,0.0,3.496000563500664e-14,0,0.05,24000000.0,False,6577254.869238824,0.55373;0.55391;0.55415;0.55450;0.55497;0.55564;0.55617;0.55685;0.55785;0.55938;0.55997;0.56416;0.57283;0.55433;0.50828;0.38210;0.00124;0.00000;0.00000;0.00000;0.00000;0.00000;0.00000;0.00000,1.5129800869470436,658.2342942741989,2.8183805054667896,109858206.83884354,8.040832505969238,0.7889475956012992,1.073547100942576,0.3150126390355776,0.638687794409135,-0.8321267664548101,2.145075257799373,0.33144253357139,0.0015589048834320953,10817.659014781064,4.034133287853603,141.79331351068842,0.07687218786687312,0.6609612045261558,0.8993917833208733,-0.1798240309147747,138.70550004249753,0.0484214189956231,1.618534276471095,1.5959279888523688,1.456704285071188,1.7166942562937022,2.923934694990841,0.41051224081528226,2.4227451307611765,17.422745130761175,0.12448646321473783,0.12448646321473777,0.0,calibration_check
ok,R30040_S+02,30040,2,20302106,32.582176124338105,0.2515706773325996,0.21094531034175748,20.20228151005892,2864.548435786968,2.7131518673117494,2.1099302214507283,0.2175396877385601,0.33511797374770336,0.06084812743448456,726.8921937158705,4,3.9987276468928394e-14,4.100319312219832e-14,3.892345572415772e-14,2.8247998877935778e-14,5.140172082411521e-14,0.23215459872331046,0.24810148615885247,8.283580502659622e-13,1.1936367674815302,2.145075257799373,0.042470598567113216,0.15634293823970946,0.27932249059582037,0.41140925563544595,35089892.780003496,1094637.4647713355,78.9973506377237,0.29201982108516383,86.80935409476065,56.810931014910885,976972.1447351854,15976972.144735185,908865.6212419234,97.08814739737436,97.08814739737436,97.08814739737436,83.8922684689791,13.19587892839526,35089892.78000352,35089892.7800035,0.0,0.9999999999999996,0.0010328085685526642,0.0004371550810975196,0.6087514574653161,0.0,4.246567889868076e-16,372,0,0.0,0.2035449359999575,0.0,1.58772528711408e-13,0,0.05,24000000.0,False,8023027.855264815,0.58605;0.58633;0.58672;0.58725;0.58800;0.58904;0.59021;0.59207;0.59648;0.60727;0.59215;0.55894;0.51330;0.39643;0.00846;0.00000;0.00000;0.00000;0.00000;0.00000;0.00000;0.00000;0.00000;0.00000,1.5129800869470436,658.2342942741989,2.8183805054667896,109858206.83884354,8.040832505969238,0.22238632075952225,0.41140925563544595,0.6186113520388874,0.22350018666594376,1.6589988800043374,2.145075257799373,0.33144253357139,0.0004394197071813025,10817.659014781064,4.034133287853603,141.79331351068842,0.07687218786687312,0.1863098781958083,0.3446687190303996,-0.7297641180924903,73.64167172192681,0.025707951313343903,1.618534276471095,1.5959279888523688,1.456704285071188,1.7166942562937022,2.923934694990841,0.03927030810852768,0.9769721447351855,15.976972144735186,0.035089892780003504,0.03508989278000352,0.0,calibration_check
ok,R30040_S+03,30040,3,20302106,32.582176124338105,0.2515706773325996,0.21094531034175748,20.20228151005892,2864.548435786968,2.7131518673117494,2.1099302214507283,0.2175396877385601,0.33511797374770336,0.06084812743448456,726.8921937158705,4,3.9987276468928394e-14,4.100319312219832e-14,3.892345572415772e-14,2.8247998877935778e-14,5.140172082411521e-14,0.23215459872331046,0.24810148615885247,8.283580502659622e-13,1.1936367674815302,2.145075257799373,0.3982813066926252,0.9902643754415635,1.8491786526182623,2.975024138222721,245074289.01345164,7743251.611552321,208.91493017166894,0.29242232354837183,229.2764481623849,151.31302296252696,7694234.806223623,22694234.806223623,6928836.795682367,257.9155692612856,257.9155692612856,257.9155692612856,220.59498820822793,37.32058105305768,245074289.01345107,245074289.0134511,0.0,1.0000000000000002,0.007169202307281669,0.0029624678516917266,0.5577302560907242,0.0,1.2160525899173206e-16,3960,0,0.0,1.6427011519999724,0.0,2.235984549240774e-14,0,0.05,24000000.0,False,1305765.1937763765,0.49858;0.49923;0.50013;0.50138;0.50313;0.50556;0.50741;0.50894;0.51057;0.51237;0.51451;0.51737;0.52199;0.53648;0.55067;0.50925;0.37214;0.00511;0.00000;0.00000;0.00000;0.00000;0.00000;0.00000,1.5129800869470436,658.2342942741989,2.8183805054667896,109858206.83884354,8.040832505969238,1.553187118243793,2.975024138222721,0.6242169845582636,0.2234994202926808,1.6590034782439151,2.145075257799373,0.33144253357139,0.003068988354883941,10817.659014781064,4.034133287853603,141.79331351068842,0.07687218786687312,1.301222583416966,2.492403232936401,0.11435159208926575,194.61732272880292,0.06793996578917554,1.618534276471095,1.5959279888523688,1.456704285071188,1.7166942562937022,2.923934694990841,0.8889233715886449,7.694234806223624,22.694234806223623,0.2450742890134511,0.24507428901345107,0.0,calibration_check
