status,scenario_id,realisation_id,schedule_id,seed,k_median_mD,V_DP,phi_mean,h_total_m,r_e_m,n_g,n_a,krg0,S_ar,mu_g_cP,rho_g,n_layers,k_geom_mean_m2,k_arith_mean_m2,k_harm_mean_m2,k_min_layer_m2,k_max_layer_m2,V_DP_layers,CV_k_layers,kh_total,q_ref_kg_s,endpoint_mobility_ratio,q1_kg_s,q2_kg_s,q3_kg_s,q4_kg_s,planned_mass_kg,rom_dp_bh_max_Pa,rom_r_fill_max_m,rom_max_layer_share,r_plume_m95_m,r_plume_m50_m,dp_bh_max_Pa,p_bh_max_Pa,dp_cell_max_Pa,r_plume_max_m,r_plume_end_m,r_plume_layer_max_m,r_plume_layer_min_m,r_plume_spread_m,mass_injected_kg,mass_retained_kg,mass_lost_kg,retention_fraction,sweep_efficiency,storage_efficiency,sg_max,sg_min,mass_balance_error,n_steps,n_clipped,max_clip,wall_time_s,max_bhp_spread_Pa,max_rate_rel_err,n_steps_layer_closed,sg_threshold,p_limit_Pa,p_limit_exceeded,p_margin_Pa,final_Sg_profile,log10_k_mD,kh_mD_m,log10_kh,pore_volume_m3,log10_pv,q_mean_kg_s,q_max_kg_s,q_cv,q_front_load,q_ramp,mobility_ratio,log10_mobility_ratio,dimensionless_mass,injectivity_index,log10_injectivity,aspect_ratio,log10_q_ref,q_mult_mean,q_mult_max,log10_q_mult_mean,r_fill_est_m,r_fill_over_re,log10_k_arith_mD,log10_k_harm_mD,log10_k_min_layer_mD,log10_k_max_layer_mD,log10_kh_realised,log10_rom_dp_MPa,dp_bh_max_MPa,p_bh_max_MPa,mass_retained_Mt,mass_injected_Mt,mass_lost_Mt,set
ok,R20000_S+00,20000,0,20262105,23.10462065615935,0.8179212785488513,0.2692163010284108,52.498829890178136,2877.9520335051784,1.7735646165696792,2.1060161023419264,0.30354606554133745,0.2973354070050871,0.0741315804029551,674.0347256874155,4,1.2940713737871783e-14,3.777672150009774e-14,2.898689982903391e-15,8.058342161335374e-16,1.0877796674960676e-13,0.8760323528117071,1.2976614946142548,1.9832336758422657e-12,2.6675257502647067,2.456815817696264,9.72888973706255,7.3708725694801105,4.591958999616954,1.3921490274730781,910589433.0508088,10217013.104463698,291.818654573536,0.5544751292100654,330.4150181801416,190.38928773542273,9183734.139976326,24183734.139976326,8664741.633323278,380.76013852392794,380.76013852392794,380.76013852392794,70.51401490370979,310.24612362021816,910589433.0508078,910589433.0508084,0.0,1.0000000000000007,0.009095980918809882,0.0034620882391961693,0.5355757849941223,0.0,6.545721113377436e-16,9108,0,0.0,4.554638730000079,0.0,9.42141750562888e-15,550,0.05,24000000.0,True,-183734.13997632638,0.50163;0.50229;0.50321;0.50449;0.50627;0.50875;0.51071;0.51234;0.51249;0.51274;0.51510;0.50622;0.47950;0.39309;0.38511;0.36880;0.27207;0.15062;0.01026;0.00000;0.00000;0.00000;0.00000;0.00000,1.3636988424375336,1212.9655495048057,3.0838484662644055,367762931.0168317,8.565567952019618,5.770967583408173,9.72888973706255,0.5396043227121806,0.7407666937735603,-1.4446001626413616,2.456815817696264,0.39037259955846154,0.003673435194875118,16362.332259902196,4.213845207367993,54.819355774700924,0.4261086204653519,2.1634158856144134,3.647158696067741,0.33514001433776713,208.0873634524172,0.07230397207106294,1.5829408621999916,0.46791836748090754,-0.08803769842285461,2.0422575345989515,3.3030904860268633,1.0093239504126883,9.183734139976327,24.183734139976327,0.9105894330508084,0.9105894330508079,0.0,shift
ok,R20000_S+01,20000,1,20262105,23.10462065615935,0.8179212785488513,0.2692163010284108,52.498829890178136,2877.9520335051784,1.7735646165696792,2.1060161023419264,0.30354606554133745,0.2973354070050871,0.0741315804029551,674.0347256874155,4,1.2940713737871783e-14,3.777672150009774e-14,2.898689982903391e-15,8.058342161335374e-16,1.0877796674960676e-13,0.8760323528117071,1.2976614946142548,1.9832336758422657e-12,2.6675257502647067,2.456815817696264,1.4060237676112202,2.7529162979401165,3.8821983933066733,4.79387005371089,506302580.7953054,7096877.092022047,226.91269338940597,0.6029565479296792,260.1955264876145,144.17340644898258,6253371.135242827,21253371.135242827,5945575.473071061,298.9434140730717,298.9434140730717,298.9434140730717,48.1266620678634,250.81675200520831,506302580.7953041,506302580.7953044,0.0,1.0000000000000007,0.0052024302950929345,0.001970316181326657,0.5759694570019708,0.0,5.886267129209886e-16,3405,0,0.0,1.7057789210011833,0.0,1.7463816525279442e-14,0,0.05,24000000.0,False,2746628.8647571728,0.51311;0.51400;0.51524;0.51696;0.51936;0.52270;0.52574;0.52916;0.53559;0.53221;0.51860;0.49203;0.41042;0.40493;0.37707;0.26235;0.15993;0.03704;0.00000;0.00000;0.00000;0.00000;0.00000;0.00000,1.3636988424375336,1212.9655495048057,3.0838484662644055,367762931.0168317,8.565567952019618,3.208752128142225,4.79387005371089,0.3949371300918914,0.32403095498367795,1.0558142700979323,2.456815817696264,0.39037259955846154,0.0020424898994471433,16362.332259902196,4.213845207367993,54.819355774700924,0.4261086204653519,1.2028945279436611,1.7971223157771503,0.08022754925158254,155.16346700864256,0.05391454242538659,1.5829408621999916,0.46791836748090754,-0.08803769842285461,2.0422575345989515,3.3030904860268633,0.851067283921458,6.253371135242827,21.253371135242826,0.5063025807953044,0.5063025807953041,0.0,shift
ok,R20000_S+02,20000,2,20262105,23.10462065615935,0.8179212785488513,0.2692163010284108,52.498829890178136,2877.9520335051784,1.7735646165696792,2.1060161023419264,0.30354606554133745,0.2973354070050871,0.0741315804029551,674.0347256874155,4,1.2940713737871783e-14,3.777672150009774e-14,2.898689982903391e-15,8.058342161335374e-16,1.0877796674960676e-13,0.8760323528117071,1.2976614946142548,1.9832336758422657e-12,2.6675257502647067,2.456815817696264,1.4474265080981523,1.196446109763897,1.407474726705086,2.080512358921719,241883469.72352487,3243092.7511449247,154.89028805173223,0.5880588096534586,176.9164169929639,98.23469320211612,2800143.0288339294,17800143.02883393,2687973.5980472453,201.57205108759246,201.57205108759246,201.57205108759246,33.6743433890431,167.89770769854937,241883469.7235248,241883469.7235248,0.0,1.0,0.002415478610289571,0.0009593388849408006,0.6047168280246671,0.0,0.0,1071,0,0.0,0.5284733469998173,0.0,2.4714901974880574e-14,0,0.05,24000000.0,False,6199856.971166071,0.56223;0.56289;0.56383;0.56512;0.56693;0.56944;0.57305;0.57265;0.56398;0.55136;0.52256;0.43742;0.42159;0.37615;0.25605;0.14696;0.02010;0.00000;0.00000;0.00000;0.00000;0.00000;0.00000;0.00000,1.3636988424375336,1212.9655495048057,3.0838484662644055,367762931.0168317,8.565567952019618,1.5329649258722138,2.080512358921719,0.21539700012234092,0.4311697830199475,0.4129813018803146,2.456815817696264,0.39037259955846154,0.0009757891081208358,16362.332259902196,4.213845207367993,54.819355774700924,0.4261086204653519,0.5746767114507115,0.7799408716917778,-0.2405764021239664,107.2475795171541,0.03726524218214046,1.5829408621999916,0.46791836748090754,-0.08803769842285461,2.0422575345989515,3.3030904860268633,0.5109593694976446,2.8001430288339293,17.80014302883393,0.2418834697235248,0.2418834697235248,0.0,shift
ok,R20000_S+03,20000,3,20262105,23.10462065615935,0.8179212785488513,0.2692163010284108,52.498829890178136,2877.9520335051784,1.7735646165696792,2.1060161023419264,0.30354606554133745,0.2973354070050871,0.0741315804029551,674.0347256874155,4,1.2940713737871783e-14,3.777672150009774e-14,2.898689982903391e-15,8.058342161335374e-16,1.0877796674960676e-13,0.8760323528117071,1.2976614946142548,1.9832336758422657e-12,2.6675257502647067,2.456815817696264,6.890479566378038,6.708629987257476,4.701231640676374,0.8682845266347339,756144778.8141816,8720533.992651107,269.5705169675548,0.5697946939676063,307.55455274277244,173.62853966748233,7873035.311644841,22873035.31164484,7603031.245048158,347.89731837083366,347.89731837083366,347.89731837083366,62.71192152344773,285.18539684738596,756144778.8141849,756144778.814181,0.0,0.9999999999999948,0.0073116262674446314,0.0029002580136777414,0.5466972988677068,0.0,5.202583771516724e-15,6662,0,0.0,3.6892957810014195,0.0,1.262471963113295e-14,270,0.05,24000000.0,False,1126964.688355159,0.51869;0.51926;0.52006;0.52117;0.52271;0.52485;0.52632;0.52637;0.52419;0.52650;0.52492;0.50447;0.46669;0.39445;0.38907;0.35668;0.22887;0.10235;0.00158;0.00000;0.00000;0.00000;0.00000;0.00000,1.3636988424375336,1212.9655495048057,3.0838484662644055,367762931.0168317,8.565567952019618,4.792156430236656,6.890479566378038,0.505587234588802,0.7094462457355516,-1.2566774744133098,2.456815817696264,0.39037259955846154,0.0030503855438020326,16362.332259902196,4.213845207367993,54.819355774700924,0.4261086204653519,1.796479913928147,2.583097676074645,0.25442236581067373,189.6211967918053,0.06588754592996385,1.5829408621999916,0.46791836748090754,-0.08803769842285461,2.0422575345989515,3.3030904860268633,0.9405430793088545,7.873035311644841,22.87303531164484,0.756144778814181,0.756144778814185,0.0,shift
ok,R20001_S+00,20001,0,20263105,25.479792063589993,0.4678814384199994,0.20700199213257875,41.79318428637265,2142.268929506632,2.073976782021283,2.5098666204997357,0.4830351769857203,0.31488774179166357,0.07451504393558535,753.8676197306689,4,2.6078553306681838e-14,3.660356642151577e-14,1.992712249510973e-14,1.1381434632730342e-14,8.829826162571953e-14,0.6060204453954375,0.9762077996130237,1.5297795969928904e-12,1.6569716460456896,3.889430789867996,0.36567692956187736,0.3183394521005885,0.24970709796002585,0.15977986714018944,43135426.51974748,731819.5978407514,64.55524548171556,0.36385370283778595,74.74710714311753,46.504134406817926,648585.6044834629,15648585.604483463,645635.0333454814,84.18639909936903,84.18639909936903,84.18639909936903,67.04505072012502,17.141348379244008,43135426.51974749,43135426.51974732,0.0,0.999999999999996,0.0012223115763297955,0.00045621796553532083,0.5844106754848188,0.0,3.972682492215477e-15,271,0,0.0,0.1341414460002852,0.0,1.3773332100394712e-13,0,0.05,24000000.0,False,8351414.395516537,0.56543;0.56558;0.56580;0.56609;0.56651;0.56708;0.56937;0.57602;0.57351;0.54347;0.50069;0.44926;0.37697;0.12735;0.00000;0.00000;0.00000;0.00000;0.00000;0.00000;0.00000;0.00000;0.00000;0.00000,1.4061958794716356,1064.8816452920719,3.027301341434017,124731986.12481107,8.095977837730377,0.2733758366906703,0.36567692956187736,0.2833772643384878,0.6255274697489475,-0.7531648184936849,3.889430789867996,0.5898860478790633,0.0004587342526428578,14290.827583925342,4.155057379576484,51.258810882356094,0.219315076873619,0.1649852230984598,0.2206899136955987,-0.7825549516296261,55.433679244166505,0.02587615330673398,1.5692400001485973,1.3051611882529224,1.0619136062065793,1.9516687512451807,3.1903454621109786,-0.1355959644584154,0.6485856044834629,15.648585604483463,0.04313542651974732,0.043135426519747486,0.0,shift
ok,R20001_S+01,20001,1,20263105,25.479792063589993,0.4678814384199994,0.20700199213257875,41.79318428637265,2142.268929506632,2.073976782021283,2.5098666204997357,0.4830351769857203,0.31488774179166357,0.07451504393558535,753.8676197306689,4,2.6078553306681838e-14,3.660356642151577e-14,1.992712249510973e-14,1.1381434632730342e-14,8.829826162571953e-14,0.6060204453954375,0.9762077996130237,1.5297795969928904e-12,1.6569716460456896,3.889430789867996,0.8268404483555009,0.9489153576346141,1.8669442559523082,3.5809271433085836,284950422.36553645,6973815.002777923,181.17160012083278,0.4338191877277721,206.6962259444868,121.01033241768653,6000888.2326855995,21000888.2326856,5804079.713183824,239.2143619267835,239.2143619267835,239.2143619267835,154.71439567944162,84.49996624734189,284950422.36553615,284950422.36553603,0.0,0.9999999999999996,0.008391808016801557,0.002916957737905353,0.5197654834534303,0.0,4.183509838699549e-16,2149,0,0.0,0.9132678130008571,0.0,3.005088266569936e-14,0,0.05,24000000.0,False,2999111.7673144005,0.44978;0.45034;0.45111;0.45219;0.45369;0.45578;0.45732;0.45883;0.46066;0.46315;0.46719;0.48003;0.49673;0.48494;0.43311;0.32051;0.10645;0.00000;0.00000;0.00000;0.00000;0.00000;0.00000;0.00000,1.4061958794716356,1064.8816452920719,3.027301341434017,124731986.12481107,8.095977837730377,1.8059068013127517,3.5809271433085836,0.6095795040066042,0.24582605878377561,1.525043647297346,3.889430789867996,0.5898860478790633,0.0030303750209651633,14290.827583925342,4.155057379576484,51.258810882356094,0.219315076873619,1.0898839492048589,2.161127591926122,0.03738025674506249,142.47586709491262,0.06650699411848587,1.5692400001485973,1.3051611882529224,1.0619136062065793,1.9516687512451807,3.1903454621109786,0.8434704224867092,6.0008882326855995,21.0008882326856,0.284950422365536,0.28495042236553614,0.0,shift
ok,R20001_S+02,20001,2,20263105,25.479792063589993,0.4678814384199994,0.20700199213257875,41.79318428637265,2142.268929506632,2.073976782021283,2.5098666204997357,0.4830351769857203,0.31488774179166357,0.07451504393558535,753.8676197306689,4,2.6078553306681838e-14,3.660356642151577e-14,1.992712249510973e-14,1.1381434632730342e-14,8.829826162571953e-14,0.6060204453954375,0.9762077996130237,1.5297795969928904e-12,1.6569716460456896,3.889430789867996,2.495761003106821,2.0496802903341713,1.749248507972314,1.5944656560212493,311203515.3294209,5554613.558861685,176.23701002154638,0.37587856474891085,201.49414680666413,125.76557771988776,4990718.306172941,19990718.30617294,4928032.410723411,231.56257771735278,231.56257771735278,231.56257771735278,177.28528243875806,54.27729527859472,311203515.32942075,311203515.32942057,0.0,0.9999999999999994,0.009139050146340947,0.0031828147803311846,0.5056579138239009,0.0,5.745884140700999e-16,2010,0,0.0,0.984445448999395,0.0,2.6166273580791082e-14,0,0.05,24000000.0,False,4009281.693827059,0.45944;0.45976;0.46020;0.46082;0.46168;0.46287;0.46374;0.46470;0.46594;0.46779;0.47093;0.47733;0.49353;0.49292;0.44636;0.36879;0.11993;0.00000;0.00000;0.00000;0.00000;0.00000;0.00000;0.00000,1.4061958794716356,1064.8816452920719,3.027301341434017,124731986.12481107,8.095977837730377,1.972288864358639,2.495761003106821,0.1742628984745235,0.5761632303946393,-0.45697938236783603,3.889430789867996,0.5898860478790633,0.003309569964704449,14290.827583925342,4.155057379576484,51.258810882356094,0.219315076873619,1.1902972926938393,1.5062182923062537,0.07565544580539148,148.8945848791167,0.06950321821332085,1.5692400001485973,1.3051611882529224,1.0619136062065793,1.9516687512451807,3.1903454621109786,0.7446538499390184,4.9907183061729405,19.99071830617294,0.3112035153294206,0.31120351532942075,0.0,shift
ok,R20001_S+03,20001,3,20263105,25.479792063589993,0.4678814384199994,0.20700199213257875,41.79318428637265,2142.268929506632,2.073976782021283,2.5098666204997357,0.4830351769857203,0.31488774179166357,0.07451504393558535,753.8676197306689,4,2.6078553306681838e-14,3.660356642151577e-14,1.992712249510973e-14,1.1381434632730342e-14,8.829826162571953e-14,0.6060204453954375,0.9762077996130237,1.5297795969928904e-12,1.6569716460456896,3.889430789867996,1.2215632655750583,0.8781543871207156,0.6538205909635568,0.5485618771035817,130257943.4637346,2232727.5003708038,112.41068272732711,0.3653497172857615,129.8319555309157,81.0709864079656,1991051.8937600777,16991051.893760078,1975668.436904762,150.13573125490618,150.13573125490618,150.13573125490618,116.45602144571221,33.679709809193966,130257943.46373469,130257943.46373467,0.0,0.9999999999999999,0.0037928282447914873,0.0013626205851379946,0.5449888968542211,0.0,1.1439733192161375e-16,616,0,0.0,0.2920560239999759,0.0,7.315790033723931e-14,0,0.05,24000000.0,False,7008948.106239922,0.51199;0.51219;0.51247;0.51286;0.51340;0.51416;0.51513;0.51669;0.51941;0.52469;0.53698;0.52728;0.48435;0.42805;0.32710;0.03691;0.00000;0.00000;0.00000;0.00000;0.00000;0.00000;0.00000;0.00000,1.4061958794716356,1064.8816452920719,3.027301341434017,124731986.12481107,8.095977837730377,0.8255250301907281,1.2215632655750583,0.31226483248002435,0.6358734065915174,-0.8152404395491041,3.889430789867996,0.5898860478790633,0.0013852599862036025,14290.827583925342,4.155057379576484,51.258810882356094,0.219315076873619,0.49821313005615847,0.7372264145196935,-0.3025848311234869,96.32937993975682,0.044966053800697015,1.5692400001485973,1.3051611882529224,1.0619136062065793,1.9516687512451807,3.1903454621109786,0.34883572159052906,1.9910518937600776,16.991051893760076,0.13025794346373468,0.13025794346373468,0.0,shift
ok,R20002_S+00,20002,0,20264105,10.250632288724425,0.4396632630849868,0.22634225822799212,20.677609626863582,3744.9779360720313,1.6649735479904524,2.792298320453628,0.33001871760748774,0.17650636676117212,0.06902376438357152,680.6153607508824,4,1.4026868843295703e-14,1.852032380385276e-14,1.0774918264593434e-14,6.293142285402969e-15,3.6933216864470625e-14,0.5873897852876797,0.7951313616698403,3.829560257791767e-13,0.6218678582874836,2.868739952578154,2.002058752726712,1.7869764217024133,1.2552472182908845,0.40687114249212414,215031653.50351307,7759272.853934431,211.42242389128464,0.4531473256199886,265.83054228595745,146.01418930937112,6563814.330618367,21563814.330618367,5781886.891181603,306.71431558929436,306.71431558929436,306.71431558929436,161.78219677093145,144.9321188183629,215031653.50351375,215031653.50351396,0.0,1.0000000000000009,0.003975832420143103,0.001497984356652581,0.5875374831157685,0.0,9.701653375904411e-16,3738,0,0.0,2.01897331300097,0.0,2.0857054286726796e-14,0,0.05,24000000.0,False,2436185.6693816334,0.56814;0.56874;0.56959;0.57077;0.57241;0.57469;0.57623;0.57774;0.57904;0.57481;0.56323;0.55974;0.56012;0.54246;0.50137;0.37486;0.20517;0.05869;0.00000;0.00000;0.00000;0.00000;0.00000;0.00000,1.0107506547610186,211.95857289476686,2.326250986771645,206212209.67023748,8.314314375959261,1.3627883838030337,2.002058752726712,0.4514364541456888,0.695088690852967,-1.1705321451178023,2.868739952578154,0.4576911818190248,0.0015320970349424147,3070.8057549120795,3.4872523458348423,181.11271097828904,-0.20630188944651615,2.191443673509541,3.2194279315866803,0.34073031249928004,161.53337849026474,0.043133332491590355,1.2733651732554587,1.0381305821803657,0.8045841488483063,1.57313373389484,2.588865505266085,0.8898210240519446,6.563814330618366,21.563814330618367,0.21503165350351397,0.21503165350351375,0.0,shift
ok,R20002_S+01,20002,1,20264105,10.250632288724425,0.4396632630849868,0.22634225822799212,20.677609626863582,3744.9779360720313,1.6649735479904524,2.792298320453628,0.33001871760748774,0.17650636676117212,0.06902376438357152,680.6153607508824,4,1.4026868843295703e-14,1.852032380385276e-14,1.0774918264593434e-14,6.293142285402969e-15,3.6933216864470625e-14,0.5873897852876797,0.7951313616698403,3.829560257791767e-13,0.6218678582874836,2.868739952578154,0.16304173029970892,0.09602723189505515,0.06515443059908313,0.07042332641179289,15567629.132504882,631063.1766610262,56.97337513269926,0.4545285210559415,71.21639516634737,38.585329360677804,529037.701761432,15529037.701761432,438071.2287943382,83.39115085337208,83.39115085337208,83.39115085337208,42.41216709835052,40.97898375502156,15567629.132504882,15567629.132504884,0.0,1.0000000000000002,0.0002893966145154394,0.0001107351001361883,0.7011541762677148,0.0,1.1964860759316222e-16,237,0,0.0,0.1327514650001831,0.0,5.5071598217029016e-14,0,0.05,24000000.0,False,8470962.298238568,0.69288;0.69308;0.69336;0.69375;0.69430;0.69506;0.68580;0.66449;0.62997;0.57960;0.51239;0.36924;0.20910;0.06426;0.00000;0.00000;0.00000;0.00000;0.00000;0.00000;0.00000;0.00000;0.00000;0.00000,1.0107506547610186,211.95857289476686,2.326250986771645,206212209.67023748,8.314314375959261,0.09866167980141001,0.16304173029970892,0.39489604788870813,0.6564579143498974,-0.9387474860993842,2.868739952578154,0.4576911818190248,0.00011091910444991401,3070.8057549120795,3.4872523458348423,181.11271097828904,-0.20630188944651615,0.1586537694247572,0.2621806676883054,-0.7995496051209293,43.46326198495758,0.011605745808624066,1.2733651732554587,1.0381305821803657,0.8045841488483063,1.57313373389484,2.588865505266085,-0.19992716072126987,0.5290377017614319,15.529037701761432,0.015567629132504883,0.015567629132504882,0.0,shift
ok,R20002_S+02,20002,2,20264105,10.250632288724425,0.4396632630849868,0.22634225822799212,20.677609626863582,3744.9779360720313,1.6649735479904524,2.792298320453628,0.33001871760748774,0.17650636676117212,0.06902376438357152,680.6153607508824,4,1.4026868843295703e-14,1.852032380385276e-14,1.0774918264593434e-14,6.293142285402969e-15,3.6933216864470625e-14,0.5873897852876797,0.7951313616698403,3.829560257791767e-13,0.6218678582874836,2.868739952578154,0.21797482718831074,0.2857271351549674,0.5024068955732964,0.868014108443298,73928528.65399788,3781549.6769424146,126.43668169460001,0.471382913581534,158.61710486408148,85.74242496771626,3035854.330019526,18035854.330019526,2711878.528402522,185.24372152885522,185.24372152885522,185.24372152885522,89.17214362435912,96.0715779044961,73928528.65399796,73928528.65399799,0.0,1.0000000000000004,0.0013917946968227278,0.000522494163559088,0.6399185045335141,0.0,4.0312343462395746e-16,788,0,0.0,0.5715637749999587,0.0,2.132780822589367e-14,0,0.05,24000000.0,False,5964145.669980474,0.57859;0.57959;0.58099;0.58293;0.58563;0.58938;0.59210;0.59509;0.60016;0.61677;0.60782;0.59068;0.53528;0.43198;0.22950;0.13593;0.00118;0.00000;0.00000;0.00000;0.00000;0.00000;0.00000;0.00000,1.0107506547610186,211.95857289476686,2.326250986771645,206212209.67023748,8.314314375959261,0.4685307415899681,0.868014108443298,0.5409278022465471,0.26876676257888427,1.3873994245266947,2.868739952578154,0.4576911818190248,0.0005267395646315626,3070.8057549120795,3.4872523458348423,181.11271097828904,-0.20630188944651615,0.7534249203363246,1.3958176112102956,-0.12296001913996686,94.71463951414768,0.025291107486067155,1.2733651732554587,1.0381305821803657,0.8045841488483063,1.57313373389484,2.588865505266085,0.5776698099497022,3.035854330019526,18.035854330019525,0.07392852865399799,0.07392852865399796,0.0,shift
ok,R20002_S+03,20002,3,20264105,10.250632288724425,0.4396632630849868,0.22634225822799212,20.677609626863582,3744.9779360720313,1.6649735479904524,2.792298320453628,0.33001871760748774,0.17650636676117212,0.06902376438357152,680.6153607508824,4,1.4026868843295703e-14,1.852032380385276e-14,1.0774918264593434e-14,6.293142285402969e-15,3.6933216864470625e-14,0.5873897852876797,0.7951313616698403,3.829560257791767e-13,0.6218678582874836,2.868739952578154,0.3561479153736284,0.45102935806477945,0.5724244738266956,0.7203332626593767,82836136.33649097,3365672.960563761,133.1113240605581,0.4662833340385752,166.7257076306041,90.19443422571239,2726558.074305579,17726558.07430558,2471453.3037300035,190.9340824212397,190.9340824212397,190.9340824212397,95.59460346440503,95.33947895683468,82836136.33649097,82836136.33649096,0.0,0.9999999999999998,0.0014284726386377766,0.0005849434837014248,0.6358238952083675,0.0,1.798872068745123e-16,821,0,0.0,0.46068404899961024,0.0,1.4309247804871807e-14,0,0.05,24000000.0,False,6273441.925694421,0.58534;0.58625;0.58751;0.58927;0.59172;0.59513;0.59763;0.60047;0.60513;0.61690;0.61332;0.59573;0.54779;0.46093;0.24880;0.16195;0.00797;0.00000;0.00000;0.00000;0.00000;0.00000;0.00000;0.00000,1.0107506547610186,211.95857289476686,2.326250986771645,206212209.67023748,8.314314375959261,0.5249837524811201,0.7203332626593767,0.2597599623244652,0.384382025931096,0.6937078444134239,2.868739952578154,0.4576911818190248,0.0005902061245376136,3070.8057549120795,3.4872523458348423,181.11271097828904,-0.20630188944651615,0.8442046738463609,1.158338147018966,-0.07355224775130406,100.2584523655494,0.026771440066401773,1.2733651732554587,1.0381305821803657,0.8045841488483063,1.57313373389484,2.588865505266085,0.5270719136829325,2.7265580743055793,17.72655807430558,0.08283613633649096,0.08283613633649098,0.0,shift
ok,R20003_S+00,20003,0,20265105,15.83166287821459,0.21279926875544292,0.25631323514107207,44.77984545624303,2238.271334885626,2.4715507955104585,3.923413722697684,0.2934894709478912,0.1906223675712524,0.07228884079680495,754.2712303409536,4,1.4827139786158172e-14,1.501059441028248e-14,1.4649723452964256e-14,1.2029644465193314e-14,1.86757571289285e-14,0.1649905751626275,0.1829517058172923,6.721720978987952e-13,1.652511135686013,2.4359732515799,1.8140805213186695,1.5831489987808716,1.1100504795044794,0.3947849634894941,193371756.59914985,3748807.3652947946,99.97327470171338,0.2883825910671154,122.84011204917992,82.41217661198937,4526351.168610692,19526351.168610692,3801639.3012291677,141.78486606917397,141.78486606917397,141.78486606917397,125.4199439927274,16.364922076446575,193371756.59915012,193371756.59914982,0.0,0.9999999999999984,0.0033994944819632097,0.0013959334622291137,0.545554578871388,0.0,1.5411931355349902e-15,1022,0,0.0,0.6010388380000222,0.0,1.6778851567040458e-14,0,0.05,24000000.0,False,4473648.831389308,0.53663;0.53700;0.53751;0.53823;0.53923;0.54062;0.54180;0.54292;0.53753;0.53182;0.53553;0.54088;0.53018;0.48841;0.40988;0.01445;0.00000;0.00000;0.00000;0.00000;0.00000;0.00000;0.00000;0.00000,1.199526533365472,708.9394170017891,2.8506091237782765,180646254.33768702,8.256828960992122,1.2255162407733786,1.8140805213186695,0.442770397584869,0.6930200937108091,-1.1581205622648538,2.4359732515799,0.3866725151779856,0.0014191769158866912,9807.038115253927,3.991537863197685,49.98390039270613,0.2181443947239066,0.741608461394498,1.0977720404683287,-0.1298253237449292,93.72499002520235,0.04187382850524314,1.1821144881446188,1.1715460242330311,1.0859693897714677,1.2769948152291726,2.833197078557423,0.5738931245135962,4.526351168610692,19.52635116861069,0.19337175659914982,0.19337175659915012,0.0,shift
ok,R20003_S+01,20003,1,20265105,15.83166287821459,0.21279926875544292,0.25631323514107207,44.77984545624303,2238.271334885626,2.4715507955104585,3.923413722697684,0.2934894709478912,0.1906223675712524,0.07228884079680495,754.2712303409536,4,1.4827139786158172e-14,1.501059441028248e-14,1.4649723452964256e-14,1.2029644465193314e-14,1.86757571289285e-14,0.1649905751626275,0.1829517058172923,6.721720978987952e-13,1.652511135686013,2.4359732515799,0.49095320113685714,0.5113995840455269,0.5501501768461845,0.6072049795388298,85193999.17100917,1716502.4704019257,66.88632396600224,0.29299478923118416,81.43886460849674,54.33094415993103,1845619.479777284,16845619.479777284,1641237.9460655842,94.0717128924071,94.0717128924071,94.0717128924071,82.6807810898282,11.390931802578905,85193999.17100921,85193999.1710092,0.0,0.9999999999999998,0.0014858115844567446,0.0006206902215235227,0.5885013880455912,0.0,1.7490857735104884e-16,384,0,0.0,0.1859566809998796,0.0,9.023547201870004e-15,0,0.05,24000000.0,False,7154380.520222716,0.55303;0.55374;0.55473;0.55610;0.55801;0.56067;0.56315;0.56693;0.57648;0.58679;0.56264;0.52336;0.47548;0.34497;0.00141;0.00000;0.00000;0.00000;0.00000;0.00000;0.00000;0.00000;0.00000;0.00000,1.199526533365472,708.9394170017891,2.8506091237782765,180646254.33768702,8.256828960992122,0.5399269853918496,0.6072049795388298,0.08201220103386933,0.46411496938559715,0.21531018368641724,2.4359732515799,0.3866725151779856,0.0006252482736979889,9807.038115253927,3.991537863197685,49.98390039270613,0.2181443947239066,0.32673122361000473,0.36744380502268664,-0.48580936079980963,62.21045594719752,0.027793974295067504,1.1821144881446188,1.1715460242330311,1.0859693897714677,1.2769948152291726,2.833197078557423,0.23464443280176453,1.845619479777284,16.845619479777284,0.0851939991710092,0.08519399917100921,0.0,shift
ok,R20003_S+02,20003,2,20265105,15.83166287821459,0.21279926875544292,0.25631323514107207,44.77984545624303,2238.271334885626,2.4715507955104585,3.923413722697684,0.2934894709478912,0.1906223675712524,0.07228884079680495,754.2712303409536,4,1.4827139786158172e-14,1.501059441028248e-14,1.4649723452964256e-14,1.2029644465193314e-14,1.86757571289285e-14,0.1649905751626275,0.1829517058172923,6.721720978987952e-13,1.652511135686013,2.4359732515799,1.0992011571681692,0.9873953364779061,1.0882470012557097,1.4017561515015802,180533126.25167355,3823948.8923553843,97.41655139252549,0.2932937751298765,119.96583666823149,79.39473339880779,4482095.936235778,19482095.936235778,3888960.272497896,139.7320558386247,139.7320558386247,139.7320558386247,116.89851288998001,22.833542948644677,180533126.2516735,180533126.25167364,0.0,1.0000000000000009,0.0030837839827878378,0.0013046571105025987,0.5609581582869781,0.0,8.2539761556417e-16,838,0,0.0,0.5327851299989561,0.0,6.625775726233845e-15,0,0.05,24000000.0,False,4517904.063764222,0.50724;0.50816;0.50945;0.51125;0.51374;0.51722;0.51967;0.52222;0.52537;0.52996;0.54406;0.55813;0.52927;0.48284;0.38768;0.00645;0.00000;0.00000;0.00000;0.00000;0.00000;0.00000;0.00000;0.00000,1.199526533365472,708.9394170017891,2.8506091237782765,180646254.33768702,8.256828960992122,1.1441499116008413,1.4017561515015802,0.13545660126126371,0.4559272505485331,0.2644364967088011,2.4359732515799,0.3866725151779856,0.0013249527740513845,9807.038115253927,3.991537863197685,49.98390039270613,0.2181443947239066,0.692370469942925,0.8482582181932856,-0.15966146334766326,90.56019167949911,0.040459880921508866,1.1821144881446188,1.1715460242330311,1.0859693897714677,1.2769948152291726,2.833197078557423,0.5825120792326284,4.482095936235778,19.48209593623578,0.18053312625167364,0.1805331262516735,0.0,shift
ok,R20003_S+03,20003,3,20265105,15.83166287821459,0.21279926875544292,0.25631323514107207,44.77984545624303,2238.271334885626,2.4715507955104585,3.923413722697684,0.2934894709478912,0.1906223675712524,0.07228884079680495,754.2712303409536,4,1.4827139786158172e-14,1.501059441028248e-14,1.4649723452964256e-14,1.2029644465193314e-14,1.86757571289285e-14,0.1649905751626275,0.1829517058172923,6.721720978987952e-13,1.652511135686013,2.4359732515799,7.101772033492526,7.032001561888465,6.158896883737026,4.482457999038214,977304493.0778288,16711654.108455764,225.97577543688203,0.29153326821394004,277.3858678206142,188.87221477095915,25662438.311599106,40662438.311599106,21175079.543294773,321.6348905818339,321.6348905818339,321.6348905818339,274.074643016539,47.560247565294844,977304493.0778368,977304493.0778307,0.0,0.9999999999999938,0.01687894239984558,0.006621064224565555,0.4818266334604659,0.0,6.2208593229148616e-15,14942,0,0.0,7.962478728999486,0.0,2.7730977295643516e-15,0,0.05,24000000.0,True,-16662438.311599106,0.41578;0.41655;0.41762;0.41911;0.42118;0.42407;0.42952;0.43197;0.43451;0.43721;0.44013;0.44344;0.44748;0.45209;0.45653;0.47505;0.45386;0.18859;0.00000;0.00000;0.00000;0.00000;0.00000;0.00000,1.199526533365472,708.9394170017891,2.8506091237782765,180646254.33768702,8.256828960992122,6.193782119539057,7.101772033492526,0.1704240007799474,0.5704823532133234,-0.4228941192799403,2.4359732515799,0.3866725151779856,0.0071725468122188895,9807.038115253927,3.991537863197685,49.98390039270613,0.2181443947239066,3.7481031055005936,4.297563798590889,0.573811529263249,210.70450896388496,0.09413716097769344,1.1821144881446188,1.1715460242330311,1.0859693897714677,1.2769948152291726,2.833197078557423,1.2230194382010953,25.662438311599107,40.662438311599104,0.9773044930778306,0.9773044930778367,0.0,shift
ok,R20004_S+00,20004,0,20266105,11.048320694725213,0.6651835030365043,0.2754559330487131,56.76962313977982,1420.536469621627,2.3952305314791764,3.523137390860733,0.4248899738404458,0.19363888294938444,0.041874982253269584,713.1944595322703,4,2.4960683812762528e-14,3.1001600603267256e-14,1.813882842681097e-14,7.207528978113892e-15,5.213565767462904e-14,0.5783325964693149,0.6008670026437586,1.7599491829774531e-12,1.1210301332727195,6.087978324680061,0.7326006256675381,1.2650376963164252,1.437522373213247,1.2500546563580035,184817689.97279853,3989665.9484317554,89.04861688293234,0.31643687597500425,115.62320891854472,73.94006616135998,3711356.628511131,18711356.62851113,3643042.1311407574,130.60249759216512,130.60249759216512,130.60249759216512,94.11601056835357,36.48648702381155,184817689.97279832,184817689.97279826,0.0,0.9999999999999997,0.00712382429605795,0.0025345279027497404,0.5304250639006959,0.0,3.2250508479011565e-16,643,0,0.0,0.33377172499967855,0.0,4.369696660224994e-14,0,0.05,24000000.0,False,5288643.371488869,0.47553;0.47580;0.47617;0.47667;0.47735;0.47830;0.47939;0.48087;0.48335;0.48837;0.50197;0.52372;0.49213;0.44458;0.37027;0.17843;0.00000;0.00000;0.00000;0.00000;0.00000;0.00000;0.00000;0.00000,1.04329627182765,627.2090021669807,2.7974122830363757,99134036.68810189,7.996222790791201,1.1713038378888034,1.437522373213247,0.2252024291874377,0.42637065152637343,0.44177609084175934,6.087978324680061,0.7844730975258869,0.0026140433548582655,14978.131772653072,4.175457647046608,25.02282719270376,0.04961728658085794,1.04484598863486,1.2823226874522673,0.019052279714688203,80.8805306788902,0.056936609800967285,1.4971007146730873,1.2643258306454408,0.8635029949265499,1.7228514541644726,3.251216725881813,0.6009365340761791,3.711356628511131,18.71135662851113,0.18481768997279827,0.18481768997279832,0.0,shift
ok,R20004_S+01,20004,1,20266105,11.048320694725213,0.6651835030365043,0.2754559330487131,56.76962313977982,1420.536469621627,2.3952305314791764,3.523137390860733,0.4248899738404458,0.19363888294938444,0.041874982253269584,713.1944595322703,4,2.4960683812762528e-14,3.1001600603267256e-14,1.813882842681097e-14,7.207528978113892e-15,5.213565767462904e-14,0.5783325964693149,0.6008670026437586,1.7599491829774531e-12,1.1210301332727195,6.087978324680061,1.6997786778607331,1.749513173520747,1.9898737526046981,2.420860415112587,310054446.375389,6852353.356051822,115.6797542493778,0.31831200652956093,150.2588116656594,95.9145855737096,6450703.366820425,21450703.366820425,6283559.721045695,166.02221032903606,166.02221032903606,166.02221032903606,120.99669033915647,45.025519989879584,310054446.3753899,310054446.3753891,0.0,0.9999999999999974,0.011658898852941881,0.004167119510967222,0.5077098253879674,0.0,2.499110692132882e-15,1303,0,0.0,0.6506657609988906,0.0,2.147177044049455e-14,0,0.05,24000000.0,False,2549296.633179575,0.44116;0.44150;0.44197;0.44261;0.44349;0.44470;0.44583;0.44693;0.44840;0.45061;0.45464;0.46616;0.48736;0.48267;0.43442;0.33226;0.09761;0.00000;0.00000;0.00000;0.00000;0.00000;0.00000;0.00000,1.04329627182765,627.2090021669807,2.7974122830363757,99134036.68810189,7.996222790791201,1.9650065047746914,2.420860415112587,0.1451056024923321,0.4388397497667543,0.3669615013994743,6.087978324680061,0.7844730975258869,0.004385379804883033,14978.131772653072,4.175457647046608,25.02282719270376,0.04961728658085794,1.7528578817396097,2.159496291188143,0.2437467057810093,104.7589664777667,0.07374605912488133,1.4971007146730873,1.2643258306454408,0.8635029949265499,1.7228514541644726,3.251216725881813,0.8358397501817721,6.4507033668204246,21.450703366820424,0.3100544463753891,0.31005444637538987,0.0,shift
ok,R20004_S+02,20004,2,20266105,11.048320694725213,0.6651835030365043,0.2754559330487131,56.76962313977982,1420.536469621627,2.3952305314791764,3.523137390860733,0.4248899738404458,0.19363888294938444,0.041874982253269584,713.1944595322703,4,2.4960683812762528e-14,3.1001600603267256e-14,1.813882842681097e-14,7.207528978113892e-15,5.213565767462904e-14,0.5783325964693149,0.6008670026437586,1.7599491829774531e-12,1.1210301332727195,6.087978324680061,0.15674221670625424,0.4601230517215423,0.5830258387140277,0.5254505776837105,68059553.44131286,1528315.977900217,54.34947941323243,0.3200943078156558,70.70883601121037,44.815841921162914,1389287.5172520243,16389287.517252024,1367889.3125549238,79.48186085257373,79.48186085257373,79.48186085257373,56.43542431129268,23.046436541281054,68059553.4413129,68059553.44131303,0.0,1.000000000000002,0.0025194449477280983,0.0009515153887916857,0.5749190677891878,0.0,1.9704867864034853e-15,323,0,0.0,0.17440325600000506,0.0,1.496005047964805e-13,0,0.05,24000000.0,False,7610712.482747976,0.53562;0.53588;0.53623;0.53672;0.53738;0.53829;0.54158;0.55001;0.56644;0.54929;0.50985;0.46513;0.41066;0.26620;0.00537;0.00000;0.00000;0.00000;0.00000;0.00000;0.00000;0.00000;0.00000;0.00000,1.04329627182765,627.2090021669807,2.7974122830363757,99134036.68810189,7.996222790791201,0.4313354212063837,0.5830258387140277,0.38112137823315273,0.3575322348339213,0.8548065909964723,6.087978324680061,0.7844730975258869,0.000962627676138955,14978.131772653072,4.175457647046608,25.02282719270376,0.04961728658085794,0.3847670177670864,0.5200804344232481,-0.41480216276640886,49.08138065290224,0.03455129924680886,1.4971007146730873,1.2643258306454408,0.8635029949265499,1.7228514541644726,3.251216725881813,0.18421315350123232,1.3892875172520243,16.389287517252026,0.06805955344131302,0.0680595534413129,0.0,shift
ok,R20004_S+03,20004,3,20266105,11.048320694725213,0.6651835030365043,0.2754559330487131,56.76962313977982,1420.536469621627,2.3952305314791764,3.523137390860733,0.4248899738404458,0.19363888294938444,0.041874982253269584,713.1944595322703,4,2.4960683812762528e-14,3.1001600603267256e-14,1.813882842681097e-14,7.207528978113892e-15,5.213565767462904e-14,0.5783325964693149,0.6008670026437586,1.7599491829774531e-12,1.1210301332727195,6.087978324680061,7.51312831553622,5.467883244374491,3.121666131933595,0.4744769782135312,653919020.2697715,12573771.266667416,164.75474136338778,0.30614568533740794,213.1658829751957,140.0029387277448,12397892.157085702,27397892.1570857,12165578.122184206,236.82800309736083,236.82800309736083,236.82800309736083,183.12702686106937,53.70097623629147,653919020.2697732,653919020.2697737,0.0,1.0000000000000007,0.024354563939781332,0.008354605610960518,0.4563774476612657,0.0,7.2919909564093515e-16,5444,0,0.0,3.075437535000674,0.0,2.1511813294924762e-14,519,0.05,24000000.0,True,-3397892.157085702,0.40280;0.40300;0.40328;0.40365;0.40417;0.40488;0.40554;0.40609;0.40645;0.40623;0.40730;0.40924;0.41189;0.41801;0.43666;0.44208;0.37535;0.13841;0.00000;0.00000;0.00000;0.00000;0.00000;0.00000,1.04329627182765,627.2090021669807,2.7974122830363757,99134036.68810189,7.996222790791201,4.144288667514459,7.51312831553622,0.6339962572528722,0.7830663233997214,-1.698397940398328,6.087978324680061,0.7844730975258869,0.009248966750981516,14978.131772653072,4.175457647046608,25.02282719270376,0.04961728658085794,3.6968575103469177,6.701986050635855,0.5678327116868128,152.13677579598036,0.10709811331806454,1.4971007146730873,1.2643258306454408,0.8635029949265499,1.7228514541644726,3.251216725881813,1.0994655557018016,12.397892157085701,27.397892157085703,0.6539190202697738,0.6539190202697732,0.0,shift
ok,R20005_S+00,20005,0,20267105,14.624489405201786,0.31739134371655403,0.27314297736046467,46.29659839303379,2124.800721987259,1.8138892194713425,3.6391577186492063,0.45451631643098134,0.2189393111880186,0.06152118208606441,642.2450312963676,4,1.7254872575168592e-14,1.925051393692149e-14,1.5726368299937305e-14,1.0084899307679695e-14,3.539187900180823e-14,0.40749064013599623,0.5761909214201366,8.912333125971543e-13,1.3702836310722089,4.432778770035405,1.214849719563581,0.8300876722393935,0.5311528672201591,0.31804530450587815,114164965.57452892,2332682.869193846,88.35425472366987,0.35535622571077025,113.31965201874276,70.40974065660515,1800977.5372907221,16800977.537290722,1641140.26405745,133.21342336895708,133.21342336895708,133.21342336895708,101.31264836694317,31.900775002013916,114164965.57452887,114164965.57452884,0.0,0.9999999999999998,0.0029830682160266516,0.0009794286025207617,0.5220339508920646,0.0,2.61046129499683e-16,482,0,0.0,0.27495156599979964,0.0,2.583473703383268e-14,0,0.05,24000000.0,False,7199022.462709278,0.50949;0.50975;0.51011;0.51062;0.51132;0.51229;0.51341;0.51386;0.51508;0.51846;0.51337;0.47863;0.42850;0.36555;0.19616;0.00020;0.00000;0.00000;0.00000;0.00000;0.00000;0.00000;0.00000;0.00000,1.165080712198708,677.0641126958046,2.8306297949357666,179359921.4346071,8.25372540501604,0.7235338908822528,1.214849719563581,0.46571841347526893,0.7065796839555942,-1.239478103733565,4.432778770035405,0.6466760571846589,0.000991075389852314,11005.382044653057,4.0416051234004735,45.89539611417706,0.13681046982823222,0.5280176121757418,0.886568073949037,-0.2773515912101793,75.68837151365996,0.035621397682353485,1.2901589262604796,1.2023450400726878,1.009388164139693,1.55462021828695,2.9557080089975383,0.36785569999354795,1.8009775372907222,16.800977537290724,0.11416496557452885,0.11416496557452888,0.0,shift
ok,R20005_S+01,20005,1,20267105,14.624489405201786,0.31739134371655403,0.27314297736046467,46.29659839303379,2124.800721987259,1.8138892194713425,3.6391577186492063,0.45451631643098134,0.2189393111880186,0.06152118208606441,642.2450312963676,4,1.7254872575168592e-14,1.925051393692149e-14,1.5726368299937305e-14,1.0084899307679695e-14,3.539187900180823e-14,0.40749064013599623,0.5761909214201366,8.912333125971543e-13,1.3702836310722089,4.432778770035405,2.0671020696750113,2.094396982523991,1.7543093233629996,1.0468390921920365,274655554.66049355,5114356.0865246095,138.81409228079724,0.3646032798851018,177.5658203418212,109.81187530271247,4412501.081474885,19412501.081474885,4187590.9312284626,207.17762978781806,207.17762978781806,207.17762978781806,153.97612793354767,53.20150185427039,274655554.6604937,274655554.6604935,0.0,0.9999999999999993,0.007112158093193192,0.0023175970808464175,0.4846350328069575,0.0,6.510479445689958e-16,1489,0,0.0,0.7577976929987926,0.0,1.5165821533952783e-14,0,0.05,24000000.0,False,4587498.918525115,0.45000;0.45041;0.45099;0.45180;0.45292;0.45448;0.45565;0.45703;0.45894;0.46161;0.46198;0.47049;0.47824;0.44476;0.38761;0.27758;0.03013;0.00000;0.00000;0.00000;0.00000;0.00000;0.00000;0.00000,1.165080712198708,677.0641126958046,2.8306297949357666,179359921.4346071,8.25372540501604,1.7406618669385097,2.094396982523991,0.24259506922724852,0.5976891795070861,-0.586135077042517,4.432778770035405,0.6466760571846589,0.002384307300759026,11005.382044653057,4.0416051234004735,45.89539611417706,0.13681046982823222,1.270293118495833,1.5284404885470197,0.10390394541030992,117.39698122768723,0.05525081952997905,1.2901589262604796,1.2023450400726878,1.009388164139693,1.55462021828695,2.9557080089975383,0.7087909624523371,4.412501081474885,19.412501081474886,0.2746555546604935,0.2746555546604937,0.0,shift
ok,R20005_S+02,20005,2,20267105,14.624489405201786,0.31739134371655403,0.27314297736046467,46.29659839303379,2124.800721987259,1.8138892194713425,3.6391577186492063,0.45451631643098134,0.2189393111880186,0.06152118208606441,642.2450312963676,4,1.7254872575168592e-14,1.925051393692149e-14,1.5726368299937305e-14,1.0084899307679695e-14,3.539187900180823e-14,0.40749064013599623,0.5761909214201366,8.912333125971543e-13,1.3702836310722089,4.432778770035405,1.4608472937236083,1.706192444275744,1.4269726816796453,0.6231880059353118,205802905.18920764,4074997.6481540836,119.89107565975712,0.3629644200624466,153.4268614960001,94.83294299717511,3463471.741871938,18463471.741871938,3290180.975746613,181.19118931096367,181.19118931096367,181.19118931096367,135.7078220402792,45.483367270684454,205802905.18920752,205802905.18920767,0.0,1.0000000000000007,0.005246659241239841,0.0017488949689268866,0.4987937601007116,0.0,7.240500895819757e-16,987,0,0.0,0.5331315720013663,0.0,2.6481360042481614e-14,0,0.05,24000000.0,False,5536528.258128062,0.47209;0.47242;0.47288;0.47351;0.47440;0.47563;0.47676;0.47817;0.47867;0.47646;0.48075;0.49386;0.47236;0.42206;0.35527;0.15818;0.00015;0.00000;0.00000;0.00000;0.00000;0.00000;0.00000;0.00000,1.165080712198708,677.0641126958046,2.8306297949357666,179359921.4346071,8.25372540501604,1.3043001064035773,1.706192444275744,0.31260719040492163,0.6070381583292237,-0.6422289499753422,4.432778770035405,0.6466760571846589,0.0017865918275951306,11005.382044653057,4.0416051234004735,45.89539611417706,0.13681046982823222,0.9518468124610076,1.2451381637980274,-0.021432940119778088,101.62217522201419,0.04782668519002111,1.2901589262604796,1.2023450400726878,1.009388164139693,1.55462021828695,2.9557080089975383,0.6101273624271615,3.4634717418719383,18.46347174187194,0.20580290518920769,0.20580290518920752,0.0,shift
ok,R20005_S+03,20005,3,20267105,14.624489405201786,0.31739134371655403,0.27314297736046467,46.29659839303379,2124.800721987259,1.8138892194713425,3.6391577186492063,0.45451631643098134,0.2189393111880186,0.06152118208606441,642.2450312963676,4,1.7254872575168592e-14,1.925051393692149e-14,1.5726368299937305e-14,1.0084899307679695e-14,3.539187900180823e-14,0.40749064013599623,0.5761909214201366,8.912333125971543e-13,1.3702836310722089,4.432778770035405,2.7837996151698285,1.7119551634481793,1.1347761298736865,1.0522625144463498,263616152.154637,5340699.774679027,135.03754845294216,0.3594834623920035,173.51677543160443,107.66348388834146,4307815.99881221,19307815.99881221,3854474.264567271,203.63157333602325,203.63157333602325,203.63157333602325,152.7815575486405,50.850015787382745,263616152.1546367,263616152.15463695,0.0,1.0000000000000009,0.006777191972194437,0.0022271685095437946,0.48244793052688995,0.0,9.044156708641533e-16,1436,0,0.0,0.6780515219998051,0.0,1.5095098161445697e-14,0,0.05,24000000.0,False,4692184.00118779,0.45212;0.45254;0.45312;0.45393;0.45506;0.45663;0.45782;0.45924;0.46125;0.46449;0.46971;0.47567;0.47358;0.44085;0.38385;0.26698;0.02109;0.00000;0.00000;0.00000;0.00000;0.00000;0.00000;0.00000,1.165080712198708,677.0641126958046,2.8306297949357666,179359921.4346071,8.25372540501604,1.670698355734511,2.7837996151698285,0.4136480087376937,0.672735859706027,-1.036415158236162,4.432778770035405,0.6466760571846589,0.002288473346032469,11005.382044653057,4.0416051234004735,45.89539611417706,0.13681046982823222,1.2192354326142216,2.0315499302809177,0.08608757535808516,115.01348006536949,0.054129066728573504,1.2901589262604796,1.2023450400726878,1.009388164139693,1.55462021828695,2.9557080089975383,0.727598164963153,4.30781599881221,19.30781599881221,0.26361615215463696,0.2636161521546367,0.0,shift
ok,R20006_S+00,20006,0,20268105,10.051402346199787,0.7531757472666917,0.10150692593800618,38.996784832905774,1854.120819163715,2.2195369672194842,3.3221320900001645,0.40134724087794305,0.18956569894939845,0.07134481667353779,663.9779532703707,4,1.1651877269054111e-14,1.3960904470539758e-14,8.804649278872156e-15,3.586772350307508e-15,2.0254505970347825e-14,0.549506731472835,0.5234089627557935,5.444303877103911e-13,0.5165691850835,3.3752745574869922,0.5680579326445079,1.5174987671392117,1.8720614015990789,1.6317458360241095,220483639.23889032,12962963.860864619,200.14378140919032,0.3140272860395693,248.8208874838116,160.6091866144547,13384015.457302004,28384015.457302004,12667159.702121444,281.995815415208,281.995815415208,281.995815415208,184.00336130644234,97.99245410876568,220483639.23888937,220483639.2388898,0.0,1.000000000000002,0.018288102095980894,0.007099383819405211,0.5219810153194668,0.0,2.027519308727832e-15,6043,0,0.0,3.1668134720002854,0.0,1.4066766624211208e-14,0,0.05,24000000.0,True,-4384015.457302004,0.43724;0.43783;0.43864;0.43978;0.44135;0.44353;0.44565;0.44714;0.44875;0.45057;0.45282;0.45600;0.46149;0.47438;0.48442;0.47654;0.33382;0.09106;0.00000;0.00000;0.00000;0.00000;0.00000;0.00000,1.0022266576499468,391.9723745637174,2.5932554598844613,42751406.90773426,7.6309504115135836,1.397340984351727,1.8720614015990789,0.35466928797453007,0.3731295229902812,0.7612228620583127,3.3752745574869922,0.5283091057453456,0.007767339675679368,5494.055389578179,3.739893033545937,47.54547912368391,-0.28687150437127507,2.705041308505183,3.6240284083079257,0.43217390157525937,181.516150376379,0.09789877148256729,1.1506301531488485,0.9504286588899655,0.560420410979861,1.3122382524964122,2.741658955383363,1.1127043102734324,13.384015457302004,28.384015457302006,0.2204836392388898,0.22048363923888936,0.0,shift
ok,R20006_S+01,20006,1,20268105,10.051402346199787,0.7531757472666917,0.10150692593800618,38.996784832905774,1854.120819163715,2.2195369672194842,3.3221320900001645,0.40134724087794305,0.18956569894939845,0.07134481667353779,663.9779532703707,4,1.1651877269054111e-14,1.3960904470539758e-14,8.804649278872156e-15,3.586772350307508e-15,2.0254505970347825e-14,0.549506731472835,0.5234089627557935,5.444303877103911e-13,0.5165691850835,3.3752745574869922,2.8658220914010286,2.2316389921817135,1.3065241253152617,0.09047749080167337,256187070.11505315,13676097.887958461,213.42059851045403,0.30730881138414634,267.7564408744178,173.4411892481243,14317808.194102757,29317808.194102757,13419256.527869612,300.9288522191868,300.9288522191868,300.9288522191868,208.4421363842826,92.4867158349042,256187070.11505398,256187070.11505386,0.0,0.9999999999999996,0.02108959058654952,0.008148640140110172,0.499434363333885,0.0,4.653212572252151e-16,8833,0,0.0,4.624774335001348,0.0,6.391524944276316e-15,376,0.05,24000000.0,True,-5317808.194102757,0.44051;0.44089;0.44141;0.44213;0.44314;0.44453;0.44559;0.44650;0.44750;0.44868;0.45013;0.45049;0.45122;0.45799;0.46776;0.47821;0.39327;0.19782;0.00000;0.00000;0.00000;0.00000;0.00000;0.00000,1.0022266576499468,391.9723745637174,2.5932554598844613,42751406.90773426,7.6309504115135836,1.623615674924919,2.8658220914010286,0.6433104776022538,0.7848934267985654,-1.7093605607913926,3.3752745574869922,0.5283091057453456,0.009025123138251042,5494.055389578179,3.739893033545937,47.54547912368391,-0.28687150437127507,3.143074968094491,5.547799160605733,0.4973547398599174,195.66164096785823,0.10552798876187028,1.1506301531488485,0.9504286588899655,0.560420410979861,1.3122382524964122,2.741658955383363,1.135962200639332,14.317808194102756,29.317808194102756,0.25618707011505387,0.256187070115054,0.0,shift
ok,R20006_S+02,20006,2,20268105,10.051402346199787,0.7531757472666917,0.10150692593800618,38.996784832905774,1854.120819163715,2.2195369672194842,3.3221320900001645,0.40134724087794305,0.18956569894939845,0.07134481667353779,663.9779532703707,4,1.1651877269054111e-14,1.3960904470539758e-14,8.804649278872156e-15,3.586772350307508e-15,2.0254505970347825e-14,0.549506731472835,0.5234089627557935,5.444303877103911e-13,0.5165691850835,3.3752745574869922,0.42410539571272776,0.6102120318941364,0.902548734486156,1.3011155034887865,127728662.76220554,8443242.128244027,153.08269504728423,0.31711981996896155,193.2359249540141,121.86088829072936,8424039.835697103,23424039.835697103,7904262.372447096,213.16573571004673,213.16573571004673,213.16573571004673,139.6237705859488,73.54196512409794,127728662.7622056,127728662.7622054,0.0,0.9999999999999984,0.01057907747721767,0.004263757853814402,0.552222755250266,0.0,1.5166141360194296e-15,2405,0,0.0,1.1908579359987925,0.0,1.521853600570442e-14,0,0.05,24000000.0,False,575960.1643028967,0.46925;0.46989;0.47077;0.47201;0.47372;0.47609;0.47797;0.47963;0.48154;0.48397;0.48755;0.49664;0.50750;0.52789;0.48980;0.36151;0.18382;0.00000;0.00000;0.00000;0.00000;0.00000;0.00000;0.00000,1.0022266576499468,391.9723745637174,2.5932554598844613,42751406.90773426,7.6309504115135836,0.8094954163954518,1.3011155034887865,0.4090574086272585,0.31943276226705136,1.0834034263976917,3.3752745574869922,0.5283091057453456,0.004499707612860165,5494.055389578179,3.739893033545937,47.54547912368391,-0.28687150437127507,1.567060985770187,2.5187632964952598,0.19508589836270795,138.15648355985203,0.07451320438878752,1.1506301531488485,0.9504286588899655,0.560420410979861,1.3122382524964122,2.741658955383363,0.9265092437861312,8.424039835697103,23.424039835697105,0.1277286627622054,0.1277286627622056,0.0,shift
ok,R20006_S+03,20006,3,20268105,10.051402346199787,0.7531757472666917,0.10150692593800618,38.996784832905774,1854.120819163715,2.2195369672194842,3.3221320900001645,0.40134724087794305,0.18956569894939845,0.07134481667353779,663.9779532703707,4,1.1651877269054111e-14,1.3960904470539758e-14,8.804649278872156e-15,3.586772350307508e-15,2.0254505970347825e-14,0.549506731472835,0.5234089627557935,5.444303877103911e-13,0.5165691850835,3.3752745574869922,1.633712634221613,1.788365424962029,2.061931414367299,2.4544106024374224,313146856.73751295,18467192.888359,238.16299330690342,0.313083410496931,296.1096804093078,191.678311202943,19688351.428052396,34688351.428052396,18452600.14890141,333.2344535327981,333.2344535327981,333.2344535327981,213.96746034402565,119.26699318877246,313146856.7375121,313146856.7375124,0.0,1.0000000000000009,0.02514663117539981,0.009748205752305651,0.5083127144051963,0.0,9.517043440316694e-16,10879,0,0.0,5.295524035000199,0.0,5.640248444882378e-15,0,0.05,24000000.0,True,-10688351.428052396,0.41087;0.41147;0.41231;0.41347;0.41508;0.41732;0.42036;0.42201;0.42376;0.42564;0.42777;0.43040;0.43410;0.44141;0.45512;0.46869;0.43029;0.27849;0.00001;0.00000;0.00000;0.00000;0.00000;0.00000,1.0022266576499468,391.9723745637174,2.5932554598844613,42751406.90773426,7.6309504115135836,1.9846050189970907,2.4544106024374224,0.1569992455970099,0.4310779760237846,0.4135321438572923,3.3752745574869922,0.5283091057453456,0.011031739194109508,5494.055389578179,3.739893033545937,47.54547912368391,-0.28687150437127507,3.8418958704946604,4.7513685936196195,0.5845455897077624,216.32221264598658,0.11667104452424887,1.1506301531488485,0.9504286588899655,0.560420410979861,1.3122382524964122,2.741658955383363,1.2664008853835593,19.688351428052396,34.68835142805239,0.3131468567375124,0.31314685673751214,0.0,shift
ok,R20007_S+00,20007,0,20269105,21.626505820052742,0.7374576533320187,0.18806122684123844,56.23007398707527,1642.618237856324,2.759926161710522,3.4365772446013763,0.2587360142788281,0.33835127876935356,0.04407096700396791,714.2262365433328,4,1.2825782940210493e-13,1.6051713781182987e-13,1.0374678999344441e-13,5.612340095393483e-14,3.2177099583023446e-13,0.54357754395684,0.7496766372327661,9.025890535352747e-12,1.3246341537619688,3.5225369244409754,0.2733096940115324,0.20719150798802566,0.23913804326780147,0.3691492998508598,42949441.7392784,811431.7938650327,53.83402640516611,0.2794518989595114,66.67489201028562,44.64564410972339,799422.5846140776,15799422.584614078,796025.949198883,73.06481316911247,73.06481316911247,73.06481316911247,69.42313542279217,3.6416777463202976,42949441.7392784,42949441.7392792,0.0,1.0000000000000187,0.0018627864249875087,0.0006656786988424387,0.5237283725802848,0.0,1.873511440154269e-14,311,0,0.0,0.15301946199906524,0.0,4.212093833955688e-13,0,0.05,24000000.0,False,8200577.415385922,0.49750;0.49760;0.49775;0.49794;0.49821;0.49858;0.50203;0.51552;0.51893;0.49543;0.46579;0.43243;0.39128;0.19695;0.00000;0.00000;0.00000;0.00000;0.00000;0.00000;0.00000;0.00000;0.00000;0.00000,1.3349863564407447,1216.0600223434797,3.0849550113916804,89637776.16104947,7.952491073510445,0.27219713627955483,0.3691492998508598,0.22286115919021912,0.44131728254670954,0.35209630471974257,3.5225369244409754,0.5468555542290633,0.0006708580725399773,27593.223044867435,4.44080243149942,29.212450231416856,0.12209594850577854,0.2054885384817486,0.2786801916608247,-0.687212396721965,52.304400267619215,0.03184209152327344,2.2112380049739127,2.021691265949344,1.7548605782056932,2.5132634923512396,3.9612066599248483,-0.09074797958754047,0.7994225846140776,15.799422584614078,0.042949441739279205,0.0429494417392784,0.0,shift
ok,R20007_S+01,20007,1,20269105,21.626505820052742,0.7374576533320187,0.18806122684123844,56.23007398707527,1642.618237856324,2.759926161710522,3.4365772446013763,0.2587360142788281,0.33835127876935356,0.04407096700396791,714.2262365433328,4,1.2825782940210493e-13,1.6051713781182987e-13,1.0374678999344441e-13,5.612340095393483e-14,3.2177099583023446e-13,0.54357754395684,0.7496766372327661,9.025890535352747e-12,1.3246341537619688,3.5225369244409754,2.3982571355242133,1.450562886229029,0.8651084568057654,0.6418938472544226,211271123.28636238,3724813.704411337,117.27802058598981,0.26961495332396573,147.0438089956008,99.0252895508362,3729818.5769093595,18729818.57690936,3720930.535544168,159.73382189076148,159.73382189076148,159.73382189076148,157.34464996715008,2.3891719236114,211271123.2863626,211271123.28636265,0.0,1.0000000000000002,0.008966508270266108,0.0031798581429031266,0.47324805081519133,0.0,2.8212395451034207e-16,1106,0,0.0,0.5459431509989372,0.0,1.8445496315409176e-13,0,0.05,24000000.0,False,5270181.42309064,0.43074;0.43077;0.43082;0.43088;0.43097;0.43108;0.43131;0.43170;0.43241;0.43378;0.43656;0.44477;0.47127;0.44908;0.41204;0.34831;0.00129;0.00000;0.00000;0.00000;0.00000;0.00000;0.00000;0.00000,1.3349863564407447,1216.0600223434797,3.0849550113916804,89637776.16104947,7.952491073510445,1.3389555814533576,2.3982571355242133,0.5072268917079304,0.7186235441760462,-1.3117412650562772,3.5225369244409754,0.5468555542290633,0.0032999948965955115,27593.223044867435,4.44080243149942,29.212450231416856,0.12209594850577854,1.0108116098703297,1.8105052845822742,0.004670221448969023,116.00575524061772,0.07062246879226752,2.2112380049739127,2.021691265949344,1.7548605782056932,2.5132634923512396,3.9612066599248483,0.5711045565019223,3.7298185769093597,18.72981857690936,0.21127112328636266,0.21127112328636258,0.0,shift
ok,R20007_S+02,20007,2,20269105,21.626505820052742,0.7374576533320187,0.18806122684123844,56.23007398707527,1642.618237856324,2.759926161710522,3.4365772446013763,0.2587360142788281,0.33835127876935356,0.04407096700396791,714.2262365433328,4,1.2825782940210493e-13,1.6051713781182987e-13,1.0374678999344441e-13,5.612340095393483e-14,3.2177099583023446e-13,0.54357754395684,0.7496766372327661,9.025890535352747e-12,1.3246341537619688,3.5225369244409754,0.21199892140526402,0.7790360786761741,1.030681344123489,0.966934717747208,117893318.44082588,2207124.69093476,89.13250894602015,0.27908335325301475,110.39525647121776,73.95640921612484,2193065.1074141003,17193065.1074141,2181460.9199375585,120.26017467282702,120.26017467282702,120.26017467282702,115.51253394388114,4.747640728945882,117893318.44082588,117893318.44082585,0.0,0.9999999999999998,0.0049739452255980875,0.0018031397694621722,0.49494050331616884,0.0,2.5279059731153443e-16,544,0,0.0,0.2888786750008876,0.0,4.2572063305706555e-13,0,0.05,24000000.0,False,6806934.8925859,0.45473;0.45480;0.45489;0.45503;0.45521;0.45546;0.45601;0.45705;0.45911;0.46400;0.48813;0.48308;0.45210;0.41598;0.36118;0.00672;0.00000;0.00000;0.00000;0.00000;0.00000;0.00000;0.00000;0.00000,1.3349863564407447,1216.0600223434797,3.0849550113916804,89637776.16104947,7.952491073510445,0.7471627654880338,1.030681344123489,0.4316711115677763,0.3315994338375893,1.0104033969744637,3.5225369244409754,0.5468555542290633,0.0018414601254810863,27593.223044867435,4.44080243149942,29.212450231416856,0.12209594850577854,0.5640521674351271,0.7780875505862113,-0.2486807276097685,86.65708206894982,0.052755460807521797,2.2112380049739127,2.021691265949344,1.7548605782056932,2.5132634923512396,3.9612066599248483,0.3438268692084211,2.1930651074141,17.1930651074141,0.11789331844082584,0.11789331844082587,0.0,shift
ok,R20007_S+03,20007,3,20269105,21.626505820052742,0.7374576533320187,0.18806122684123844,56.23007398707527,1642.618237856324,2.759926161710522,3.4365772446013763,0.2587360142788281,0.33835127876935356,0.04407096700396791,714.2262365433328,4,1.2825782940210493e-13,1.6051713781182987e-13,1.0374678999344441e-13,5.612340095393483e-14,3.2177099583023446e-13,0.54357754395684,0.7496766372327661,9.025890535352747e-12,1.3246341537619688,3.5225369244409754,1.7291373018951062,1.6358620768159255,1.1768424296849107,0.3520783605020616,193050468.90251955,3366303.414787593,111.66768199747283,0.2675069091169142,139.05721414398718,94.7033304790221,3368789.954379197,18368789.954379197,3364220.963674333,152.58482406074376,152.58482406074376,152.58482406074376,147.4339804844944,5.150843576249343,193050468.90251955,193050468.90251946,0.0,0.9999999999999996,0.008586562640717364,0.0029146762762643384,0.4773961303794749,0.0,4.631274281350324e-16,984,0,0.0,0.5743364289992314,0.0,3.301318547210575e-13,36,0.05,24000000.0,False,5631210.045620803,0.43524;0.43527;0.43530;0.43534;0.43539;0.43547;0.43569;0.43611;0.43685;0.43804;0.44106;0.45438;0.47340;0.44439;0.40609;0.32642;0.00000;0.00000;0.00000;0.00000;0.00000;0.00000;0.00000;0.00000,1.3349863564407447,1216.0600223434797,3.0849550113916804,89637776.16104947,7.952491073510445,1.223480042224501,1.7291373018951062,0.4452939501134594,0.6875877134442,-1.1255262806652002,3.5225369244409754,0.5468555542290633,0.003015393453937336,27593.223044867435,4.44080243149942,29.212450231416856,0.12209594850577854,0.9236361894714932,1.3053697105607205,-0.034499059102779554,110.89064142320107,0.06750846841194054,2.2112380049739127,2.021691265949344,1.7548605782056932,2.5132634923512396,3.9612066599248483,0.5271532576378238,3.368789954379197,18.368789954379196,0.19305046890251945,0.19305046890251956,0.0,shift
ok,R20008_S+00,20008,0,20270105,26.752503859229456,0.3415744197755099,0.19810672561195883,20.266891623172125,3991.2702829878954,2.0225707020769126,3.5150522979158154,0.6314900917611945,0.3379333649806603,0.07141410448957723,760.4541193362218,4,2.8781984871343003e-14,3.120942506679667e-14,2.64030999349216e-14,1.5799237024024836e-14,4.858188873318788e-14,0.37888423725453724,0.44573409877329184,6.325180354502797e-13,1.4130514230111084,5.305591350123499,3.9609624538893256,2.8160702378798805,2.9031640578222433,4.222243913716414,548409576.8455054,12210226.516165413,344.6484223205655,0.3546744394208504,446.7856138974125,275.0185319883329,10587595.822719552,25587595.82271955,9593132.1316007,518.3096571818394,518.3096571818394,518.3096571818394,350.42394864993094,167.88570853190845,548409576.8455081,548409576.8455093,0.0,1.0000000000000022,0.012534222264155386,0.00343709120086037,0.3963727618277661,0.0,2.1737273487542246e-15,12497,0,0.0,6.083035882000331,0.0,5.7384668693703944e-15,0,0.05,24000000.0,True,-1587595.8227195516,0.33534;0.33605;0.33705;0.33844;0.34037;0.34306;0.34545;0.34717;0.34895;0.35082;0.35285;0.35516;0.35807;0.36276;0.37452;0.38679;0.36966;0.31957;0.17806;0.00685;0.00000;0.00000;0.00000;0.00000,1.4273644353799722,542.1900963634974,2.7341515805001557,200936352.65394646,8.303058514791028,3.475610165826966,4.222243913716414,0.1794337530550776,0.48747071509936724,0.07517570940379643,5.305591350123499,0.724733796490453,0.0035890003333267383,7592.199051416085,3.880367585852111,196.93549248689334,0.15015796674848922,2.459648749668782,2.9880327389070693,0.3908730920739996,293.86444053780764,0.07362679540655374,1.5000023660282038,1.4273715172731671,1.2043527123002664,1.6921909927660308,2.8067895111483874,1.086723720767831,10.587595822719551,25.587595822719553,0.5484095768455093,0.5484095768455081,0.0,shift
ok,R20008_S+01,20008,1,20270105,26.752503859229456,0.3415744197755099,0.19810672561195883,20.266891623172125,3991.2702829878954,2.0225707020769126,3.5150522979158154,0.6314900917611945,0.3379333649806603,0.07141410448957723,760.4541193362218,4,2.8781984871343003e-14,3.120942506679667e-14,2.64030999349216e-14,1.5799237024024836e-14,4.858188873318788e-14,0.37888423725453724,0.44573409877329184,6.325180354502797e-13,1.4130514230111084,5.305591350123499,5.056421357423733,3.912066839694283,2.2173649566428977,0.13947711077538114,446750302.9451632,11089111.518812092,310.12198085050915,0.35251903658806993,403.19127649230853,249.20795791949655,9046865.792842645,24046865.792842645,7805009.883698244,468.6304696316134,468.6304696316134,468.6304696316134,329.6522113933823,138.9782582382311,446750302.9451638,446750302.94516337,0.0,0.9999999999999991,0.00999354824898833,0.0028218603383423206,0.4040341931379503,0.0,9.33927768324194e-16,10676,0,0.0,5.14008505899983,0.0,3.99010312503299e-14,182,0.05,24000000.0,True,-46865.7928426452,0.37907;0.37936;0.37976;0.38032;0.38109;0.38218;0.38289;0.38353;0.38362;0.38102;0.37758;0.37562;0.37783;0.37868;0.37820;0.37929;0.35616;0.29552;0.11255;0.00015;0.00000;0.00000;0.00000;0.00000,1.4273644353799722,542.1900963634974,2.7341515805001557,200936352.65394646,8.303058514791028,2.8313325661340736,5.056421357423733,0.6546435028672108,0.7918963939799262,-1.7366184055735956,5.305591350123499,0.724733796490453,0.0029237034761625045,7592.199051416085,3.880367585852111,196.93549248689334,0.15015796674848922,2.0037010118858327,3.578370379932014,0.3018329175068115,265.2326287064024,0.06645318655489481,1.5000023660282038,1.4273715172731671,1.2043527123002664,1.6921909927660308,2.8067895111483874,1.0448967510242912,9.046865792842645,24.046865792842645,0.4467503029451634,0.44675030294516377,0.0,shift
ok,R20008_S+02,20008,2,20270105,26.752503859229456,0.3415744197755099,0.19810672561195883,20.266891623172125,3991.2702829878954,2.0225707020769126,3.5150522979158154,0.6314900917611945,0.3379333649806603,0.07141410448957723,760.4541193362218,4,2.8781984871343003e-14,3.120942506679667e-14,2.64030999349216e-14,1.5799237024024836e-14,4.858188873318788e-14,0.37888423725453724,0.44573409877329184,6.325180354502797e-13,1.4130514230111084,5.305591350123499,0.5652761344956173,0.5565499872235492,0.41892819477906285,0.15241075716215802,66790282.6606813,1400700.8918383191,118.90467256544468,0.346630595166817,153.73840413415476,94.42900329811695,1019110.3163505103,16019110.31635051,947321.8044168763,174.73470051962553,174.73470051962553,174.73470051962553,124.99515304795707,49.73954747166846,66790282.66068131,66790282.66068126,0.0,0.9999999999999993,0.0014619205921746722,0.0004347760770612266,0.47590996935573726,0.0,6.693111902019156e-16,479,0,0.0,0.19362250899939681,0.0,6.112883412437971e-14,0,0.05,24000000.0,False,7980889.68364949,0.47097;0.47113;0.47136;0.47167;0.47211;0.47272;0.47220;0.46737;0.46526;0.46732;0.46618;0.44476;0.40824;0.36548;0.30761;0.14562;0.00020;0.00000;0.00000;0.00000;0.00000;0.00000;0.00000;0.00000,1.4273644353799722,542.1900963634974,2.7341515805001557,200936352.65394646,8.303058514791028,0.42329126841509684,0.5652761344956173,0.3940972428170721,0.6625615772323572,-0.9753694633941433,5.305591350123499,0.724733796490453,0.0004371009494600821,7592.199051416085,3.880367585852111,196.93549248689334,0.15015796674848922,0.2995582903225803,0.40003932290804783,-0.5235186567395218,102.55365955114328,0.025694491297234532,1.5000023660282038,1.4273715172731671,1.2043527123002664,1.6921909927660308,2.8067895111483874,0.14634540516959252,1.0191103163505104,16.01911031635051,0.06679028266068127,0.06679028266068131,0.0,shift
ok,R20008_S+03,20008,3,20270105,26.752503859229456,0.3415744197755099,0.19810672561195883,20.266891623172125,3991.2702829878954,2.0225707020769126,3.5150522979158154,0.6314900917611945,0.3379333649806603,0.07141410448957723,760.4541193362218,4,2.8781984871343003e-14,3.120942506679667e-14,2.64030999349216e-14,1.5799237024024836e-14,4.858188873318788e-14,0.37888423725453724,0.44573409877329184,6.325180354502797e-13,1.4130514230111084,5.305591350123499,0.8017766299026454,1.6165068462329417,2.2123019178140844,2.5891618446460734,284797369.3208863,7116352.314477799,250.21681064341834,0.35998079063807437,323.7385792784136,196.9895473281374,5756032.539899245,20756032.539899245,5246258.246341474,376.3927174407002,376.3927174407002,376.3927174407002,249.0409121278522,127.351805312848,284797369.32088745,284797369.32088625,0.0,0.9999999999999958,0.006352787774970257,0.001821534221787686,0.42196968267799967,0.0,4.1857581000499175e-15,4007,0,0.0,2.107155079000222,0.0,1.1722891568071695e-14,0,0.05,24000000.0,False,3243967.460100755,0.36953;0.37020;0.37112;0.37241;0.37421;0.37670;0.37846;0.38002;0.38168;0.38353;0.38575;0.38879;0.39471;0.40839;0.40923;0.37351;0.31947;0.17972;0.00776;0.00000;0.00000;0.00000;0.00000;0.00000,1.4273644353799722,542.1900963634974,2.7341515805001557,200936352.65394646,8.303058514791028,1.804936809648936,2.5891618446460734,0.3740042108575243,0.3349540359540272,0.9902757842758374,5.305591350123499,0.724733796490453,0.0018638220348059125,7592.199051416085,3.880367585852111,196.93549248689334,0.15015796674848922,1.27733271433445,1.832319618721844,0.10630403522661643,211.76905978816092,0.053058060410188256,1.5000023660282038,1.4273715172731671,1.2043527123002664,1.6921909927660308,2.8067895111483874,0.8522574408798462,5.756032539899245,20.756032539899245,0.28479736932088623,0.28479736932088745,0.0,shift
ok,R20009_S+00,20009,0,20271105,10.195159544065616,0.4217189415656302,0.1896041578853091,50.5183761994438,2692.1641951706742,2.7995314489582626,2.195116068557489,0.6303874484101852,0.28241971411142897,0.06751254890319747,642.5868765955651,4,8.264333929051857e-15,9.48327663658236e-15,7.099277088388447e-15,3.812367780807952e-15,1.493687446667469e-14,0.4690302368309739,0.5516352123251693,4.79079736730264e-13,1.215163260951432,5.602402445039335,3.7570567862885715,2.3008185626970246,1.3630082860251687,0.9436259562730035,329954809.8473708,11930804.495021906,182.77487433555714,0.3636834711377401,215.43285236144106,130.65644328599305,9175410.110480607,24175410.110480607,7540725.337649018,241.58216516657689,241.58216516657689,241.58216516657689,155.34029776413607,86.24186740244082,329954809.8473708,329954809.8473705,0.0,0.9999999999999991,0.005774188708059647,0.0022846926934301914,0.5215825893084101,0.0,9.032243658300104e-16,3540,0,0.0,1.8902443449987913,0.0,1.1960718274378606e-14,0,0.05,24000000.0,True,-175410.11048060656,0.50341;0.50385;0.50446;0.50532;0.50650;0.50816;0.50932;0.51049;0.51187;0.51357;0.51439;0.51309;0.51007;0.50245;0.47870;0.37927;0.17689;0.00000;0.00000;0.00000;0.00000;0.00000;0.00000;0.00000,1.0083940264422766,515.0429052604567,2.7118434091221886,218097255.35642862,8.338650200236847,2.091127397820942,3.7570567862885715,0.5165014728825209,0.7242355672947283,-1.34541340376837,5.602402445039335,0.7483743028777866,0.0023543575113729033,7628.846986638712,3.882458904248512,53.29079035601138,0.0846346306644238,1.7208612743802505,3.0918123572522447,0.23574586149577678,154.20643615407326,0.057279729234455956,0.9826750173118253,0.8569307250061989,0.5869113883354363,1.1799763288553577,2.6861243999917375,1.0766697291664733,9.175410110480607,24.175410110480605,0.3299548098473705,0.3299548098473708,0.0,shift
ok,R20009_S+01,20009,1,20271105,10.195159544065616,0.4217189415656302,0.1896041578853091,50.5183761994438,2692.1641951706742,2.7995314489582626,2.195116068557489,0.6303874484101852,0.28241971411142897,0.06751254890319747,642.5868765955651,4,8.264333929051857e-15,9.48327663658236e-15,7.099277088388447e-15,3.812367780807952e-15,1.493687446667469e-14,0.4690302368309739,0.5516352123251693,4.79079736730264e-13,1.215163260951432,5.602402445039335,0.5805905902828028,0.5106245473067189,0.32879875475241227,0.03511321261988263,57400398.909428775,1845009.371241341,76.23927592597012,0.3637371456875451,88.92050036766385,53.51671704736475,1585000.3466694225,16585000.346669422,1153216.5672774669,102.08889195199188,102.08889195199188,102.08889195199188,64.1180401447736,37.97085180721828,57400398.909428746,57400398.909428805,0.0,1.000000000000001,0.001049165691198316,0.0004074091208384232,0.6007737497383904,0.0,1.0384012290479013e-15,378,0,0.0,0.21537551199980953,0.0,5.964810521804534e-14,14,0.05,24000000.0,False,7414999.653330578,0.59218;0.59224;0.59232;0.59244;0.59260;0.59282;0.58918;0.58904;0.58560;0.57899;0.55392;0.50921;0.43890;0.24054;0.01644;0.00000;0.00000;0.00000;0.00000;0.00000;0.00000;0.00000;0.00000;0.00000,1.0083940264422766,515.0429052604567,2.7118434091221886,218097255.35642862,8.338650200236847,0.3637817762404541,0.5805905902828028,0.5795809659434921,0.7499105293747902,-1.4994631762487411,5.602402445039335,0.7483743028777866,0.0004095744516975754,7628.846986638712,3.882458904248512,53.29079035601138,0.0846346306644238,0.2993686428238665,0.47778813673828474,-0.5237936915071792,64.31802850947867,0.023890826802040993,0.9826750173118253,0.8569307250061989,0.5869113883354363,1.1799763288553577,2.6861243999917375,0.26599857638563046,1.5850003466694225,16.58500034666942,0.05740039890942881,0.057400398909428746,0.0,shift
ok,R20009_S+02,20009,2,20271105,10.195159544065616,0.4217189415656302,0.1896041578853091,50.5183761994438,2692.1641951706742,2.7995314489582626,2.195116068557489,0.6303874484101852,0.28241971411142897,0.06751254890319747,642.5868765955651,4,8.264333929051857e-15,9.48327663658236e-15,7.099277088388447e-15,3.812367780807952e-15,1.493687446667469e-14,0.4690302368309739,0.5516352123251693,4.79079736730264e-13,1.215163260951432,5.602402445039335,1.8370532064927503,1.5461106310628672,0.9027864699310058,0.05241288788229736,171135412.9677178,5836176.861081468,132.38860065143444,0.3678801334004534,156.34688665522665,93.43831188396655,4689762.652381469,19689762.65238147,3564477.9792591445,175.73703370303352,175.73703370303352,175.73703370303352,110.87836217180867,64.85867153122484,171135412.96771753,171135412.96771765,0.0,1.0000000000000007,0.003046130979710129,0.0012019014674066854,0.5726436720972718,0.0,6.965787354208713e-16,1329,0,0.0,0.7995686819995171,0.0,3.323104849613225e-14,35,0.05,24000000.0,False,4310237.347618531,0.54800;0.54819;0.54845;0.54882;0.54932;0.55003;0.54564;0.53823;0.53793;0.53986;0.53694;0.53414;0.52378;0.48680;0.37062;0.18100;0.00000;0.00000;0.00000;0.00000;0.00000;0.00000;0.00000;0.00000,1.0083940264422766,515.0429052604567,2.7118434091221886,218097255.35642862,8.338650200236847,1.08459079884223,1.8370532064927503,0.6316998130358648,0.7798249443861798,-1.645450358342986,5.602402445039335,0.7483743028777866,0.001221118568233112,7628.846986638712,3.882458904248512,53.29079035601138,0.0846346306644238,0.8925473915274824,1.511774808805855,-0.04936871489930129,111.05681448340573,0.041251872631923585,0.9826750173118253,0.8569307250061989,0.5869113883354363,1.1799763288553577,2.6861243999917375,0.7661284443982305,4.689762652381469,19.689762652381468,0.17113541296771764,0.17113541296771753,0.0,shift
ok,R20009_S+03,20009,3,20271105,10.195159544065616,0.4217189415656302,0.1896041578853091,50.5183761994438,2692.1641951706742,2.7995314489582626,2.195116068557489,0.6303874484101852,0.28241971411142897,0.06751254890319747,642.5868765955651,4,8.264333929051857e-15,9.48327663658236e-15,7.099277088388447e-15,3.812367780807952e-15,1.493687446667469e-14,0.4690302368309739,0.5516352123251693,4.79079736730264e-13,1.215163260951432,5.602402445039335,0.9952006717096171,0.6083942640577584,0.29139532432259996,0.04420385250414146,76495390.15950014,3162269.9520194456,87.80585538222148,0.3620401457936562,103.43599911518699,61.92786282277411,2634738.978501603,17634738.978501603,1884247.4076072685,115.67876348026454,115.67876348026454,115.67876348026454,74.11324865594483,41.565514824319706,76495390.15950008,76495390.15950015,0.0,1.0000000000000009,0.0012984494810528257,0.0005420004629499051,0.595623834289945,0.0,9.739907962281998e-16,538,0,0.0,0.31044422699960705,0.0,6.284673206044368e-14,27,0.05,24000000.0,False,6365261.021498397,0.58656;0.58666;0.58679;0.58697;0.58722;0.58756;0.58397;0.58176;0.57442;0.57049;0.55730;0.52828;0.47655;0.33304;0.12838;0.00000;0.00000;0.00000;0.00000;0.00000;0.00000;0.00000;0.00000;0.00000,1.0083940264422766,515.0429052604567,2.7118434091221886,218097255.35642862,8.338650200236847,0.48479852814852925,0.9952006717096171,0.7345941140790039,0.8269388429723518,-1.9616330578341108,5.602402445039335,0.7483743028777866,0.0005458247342741535,7628.846986638712,3.882458904248512,53.29079035601138,0.0846346306644238,0.39895752589569594,0.8189851550732438,-0.3990733380250518,74.24939180556483,0.027579815502619322,0.9826750173118253,0.8569307250061989,0.5869113883354363,1.1799763288553577,2.6861243999917375,0.4999989413925698,2.634738978501603,17.634738978501602,0.07649539015950015,0.07649539015950008,0.0,shift
ok,R20010_S+00,20010,0,20272105,26.08554897539732,0.17628717245458742,0.12035368168231461,67.00385772724817,1746.0204023796823,1.7088676736513406,3.110804868074106,0.6400172070982528,0.3328356765750882,0.07661901886773248,730.0111128564854,4,2.521108810498146e-14,2.5804482326554824e-14,2.4629217580790758e-14,1.9668516585812692e-14,3.1794464122433144e-14,0.22139097820112974,0.2459068322775454,1.7289998625337693e-12,1.3090744812102977,5.011945205430902,0.11087395385729991,0.21140074117781313,0.42267185557309345,0.7446872970431409,58761586.3883027,1653585.805000672,71.60792074500456,0.2729253480264882,97.1391917807089,62.595878627746366,1441013.2867928725,16441013.286792872,1408262.30474931,107.96281711477599,107.96281711477599,107.96281711477599,101.11824992931037,6.844567185465621,58761586.388302684,58761586.38830235,0.0,0.9999999999999943,0.0035141109573880755,0.0010297722635686742,0.5027122774459873,0.0,5.705702440469062e-15,306,0,0.0,0.1405967660011811,0.0,2.1094425142901215e-13,0,0.05,24000000.0,False,7558986.7132071275,0.45923;0.45940;0.45964;0.45997;0.46043;0.46106;0.46290;0.46683;0.48134;0.49885;0.46519;0.42186;0.37311;0.31431;0.17632;0.00000;0.00000;0.00000;0.00000;0.00000;0.00000;0.00000;0.00000;0.00000,1.4163999809655041,1747.8324122846864,3.242499788762235,77233850.81329547,7.8878076889271,0.37240846191283683,0.7446872970431409,0.6514666366157265,0.2163449061950573,1.7019305628296562,5.011945205430902,0.70000631429556,0.0010422126775108855,22811.99156702818,4.358163202366259,26.058505608545516,0.11696435690859981,0.2844822561727188,0.5688654906439276,-0.5459448163922604,69.00984989970345,0.039524079905165314,1.417411748715233,1.397167213189589,1.2994882041079507,1.508068107362564,3.243511556511964,0.2184267354888864,1.4410132867928724,16.441013286792874,0.058761586388302346,0.058761586388302686,0.0,shift
ok,R20010_S+01,20010,1,20272105,26.08554897539732,0.17628717245458742,0.12035368168231461,67.00385772724817,1746.0204023796823,1.7088676736513406,3.110804868074106,0.6400172070982528,0.3328356765750882,0.07661901886773248,730.0111128564854,4,2.521108810498146e-14,2.5804482326554824e-14,2.4629217580790758e-14,1.9668516585812692e-14,3.1794464122433144e-14,0.22139097820112974,0.2459068322775454,1.7289998625337693e-12,1.3090744812102977,5.011945205430902,0.7620388212262303,0.5573796420701513,0.3883530251684949,0.25495897052126104,77423828.41562617,1689552.6109879448,80.38063823302912,0.2610018081224786,112.06692016383685,71.85565671477809,1615407.3236382157,16615407.323638216,1604243.605366243,121.33096710586956,121.33096710586956,121.33096710586956,119.80617068477713,1.5247964210924323,77423828.41562618,77423828.41562612,0.0,0.9999999999999992,0.004703652267812739,0.0013517689905659044,0.48990795868092696,0.0,7.698488436327546e-16,326,0,0.0,0.13388504900103726,0.0,8.56798169033675e-14,0,0.05,24000000.0,False,7384592.676361784,0.45186;0.45193;0.45202;0.45215;0.45233;0.45257;0.45380;0.45622;0.46126;0.48025;0.47965;0.44096;0.39470;0.34157;0.26260;0.00280;0.00000;0.00000;0.00000;0.00000;0.00000;0.00000;0.00000;0.00000,1.4163999809655041,1747.8324122846864,3.242499788762235,77233850.81329547,7.8878076889271,0.4906826147465344,0.7620388212262303,0.38683962742773964,0.6722361989419253,-1.0334171936515522,5.011945205430902,0.70000631429556,0.0013732116587692397,22811.99156702818,4.358163202366259,26.058505608545516,0.11696435690859981,0.37483170116713027,0.5821202935081978,-0.42616368603467797,79.21394599942613,0.045368282003729186,1.417411748715233,1.397167213189589,1.2994882041079507,1.508068107362564,3.243511556511964,0.2277717198197082,1.6154073236382156,16.615407323638216,0.07742382841562612,0.07742382841562619,0.0,shift
ok,R20010_S+02,20010,2,20272105,26.08554897539732,0.17628717245458742,0.12035368168231461,67.00385772724817,1746.0204023796823,1.7088676736513406,3.110804868074106,0.6400172070982528,0.3328356765750882,0.07661901886773248,730.0111128564854,4,2.521108810498146e-14,2.5804482326554824e-14,2.4629217580790758e-14,1.9668516585812692e-14,3.1794464122433144e-14,0.22139097820112974,0.2459068322775454,1.7289998625337693e-12,1.3090744812102977,5.011945205430902,1.000088035437,0.7132342371783771,0.5110873456585342,0.39364736087747176,103274493.65658462,2284601.857203108,92.94563537157963,0.26162556824273225,128.83995204124443,83.01669523781048,2172419.237430703,17172419.237430703,2153834.2335875854,138.23075700905514,138.23075700905514,138.23075700905514,136.3873283871193,1.8434286219358285,103274493.65658453,103274493.65658467,0.0,1.0000000000000013,0.00573642617321725,0.0017938201903998667,0.477901398054023,0.0,1.2985825056725258e-15,432,0,0.0,0.17850848800117092,0.0,1.325005908768798e-13,0,0.05,24000000.0,False,6827580.762569297,0.43526;0.43533;0.43543;0.43557;0.43575;0.43601;0.43682;0.43840;0.44153;0.44877;0.47406;0.45885;0.41585;0.36608;0.30414;0.12445;0.00000;0.00000;0.00000;0.00000;0.00000;0.00000;0.00000;0.00000,1.4163999809655041,1747.8324122846864,3.242499788762235,77233850.81329547,7.8878076889271,0.6545142447878458,1.000088035437,0.35131602858665156,0.6544251275886033,-0.9265507655316195,5.011945205430902,0.70000631429556,0.0018317066159710767,22811.99156702818,4.358163202366259,26.058505608545516,0.11696435690859981,0.49998243353022837,0.7639657252445821,-0.30104525397379406,91.48731121612009,0.052397618659799396,1.417411748715233,1.397167213189589,1.2994882041079507,1.508068107362564,3.243511556511964,0.35881052550624465,2.1724192374307028,17.172419237430702,0.10327449365658467,0.10327449365658453,0.0,shift
ok,R20010_S+03,20010,3,20272105,26.08554897539732,0.17628717245458742,0.12035368168231461,67.00385772724817,1746.0204023796823,1.7088676736513406,3.110804868074106,0.6400172070982528,0.3328356765750882,0.07661901886773248,730.0111128564854,4,2.521108810498146e-14,2.5804482326554824e-14,2.4629217580790758e-14,1.9668516585812692e-14,3.1794464122433144e-14,0.22139097820112974,0.2459068322775454,1.7289998625337693e-12,1.3090744812102977,5.011945205430902,0.42190909852963837,0.3325956382497166,0.20011358904104448,0.024462950903622136,38621819.12293248,876394.7229697149,56.52173203193729,0.2587101428247592,78.64957610807888,50.70450500988824,817509.6224663779,15817509.622466378,809961.0962340403,84.07857335200123,84.07857335200123,84.07857335200123,83.63084331913002,0.44773003287120616,38621819.122932486,38621819.12293228,0.0,0.9999999999999946,0.00212622915254493,0.0006796156172111183,0.5133321407246867,0.0,5.4015129647271606e-15,254,0,0.0,0.10534624800129677,0.0,1.1568654898789473e-12,7,0.05,24000000.0,False,8182490.377533622,0.48870;0.48876;0.48883;0.48893;0.48907;0.48927;0.49284;0.50362;0.50825;0.47872;0.43786;0.39148;0.33830;0.25576;0.00000;0.00000;0.00000;0.00000;0.00000;0.00000;0.00000;0.00000;0.00000;0.00000,1.4163999809655041,1747.8324122846864,3.242499788762235,77233850.81329547,7.8878076889271,0.2447703191810054,0.42190909852963837,0.6115276919798079,0.7706252327732245,-1.6237513966393469,5.011945205430902,0.70000631429556,0.0006850078766162331,22811.99156702818,4.358163202366259,26.058505608545516,0.11696435690859981,0.18697967357419137,0.3222957170011936,-0.7282056027382182,55.94750060047294,0.03204286761152453,1.417411748715233,1.397167213189589,1.2994882041079507,1.508068107362564,3.243511556511964,-0.0573002461182166,0.8175096224663779,15.817509622466378,0.03862181912293228,0.038621819122932485,0.0,shift
ok,R20011_S+00,20011,0,20273105,13.444099310749998,0.6098416766126802,0.23027371649673606,29.04077049425662,1393.3619951997182,1.793340036643274,3.898943329863653,0.31340959794186635,0.24038443061226494,0.06342752062906996,623.0915340433246,4,1.0866277847522693e-14,1.4092632453724434e-14,8.13881236355576e-15,3.5218760177957616e-15,2.9631760873227295e-14,0.5834422827484631,0.7857670000296375,4.0926090474852384e-13,0.4747265487710387,2.9647345016815154,0.01610494005816253,0.0808479630111462,0.1504529021730214,0.2249197575437882,18631826.47522401,1708327.3830605885,53.407264804160064,0.40347574420100984,67.54621752919697,39.88017884313251,1593172.5023902357,16593172.502390236,1521205.5804328546,79.07102820087685,79.07102820087685,79.07102820087685,42.49390831050286,36.57711989037399,18631826.475224018,18631826.475224018,0.0,1.0,0.0020854504307337447,0.000726117235014262,0.5425559114248427,0.0,0.0,301,0,0.0,0.16610786599994753,0.0,1.2282665468336504e-13,0,0.05,24000000.0,False,7406827.497609764,0.50512;0.50570;0.50649;0.50758;0.50906;0.51110;0.51562;0.52231;0.52848;0.50515;0.46493;0.41550;0.29513;0.16710;0.00423;0.00000;0.00000;0.00000;0.00000;0.00000;0.00000;0.00000;0.00000;0.00000,1.1285317119164087,390.4270025854843,2.591539846567225,40787801.6877717,7.610530299075427,0.11808139069652959,0.2249197575437882,0.659364249643224,0.20526710961272193,1.7683973423236685,2.9647345016815154,0.4719858074414623,0.0007331169845971833,6155.482647173578,3.789262111334963,47.97951195803441,-0.32355647996827575,0.2487355952647182,0.47378803255485785,-0.604262060645304,43.28661968986894,0.031066312874182014,1.1547087231221602,0.9162776339113051,0.552490661001217,1.4774740580491972,2.6177168577729764,0.23257110232025474,1.5931725023902357,16.593172502390235,0.018631826475224017,0.018631826475224017,0.0,shift
ok,R20011_S+01,20011,1,20273105,13.444099310749998,0.6098416766126802,0.23027371649673606,29.04077049425662,1393.3619951997182,1.793340036643274,3.898943329863653,0.31340959794186635,0.24038443061226494,0.06342752062906996,623.0915340433246,4,1.0866277847522693e-14,1.4092632453724434e-14,8.13881236355576e-15,3.5218760177957616e-15,2.9631760873227295e-14,0.5834422827484631,0.7857670000296375,4.0926090474852384e-13,0.4747265487710387,2.9647345016815154,0.11525104324224245,0.10760849022158075,0.08718130933782434,0.05396950059097318,14359116.015808709,915587.5614773817,43.7274855722519,0.350956665232896,55.99949823712798,34.64574680207952,859909.5959928073,15859909.595992807,848026.2164446022,64.1237212200104,64.1237212200104,64.1237212200104,41.89403744380242,22.229683776207978,14359116.015808703,14359116.015808707,0.0,1.0000000000000002,0.0016337377488436766,0.0005610635909607806,0.5511217768167093,0.0,2.594373006221655e-16,263,0,0.0,0.14490390899845806,0.0,6.35257455860905e-14,0,0.05,24000000.0,False,8140090.404007193,0.53413;0.53440;0.53478;0.53530;0.53602;0.53699;0.53972;0.54321;0.52699;0.49232;0.45033;0.39893;0.26690;0.05425;0.00000;0.00000;0.00000;0.00000;0.00000;0.00000;0.00000;0.00000;0.00000;0.00000,1.1285317119164087,390.4270025854843,2.591539846567225,40787801.6877717,7.610530299075427,0.09100258584815518,0.11525104324224245,0.26060801857928395,0.6122340683694458,-0.673404410216675,2.9647345016815154,0.4719858074414623,0.0005649962363587457,6155.482647173578,3.789262111334963,47.97951195803441,-0.32355647996827575,0.19169474739455927,0.24277353676680127,-0.7173897870114073,38.00054360411512,0.02727255640316808,1.1547087231221602,0.9162776339113051,0.552490661001217,1.4774740580491972,2.6177168577729764,-0.03830011597393607,0.8599095959928073,15.859909595992807,0.014359116015808707,0.014359116015808703,0.0,shift
ok,R20011_S+02,20011,2,20273105,13.444099310749998,0.6098416766126802,0.23027371649673606,29.04077049425662,1393.3619951997182,1.793340036643274,3.898943329863653,0.31340959794186635,0.24038443061226494,0.06342752062906996,623.0915340433246,4,1.0866277847522693e-14,1.4092632453724434e-14,8.13881236355576e-15,3.5218760177957616e-15,2.9631760873227295e-14,0.5834422827484631,0.7857670000296375,4.0926090474852384e-13,0.4747265487710387,2.9647345016815154,0.3254095950472636,0.4233656117049681,0.6297575080091693,0.944585283959867,91640035.69555786,7734258.201410914,116.68428998004428,0.3915720772524839,147.82962330034908,88.67488795000796,7787272.261194907,22787272.261194907,7341726.396524049,172.63624567209763,172.63624567209763,172.63624567209763,98.19747214997815,74.43877352211948,91640035.69555758,91640035.69555753,0.0,0.9999999999999996,0.010238077853723729,0.0034463568092409696,0.4895921944034621,0.0,4.878160865198141e-16,1493,0,0.0,0.8502768319995084,0.0,1.3403734927904711e-14,0,0.05,24000000.0,False,1212727.7388050929,0.41155;0.41227;0.41326;0.41462;0.41648;0.41903;0.42151;0.42355;0.42603;0.42944;0.43725;0.44846;0.46203;0.44351;0.38275;0.25548;0.05544;0.00000;0.00000;0.00000;0.00000;0.00000;0.00000;0.00000,1.1285317119164087,390.4270025854843,2.591539846567225,40787801.6877717,7.610530299075427,0.5807794996803171,0.944585283959867,0.40813619551364033,0.3223147542072275,1.066111474756635,2.9647345016815154,0.4719858074414623,0.003605812169131308,6155.482647173578,3.789262111334963,47.97951195803441,-0.32355647996827575,1.2233979776016863,1.9897460683527979,0.0875677582304825,95.99941398046454,0.06889768366812991,1.1547087231221602,0.9162776339113051,0.552490661001217,1.4774740580491972,2.6177168577729764,0.8884186665185552,7.787272261194907,22.787272261194907,0.09164003569555754,0.09164003569555758,0.0,shift
ok,R20011_S+03,20011,3,20273105,13.444099310749998,0.6098416766126802,0.23027371649673606,29.04077049425662,1393.3619951997182,1.793340036643274,3.898943329863653,0.31340959794186635,0.24038443061226494,0.06342752062906996,623.0915340433246,4,1.0866277847522693e-14,1.4092632453724434e-14,8.13881236355576e-15,3.5218760177957616e-15,2.9631760873227295e-14,0.5834422827484631,0.7857670000296375,4.0926090474852384e-13,0.4747265487710387,2.9647345016815154,0.10398246594614856,0.5186203833849486,1.0081337433554192,1.5725225458575602,126358963.2381482,11570201.707494928,139.8015026003234,0.4076522216705212,177.35747505642456,105.1211202724072,12065109.153887965,27065109.153887965,11206355.245947264,206.80729470004798,206.80729470004798,206.80729470004798,109.66113502392415,97.14615967612383,126358963.23814848,126358963.23814854,0.0,1.0000000000000004,0.014062007848115026,0.0046687677083881675,0.47154428200631743,0.0,4.7170887800855e-16,2856,0,0.0,1.4697344950000115,0.0,2.5662508533958033e-14,0,0.05,24000000.0,True,-3065109.153887965,0.38453;0.38537;0.38652;0.38809;0.39024;0.39319;0.39666;0.39893;0.40145;0.40447;0.40856;0.41836;0.42763;0.43881;0.41491;0.29413;0.16560;0.00755;0.00000;0.00000;0.00000;0.00000;0.00000;0.00000,1.1285317119164087,390.4270025854843,2.591539846567225,40787801.6877717,7.610530299075427,0.8008147846360192,1.5725225458575602,0.6850167605054116,0.1943654329552864,1.8338074022682815,2.9647345016815154,0.4719858074414623,0.004971917392487619,6155.482647173578,3.789262111334963,47.97951195803441,-0.32355647996827575,1.6868969867161427,3.312480732178284,0.22708856245473344,112.72726858600895,0.08090307398534373,1.1547087231221602,0.9162776339113051,0.552490661001217,1.4774740580491972,2.6177168577729764,1.0633409302299186,12.065109153887965,27.065109153887963,0.12635896323814855,0.1263589632381485,0.0,shift
ok,R20012_S+00,20012,0,20274105,17.07048259741253,0.7478884315993187,0.2624545299829291,75.84582006062291,3674.497342360892,2.861754527049211,3.2760366304472,0.5140253360553145,0.2099686231452815,0.07115622913801184,773.3901761156588,4,4.655566111075302e-15,1.541158264871775e-14,2.600204614914792e-16,6.571917046462369e-17,2.8207991815571962e-14,0.9429720559499339,0.7969281768754032,1.168904124424065e-12,4.015921758900345,4.334338755290118,2.1638836121749763,1.2190414119913329,0.6143605506920249,0.3498410282770522,171481103.1138816,2333214.353807516,83.94643667274867,0.4349936124279989,102.28373249952764,64.46796063365913,2557173.9567577355,17557173.956757735,1739852.9370805323,118.3596655898845,118.3596655898845,118.3596655898845,7.36658155885185,110.99308403103265,171481103.11388153,171481103.11388162,0.0,1.0000000000000004,0.000613738098668208,0.0002615497051728528,0.6045860815622643,0.0,5.213808725251218e-16,479,0,0.0,0.3701817779983685,0.0,2.3848510756068274e-14,0,0.05,24000000.0,False,6442826.043242265,0.55565;0.55547;0.55521;0.55486;0.55436;0.55368;0.47047;0.44602;0.43948;0.43329;0.42327;0.40330;0.37080;0.30298;0.11303;0.00000;0.00000;0.00000;0.00000;0.00000;0.00000;0.00000;0.00000;0.00000,1.2322457991715923,1294.7247514313456,3.1121774505484296,844367429.2137512,8.926531472402605,1.0867816507838466,2.1638836121749763,0.6414534789133483,0.7781979530401433,-1.6691877182408599,4.334338755290118,0.6369228511009921,0.0002625948140385951,18195.52226299328,4.2599645255821015,48.44693273042467,0.6037852429793821,0.27061823313047645,0.5388261380788203,-0.5676429457975668,66.99136702285234,0.018231437059581565,1.1935638374142976,-0.5792758774805267,-1.176591329285258,1.4560887667137303,3.073495488791135,0.36795463952217444,2.5571739567577354,17.557173956757737,0.17148110311388162,0.17148110311388154,0.0,shift
ok,R20012_S+01,20012,1,20274105,17.07048259741253,0.7478884315993187,0.2624545299829291,75.84582006062291,3674.497342360892,2.861754527049211,3.2760366304472,0.5140253360553145,0.2099686231452815,0.07115622913801184,773.3901761156588,4,4.655566111075302e-15,1.541158264871775e-14,2.600204614914792e-16,6.571917046462369e-17,2.8207991815571962e-14,0.9429720559499339,0.7969281768754032,1.168904124424065e-12,4.015921758900345,4.334338755290118,0.42202524708656364,0.7317593473949068,1.4095883747816762,2.455512329246872,197979968.3703247,2875580.2159077968,91.33328766347006,0.4459965995072862,112.2246000466138,69.34221863341206,2481921.739505388,17481921.739505388,2161117.62592756,130.5188180603466,130.5188180603466,130.5188180603466,7.794914765342909,122.7239032950037,197979968.37032476,197979968.3703246,0.0,0.9999999999999992,0.0007676152406690146,0.00030176115562989596,0.5883688578498708,0.0,7.526600451806716e-16,552,0,0.0,0.3040438140014885,0.0,3.000180879028892e-14,0,0.05,24000000.0,False,6518078.260494612,0.51111;0.51147;0.51197;0.51267;0.51364;0.51499;0.44643;0.41507;0.41766;0.42702;0.43379;0.41178;0.37856;0.32495;0.16438;0.00006;0.00000;0.00000;0.00000;0.00000;0.00000;0.00000;0.00000;0.00000,1.2322457991715923,1294.7247514313456,3.1121774505484296,844367429.2137512,8.926531472402605,1.2547213246275046,2.455512329246872,0.6215440262066062,0.22988861586934456,1.6206683047839328,4.334338755290118,0.6369228511009921,0.0003031734228059315,18195.52226299328,4.2599645255821015,48.44693273042467,0.6037852429793821,0.312436695721651,0.6114442652685669,-0.5052379638680425,71.98157267888351,0.01958950190249282,1.1935638374142976,-0.5792758774805267,-1.176591329285258,1.4560887667137303,3.073495488791135,0.45872548698858967,2.481921739505388,17.48192173950539,0.1979799683703246,0.19797996837032475,0.0,shift
ok,R20012_S+02,20012,2,20274105,17.07048259741253,0.7478884315993187,0.2624545299829291,75.84582006062291,3674.497342360892,2.861754527049211,3.2760366304472,0.5140253360553145,0.2099686231452815,0.07115622913801184,773.3901761156588,4,4.655566111075302e-15,1.541158264871775e-14,2.600204614914792e-16,6.571917046462369e-17,2.8207991815571962e-14,0.9429720559499339,0.7969281768754032,1.168904124424065e-12,4.015921758900345,4.334338755290118,8.592069340245958,7.8174230673590985,5.397417444001117,1.3320524701720151,912762646.7071843,9262200.470881278,194.01067424806018,0.4365037781391231,241.06168376249443,151.45941512159365,9651695.648991622,24651695.648991622,8003179.985551372,276.9780460249641,276.9780460249641,276.9780460249641,19.71152644760281,257.2665195773613,912762646.7071834,912762646.7071815,0.0,0.9999999999999979,0.003676087202442356,0.001368407554932588,0.5337429681387383,0.0,2.0896436107385784e-15,4854,0,0.0,2.3071061359987652,0.0,1.598900022983905e-14,7,0.05,24000000.0,True,-651695.648991622,0.51456;0.51491;0.51540;0.51608;0.51704;0.51836;0.51844;0.51555;0.50325;0.40990;0.38365;0.37781;0.37963;0.37942;0.37610;0.34887;0.21681;0.01356;0.00000;0.00000;0.00000;0.00000;0.00000;0.00000,1.2322457991715923,1294.7247514313456,3.1121774505484296,844367429.2137512,8.926531472402605,5.784740580444548,8.592069340245958,0.48886481424724154,0.7091714908995977,-1.2550289453975865,4.334338755290118,0.6369228511009921,0.001397744317718038,18195.52226299328,4.2599645255821015,48.44693273042467,0.6037852429793821,1.4404515146800438,2.1395011795744425,0.15849864459401455,154.55734019041282,0.0420621722619368,1.1935638374142976,-0.5792758774805267,-1.176591329285258,1.4560887667137303,3.073495488791135,0.9667141766206596,9.651695648991621,24.651695648991623,0.9127626467071814,0.9127626467071833,0.0,shift
ok,R20012_S+03,20012,3,20274105,17.07048259741253,0.7478884315993187,0.2624545299829291,75.84582006062291,3674.497342360892,2.861754527049211,3.2760366304472,0.5140253360553145,0.2099686231452815,0.07115622913801184,773.3901761156588,4,4.655566111075302e-15,1.541158264871775e-14,2.600204614914792e-16,6.571917046462369e-17,2.8207991815571962e-14,0.9429720559499339,0.7969281768754032,1.168904124424065e-12,4.015921758900345,4.334338755290118,2.2527808111567347,1.61169889814029,0.9428215642316653,0.24614880943086087,199343445.4225054,2429059.9385970063,90.53295896804673,0.43521723541102036,111.40285146265667,69.53176764588508,2661536.6740131117,17661536.67401311,1808252.1361530311,129.28651111152078,129.28651111152078,129.28651111152078,8.081178443894544,121.20533266762624,199343445.4225054,199343445.42250544,0.0,1.0000000000000002,0.0007676152406690146,0.0003038491701906861,0.5994301378670361,0.0,1.4950239434524543e-16,542,0,0.0,0.3087699169991538,0.0,4.649902388722006e-14,0,0.05,24000000.0,False,6338463.325986888,0.55630;0.55600;0.55558;0.55500;0.55419;0.55306;0.49989;0.43775;0.43516;0.43054;0.42520;0.40899;0.37912;0.33091;0.16530;0.00002;0.00000;0.00000;0.00000;0.00000;0.00000;0.00000;0.00000;0.00000,1.2322457991715923,1294.7247514313456,3.1121774505484296,844367429.2137512,8.926531472402605,1.2633625207398878,2.2527808111567347,0.5920364966340816,0.7647210610288236,-1.5883263661729419,4.334338755290118,0.6369228511009921,0.00030526136133945904,18195.52226299328,4.2599645255821015,48.44693273042467,0.6037852429793821,0.31458842990153935,0.5609623260622487,-0.5022572541295098,72.22901392898856,0.019656842065527494,1.1935638374142976,-0.5792758774805267,-1.176591329285258,1.4560887667137303,3.073495488791135,0.38543823142957045,2.661536674013112,17.66153667401311,0.19934344542250543,0.1993434454225054,0.0,shift
ok,R20013_S+00,20013,0,20275105,19.19619321658899,0.4625405016673966,0.1746495599599391,72.30148606815087,1342.5858274004736,2.2472638918351873,3.5388167309444114,0.47369619919063743,0.30424896191679496,0.04223513650157355,692.522460482298,4,2.0678554306823806e-14,2.3200373740151424e-14,1.8180011952904072e-14,9.880516049823274e-15,3.7115194806625824e-14,0.4388894737186998,0.5118831223272764,1.6774214987494513e-12,1.1219822778435133,6.7294140153612,0.8455648922454111,0.5440932537658143,0.4189200710378014,0.4700453440613722,89884863.61512192,2395293.3143012924,71.74896687797033,0.2832810975983619,95.7197466249958,63.107453877064,2247711.0382623933,17247711.038262393,2226361.6006899923,105.8387119347118,105.8387119347118,105.8387119347118,97.04528252531425,8.793429409397547,89884863.61512199,89884863.61512212,0.0,1.0000000000000016,0.005735508059044246,0.0017777762852817214,0.4711903983984746,0.0,1.492024856586271e-15,414,0,0.0,0.2216350290000264,0.0,1.0398851345494324e-13,0,0.05,24000000.0,False,6752288.961737607,0.42863;0.42873;0.42888;0.42907;0.42934;0.42971;0.43066;0.43265;0.43689;0.45000;0.46734;0.43955;0.40155;0.35892;0.29469;0.00204;0.00000;0.00000;0.00000;0.00000;0.00000;0.00000;0.00000;0.00000,1.283215112612546,1387.9132964107412,3.1423623363879205,71507024.84638081,7.854348708964112,0.5696558902775998,0.8455648922454111,0.2903429411934269,0.6098673645479331,-0.6592041872875991,6.7294140153612,0.8279772483287259,0.0018151143549869925,32861.57951351789,4.516688434251774,18.569270154903343,0.049985997120182736,0.5077227167727614,0.7536348023879793,-0.29437340474913903,68.57520626964745,0.05107696273125672,1.3712115788639996,1.2653107621909734,1.00049622572905,1.5752683421444857,3.230358802639374,0.3793587022945403,2.2477110382623935,17.247711038262395,0.08988486361512213,0.08988486361512199,0.0,shift
ok,R20013_S+01,20013,1,20275105,19.19619321658899,0.4625405016673966,0.1746495599599391,72.30148606815087,1342.5858274004736,2.2472638918351873,3.5388167309444114,0.47369619919063743,0.30424896191679496,0.04223513650157355,692.522460482298,4,2.0678554306823806e-14,2.3200373740151424e-14,1.8180011952904072e-14,9.880516049823274e-15,3.7115194806625824e-14,0.4388894737186998,0.5118831223272764,1.6774214987494513e-12,1.1219822778435133,6.7294140153612,4.788106856736436,4.223419022989416,2.881728973328014,0.7630367077522313,499252733.19911814,12497893.959164884,166.97783518298104,0.27622950022340126,220.2822963007247,149.44299341850714,12106019.680812843,27106019.680812843,11885665.117111094,243.97382854998222,243.97382854998222,243.97382854998222,226.44754032732382,17.526288222658394,499252733.199118,499252733.19911724,0.0,0.9999999999999984,0.031594754817901465,0.009058138779569725,0.39096249322344667,0.0,1.5520403406004768e-15,5126,0,0.0,2.5679260230008367,0.0,4.998761514996604e-14,328,0.05,24000000.0,True,-3106019.680812843,0.33809;0.33816;0.33825;0.33838;0.33855;0.33878;0.33901;0.33923;0.33952;0.33976;0.34005;0.34081;0.34249;0.34661;0.36305;0.38722;0.34493;0.23735;0.00000;0.00000;0.00000;0.00000;0.00000;0.00000,1.283215112612546,1387.9132964107412,3.1423623363879205,71507024.84638081,7.854348708964112,3.1640728902015245,4.788106856736436,0.4897320137256675,0.7120194597628166,-1.2721167585768993,6.7294140153612,0.8279772483287259,0.010081795380771478,32861.57951351789,4.516688434251774,18.569270154903343,0.049985997120182736,2.820073857390133,4.267542323341626,0.4502604825877822,161.61589301586403,0.12037658205344394,1.3712115788639996,1.2653107621909734,1.00049622572905,1.5752683421444857,3.230358802639374,1.0968368354902214,12.106019680812842,27.106019680812842,0.4992527331991172,0.499252733199118,0.0,shift
ok,R20013_S+02,20013,2,20275105,19.19619321658899,0.4625405016673966,0.1746495599599391,72.30148606815087,1342.5858274004736,2.2472638918351873,3.5388167309444114,0.47369619919063743,0.30424896191679496,0.04223513650157355,692.522460482298,4,2.0678554306823806e-14,2.3200373740151424e-14,1.8180011952904072e-14,9.880516049823274e-15,3.7115194806625824e-14,0.4388894737186998,0.5118831223272764,1.6774214987494513e-12,1.1219822778435133,6.7294140153612,0.8411402110924827,1.339147299217162,1.3888837299722538,0.9903495033577571,179859414.7743535,4811130.09531277,102.215576066372,0.2873252818884266,135.3043458957341,89.35041524741018,4540013.813985672,19540013.81398567,4485615.951270975,150.6862755986202,150.6862755986202,150.6862755986202,136.17509312547267,14.511182473147528,179859414.7743534,179859414.7743535,0.0,1.0000000000000004,0.011697581768426286,0.0034863474464332895,0.44279672780208984,0.0,4.970936176749681e-16,865,0,0.0,0.3973778109993873,0.0,3.532983141603749e-14,0,0.05,24000000.0,False,4459986.186014328,0.39039;0.39052;0.39070;0.39094;0.39126;0.39171;0.39225;0.39297;0.39414;0.39624;0.40043;0.41392;0.43901;0.40598;0.36339;0.30278;0.02851;0.00000;0.00000;0.00000;0.00000;0.00000;0.00000;0.00000,1.283215112612546,1387.9132964107412,3.1423623363879205,71507024.84638081,7.854348708964112,1.139880185909914,1.3888837299722538,0.2025916983077963,0.4781834830669553,0.13089910159826793,6.7294140153612,0.8279772483287259,0.003632039839704059,32861.57951351789,4.516688434251774,18.569270154903343,0.049985997120182736,1.0159520416853651,1.2378838395217202,0.006873207433140369,97.00417550541053,0.07225174996315198,1.3712115788639996,1.2653107621909734,1.00049622572905,1.5752683421444857,3.230358802639374,0.6822471005967153,4.540013813985672,19.540013813985674,0.1798594147743535,0.1798594147743534,0.0,shift
ok,R20013_S+03,20013,3,20275105,19.19619321658899,0.4625405016673966,0.1746495599599391,72.30148606815087,1342.5858274004736,2.2472638918351873,3.5388167309444114,0.47369619919063743,0.30424896191679496,0.04223513650157355,692.522460482298,4,2.0678554306823806e-14,2.3200373740151424e-14,1.8180011952904072e-14,9.880516049823274e-15,3.7115194806625824e-14,0.4388894737186998,0.5118831223272764,1.6774214987494513e-12,1.1219822778435133,6.7294140153612,0.6071055929867115,1.6956060971932565,3.4893463624157035,5.988326388654052,464700825.0539778,14732905.311542563,170.60562005467384,0.3098033286895379,218.73944975479557,144.23455007170958,14002682.647121884,29002682.647121884,13470415.58280044,247.05092099661218,247.05092099661218,247.05092099661218,202.9973811265052,44.05353987010699,464700825.05397624,464700825.0539753,0.0,0.999999999999998,0.02905973432348038,0.008475483803803117,0.40299748559038095,0.0,2.052232888322241e-15,4584,0,0.0,2.3090986739989603,0.0,4.3904421160398343e-14,0,0.05,24000000.0,True,-5002682.647121884,0.32821;0.32856;0.32905;0.32971;0.33062;0.33186;0.33318;0.33406;0.33502;0.33612;0.33750;0.33942;0.34255;0.34959;0.37680;0.38454;0.33602;0.18404;0.00001;0.00000;0.00000;0.00000;0.00000;0.00000,1.283215112612546,1387.9132964107412,3.1423623363879205,71507024.84638081,7.854348708964112,2.9450961103124307,5.988326388654052,0.6913958189679594,0.19546999519955263,1.8271800288026843,6.7294140153612,0.8279772483287259,0.009384062059007998,32861.57951351789,4.516688434251774,18.569270154903343,0.049985997120182736,2.6249043041686915,5.337273597729022,0.4191134750071009,155.92313655708813,0.11613643863572422,1.3712115788639996,1.2653107621909734,1.00049622572905,1.5752683421444857,3.230358802639374,1.16828839764739,14.002682647121883,29.002682647121883,0.4647008250539753,0.46470082505397625,0.0,shift
ok,R20014_S+00,20014,0,20276105,27.958707602446708,0.0798732720176953,0.1955523809301343,47.36758846744726,2910.1447832710746,2.6629278627295117,2.0581831562182824,0.5448451098598139,0.18494226421383891,0.06003716812142928,655.8073692296341,4,2.6441159702296095e-14,2.6553573259462645e-14,2.6332894722073183e-14,2.3698863536062103e-14,3.054419708017368e-14,0.10014339977583953,0.10810471483417197,1.2577787304944392e-12,2.2886570617227804,5.445078043233091,1.7396454653501467,1.0504562607511052,0.5872352896363702,0.3499825520059416,147031574.98878035,2311257.6275605275,100.63380335597428,0.27015861038173,121.6435382672441,79.72734850652171,1771364.588027941,16771364.588027941,1408967.0427843295,133.58722070508367,133.58722070508367,133.58722070508367,130.9030008066971,2.684219898386573,147031574.9887805,147031574.98878035,0.0,0.999999999999999,0.0019138957325327743,0.0009002105213615597,0.6697210887483834,0.0,1.013466746512422e-15,533,0,0.0,0.2769557060000807,0.0,5.200919566307626e-14,0,0.05,24000000.0,False,7228635.411972059,0.66395;0.66407;0.66424;0.66447;0.66479;0.66524;0.66629;0.66706;0.66718;0.66802;0.66911;0.65359;0.60568;0.54065;0.43265;0.00748;0.00000;0.00000;0.00000;0.00000;0.00000;0.00000;0.00000;0.00000,1.4465170921774244,1324.3365557943848,3.1219983670903066,246446950.175329,8.391723448052842,0.9318298919358909,1.7396454653501467,0.5688568536389532,0.7485544706836923,-1.4913268241021536,5.445078043233091,0.7360041087938294,0.000909726548422506,22058.611310843702,4.343578168166674,61.437469743071944,0.359580721744283,0.40715138476642654,0.7601162683764572,-0.3902440837855612,97.22452807680364,0.033408828535163415,1.4298395692278743,1.4262152006150277,1.3804441179607512,1.4906453110219464,3.1053208441407567,0.36384835741849236,1.7713645880279412,16.77136458802794,0.14703157498878036,0.1470315749887805,0.0,shift
ok,R20014_S+01,20014,1,20276105,27.958707602446708,0.0798732720176953,0.1955523809301343,47.36758846744726,2910.1447832710746,2.6629278627295117,2.0581831562182824,0.5448451098598139,0.18494226421383891,0.06003716812142928,655.8073692296341,4,2.6441159702296095e-14,2.6553573259462645e-14,2.6332894722073183e-14,2.3698863536062103e-14,3.054419708017368e-14,0.10014339977583953,0.10810471483417197,1.2577787304944392e-12,2.2886570617227804,5.445078043233091,0.031646528819696144,0.5994263323195104,0.935884092061684,1.0028925802105089,101372854.54447946,1757636.034357334,84.62819422805677,0.2771086751524527,100.43511216039788,66.12128957540278,1278925.5818559192,16278925.58185592,1217920.6540878117,115.91239182355854,115.91239182355854,115.91239182355854,106.31456482880789,9.597826994750648,101372854.5444795,101372854.54447949,0.0,0.9999999999999999,0.0013184775337620324,0.0006226764617079529,0.6931917075386038,0.0,1.4699360357174765e-16,411,0,0.0,0.20454906299892173,0.0,3.0991517015054784e-13,0,0.05,24000000.0,False,7721074.418144081,0.66271;0.66302;0.66346;0.66406;0.66490;0.66607;0.66761;0.67014;0.67521;0.68950;0.67922;0.63145;0.57139;0.49279;0.18753;0.00000;0.00000;0.00000;0.00000;0.00000;0.00000;0.00000;0.00000;0.00000,1.4465170921774244,1324.3365557943848,3.1219983670903066,246446950.175329,8.391723448052842,0.6424623833528498,1.0028925802105089,0.5982728042791636,0.24556801981378107,1.511755515275655,5.445078043233091,0.7360041087938294,0.0006272229422525282,22058.611310843702,4.343578168166674,61.437469743071944,0.359580721744283,0.2807158809844748,0.43820133517757537,-0.551733017259299,80.72933537238916,0.027740659446382387,1.4298395692278743,1.4262152006150277,1.3804441179607512,1.4906453110219464,3.1053208441407567,0.2449289477370601,1.2789255818559193,16.27892558185592,0.10137285454447949,0.1013728545444795,0.0,shift
ok,R20014_S+02,20014,2,20276105,27.958707602446708,0.0798732720176953,0.1955523809301343,47.36758846744726,2910.1447832710746,2.6629278627295117,2.0581831562182824,0.5448451098598139,0.18494226421383891,0.06003716812142928,655.8073692296341,4,2.6441159702296095e-14,2.6553573259462645e-14,2.6332894722073183e-14,2.3698863536062103e-14,3.054419708017368e-14,0.10014339977583953,0.10810471483417197,1.2577787304944392e-12,2.2886570617227804,5.445078043233091,0.4773835843375596,0.42164985455622156,0.6379609808715268,1.1263169632834755,105059644.12712535,1913150.4342858184,85.9988875808397,0.2761158843725062,101.73471227985343,67.2700813605857,1375877.4888376147,16375877.488837615,1305423.4280617926,117.14705432960538,117.14705432960538,117.14705432960538,107.34186534579575,9.805188983809629,105059644.12712513,105059644.12712562,0.0,1.0000000000000047,0.00146802118512873,0.0006451559721970168,0.7014750554297436,0.0,4.680563345540705e-15,403,0,0.0,0.21129183899938653,0.0,6.677744475421434e-14,0,0.05,24000000.0,False,7624122.511162385,0.65868;0.65902;0.65948;0.66013;0.66103;0.66228;0.66378;0.66616;0.67125;0.69686;0.68320;0.63452;0.57495;0.49822;0.21885;0.00000;0.00000;0.00000;0.00000;0.00000;0.00000;0.00000;0.00000;0.00000,1.4465170921774244,1324.3365557943848,3.1219983670903066,246446950.175329,8.391723448052842,0.6658278457621958,1.1263169632834755,0.4167310449022075,0.33756227101940556,0.9746263738835672,5.445078043233091,0.7360041087938294,0.0006500341674062847,22058.611310843702,4.343578168166674,61.437469743071944,0.359580721744283,0.29092512674703463,0.49213007143833226,-0.5362187677995961,82.18423212944451,0.02824059909385931,1.4298395692278743,1.4262152006150277,1.3804441179607512,1.4906453110219464,3.1053208441407567,0.28174912068675145,1.3758774888376146,16.375877488837613,0.10505964412712562,0.10505964412712512,0.0,shift
ok,R20014_S+03,20014,3,20276105,27.958707602446708,0.0798732720176953,0.1955523809301343,47.36758846744726,2910.1447832710746,2.6629278627295117,2.0581831562182824,0.5448451098598139,0.18494226421383891,0.06003716812142928,655.8073692296341,4,2.6441159702296095e-14,2.6553573259462645e-14,2.6332894722073183e-14,2.3698863536062103e-14,3.054419708017368e-14,0.10014339977583953,0.10810471483417197,1.2577787304944392e-12,2.2886570617227804,5.445078043233091,4.198634517567335,4.124699758235221,4.342670721235926,4.852547406569451,691054336.6651222,9793464.277987067,219.8156369558741,0.2742499896573638,262.1348071670586,174.31551942498686,7891436.997489147,22891436.997489147,7388048.0701682605,296.9592283109636,296.9592283109636,296.9592283109636,279.3278253235885,17.63140298737511,691054336.6651208,691054336.6651225,0.0,1.0000000000000024,0.009196358681573804,0.004075022863252942,0.6032133729095631,0.0,2.4150489551441555e-15,4068,0,0.0,1.91487159099961,0.0,9.077019814680788e-15,0,0.05,24000000.0,False,1108563.002510853,0.53932;0.53987;0.54065;0.54173;0.54323;0.54531;0.54677;0.54809;0.54952;0.55118;0.55330;0.55642;0.56184;0.57624;0.60123;0.56289;0.47966;0.11416;0.00000;0.00000;0.00000;0.00000;0.00000;0.00000,1.4465170921774244,1324.3365557943848,3.1219983670903066,246446950.175329,8.391723448052842,4.379638100901984,4.852547406569451,0.06485977481500978,0.4751154138790811,0.1493075167255129,5.445078043233091,0.7360041087938294,0.004275751494294599,22058.611310843702,4.343578168166674,61.437469743071944,0.359580721744283,1.9136279410971353,2.1202597312315152,0.28185750353726435,210.77865914191207,0.07242892530762392,1.4298395692278743,1.4262152006150277,1.3804441179607512,1.4906453110219464,3.1053208441407567,0.9909363435583022,7.891436997489147,22.891436997489148,0.6910543366651225,0.6910543366651208,0.0,shift
ok,R20015_S+00,20015,0,20277105,27.631686153453636,0.6322311053414567,0.20316463148769676,73.03931019942044,3232.2623029491733,2.160414032052472,2.156855242749181,0.23097533099458178,0.180575388895896,0.04175825050280514,608.0374456346356,4,4.358996135769476e-14,6.337280600760503e-14,3.470819678975489e-14,2.3603027421655377e-14,1.6941799306026966e-13,0.6001637527247714,1.117500091124166,4.62870603619716e-12,3.6264180715181284,3.318750113524021,0.8751923157906827,0.8593081595538093,0.9910205072270365,1.2703293588103641,157624308.4164915,1204173.391608271,106.48469788259094,0.4517442676544814,115.95729218794006,66.88954465137851,1004394.4729121197,16004394.47291212,987967.4693540614,137.97913664091098,137.97913664091098,137.97913664091098,97.6291303775552,40.35000626335578,157624308.4164915,157624308.41649166,0.0,1.0000000000000009,0.0011728805193354744,0.0005286892738877193,0.7250471596257327,0.0,9.453593385148593e-16,416,0,0.0,0.21434293700076523,0.0,5.905452298545369e-14,0,0.05,24000000.0,False,7995605.52708788,0.69144;0.69174;0.69215;0.69273;0.69354;0.69466;0.69637;0.69945;0.70793;0.71851;0.69717;0.64804;0.58352;0.48844;0.14225;0.00118;0.00000;0.00000;0.00000;0.00000;0.00000;0.00000;0.00000;0.00000,1.4414073874426467,2018.1992962951308,3.3049640504081013,487043593.1781625,8.687567834786352,0.9989625853454731,1.2703293588103641,0.16488705472189874,0.43407543505361773,0.39554738967829356,3.318750113524021,0.5209745532813951,0.0005322614753634542,48330.55197462252,4.6842217551670995,44.253735339559945,0.5594778702743926,0.27546812464655435,0.35029865110907243,-0.5599286475962483,82.37863890170698,0.025486371828964266,1.8076195349166821,1.546148648932027,1.3786843087116358,2.234676130513988,3.671176197882137,0.08068902645411102,1.0043944729121197,16.00439447291212,0.15762430841649167,0.1576243084164915,0.0,shift
ok,R20015_S+01,20015,1,20277105,27.631686153453636,0.6322311053414567,0.20316463148769676,73.03931019942044,3232.2623029491733,2.160414032052472,2.156855242749181,0.23097533099458178,0.180575388895896,0.04175825050280514,608.0374456346356,4,4.358996135769476e-14,6.337280600760503e-14,3.470819678975489e-14,2.3603027421655377e-14,1.6941799306026966e-13,0.6001637527247714,1.117500091124166,4.62870603619716e-12,3.6264180715181284,3.318750113524021,4.418282178963567,3.814890736960911,2.6018922482450777,0.7792867128160659,458151338.4914518,2995226.7570513426,175.9172805083672,0.42417931262449093,189.49252336727594,114.335658752227,2567847.2855554074,17567847.285555407,2539630.356492698,225.56842596738505,225.56842596738505,225.56842596738505,171.09307043435544,54.475355533029614,458151338.4914514,458151338.4914519,0.0,1.000000000000001,0.0035125008546477063,0.0015182517803576494,0.6725752522334278,0.0,1.1708834132076317e-15,1479,0,0.0,0.8587831549994007,0.0,4.720386140770575e-14,102,0.05,24000000.0,False,6432152.714444593,0.64852;0.64870;0.64896;0.64932;0.64983;0.65053;0.65123;0.65224;0.65358;0.65067;0.64931;0.65761;0.66441;0.62532;0.55495;0.42554;0.07412;0.00000;0.00000;0.00000;0.00000;0.00000;0.00000;0.00000,1.4414073874426467,2018.1992962951308,3.3049640504081013,487043593.1781625,8.687567834786352,2.9035879692464053,4.418282178963567,0.4787195287563675,0.7088792386460145,-1.253275431876088,3.318750113524021,0.5209745532813951,0.0015470729725319949,48330.55197462252,4.6842217551670995,44.253735339559945,0.5594778702743926,0.8006765662379559,1.2183598503616382,-0.09654288199922954,140.44539208137834,0.04345111222973256,1.8076195349166821,1.546148648932027,1.3786843087116358,2.234676130513988,3.671176197882137,0.47642970672809865,2.5678472855554073,17.56784728555541,0.4581513384914519,0.4581513384914514,0.0,shift
ok,R20015_S+02,20015,2,20277105,27.631686153453636,0.6322311053414567,0.20316463148769676,73.03931019942044,3232.2623029491733,2.160414032052472,2.156855242749181,0.23097533099458178,0.180575388895896,0.04175825050280514,608.0374456346356,4,4.358996135769476e-14,6.337280600760503e-14,3.470819678975489e-14,2.3603027421655377e-14,1.6941799306026966e-13,0.6001637527247714,1.117500091124166,4.62870603619716e-12,3.6264180715181284,3.318750113524021,1.9802410177896363,2.4643514496458185,2.531406794463514,2.181407052242723,361232206.8739473,2486726.47274764,158.88278293440106,0.4388424695152283,171.8490102173797,101.41309831696209,2121543.1944864653,17121543.194486465,2095022.1219832115,205.3480449246116,205.3480449246116,205.3480449246116,149.70418886268317,55.64385606192843,361232206.8739477,361232206.87394756,0.0,0.9999999999999997,0.0028206158783395923,0.001201546754604303,0.6907625323711578,0.0,3.300073672345042e-16,934,0,0.0,0.5003422309982852,0.0,5.1495997690548423e-14,0,0.05,24000000.0,False,6878456.805513535,0.64920;0.64955;0.65003;0.65071;0.65165;0.65296;0.65404;0.65543;0.65750;0.66107;0.66839;0.68316;0.66070;0.60213;0.51994;0.26717;0.01888;0.00000;0.00000;0.00000;0.00000;0.00000;0.00000;0.00000,1.4414073874426467,2018.1992962951308,3.3049640504081013,487043593.1781625,8.687567834786352,2.289351578535423,2.531406794463514,0.09679370071254814,0.48535494822062386,0.0878703106762569,3.318750113524021,0.5209745532813951,0.0012197990862645863,48330.55197462252,4.6842217551670995,44.253735339559945,0.5594778702743926,0.6312983041078414,0.698046045585635,-0.1997653773407844,124.70855503257127,0.03858243649309803,1.8076195349166821,1.546148648932027,1.3786843087116358,2.234676130513988,3.671176197882137,0.39562801771491635,2.121543194486465,17.121543194486467,0.3612322068739476,0.3612322068739477,0.0,shift
ok,R20015_S+03,20015,3,20277105,27.631686153453636,0.6322311053414567,0.20316463148769676,73.03931019942044,3232.2623029491733,2.160414032052472,2.156855242749181,0.23097533099458178,0.180575388895896,0.04175825050280514,608.0374456346356,4,4.358996135769476e-14,6.337280600760503e-14,3.470819678975489e-14,2.3603027421655377e-14,1.6941799306026966e-13,0.6001637527247714,1.117500091124166,4.62870603619716e-12,3.6264180715181284,3.318750113524021,13.310276597348233,7.529565989692469,4.2420087094233265,3.447604756540811,1125401452.922882,7318463.221081179,267.1121890506999,0.39812676941589353,286.9957396669374,180.23171301681217,6058308.747529194,21058308.747529194,5768286.691712882,338.2660363716697,338.2660363716697,338.2660363716697,268.64501669466443,69.62101967700528,1125401452.9228761,1125401452.9228802,0.0,1.0000000000000036,0.007784985429062989,0.0036349270984472747,0.6190880869049091,0.0,3.601484460678338e-15,6283,0,0.0,3.163926541999899,0.0,2.539342041015069e-14,0,0.05,24000000.0,False,2941691.2524708062,0.58027;0.58063;0.58112;0.58182;0.58278;0.58412;0.58502;0.58591;0.58693;0.58820;0.58995;0.59232;0.59583;0.60363;0.61379;0.58122;0.49148;0.15255;0.00000;0.00000;0.00000;0.00000;0.00000;0.00000,1.4414073874426467,2018.1992962951308,3.3049640504081013,487043593.1781625,8.687567834786352,7.132364013251211,13.310276597348233,0.5441724786169934,0.7304675752780699,-1.3828054516684196,3.318750113524021,0.5209745532813951,0.003800225001629487,48330.55197462252,4.6842217551670995,44.253735339559945,0.5594778702743926,1.966779304699799,3.6703646228456357,0.29375562980829806,220.1186044709243,0.06810047695389208,1.8076195349166821,1.546148648932027,1.3786843087116358,2.234676130513988,3.671176197882137,0.8644198946275867,6.0583087475291935,21.058308747529193,1.1254014529228802,1.1254014529228762,0.0,shift
ok,R20016_S+00,20016,0,20278105,13.237544174271239,0.4065654703077557,0.11088433004474023,35.73704394576249,3019.4494445516048,1.5689072683889307,2.5038309281392395,0.525210493199921,0.17224596668280667,0.06697005999149647,680.49338142294,4,2.211266705530602e-14,2.59164049115022e-14,1.8815618994512146e-14,1.0146036754044498e-14,4.7063781730426574e-14,0.4860310840273201,0.6253702516846903,9.261757012385288e-13,0.9526502170773055,4.705480269242193,0.5436230935875266,0.3513365999320114,0.29955968384107906,0.3882923453147296,62437174.024374396,1549887.3450444967,108.88272640732414,0.3479592487450409,139.72223610397933,83.80875263686482,1264691.7043103576,16264691.704310358,1243139.1663289387,161.9251373424817,161.9251373424817,161.9251373424817,122.04723611888245,39.87790122359924,62437174.0243744,62437174.02437434,0.0,0.999999999999999,0.002246041507194696,0.0008006294247210184,0.6611334102782586,0.0,9.546339293338612e-16,407,0,0.0,0.22241397600009805,0.0,4.6829082364179425e-14,0,0.05,24000000.0,False,7735308.295689642,0.62368;0.62394;0.62430;0.62480;0.62550;0.62646;0.62819;0.63133;0.63919;0.65506;0.64797;0.59838;0.53036;0.44964;0.33629;0.09422;0.00000;0.00000;0.00000;0.00000;0.00000;0.00000;0.00000;0.00000,1.1218074223778818,473.07069788990344,2.674926048579462,113499565.96275333,8.05499420073318,0.39570293066883666,0.5436230935875266,0.2300509727880939,0.5654239734886679,-0.3925438409320074,4.705480269242193,0.6726039566978095,0.0008083978166822959,7063.91330618446,3.8490453606039483,84.49074436974061,-0.02106652924396247,0.4153706403204716,0.5706429115770755,-0.38156420399117025,94.36037880309755,0.03125085567283286,1.4192913544030459,1.2802351080381802,1.0120130289842733,1.6784034190064085,2.9724099806046262,0.1903001322324945,1.2646917043103576,16.26469170431036,0.06243717402437434,0.0624371740243744,0.0,shift
ok,R20016_S+01,20016,1,20278105,13.237544174271239,0.4065654703077557,0.11088433004474023,35.73704394576249,3019.4494445516048,1.5689072683889307,2.5038309281392395,0.525210493199921,0.17224596668280667,0.06697005999149647,680.49338142294,4,2.211266705530602e-14,2.59164049115022e-14,1.8815618994512146e-14,1.0146036754044498e-14,4.7063781730426574e-14,0.4860310840273201,0.6253702516846903,9.261757012385288e-13,0.9526502170773055,4.705480269242193,0.3029367425156785,0.31926521063650926,0.42380177000866687,0.6165464206321515,65582615.52220271,1936694.4519738592,114.25686564048459,0.3647787475957444,144.88023992536426,86.04181809947282,1506962.3818295747,16506962.381829575,1468933.9878836405,167.7617691063998,167.7617691063998,167.7617691063998,120.92513207531314,46.83663703108667,65582615.52220266,65582615.522202685,0.0,1.0000000000000004,0.0023874167728273692,0.0008404057328467192,0.6648702819917701,0.0,3.4081809047710843e-16,427,0,0.0,0.22239075200013758,0.0,5.4919778097009965e-14,0,0.05,24000000.0,False,7493037.618170425,0.61232;0.61266;0.61315;0.61381;0.61475;0.61604;0.61776;0.62059;0.62682;0.64654;0.65164;0.60229;0.53441;0.45413;0.34087;0.11687;0.00000;0.00000;0.00000;0.00000;0.00000;0.00000;0.00000;0.00000,1.1218074223778818,473.07069788990344,2.674926048579462,113499565.96275333,8.05499420073318,0.4156375359482515,0.6165464206321515,0.30055058133756085,0.3742455260523284,0.75452684368603,4.705480269242193,0.6726039566978095,0.0008491230429449971,7063.91330618446,3.8490453606039483,84.49074436974061,-0.02106652924396247,0.4362960596633375,0.6471907627583315,-0.36021870925520794,96.70800472298292,0.03202835698987644,1.4192913544030459,1.2802351080381802,1.0120130289842733,1.6784034190064085,2.9724099806046262,0.2870611084378094,1.5069623818295748,16.506962381829574,0.06558261552220268,0.06558261552220267,0.0,shift
ok,R20016_S+02,20016,2,20278105,13.237544174271239,0.4065654703077557,0.11088433004474023,35.73704394576249,3019.4494445516048,1.5689072683889307,2.5038309281392395,0.525210493199921,0.17224596668280667,0.06697005999149647,680.49338142294,4,2.211266705530602e-14,2.59164049115022e-14,1.8815618994512146e-14,1.0146036754044498e-14,4.7063781730426574e-14,0.4860310840273201,0.6253702516846903,9.261757012385288e-13,0.9526502170773055,4.705480269242193,0.07713012758523846,1.3921429476198313,2.2811774186202856,2.582096626790161,249799986.2669203,7688905.096980439,226.46765249437547,0.37624747598759894,287.9195774726197,169.58652489781898,6022377.125490408,21022377.12549041,5805943.255077884,333.69494127298174,333.69494127298174,333.69494127298174,230.4831430635836,103.21179820939813,249799986.26692045,249799986.26692083,0.0,1.0000000000000016,0.009444959157003484,0.0031106697634932373,0.5767862350421233,0.0,1.550961618652996e-15,2863,0,0.0,1.5454597570005717,0.0,1.746909304121106e-13,0,0.05,24000000.0,False,2977622.8745095916,0.50174;0.50235;0.50320;0.50439;0.50604;0.50833;0.50992;0.51148;0.51329;0.51560;0.51897;0.52487;0.54026;0.56175;0.53227;0.45365;0.33681;0.12145;0.00001;0.00000;0.00000;0.00000;0.00000;0.00000,1.1218074223778818,473.07069788990344,2.674926048579462,113499565.96275333,8.05499420073318,1.5831367801538792,2.582096626790161,0.6148298001398288,0.23201928816634815,1.582280527246321,4.705480269242193,0.6726039566978095,0.003234255340041701,7063.91330618446,3.8490453606039483,84.49074436974061,-0.02106652924396247,1.6618237751636507,2.7104351424092834,0.22058496798492833,188.74013513022166,0.06250812891429286,1.4192913544030459,1.2802351080381802,1.0120130289842733,1.6784034190064085,2.9724099806046262,0.8858645005043654,6.022377125490409,21.022377125490408,0.24979998626692085,0.24979998626692046,0.0,shift
ok,R20016_S+03,20016,3,20278105,13.237544174271239,0.4065654703077557,0.11088433004474023,35.73704394576249,3019.4494445516048,1.5689072683889307,2.5038309281392395,0.525210493199921,0.17224596668280667,0.06697005999149647,680.49338142294,4,2.211266705530602e-14,2.59164049115022e-14,1.8815618994512146e-14,1.0146036754044498e-14,4.7063781730426574e-14,0.4860310840273201,0.6253702516846903,9.261757012385288e-13,0.9526502170773055,4.705480269242193,0.285201106345003,0.1932912525025569,0.18217403187532255,0.2518494444632999,35996012.15058934,935887.960699731,83.09731613208324,0.3515387898730012,106.02528749182274,63.520207041079146,756306.6585251912,15756306.658525191,743097.0876506399,121.54501803040446,121.54501803040446,121.54501803040446,93.21732289664803,28.327695133756436,35996012.15058931,35996012.15058941,0.0,1.0000000000000027,0.0012896074903762217,0.00046344720158177636,0.6897152137976614,0.0,2.6907855057612004e-15,275,0,0.0,0.2016765869993833,0.0,9.332561100200292e-14,0,0.05,24000000.0,False,8243693.341474809,0.65719;0.65745;0.65781;0.65831;0.65901;0.65997;0.66357;0.67370;0.68555;0.66184;0.60912;0.54273;0.46476;0.36148;0.13856;0.00000;0.00000;0.00000;0.00000;0.00000;0.00000;0.00000;0.00000;0.00000,1.1218074223778818,473.07069788990344,2.674926048579462,113499565.96275333,8.05499420073318,0.2281289587965456,0.285201106345003,0.18526920603236643,0.5243660881237553,-0.14619652874253225,4.705480269242193,0.6726039566978095,0.00046605404691195715,7063.91330618446,3.8490453606039483,84.49074436974061,-0.02106652924396247,0.23946770252825486,0.29937651955823735,-0.620753052435698,71.64654485402764,0.02372834722677972,1.4192913544030459,1.2802351080381802,1.0120130289842733,1.6784034190064085,2.9724099806046262,-0.028776139469461465,0.7563066585251913,15.756306658525192,0.03599601215058941,0.03599601215058931,0.0,shift
ok,R20017_S+00,20017,0,20279105,11.419947124255506,0.18938398453850525,0.21311950104764055,43.26105782146554,3702.7784233911443,2.7765677683504597,3.60228881625586,0.3011472139462644,0.33543320244188846,0.05195767607172828,753.7396651407637,4,1.1335222342591488e-14,1.1659673200348012e-14,1.0997748423131928e-14,7.842084667954458e-15,1.510768687397627e-14,0.24417365424447446,0.2639950705450426,5.044097964996477e-13,1.5558295345362314,3.4776060445489505,0.22913693365809049,0.3048585169206157,0.5353238866451956,0.92053304283183,78493706.83605845,2468359.4846311836,82.23173302029599,0.3178604923911482,99.90824973259609,63.881785689091345,2394779.439169597,17394779.439169597,2033756.1372922584,116.50658986830761,116.50658986830761,116.50658986830761,85.78197825003717,30.724611618270444,78493706.83605854,78493706.83605853,0.0,0.9999999999999998,0.0007525189799085703,0.00026140326024530946,0.4936841154858744,0.0,1.8983892842479879e-16,451,0,0.0,0.23829558200122847,0.0,2.068542937381888e-14,0,0.05,24000000.0,False,6605220.560830403,0.45196;0.45275;0.45385;0.45537;0.45749;0.46045;0.46248;0.46468;0.46810;0.48329;0.48295;0.45346;0.41745;0.35607;0.10019;0.00000;0.00000;0.00000;0.00000;0.00000;0.00000;0.00000;0.00000;0.00000,1.0576640930781986,494.0389928604966,2.6937612277006555,397123554.2666532,8.598925646783501,0.49746309501393293,0.92053304283183,0.5408118838376984,0.268359329531646,1.389844022810124,3.4776060445489505,0.5412803820458969,0.00026223328885947335,9508.489028232692,3.978111509699114,85.59149058888423,0.19196201150597408,0.319741388096363,0.5916670318938422,-0.49520114396454123,73.5533259324646,0.019864360629254636,1.0724029758681455,1.0470203786071697,0.9001481246661646,1.184914572710464,2.708500110490603,0.3924084093411519,2.394779439169597,17.394779439169596,0.07849370683605852,0.07849370683605854,0.0,shift
ok,R20017_S+01,20017,1,20279105,11.419947124255506,0.18938398453850525,0.21311950104764055,43.26105782146554,3702.7784233911443,2.7765677683504597,3.60228881625586,0.3011472139462644,0.33543320244188846,0.05195767607172828,753.7396651407637,4,1.1335222342591488e-14,1.1659673200348012e-14,1.0997748423131928e-14,7.842084667954458e-15,1.510768687397627e-14,0.24417365424447446,0.2639950705450426,5.044097964996477e-13,1.5558295345362314,3.4776060445489505,3.2641847984094188,2.7967269387193636,1.7846610620847305,0.2279871685055208,318477720.0466127,8175309.067354443,164.38420052929206,0.3130643366046943,200.37053117833517,131.10734046334176,9840815.621011004,24840815.621011004,7910723.377271421,232.06466253493863,232.06466253493863,232.06466253493863,180.30511685154733,51.75954568339131,318477720.0466126,318477720.0466126,0.0,1.0,0.003188016096220929,0.0010503859156184292,0.46466325520012913,0.0,0.0,3465,0,0.0,1.8775299300014012,0.0,2.8496292984110956e-14,0,0.05,24000000.0,True,-840815.6210110039,0.45943;0.45964;0.45994;0.46036;0.46094;0.46175;0.46149;0.45752;0.44280;0.42887;0.43032;0.43246;0.42879;0.42864;0.41719;0.37140;0.14569;0.00000;0.00000;0.00000;0.00000;0.00000;0.00000;0.00000,1.0576640930781986,494.0389928604966,2.6937612277006555,397123554.2666532,8.598925646783501,2.0183899919297583,3.2641847984094188,0.576612167883527,0.7507111808622794,-1.5042670851736766,3.4776060445489505,0.5412803820458969,0.0010639765061767287,9508.489028232692,3.978111509699114,85.59149058888423,0.19196201150597408,1.2973079293879126,2.0980349877356077,0.1130430725847687,148.15776696564086,0.04001259325421703,1.0724029758681455,1.0470203786071697,0.9001481246661646,1.184914572710464,2.708500110490603,0.912504180134688,9.840815621011004,24.840815621011004,0.3184777200466126,0.3184777200466126,0.0,shift
ok,R20017_S+02,20017,2,20279105,11.419947124255506,0.18938398453850525,0.21311950104764055,43.26105782146554,3702.7784233911443,2.7765677683504597,3.60228881625586,0.3011472139462644,0.33543320244188846,0.05195767607172828,753.7396651407637,4,1.1335222342591488e-14,1.1659673200348012e-14,1.0997748423131928e-14,7.842084667954458e-15,1.510768687397627e-14,0.24417365424447446,0.2639950705450426,5.044097964996477e-13,1.5558295345362314,3.4776060445489505,1.115244720331962,0.6037248313281541,0.268205930390077,0.10868801751773081,82675527.4674559,2793457.5504025393,83.65771035806347,0.3123399083815665,101.5225570351871,65.76176122387905,3436446.746690072,18436446.746690072,2317987.718207754,117.93185762850223,117.93185762850223,117.93185762850223,91.18634934010049,26.745508288401737,82675527.46745591,82675527.46745585,0.0,0.9999999999999993,0.0007827670850366767,0.00027528664122659127,0.5023838250668228,0.0,7.209466525490651e-16,516,0,0.0,0.29517934899922693,0.0,2.969935871806799e-14,0,0.05,24000000.0,False,5563553.253309928,0.50077;0.50083;0.50092;0.50105;0.50122;0.50147;0.49556;0.49095;0.48140;0.47558;0.46662;0.45176;0.42028;0.36767;0.12518;0.00000;0.00000;0.00000;0.00000;0.00000;0.00000;0.00000;0.00000;0.00000,1.0576640930781986,494.0389928604966,2.6937612277006555,397123554.2666532,8.598925646783501,0.523965874891981,1.115244720331962,0.7353635432866239,0.8201724740253805,-1.9210348441522829,3.4776060445489505,0.5412803820458969,0.00027620399583451954,9508.489028232692,3.978111509699114,85.59149058888423,0.19196201150597408,0.3367758891710248,0.7168167820290152,-0.47265900854650306,75.48721155525423,0.020386640226265604,1.0724029758681455,1.0470203786071697,0.9001481246661646,1.184914572710464,2.708500110490603,0.44614207617371676,3.436446746690072,18.436446746690073,0.08267552746745585,0.0826755274674559,0.0,shift
ok,R20017_S+03,20017,3,20279105,11.419947124255506,0.18938398453850525,0.21311950104764055,43.26105782146554,3702.7784233911443,2.7765677683504597,3.60228881625586,0.3011472139462644,0.33543320244188846,0.05195767607172828,753.7396651407637,4,1.1335222342591488e-14,1.1659673200348012e-14,1.0997748423131928e-14,7.842084667954458e-15,1.510768687397627e-14,0.24417365424447446,0.2639950705450426,5.044097964996477e-13,1.5558295345362314,3.4776060445489505,1.2032471932478164,1.0038559609162314,0.6170432267085462,0.04280899062476066,113092788.53945614,3013873.4674448483,97.91823972278532,0.31281299555442765,119.8849080349428,76.980050160124,3694149.0429693684,18694149.04296937,2517407.7728009745,135.13969073083456,135.13969073083456,135.13969073083456,105.84926431922682,29.29042641160774,113092788.53945598,113092788.53945607,0.0,1.0000000000000009,0.0010402897722090127,0.0003761061038633945,0.48925315611297543,0.0,7.905629379002668e-16,675,0,0.0,0.40764713899989147,0.0,6.836460281194795e-14,0,0.05,24000000.0,False,5305850.957030632,0.48121;0.48093;0.48056;0.48003;0.47929;0.47827;0.47057;0.47182;0.47291;0.46796;0.46513;0.46006;0.43684;0.39785;0.27380;0.00558;0.00000;0.00000;0.00000;0.00000;0.00000;0.00000;0.00000;0.00000,1.0576640930781986,494.0389928604966,2.6937612277006555,397123554.2666532,8.598925646783501,0.7167388428743386,1.2032471932478164,0.6173884630863905,0.7698421733754862,-1.619053040252917,3.4776060445489505,0.5412803820458969,0.00037782256795352215,9508.489028232692,3.978111509699114,85.59149058888423,0.19196201150597408,0.4606795455184538,0.7733798379180954,-0.3366010702862271,88.28813690917397,0.02384375374757541,1.0724029758681455,1.0470203786071697,0.9001481246661646,1.184914572710464,2.708500110490603,0.47912501521683115,3.6941490429693684,18.694149042969368,0.11309278853945606,0.11309278853945598,0.0,shift
ok,R20018_S+00,20018,0,20280105,18.754437465280052,0.0997266334051651,0.22978809110943657,50.71151317455599,3300.528706878856,2.942989416284637,2.5822209858447573,0.32087130161816446,0.15019750958021758,0.04949894734726459,629.7695429062142,4,1.7247204983865927e-14,1.733542435149088e-14,1.7162153311866592e-14,1.5660859268305654e-14,2.0045567402841234e-14,0.10934634357347495,0.11831930504899515,8.791056003871487e-13,2.161358770455012,3.8894318220595023,1.252454967597921,1.0963759921294622,0.9264609407785506,0.7427098135451855,158498113.61417452,2218296.4600044456,94.91989615040112,0.280940559200071,111.82806578059592,74.25803975236894,2326845.6222958826,17326845.622295883,1600040.0739723686,126.88000315033905,126.88000315033905,126.88000315033905,115.53191881952927,11.348084330809783,158498113.6141744,158498113.61417437,0.0,0.9999999999999998,0.0013570497528772407,0.0006264648156197175,0.6719227844116745,0.0,1.8802950841573995e-16,566,0,0.0,0.28927081899928453,0.0,9.928794445180526e-15,0,0.05,24000000.0,False,6673154.377704117,0.65849;0.65897;0.65963;0.66055;0.66183;0.66362;0.66515;0.66717;0.66877;0.66921;0.67167;0.65724;0.61469;0.55539;0.40562;0.00037;0.00000;0.00000;0.00000;0.00000;0.00000;0.00000;0.00000;0.00000,1.2731040421263757,951.0659026019358,2.978210611726807,398796179.0443563,8.600750988586706,1.0045004285127799,1.252454967597921,0.18924504184302018,0.5845768934128185,-0.5074613604769113,3.8894318220595023,0.5898861631337214,0.0006310902285470863,19213.86117425169,4.28361464847274,65.08440589256297,0.3347268627167962,0.46475413626091844,0.5794757375399794,-0.3327767363655337,89.94359510755523,0.027251268840685332,1.244651074925138,1.240288375032265,1.200532184687406,1.3077349515158447,2.9497576445255693,0.34601958615052414,2.3268456222958824,17.32684562229588,0.15849811361417437,0.1584981136141744,0.0,shift
ok,R20018_S+01,20018,1,20280105,18.754437465280052,0.0997266334051651,0.22978809110943657,50.71151317455599,3300.528706878856,2.942989416284637,2.5822209858447573,0.32087130161816446,0.15019750958021758,0.04949894734726459,629.7695429062142,4,1.7247204983865927e-14,1.733542435149088e-14,1.7162153311866592e-14,1.5660859268305654e-14,2.0045567402841234e-14,0.10934634357347495,0.11831930504899515,8.791056003871487e-13,2.161358770455012,3.8894318220595023,2.998442156783814,1.9006246592048974,1.1050889929367185,0.6118351579792766,260980995.67148998,5309947.503511545,121.52245697319951,0.2796586334124098,144.5385123118964,95.99741859322701,5342161.753392942,20342161.753392942,3838539.2180223875,163.50901705497938,163.50901705497938,163.50901705497938,153.88280383921168,9.626213215767706,260980995.6714902,260980995.67149007,0.0,0.9999999999999996,0.0022383169080604113,0.0010266308124153602,0.6541272463458297,0.0,4.567738323017049e-16,1139,0,0.0,0.6117134119995171,0.0,2.176166440379898e-14,0,0.05,24000000.0,False,3657838.2466070578,0.64665;0.64699;0.64748;0.64815;0.64908;0.65038;0.65145;0.65275;0.65225;0.64683;0.64418;0.63839;0.62999;0.59909;0.53624;0.24429;0.00000;0.00000;0.00000;0.00000;0.00000;0.00000;0.00000;0.00000,1.2731040421263757,951.0659026019358,2.978210611726807,398796179.0443563,8.600750988586706,1.6539977417261769,2.998442156783814,0.5454578999760858,0.7404887401593205,-1.4429324409559237,3.8894318220595023,0.5898861631337214,0.0010391452140919195,19213.86117425169,4.28361464847274,65.08440589256297,0.3347268627167962,0.7652583015535062,1.3872949728529236,-0.11619195046068517,115.41510089956834,0.03496867052209662,1.244651074925138,1.240288375032265,1.200532184687406,1.3077349515158447,2.9497576445255693,0.7250902274754512,5.342161753392943,20.342161753392944,0.2609809956714901,0.2609809956714902,0.0,shift
ok,R20018_S+02,20018,2,20280105,18.754437465280052,0.0997266334051651,0.22978809110943657,50.71151317455599,3300.528706878856,2.942989416284637,2.5822209858447573,0.32087130161816446,0.15019750958021758,0.04949894734726459,629.7695429062142,4,1.7247204983865927e-14,1.733542435149088e-14,1.7162153311866592e-14,1.5660859268305654e-14,2.0045567402841234e-14,0.10934634357347495,0.11831930504899515,8.791056003871487e-13,2.161358770455012,3.8894318220595023,0.36658457843435405,0.28470673517737416,0.3066188589672828,0.43232094980408003,54840447.08464579,933839.3049686177,55.933176753320616,0.28194345463708864,65.89578035123351,43.48001671000285,729578.0351022128,15729578.035102213,670780.4498081263,73.85358120220266,73.85358120220266,73.85358120220266,69.31901662055496,4.5345645816477,54840447.084645785,54840447.08464585,0.0,1.0000000000000013,0.00045153752667675284,0.00021780168558823326,0.7218059946539093,0.0,1.2227330180006603e-15,302,0,0.0,0.14957565699842235,0.0,3.2616179886853646e-14,0,0.05,24000000.0,False,8270421.964897787,0.69859;0.69906;0.69971;0.70061;0.70186;0.70361;0.70807;0.72042;0.71155;0.67895;0.63475;0.58160;0.50098;0.02629;0.00000;0.00000;0.00000;0.00000;0.00000;0.00000;0.00000;0.00000;0.00000;0.00000,1.2731040421263757,951.0659026019358,2.978210611726807,398796179.0443563,8.600750988586706,0.34755778059577275,0.43232094980408003,0.16511494157371356,0.4684770058199423,0.18913796508034647,3.8894318220595023,0.5898861631337214,0.00021835761634691401,19213.86117425169,4.28361464847274,65.08440589256297,0.3347268627167962,0.16080522370777176,0.20002276147474918,-0.7936998474369946,52.90645798615632,0.01602969181146353,1.244651074925138,1.240288375032265,1.200532184687406,1.3077349515158447,2.9497576445255693,-0.029727850718188658,0.7295780351022128,15.729578035102213,0.05484044708464585,0.054840447084645784,0.0,shift
ok,R20018_S+03,20018,3,20280105,18.754437465280052,0.0997266334051651,0.22978809110943657,50.71151317455599,3300.528706878856,2.942989416284637,2.5822209858447573,0.32087130161816446,0.15019750958021758,0.04949894734726459,629.7695429062142,4,1.7247204983865927e-14,1.733542435149088e-14,1.7162153311866592e-14,1.5660859268305654e-14,2.0045567402841234e-14,0.10934634357347495,0.11831930504899515,8.791056003871487e-13,2.161358770455012,3.8894318220595023,2.5333732873781503,1.8449321867642168,0.9779665724416574,0.06610935613743121,213896679.19315326,4486528.944947456,109.90035734057908,0.27907324256791005,130.592586501759,86.86656616677526,4548906.758276265,19548906.758276265,3201136.1702764146,150.25482702621588,150.25482702621588,150.25482702621588,138.99023877433723,11.26458825187865,213896679.19315323,213896679.19315314,0.0,0.9999999999999996,0.001796144851260295,0.0008432435728856554,0.6702499813682269,0.0,4.1799137555730613e-16,938,0,0.0,0.4427592590000131,0.0,7.39764751413111e-14,15,0.05,24000000.0,False,4451093.241723735,0.66054;0.66053;0.66052;0.66050;0.66047;0.66043;0.65202;0.64962;0.65220;0.65013;0.64216;0.64160;0.62845;0.58419;0.50659;0.04509;0.00000;0.00000;0.00000;0.00000;0.00000;0.00000;0.00000;0.00000,1.2731040421263757,951.0659026019358,2.978210611726807,398796179.0443563,8.600750988586706,1.355595350680364,2.5333732873781503,0.6833022948351981,0.8074506658541072,-1.82005930457228,3.8894318220595023,0.5898861631337214,0.0008516700992799569,19213.86117425169,4.28361464847274,65.08440589256297,0.3347268627167962,0.6271958960311722,1.1721206687239718,-0.20259679205966233,104.4865079365279,0.03165750618037664,1.244651074925138,1.240288375032265,1.200532184687406,1.3077349515158447,2.9497576445255693,0.6519104739571452,4.5489067582762654,19.548906758276264,0.21389667919315314,0.21389667919315322,0.0,shift
ok,R20019_S+00,20019,0,20281105,18.107746598250447,0.2041994975383793,0.13441905840602753,76.74158776349336,2027.3814155256864,2.1008521172938837,2.6255489431263292,0.5068502077204362,0.24326019806604782,0.04477995947418499,742.1478056264034,4,1.7121480486349638e-14,1.7228498460494223e-14,1.7019975367350023e-14,1.531891436946861e-14,2.0374361409647276e-14,0.1197028423479165,0.1317450191302416,1.3221423266392274e-12,1.8755504456136438,6.791210358454586,3.1455496739136857,2.443248674432245,3.104296360970836,5.12869273352946,545228049.2579552,10360281.501456,179.8241431961504,0.27267503472299814,234.91405869202924,154.4204309622271,8560894.24711299,23560894.24711299,8151029.042372592,263.49091522270913,263.49091522270913,263.49091522270913,248.2513940408176,15.239521181891547,545228049.2579522,545228049.2579536,0.0,1.0000000000000027,0.015494558071857697,0.00518894076765146,0.4956744748909527,0.0,2.6236938406897468e-15,2754,0,0.0,1.3137391010004649,0.0,1.804735526223735e-14,0,0.05,24000000.0,False,439105.7528870106,0.42017;0.42058;0.42115;0.42195;0.42307;0.42462;0.42570;0.42675;0.42797;0.42953;0.43180;0.43567;0.44431;0.48644;0.47281;0.41184;0.31789;0.00607;0.00000;0.00000;0.00000;0.00000;0.00000;0.00000,1.257864408302143,1389.617224768735,3.142895188697283,133202514.80326928,8.12451242419519,3.455446860711557,5.12869273352946,0.2909725500370348,0.40434700442731353,0.5739179734361186,6.791210358454586,0.8319471829923131,0.005515378961377952,31032.123322260475,4.491811492490131,26.41828863085016,0.27312874961551376,1.8423641277113192,2.734500021326513,0.2653754689809818,173.08118171865232,0.08537179062271986,1.241964026188014,1.2366755249709653,1.1909445862977122,1.3148006033699566,3.1269948065831534,1.0153715558791052,8.560894247112989,23.56089424711299,0.5452280492579537,0.5452280492579522,0.0,shift
ok,R20019_S+01,20019,1,20281105,18.107746598250447,0.2041994975383793,0.13441905840602753,76.74158776349336,2027.3814155256864,2.1008521172938837,2.6255489431263292,0.5068502077204362,0.24326019806604782,0.04477995947418499,742.1478056264034,4,1.7121480486349638e-14,1.7228498460494223e-14,1.7019975367350023e-14,1.531891436946861e-14,2.0374361409647276e-14,0.1197028423479165,0.1317450191302416,1.3221423266392274e-12,1.8755504456136438,6.791210358454586,5.632933600610988,5.047078223203992,4.643818120337746,4.423153292012249,778959247.7169998,12217522.470639018,213.69739227268687,0.26953258421410825,281.0138425283927,184.97471552975367,10800165.777724795,25800165.777724795,10426159.785625964,305.51497995222064,305.51497995222064,305.51497995222064,299.42848741745365,6.08649253476699,778959247.717002,778959247.7170008,0.0,0.9999999999999984,0.02090707721910292,0.007234944905084573,0.4691334611267024,0.0,1.5303661892475574e-15,4953,0,0.0,2.449812519000261,0.0,9.7031669995703e-15,0,0.05,24000000.0,True,-1800165.777724795,0.40180;0.40211;0.40254;0.40313;0.40397;0.40512;0.40591;0.40667;0.40753;0.40860;0.41008;0.41243;0.41676;0.42652;0.46169;0.44507;0.37635;0.18573;0.00000;0.00000;0.00000;0.00000;0.00000;0.00000,1.257864408302143,1389.617224768735,3.142895188697283,133202514.80326928,8.12451242419519,4.936745809041244,5.632933600610988,0.09318069359188678,0.5408427047355474,-0.24505622841328506,6.791210358454586,0.8319471829923131,0.007879740326045692,31032.123322260475,4.491811492490131,26.41828863085016,0.27312874961551376,2.632158372805609,3.003349557344485,0.4203120165400611,206.8798180038067,0.10204286989094459,1.241964026188014,1.2366755249709653,1.1909445862977122,1.3148006033699566,3.1269948065831534,1.086983146461458,10.800165777724795,25.800165777724796,0.7789592477170009,0.778959247717002,0.0,shift
ok,R20019_S+02,20019,2,20281105,18.107746598250447,0.2041994975383793,0.13441905840602753,76.74158776349336,2027.3814155256864,2.1008521172938837,2.6255489431263292,0.5068502077204362,0.24326019806604782,0.04477995947418499,742.1478056264034,4,1.7121480486349638e-14,1.7228498460494223e-14,1.7019975367350023e-14,1.531891436946861e-14,2.0374361409647276e-14,0.1197028423479165,0.1317450191302416,1.3221423266392274e-12,1.8755504456136438,6.791210358454586,5.673720821338534,4.845843027205671,4.217406264380645,3.7884105328634554,730770690.3344114,11171878.91090976,206.74248695046015,0.268909360380851,272.48267904658184,179.1846682009483,9931121.76276315,24931121.76276315,9622295.485150833,299.69333539279376,299.69333539279376,299.69333539279376,292.4279224939062,7.2654128988875755,730770690.3344132,730770690.3344135,0.0,1.0000000000000004,0.02090707721910292,0.00682095322820181,0.4713952348800529,0.0,4.893845270240479e-16,4496,0,0.0,2.532513027999812,0.0,1.1214439387334868e-14,0,0.05,24000000.0,True,-931121.76276315,0.40789;0.40816;0.40855;0.40909;0.40983;0.41087;0.41159;0.41229;0.41311;0.41417;0.41570;0.41822;0.42302;0.43431;0.46916;0.43974;0.36795;0.13406;0.00000;0.00000;0.00000;0.00000;0.00000;0.00000,1.257864408302143,1389.617224768735,3.142895188697283,133202514.80326928,8.12451242419519,4.631345161447077,5.673720821338534,0.15322868793015001,0.56784602970821,-0.40707617824926023,6.791210358454586,0.8319471829923131,0.007392277958823755,31032.123322260475,4.491811492490131,26.41828863085016,0.27312874961551376,2.469325830333393,3.025096357502772,0.392578399360632,200.37859027701924,0.09883615818045881,1.241964026188014,1.2366755249709653,1.1909445862977122,1.3148006033699566,3.1269948065831534,1.0481262198495274,9.93112176276315,24.93112176276315,0.7307706903344136,0.7307706903344132,0.0,shift
ok,R20019_S+03,20019,3,20281105,18.107746598250447,0.2041994975383793,0.13441905840602753,76.74158776349336,2027.3814155256864,2.1008521172938837,2.6255489431263292,0.5068502077204362,0.24326019806604782,0.04477995947418499,742.1478056264034,4,1.7121480486349638e-14,1.7228498460494223e-14,1.7019975367350023e-14,1.531891436946861e-14,2.0374361409647276e-14,0.1197028423479165,0.1317450191302416,1.3221423266392274e-12,1.8755504456136438,6.791210358454586,0.27268182314066186,5.179889639712479,8.017534088257012,8.565027734458527,869219902.7158276,16699222.232929787,228.21946481342349,0.2754883710015006,294.2304865710278,196.17294836873583,14150521.397443794,29150521.397443794,13342164.292411283,330.64071092691364,330.64071092691364,330.64071092691364,308.8771476225972,21.76356330431645,869219902.7158273,869219902.7158253,0.0,0.9999999999999977,0.025627069868124117,0.007997858016398221,0.46183953795152843,0.0,2.331467464138152e-15,6672,0,0.0,3.3926927799984696,0.0,1.0357420495366126e-13,0,0.05,24000000.0,True,-5150521.397443794,0.38285;0.38335;0.38405;0.38502;0.38638;0.38826;0.38976;0.39095;0.39222;0.39365;0.39537;0.39771;0.40140;0.40846;0.43373;0.45224;0.39012;0.25193;0.00000;0.00000;0.00000;0.00000;0.00000;0.00000,1.257864408302143,1389.617224768735,3.142895188697283,133202514.80326928,8.12451242419519,5.508783321392169,8.565027734458527,0.596282363463029,0.2474489894020363,1.50529534881438,6.791210358454586,0.8319471829923131,0.008792792613612802,31032.123322260475,4.491811492490131,26.41828863085016,0.27312874961551376,2.937155507747381,4.566674148642382,0.4679269408601165,218.5373073051792,0.10779289266026637,1.241964026188014,1.2366755249709653,1.1909445862977122,1.3148006033699566,3.1269948065831534,1.2226962443324494,14.150521397443793,29.150521397443793,0.8692199027158253,0.8692199027158274,0.0,shift
ok,R20020_S+00,20020,0,20282105,11.091705563505943,0.26172100277637733,0.27101001935705216,45.332334153816966,3896.3084038731313,2.9211526346996126,3.1472051093055002,0.22138082185237304,0.3476987273908587,0.052354497205421235,701.374969572185,4,1.1052670958149433e-14,1.132533097483612e-14,1.0789357954910397e-14,8.611439237185662e-15,1.4558032912602552e-14,0.22522348483759536,0.2537739030487249,5.134036881538448e-13,1.5549579780514655,2.537098056548036,5.848050955492951,5.524441079337499,3.5659545344095975,0.18638797362436618,596629348.2123725,15248889.119669845,204.3057826752481,0.3139481703419717,243.11566961270864,158.3537851366109,23189814.730036095,38189814.730036095,18081420.171935104,272.80811244848826,272.80811244848826,272.80811244848826,218.51905050558148,54.289061942906784,596629348.2123715,596629348.2123718,0.0,1.0000000000000007,0.0038215117650335696,0.0014262841848826835,0.47836836270504807,0.0,5.994138064509783e-16,9425,0,0.0,4.630105157999424,0.0,2.243909507800664e-14,0,0.05,24000000.0,True,-14189814.730036095,0.47453;0.47467;0.47486;0.47512;0.47549;0.47600;0.47392;0.46655;0.44854;0.42756;0.42460;0.42984;0.43363;0.43230;0.43228;0.42806;0.34140;0.00864;0.00000;0.00000;0.00000;0.00000;0.00000;0.00000,1.044998332431081,502.81290294060216,2.7014064138110636,585935689.3780636,8.767849951716174,3.7812086357161037,5.848050955492951,0.5954850158295315,0.7519085251875207,-1.4973156805975485,2.537098056548036,0.40433725263551545,0.001451791996647543,9604.005955166285,3.982452420678519,85.94987389470356,0.19171865693394166,2.4317111388787347,3.7609061068140286,0.38591198415258504,183.8151958347556,0.047176757274150535,1.0597675005884073,1.0387121995459097,0.9407923392942272,1.168819294659285,2.71617558196839,1.1832382065175453,23.189814730036094,38.1898147300361,0.5966293482123718,0.5966293482123715,0.0,shift
ok,R20020_S+01,20020,1,20282105,11.091705563505943,0.26172100277637733,0.27101001935705216,45.332334153816966,3896.3084038731313,2.9211526346996126,3.1472051093055002,0.22138082185237304,0.3476987273908587,0.052354497205421235,701.374969572185,4,1.1052670958149433e-14,1.132533097483612e-14,1.0789357954910397e-14,8.611439237185662e-15,1.4558032912602552e-14,0.22522348483759536,0.2537739030487249,5.134036881538448e-13,1.5549579780514655,2.537098056548036,1.0671375230464384,1.6853394878721055,3.797735352741249,7.404325117653871,550464640.0253801,20023730.083640885,197.42970114391827,0.31775822462338377,231.36572704404244,152.03607340809447,32372325.535116836,47372325.53511684,25313888.685523354,267.72234071226,267.72234071226,267.72234071226,213.57133931728492,54.15100139497508,550464640.0253769,550464640.0253772,0.0,1.0000000000000004,0.0036444768152578575,0.0013177422578016357,0.45713677722388424,0.0,4.331224237955978e-16,8364,0,0.0,4.259330480999779,0.0,5.273171118929713e-15,0,0.05,24000000.0,True,-23372325.535116836,0.36391;0.36445;0.36521;0.36626;0.36772;0.36976;0.38203;0.38605;0.39000;0.39422;0.39878;0.40379;0.40955;0.41816;0.44637;0.43319;0.29857;0.00083;0.00000;0.00000;0.00000;0.00000;0.00000;0.00000,1.044998332431081,502.81290294060216,2.7014064138110636,585935689.3780636,8.767849951716174,3.488634370328416,7.404325117653871,0.7100428169707386,0.1972460222780117,1.8165238663319299,2.537098056548036,0.40433725263551545,0.0013394583441474512,9604.005955166285,3.982452420678519,85.94987389470356,0.19171865693394166,2.243555401220592,4.761752550337283,0.3509367982494466,176.56060906888823,0.04531484440332749,1.0597675005884073,1.0387121995459097,0.9407923392942272,1.168819294659285,2.71617558196839,1.301544982426405,32.372325535116836,47.372325535116836,0.5504646400253772,0.5504646400253769,0.0,shift
ok,R20020_S+02,20020,2,20282105,11.091705563505943,0.26172100277637733,0.27101001935705216,45.332334153816966,3896.3084038731313,2.9211526346996126,3.1472051093055002,0.22138082185237304,0.3476987273908587,0.052354497205421235,701.374969572185,4,1.1052670958149433e-14,1.132533097483612e-14,1.0789357954910397e-14,8.611439237185662e-15,1.4558032912602552e-14,0.22522348483759536,0.2537739030487249,5.134036881538448e-13,1.5549579780514655,2.537098056548036,3.8135194035703264,2.968023413820447,1.8274139218795136,0.39169092774752734,355048548.52085173,9944280.154416867,157.5934188168897,0.3138988058276675,184.38179260767384,120.48088903635582,13562906.998715159,28562906.99871516,10696074.552732483,213.527102157484,213.527102157484,213.527102157484,170.8260323387233,42.701069818760686,355048548.5208502,355048548.5208511,0.0,1.0000000000000024,0.0023205384250567624,0.0008549221401106748,0.48822274928114645,0.0,2.5181617425436547e-15,3645,0,0.0,1.6953791179985274,0.0,1.4560566990472976e-14,0,0.05,24000000.0,True,-4562906.998715159,0.48224;0.48262;0.48315;0.48388;0.48490;0.48632;0.48684;0.48623;0.47950;0.46314;0.45701;0.45848;0.45364;0.45194;0.43999;0.37783;0.06197;0.00000;0.00000;0.00000;0.00000;0.00000;0.00000;0.00000,1.044998332431081,502.81290294060216,2.7014064138110636,585935689.3780636,8.767849951716174,2.2501619167544535,3.8135194035703264,0.57051388491512,0.7534505369253837,-1.5207032215523015,2.537098056548036,0.40433725263551545,0.0008639478475343465,9604.005955166285,3.982452420678519,85.94987389470356,0.19171865693394166,1.4470885699266005,2.4524903292557707,0.16049511318760087,141.79893720348443,0.036393150260520694,1.0597675005884073,1.0387121995459097,0.9407923392942272,1.168819294659285,2.71617558196839,0.9975733509316019,13.562906998715158,28.56290699871516,0.35504854852085105,0.35504854852085016,0.0,shift
ok,R20020_S+03,20020,3,20282105,11.091705563505943,0.26172100277637733,0.27101001935705216,45.332334153816966,3896.3084038731313,2.9211526346996126,3.1472051093055002,0.22138082185237304,0.3476987273908587,0.052354497205421235,701.374969572185,4,1.1052670958149433e-14,1.132533097483612e-14,1.0789357954910397e-14,8.611439237185662e-15,1.4558032912602552e-14,0.22522348483759536,0.2537739030487249,5.134036881538448e-13,1.5549579780514655,2.537098056548036,0.859743124454607,0.7645703057759856,0.6868754598187639,0.626658586582942,115889269.41071428,2242052.247343169,90.23041485960799,0.31525641606076804,104.46265483023039,67.43358035537712,2966391.105375398,17966391.105375398,1954936.8371336758,121.3025703897304,121.3025703897304,121.3025703897304,96.83758657391162,24.464983815818783,115889269.41071433,115889269.4107143,0.0,0.9999999999999998,0.0007507102869605156,0.000281038135653965,0.5025554955350316,0.0,2.5716205252856647e-16,557,0,0.0,0.39694686199982243,0.0,8.130258308946585e-15,0,0.05,24000000.0,False,6033608.894624602,0.48861;0.48930;0.49025;0.49157;0.49342;0.49598;0.49773;0.49958;0.50112;0.50195;0.50135;0.48820;0.45775;0.40845;0.14797;0.00000;0.00000;0.00000;0.00000;0.00000;0.00000;0.00000;0.00000;0.00000,1.044998332431081,502.81290294060216,2.7014064138110636,585935689.3780636,8.767849951716174,0.7344618691580747,0.859743124454607,0.11886792573659696,0.5528923618909478,-0.31735417134568666,2.537098056548036,0.40433725263551545,0.000281996040476235,9604.005955166285,3.982452420678519,85.94987389470356,0.19171865693394166,0.4723355097212573,0.5529044106593545,-0.32574940336192343,81.01225433796152,0.02079205389835958,1.0597675005884073,1.0387121995459097,0.9407923392942272,1.168819294659285,2.71617558196839,0.3506457288960843,2.966391105375398,17.966391105375397,0.1158892694107143,0.11588926941071433,0.0,shift
ok,R20021_S+00,20021,0,20283105,23.480656070425045,0.42004467860104583,0.2797086549118265,49.73897448854575,1538.6979100625954,1.6568095632633657,2.837295975231378,0.4990225822406701,0.1713494496448942,0.05643808883773454,661.33305276092,4,2.0082434031776196e-14,2.0178177119236618e-14,1.9982755804240818e-14,1.7123579786220023e-14,2.2444743880227275e-14,0.10770057995707027,0.11003056736495422,1.0036418369590675e-12,1.344503167770339,5.305168114484662,0.08000947772235376,0.2509266505956524,0.4037607991286733,0.5385119233214166,50224269.536249086,1473351.6467668791,47.059453750915125,0.26579858957078917,65.81321138519709,41.61942865580386,1179180.1483772695,16179180.14837727,1137596.3197575025,71.75482093258532,71.75482093258532,71.75482093258532,69.3653750412895,2.3894458912958214,50224269.536249116,50224269.53624916,0.0,1.0000000000000009,0.0019996389335160515,0.0007276977872147233,0.6345535842184955,0.0,8.900773270436208e-16,244,0,0.0,0.18090721599946846,0.0,1.6243031322343e-13,0,0.05,24000000.0,False,7820819.8516227305,0.59884;0.59920;0.59968;0.60035;0.60126;0.60252;0.60854;0.62832;0.62365;0.57802;0.51995;0.45409;0.37559;0.20059;0.00000;0.00000;0.00000;0.00000;0.00000;0.00000;0.00000;0.00000;0.00000;0.00000,1.37071022731939,1167.9037532611883,3.0674070541206775,103480693.85825546,8.01485933208356,0.318302212692024,0.5385119233214166,0.5375797190496376,0.2599228933402092,1.4404626399587448,5.305168114484662,0.7246991507323991,0.0007338952353320393,20693.53830564736,4.3158347552977405,30.935457071334227,0.12856182979736983,0.23674337132271803,0.4005285641791827,-0.625722172148418,45.79148064018288,0.029759890060759263,1.3105985276157657,1.3063719789566262,1.2393111594448916,1.3568312517445789,3.007295354417053,0.16830641284687545,1.1791801483772695,16.17918014837727,0.05022426953624916,0.050224269536249116,0.0,shift
ok,R20021_S+01,20021,1,20283105,23.480656070425045,0.42004467860104583,0.2797086549118265,49.73897448854575,1538.6979100625954,1.6568095632633657,2.837295975231378,0.4990225822406701,0.1713494496448942,0.05643808883773454,661.33305276092,4,2.0082434031776196e-14,2.0178177119236618e-14,1.9982755804240818e-14,1.7123579786220023e-14,2.2444743880227275e-14,0.10770057995707027,0.11003056736495422,1.0036418369590675e-12,1.344503167770339,5.305168114484662,0.2933247853756019,0.4901276193901956,0.5119849265886596,0.3588967069709936,65258514.80982406,1496105.494129058,53.32875375543003,0.262698880179425,74.51767243511438,47.431336603697055,1297145.5945089739,16297145.594508974,1269590.5924539976,82.5583203223003,82.5583203223003,82.5583203223003,78.6381314448095,3.9201888774908014,65258514.809824064,65258514.809824206,0.0,1.0000000000000022,0.0028198985890446715,0.000943161419368147,0.6256272366553554,0.0,2.1692346470661946e-15,249,0,0.0,0.14011825700072222,0.0,4.1433483027996204e-14,0,0.05,24000000.0,False,7702854.405491026,0.59030;0.59052;0.59083;0.59126;0.59184;0.59265;0.59619;0.60322;0.62454;0.59866;0.54485;0.48206;0.41039;0.30518;0.00452;0.00000;0.00000;0.00000;0.00000;0.00000;0.00000;0.00000;0.00000;0.00000,1.37071022731939,1167.9037532611883,3.0674070541206775,103480693.85825546,8.01485933208356,0.4135835095813627,0.5119849265886596,0.21959807642795479,0.47357570273946814,0.158545783563191,5.305168114484662,0.7246991507323991,0.0009535810779529357,20693.53830564736,4.3158347552977405,30.935457071334227,0.12856182979736983,0.30761066206131016,0.38079860193837356,-0.5119986155736508,52.197110796998935,0.03392291004988466,1.3105985276157657,1.3063719789566262,1.2393111594448916,1.3568312517445789,3.007295354417053,0.17496221779502133,1.2971455945089738,16.297145594508972,0.06525851480982421,0.06525851480982406,0.0,shift
ok,R20021_S+02,20021,2,20283105,23.480656070425045,0.42004467860104583,0.2797086549118265,49.73897448854575,1538.6979100625954,1.6568095632633657,2.837295975231378,0.4990225822406701,0.1713494496448942,0.05643808883773454,661.33305276092,4,2.0082434031776196e-14,2.0178177119236618e-14,1.9982755804240818e-14,1.7123579786220023e-14,2.2444743880227275e-14,0.10770057995707027,0.11003056736495422,1.0036418369590675e-12,1.344503167770339,5.305168114484662,0.3365122440486125,0.2695866024356859,0.28765802370579335,0.3907265078589348,50669015.81389995,1299479.2883360893,47.033809035631904,0.26317847862126525,66.02497416774182,41.784816697623185,1084338.6266067233,16084338.626606723,1054779.0127121285,71.7361448741081,71.7361448741081,71.7361448741081,69.96601753072085,1.7701273433872586,50669015.813899964,50669015.813899994,0.0,1.0000000000000007,0.0019996389335160515,0.0007340921321675064,0.6386084911538447,0.0,5.881764606826976e-16,252,0,0.0,0.13513848000002326,0.0,6.303482371772802e-14,0,0.05,24000000.0,False,7915661.373393277,0.60474;0.60505;0.60548;0.60607;0.60689;0.60801;0.61550;0.63560;0.62384;0.57832;0.52067;0.45504;0.37696;0.20616;0.00000;0.00000;0.00000;0.00000;0.00000;0.00000;0.00000;0.00000;0.00000;0.00000,1.37071022731939,1167.9037532611883,3.0674070541206775,103480693.85825546,8.01485933208356,0.32112084451225664,0.3907265078589348,0.1465393279514519,0.47186196165877103,0.16882823004737404,5.305168114484662,0.7246991507323991,0.0007403940291843631,20693.53830564736,4.3158347552977405,30.935457071334227,0.12856182979736983,0.2388397827613812,0.29061032894916666,-0.6218933325060688,45.99378028431114,0.02989136462948733,1.3105985276157657,1.3063719789566262,1.2393111594448916,1.3568312517445789,3.007295354417053,0.11376936191857825,1.0843386266067232,16.084338626606723,0.050669015813899994,0.050669015813899966,0.0,shift
ok,R20021_S+03,20021,3,20283105,23.480656070425045,0.42004467860104583,0.2797086549118265,49.73897448854575,1538.6979100625954,1.6568095632633657,2.837295975231378,0.4990225822406701,0.1713494496448942,0.05643808883773454,661.33305276092,4,2.0082434031776196e-14,2.0178177119236618e-14,1.9982755804240818e-14,1.7123579786220023e-14,2.2444743880227275e-14,0.10770057995707027,0.11003056736495422,1.0036418369590675e-12,1.344503167770339,5.305168114484662,0.167553366999279,3.029728844435857,5.042672755408617,5.685349746508062,549311495.027589,15538626.317027673,155.79583765347599,0.26635788122204823,214.95055041482846,139.36927195188125,13103792.932249822,28103792.93224982,12287092.831494294,237.29832353956587,237.29832353956587,237.29832353956587,225.1271556130755,12.17116792649037,549311495.0275867,549311495.0275867,0.0,1.0,0.02167275898690174,0.007357391154045095,0.4957331872702062,0.0,0.0,3012,0,0.0,1.6123187269986374,0.0,6.868349388236571e-14,0,0.05,24000000.0,True,-4103792.9322498217,0.40459;0.40519;0.40600;0.40712;0.40867;0.41079;0.41268;0.41415;0.41579;0.41774;0.42032;0.42424;0.43133;0.45242;0.49256;0.43477;0.34307;0.07288;0.00000;0.00000;0.00000;0.00000;0.00000;0.00000,1.37071022731939,1167.9037532611883,3.0674070541206775,103480693.85825546,8.01485933208356,3.4813261783379534,5.685349746508062,0.6174229589390626,0.22960231587388738,1.584969662952719,5.305168114484662,0.7246991507323991,0.008026738718875838,20693.53830564736,4.3158347552977405,30.935457071334227,0.12856182979736983,2.5893030688140524,4.228587840321998,0.4131828860510888,151.4388194869012,0.0984201112489589,1.3105985276157657,1.3063719789566262,1.2393111594448916,1.3568312517445789,3.007295354417053,1.191412622617774,13.103792932249823,28.10379293224982,0.5493114950275867,0.5493114950275867,0.0,shift
ok,R20022_S+00,20022,0,20284105,29.773097622234243,0.12281960963184657,0.2682645826767178,23.07475784877713,2331.9728000789173,2.0567044792712994,3.9389796949932476,0.3236720805001162,0.19854638969560123,0.07596578041754201,646.2358312774041,4,2.703877356839302e-14,2.70927027486475e-14,2.6982270850700936e-14,2.4209728547184283e-14,2.8160735919104974e-14,0.07114689671001506,0.0710813849366558,6.251575553939397e-13,1.0709410649766051,2.5564569630252136,0.9488500734663929,0.9050359024169446,0.8725474938738533,0.8513848478371198,141134199.17414278,4065659.94962669,119.65708444786688,0.2560722380763896,159.34372122643543,105.71599853540503,4279304.114183553,19279304.114183553,3883271.2361673824,175.89659245324236,175.89659245324236,175.89659245324236,166.36419183122976,9.532400622012602,141134199.1741428,141134199.17414266,0.0,0.9999999999999989,0.005474496535404126,0.0020169159221924875,0.5340299303586858,0.0,1.0558150526975674e-15,1113,0,0.0,0.43789325099896814,0.0,8.361019861917525e-15,0,0.05,24000000.0,False,4720695.885816447,0.48646;0.48706;0.48790;0.48906;0.49067;0.49292;0.49450;0.49617;0.49827;0.50127;0.50639;0.51872;0.53144;0.49688;0.44439;0.33423;0.00033;0.00000;0.00000;0.00000;0.00000;0.00000;0.00000;0.00000,1.4738240214206175,687.0070180410572,2.836961173567465,105754127.1612406,8.024297325157029,0.8944545793985776,0.9488500734663929,0.04109982245553032,0.5181610163843848,-0.10896609830630843,2.5564569630252136,0.4076384859426683,0.002065113395861421,9043.637994172619,3.956343169741454,101.06163693511968,0.02976557180318841,0.8352042970899777,0.8859965356610177,-0.07820727990974317,118.37397668936833,0.05076130248404372,1.4385689298683675,1.436795095231538,1.3897065176871604,1.4553605977198336,2.801706082015215,0.6091310515827475,4.279304114183552,19.279304114183553,0.14113419917414266,0.1411341991741428,0.0,shift
ok,R20022_S+01,20022,1,20284105,29.773097622234243,0.12281960963184657,0.2682645826767178,23.07475784877713,2331.9728000789173,2.0567044792712994,3.9389796949932476,0.3236720805001162,0.19854638969560123,0.07596578041754201,646.2358312774041,4,2.703877356839302e-14,2.70927027486475e-14,2.6982270850700936e-14,2.4209728547184283e-14,2.8160735919104974e-14,0.07114689671001506,0.0710813849366558,6.251575553939397e-13,1.0709410649766051,2.5564569630252136,0.21723178121349893,0.5068076106703028,1.2206959380447284,2.3588967633367757,169765375.18303654,7694338.392558786,131.58701276349473,0.2574511673348046,174.04877981304946,116.55740443417535,8872587.023366835,23872587.023366835,7565693.955537021,194.09295633140735,194.09295633140735,194.09295633140735,180.18710661614196,13.90584971526539,169765375.18303642,169765375.18303633,0.0,0.9999999999999994,0.006427478782616149,0.002414521695392623,0.5259518021635444,0.0,5.266501903977167e-16,1877,0,0.0,0.9345039290001296,0.0,1.628805856992744e-14,0,0.05,24000000.0,False,127412.97663316503,0.44558;0.44661;0.44805;0.45006;0.45284;0.45673;0.46017;0.46282;0.46570;0.46901;0.47318;0.47944;0.50761;0.51115;0.46189;0.38459;0.02039;0.00000;0.00000;0.00000;0.00000;0.00000;0.00000;0.00000,1.4738240214206175,687.0070180410572,2.836961173567465,105754127.1612406,8.024297325157029,1.0759080233163265,2.3588967633367757,0.767599805519634,0.1682391468863802,1.9905651186817188,2.5564569630252136,0.4076384859426683,0.0024840524302075714,9043.637994172619,3.956343169741454,101.06163693511968,0.02976557180318841,1.0046379380734922,2.2026391932111653,0.0020095743659067533,129.82689331901705,0.055672559008674335,1.4385689298683675,1.436795095231538,1.3897065176871604,1.4553605977198336,2.801706082015215,0.8861712824113086,8.872587023366835,23.872587023366837,0.16976537518303633,0.16976537518303642,0.0,shift
ok,R20022_S+02,20022,2,20284105,29.773097622234243,0.12281960963184657,0.2682645826767178,23.07475784877713,2331.9728000789173,2.0567044792712994,3.9389796949932476,0.3236720805001162,0.19854638969560123,0.07596578041754201,646.2358312774041,4,2.703877356839302e-14,2.70927027486475e-14,2.6982270850700936e-14,2.4209728547184283e-14,2.8160735919104974e-14,0.07114689671001506,0.0710813849366558,6.251575553939397e-13,1.0709410649766051,2.5564569630252136,0.3736863425988079,0.33644358550145415,0.24670626861599684,0.10447439194243605,41865518.79081953,1163492.429780583,65.09041253339419,0.25544387755646053,87.03358721850266,57.298782654762014,1134163.6494059004,16134163.6494059,1024256.3243575431,95.03347476985715,95.03347476985715,95.03347476985715,92.62658770625345,2.4068870636037047,41865518.7908195,41865518.79081951,0.0,1.0000000000000002,0.0015687222298823916,0.0006082600697393516,0.5778051173467719,0.0,1.7796460696332352e-16,321,0,0.0,0.17713274600100704,0.0,2.7831688307592088e-14,0,0.05,24000000.0,False,7865836.3505941,0.56779;0.56799;0.56826;0.56864;0.56916;0.56990;0.56807;0.56740;0.57283;0.57491;0.54594;0.50409;0.45466;0.36997;0.00290;0.00000;0.00000;0.00000;0.00000;0.00000;0.00000;0.00000;0.00000;0.00000,1.4738240214206175,687.0070180410572,2.836961173567465,105754127.1612406,8.024297325157029,0.2653276471646737,0.3736863425988079,0.39085955025321917,0.669106608083255,-1.01463964849953,2.5564569630252136,0.4076384859426683,0.0006125874818826284,9043.637994172619,3.956343169741454,101.06163693511968,0.02976557180318841,0.24775186594462117,0.3489326862323382,-0.60598306593895,64.4715846158528,0.027646799574022045,1.4385689298683675,1.436795095231538,1.3897065176871604,1.4553605977198336,2.801706082015215,0.06576356191134755,1.1341636494059004,16.1341636494059,0.04186551879081951,0.041865518790819505,0.0,shift
ok,R20022_S+03,20022,3,20284105,29.773097622234243,0.12281960963184657,0.2682645826767178,23.07475784877713,2331.9728000789173,2.0567044792712994,3.9389796949932476,0.3236720805001162,0.19854638969560123,0.07596578041754201,646.2358312774041,4,2.703877356839302e-14,2.70927027486475e-14,2.6982270850700936e-14,2.4209728547184283e-14,2.8160735919104974e-14,0.07114689671001506,0.0710813849366558,6.251575553939397e-13,1.0709410649766051,2.5564569630252136,0.39260410540506946,0.3120081264909039,0.17273963879650236,0.010651881412679256,35029084.009292044,1108536.4744391532,59.48539106563192,0.2549821556679788,79.47954076994117,52.42170134260846,1107013.5084588528,16107013.508458853,971167.9488353208,86.24493993492315,86.24493993492315,86.24493993492315,84.74878814167376,1.4961517932493962,35029084.00929206,35029084.009292044,0.0,0.9999999999999996,0.0012737364178077592,0.0005095205275368764,0.5789858044713647,0.0,4.253939723315309e-16,306,0,0.0,0.1972955239998555,0.0,2.355643817050457e-13,0,0.05,24000000.0,False,7892986.491541147,0.57161;0.57165;0.57171;0.57179;0.57190;0.57206;0.57446;0.57267;0.57786;0.56937;0.53529;0.49175;0.43898;0.30203;0.00000;0.00000;0.00000;0.00000;0.00000;0.00000;0.00000;0.00000;0.00000;0.00000,1.4738240214206175,687.0070180410572,2.836961173567465,105754127.1612406,8.024297325157029,0.22200093802628873,0.39260410540506946,0.6539336809739256,0.7934788904051108,-1.7204982437829182,2.5564569630252136,0.4076384859426683,0.0005125549374683195,9043.637994172619,3.956343169741454,101.06163693511968,0.02976557180318841,0.20729519605370475,0.36659730235822635,-0.6834107623129984,58.9731731667168,0.02528896270347624,1.4385689298683675,1.436795095231538,1.3897065176871604,1.4553605977198336,2.801706082015215,0.04474998738018458,1.1070135084588528,16.107013508458852,0.03502908400929204,0.035029084009292055,0.0,shift
ok,R20023_S+00,20023,0,20285105,11.463018751581636,0.4235744301485933,0.22031937402416493,60.43074461947179,2363.3056763834657,2.8844751665837287,3.2528395205617744,0.5269206785157818,0.1767566442934245,0.06053937336796444,769.8574927319725,4,7.199728846654458e-15,7.92498289637854e-15,6.520067958263492e-15,3.771924544419611e-15,1.3279461991133638e-14,0.4020378129131933,0.4975418493327808,4.789126175247334e-13,1.8325972714916545,5.222260976965565,0.0996652385102778,1.7698104068751455,2.845386559431366,3.2923752860921858,315861497.30388635,9804966.813286556,134.8217677241187,0.39539240038577356,164.12082891047183,97.68314908760757,9513411.476172462,24513411.476172462,8168059.626094751,193.80612655582638,193.80612655582638,193.80612655582638,116.70456854863026,77.10155800719612,315861497.3038876,315861497.3038879,0.0,1.0000000000000009,0.004491762966652296,0.0017168657322456748,0.5366280058673446,0.0,9.435250146687793e-16,2305,0,0.0,1.3070581310003035,0.0,4.438669135379952e-14,0,0.05,24000000.0,True,-513411.4761724621,0.47423;0.47535;0.47691;0.47909;0.48212;0.48633;0.49058;0.49351;0.49669;0.50036;0.50518;0.51480;0.52593;0.50835;0.42310;0.19409;0.00719;0.00000;0.00000;0.00000;0.00000;0.00000;0.00000;0.00000,1.0592990028417946,692.7187587450462,2.840556948441159,233614773.4646423,8.368500303471604,2.001809372727244,3.2923752860921858,0.6143201692965178,0.23347323562064123,1.5949121285370913,5.222260976965565,0.717858571436362,0.0017562488195292803,11442.450098296054,4.0585190271004805,39.10767095896365,0.2630670356192588,1.0923345810167326,1.7965623638696873,0.03835568272164473,109.15629934193029,0.04618797324135009,0.9047149313677983,0.8199687201470793,0.5822795940620364,1.1288970779938026,2.6859728769671625,0.9914461280567439,9.513411476172463,24.51341147617246,0.3158614973038879,0.31586149730388763,0.0,shift
ok,R20023_S+01,20023,1,20285105,11.463018751581636,0.4235744301485933,0.22031937402416493,60.43074461947179,2363.3056763834657,2.8844751665837287,3.2528395205617744,0.5269206785157818,0.1767566442934245,0.06053937336796444,769.8574927319725,4,7.199728846654458e-15,7.92498289637854e-15,6.520067958263492e-15,3.771924544419611e-15,1.3279461991133638e-14,0.4020378129131933,0.4975418493327808,4.789126175247334e-13,1.8325972714916545,5.222260976965565,0.8861845155265916,0.8101209157684908,0.5381461199679847,0.0702601281250736,90913961.61682399,2343189.6285991175,70.72097029437485,0.37798173281277675,85.166410358957,51.52754537646837,2430820.041882366,17430820.041882366,1708153.6342918165,98.71494676110677,98.71494676110677,98.71494676110677,63.38237869023628,35.332568070870494,90913961.61682402,90913961.61682397,0.0,0.9999999999999996,0.0012836292569491114,0.000502266588192166,0.5995648336590818,0.0,4.917119745584863e-16,463,0,0.0,0.2776821320003364,0.0,4.3361524347495117e-14,21,0.05,24000000.0,False,6569179.958117634,0.59201;0.59197;0.59192;0.59184;0.59173;0.59158;0.58506;0.58645;0.58327;0.58009;0.55946;0.51807;0.45341;0.24595;0.00818;0.00000;0.00000;0.00000;0.00000;0.00000;0.00000;0.00000;0.00000;0.00000,1.0592990028417946,692.7187587450462,2.840556948441159,233614773.4646423,8.368500303471604,0.5761779198470351,0.8861845155265916,0.5544562178477076,0.7360163297065518,-1.4160979782393106,5.222260976965565,0.717858571436362,0.0005054985781146453,11442.450098296054,4.0585190271004805,39.10767095896365,0.2630670356192588,0.3144050953312025,0.48356751879548304,-0.5025104242856405,58.561979755800294,0.024779689035155577,0.9047149313677983,0.8199687201470793,0.5822795940620364,1.1288970779938026,2.6859728769671625,0.36980743640820374,2.430820041882366,17.430820041882367,0.09091396161682397,0.09091396161682401,0.0,shift
ok,R20023_S+02,20023,2,20285105,11.463018751581636,0.4235744301485933,0.22031937402416493,60.43074461947179,2363.3056763834657,2.8844751665837287,3.2528395205617744,0.5269206785157818,0.1767566442934245,0.06053937336796444,769.8574927319725,4,7.199728846654458e-15,7.92498289637854e-15,6.520067958263492e-15,3.771924544419611e-15,1.3279461991133638e-14,0.4020378129131933,0.4975418493327808,4.789126175247334e-13,1.8325972714916545,5.222260976965565,5.155822398117479,2.9446821612531084,1.5642957983352312,1.0146633093638484,421272803.27489716,13344125.858979696,151.81030224416014,0.37587551871424957,183.90585887966384,113.3080862505769,13862324.507773526,28862324.507773526,11345520.50103768,217.87873456965747,217.87873456965747,217.87873456965747,139.707399771699,78.17133479795848,421272803.27489704,421272803.2748972,0.0,1.0000000000000004,0.005695939379567198,0.0022743855101536197,0.5291517597375315,0.0,4.244611399931478e-16,3778,0,0.0,2.039930524000738,0.0,8.226188514173812e-15,0,0.05,24000000.0,True,-4862324.507773526,0.50956;0.51014;0.51094;0.51205;0.51361;0.51577;0.51726;0.51875;0.52049;0.52186;0.51973;0.51649;0.50959;0.50141;0.47362;0.32267;0.05066;0.00000;0.00000;0.00000;0.00000;0.00000;0.00000;0.00000,1.0592990028417946,692.7187587450462,2.840556948441159,233614773.4646423,8.368500303471604,2.669865916767417,5.155822398117479,0.5986218269376379,0.7585123009827404,-1.551073805896442,5.222260976965565,0.717858571436362,0.0023423553353814413,11442.450098296054,4.0585190271004805,39.10767095896365,0.2630670356192588,1.4568754184569215,2.8133963082466362,0.16342241560665505,126.06141280489045,0.05334113740115096,0.9047149313677983,0.8199687201470793,0.5822795940620364,1.1288970779938026,2.6859728769671625,1.1252901294869047,13.862324507773526,28.862324507773526,0.42127280327489725,0.421272803274897,0.0,shift
ok,R20023_S+03,20023,3,20285105,11.463018751581636,0.4235744301485933,0.22031937402416493,60.43074461947179,2363.3056763834657,2.8844751665837287,3.2528395205617744,0.5269206785157818,0.1767566442934245,0.06053937336796444,769.8574927319725,4,7.199728846654458e-15,7.92498289637854e-15,6.520067958263492e-15,3.771924544419611e-15,1.3279461991133638e-14,0.4020378129131933,0.4975418493327808,4.789126175247334e-13,1.8325972714916545,5.222260976965565,2.6488878956660886,2.0177849997080077,1.5045083920577094,1.1090580727151926,287183602.0397186,6858452.671480047,126.02458801555059,0.37997577336188415,151.94782539519798,92.56578763813863,6896178.940062456,21896178.940062456,5246106.954541072,178.7825400146792,178.7825400146792,178.7825400146792,114.55253612565468,64.23000388902452,287183602.03971857,287183602.03971875,0.0,1.0000000000000007,0.0037518008968155277,0.001564929525660639,0.5420642924096105,0.0,6.226467425582371e-16,1736,0,0.0,0.9385708760000853,0.0,7.977598809822746e-15,0,0.05,24000000.0,False,2103821.059937544,0.52169;0.52237;0.52331;0.52462;0.52645;0.52900;0.53080;0.53269;0.53497;0.53662;0.53608;0.53616;0.53011;0.50135;0.40661;0.15326;0.00022;0.00000;0.00000;0.00000;0.00000;0.00000;0.00000;0.00000,1.0592990028417946,692.7187587450462,2.840556948441159,233614773.4646423,8.368500303471604,1.8200598400367496,2.6488878956660886,0.316954858820805,0.6410054209096595,-0.8460325254579567,5.222260976965565,0.717858571436362,0.001596794374672322,11442.450098296054,4.0585190271004805,39.10767095896365,0.2630670356192588,0.9931586543044998,1.4454282655948785,-0.0029813686393863024,104.08311419376483,0.04404132534943249,0.9047149313677983,0.8199687201470793,0.5822795940620364,1.1288970779938026,2.6859728769671625,0.8362261460221452,6.896178940062456,21.896178940062455,0.28718360203971877,0.28718360203971854,0.0,shift
ok,R20024_S+00,20024,0,20286105,29.347581945627685,0.807777675426884,0.24805141458491023,39.76485024679468,3637.0463414702003,1.920572941775878,2.1409900793593515,0.5405225584159399,0.28217804258959867,0.06714488675767347,649.2437312505574,4,5.4006310705017547e-14,1.5892549334187932e-13,4.846671910797248e-15,1.238599918798285e-15,2.9950639347241163e-13,0.9230357495252677,0.8520425927710485,6.319648443137795e-12,2.566617133448649,4.830055581447542,3.2915694048016846,2.928009499225383,1.7997560934820611,0.0990768023135106,320246990.26760364,2100481.16037669,175.0371819165907,0.38090854702698096,217.99855802792268,137.8576045731969,1869025.0388001166,16869025.038800117,1851519.8952620663,244.56579110903598,244.56579110903598,244.56579110903598,47.47290577673472,197.09288533230125,320246990.2676033,320246990.2676036,0.0,1.0000000000000009,0.0035770111900630596,0.0011832057487157393,0.5910252037784965,0.0,9.30604292730184e-16,1009,0,0.0,0.522359480999512,0.0,1.6784865827506253e-13,35,0.05,24000000.0,False,7130974.961199883,0.55827;0.55844;0.55868;0.55902;0.55950;0.56015;0.55995;0.55976;0.55233;0.54021;0.52597;0.50466;0.43937;0.40866;0.36325;0.30656;0.19154;0.00002;0.00000;0.00000;0.00000;0.00000;0.00000;0.00000,1.467572323950502,1167.0022011734202,3.0670716752026697,409910083.0707596,8.612688601332195,2.0296029499556596,3.2915694048016846,0.6123983140098863,0.7661078370233628,-1.5729641122949294,4.830055581447542,0.6839521283865175,0.0012033409345470433,17380.35846847344,4.240058729493228,91.46385108701298,0.4093610890719746,0.790769656878497,1.282454387880965,-0.1019500036262675,148.91375349459676,0.04094359530057609,2.2069101660233224,0.691160219480219,0.09864764496867072,2.482122695344407,3.80640951727549,0.3223187906199583,1.8690250388001166,16.869025038800117,0.32024699026760356,0.3202469902676033,0.0,shift
ok,R20024_S+01,20024,1,20286105,29.347581945627685,0.807777675426884,0.24805141458491023,39.76485024679468,3637.0463414702003,1.920572941775878,2.1409900793593515,0.5405225584159399,0.28217804258959867,0.06714488675767347,649.2437312505574,4,5.4006310705017547e-14,1.5892549334187932e-13,4.846671910797248e-15,1.238599918798285e-15,2.9950639347241163e-13,0.9230357495252677,0.8520425927710485,6.319648443137795e-12,2.566617133448649,4.830055581447542,8.542551161760317,7.016813953709735,4.315921669076914,0.4398743078618536,801372159.6122507,5123200.864214635,275.5162893016669,0.37714248654936355,341.9092081728826,218.63398150039419,4598770.883788053,19598770.883788053,4546428.974390939,383.37683001437114,383.37683001437114,383.37683001437114,75.72122072386838,307.65560929050275,801372159.6122533,801372159.6122518,0.0,0.9999999999999981,0.008740941793912332,0.0028894600549645507,0.5438526429065966,0.0,1.933834043985249e-15,4179,0,0.0,2.040744973999608,0.0,8.161305176725953e-14,270,0.05,24000000.0,False,4401229.116211947,0.49825;0.49854;0.49895;0.49952;0.50031;0.50141;0.50230;0.50318;0.50326;0.50517;0.50194;0.48756;0.46843;0.40879;0.40460;0.38092;0.33021;0.25372;0.02374;0.00000;0.00000;0.00000;0.00000;0.00000,1.467572323950502,1167.0022011734202,3.0670716752026697,409910083.0707596,8.612688601332195,5.0787902731022045,8.542551161760317,0.6057198954430882,0.7658991747441338,-1.5953950484648034,4.830055581447542,0.6839521283865175,0.0030111880916101137,17380.35846847344,4.240058729493228,91.46385108701298,0.4093610890719746,1.9787876449955981,3.328330918714811,0.29639919008562116,235.56426421542938,0.06476801285963472,2.2069101660233224,0.691160219480219,0.09864764496867072,2.482122695344407,3.80640951727549,0.7095413834988121,4.5987708837880525,19.598770883788053,0.8013721596122517,0.8013721596122533,0.0,shift
ok,R20024_S+02,20024,2,20286105,29.347581945627685,0.807777675426884,0.24805141458491023,39.76485024679468,3637.0463414702003,1.920572941775878,2.1409900793593515,0.5405225584159399,0.28217804258959867,0.06714488675767347,649.2437312505574,4,5.4006310705017547e-14,1.5892549334187932e-13,4.846671910797248e-15,1.238599918798285e-15,2.9950639347241163e-13,0.9230357495252677,0.8520425927710485,6.319648443137795e-12,2.566617133448649,4.830055581447542,0.737066853067257,0.4492552503398098,0.30711628223374354,0.3106499487490583,71165872.52667715,448475.3495360701,81.64369410667487,0.3729225667569446,101.76309055781797,64.91261852330977,408877.44173069857,15408877.441730699,406466.79404872283,115.19730136249362,115.19730136249362,115.19730136249362,20.10038220508335,95.09691915741027,71165872.5266771,71165872.52667627,0.0,0.9999999999999882,0.0007476161986971631,0.0002663957704605724,0.6455232207515972,0.0,1.1725634735141662e-14,269,0,0.0,0.13161071700051252,0.0,4.104734676376348e-13,0,0.05,24000000.0,False,8591122.558269301,0.61157;0.61142;0.61120;0.61090;0.61049;0.60991;0.60102;0.59069;0.57627;0.49201;0.43757;0.39790;0.35043;0.28948;0.11745;0.00000;0.00000;0.00000;0.00000;0.00000;0.00000;0.00000;0.00000;0.00000,1.467572323950502,1167.0022011734202,3.0670716752026697,409910083.0707596,8.612688601332195,0.45102208359746715,0.737066853067257,0.38759237289439336,0.6575742887934994,-0.9454457327609964,4.830055581447542,0.6839521283865175,0.00026740862570651455,17380.35846847344,4.240058729493228,91.46385108701298,0.4093610890719746,0.17572628099441107,0.28717444587338714,-0.7551632821170345,70.19855480169544,0.019300978929325145,2.2069101660233224,0.691160219480219,0.09864764496867072,2.482122695344407,3.80640951727549,-0.34826142297590135,0.40887744173069857,15.408877441730699,0.07116587252667626,0.0711658725266771,0.0,shift
ok,R20024_S+03,20024,3,20286105,29.347581945627685,0.807777675426884,0.24805141458491023,39.76485024679468,3637.0463414702003,1.920572941775878,2.1409900793593515,0.5405225584159399,0.28217804258959867,0.06714488675767347,649.2437312505574,4,5.4006310705017547e-14,1.5892549334187932e-13,4.846671910797248e-15,1.238599918798285e-15,2.9950639347241163e-13,0.9230357495252677,0.8520425927710485,6.319648443137795e-12,2.566617133448649,4.830055581447542,5.947271525741674,3.292966183346462,1.6146756376413864,0.9123998886264473,464185205.19508696,2716177.0546777016,206.31378160392683,0.36509873994946185,262.4898658052429,166.00982395436426,2492264.2245628163,17492264.224562816,2483918.3349162266,287.45807530298504,287.45807530298504,287.45807530298504,59.253212554321834,228.2048627486632,464185205.1950865,464185205.1950865,0.0,1.0,0.004786252342335188,0.0017025171999368906,0.5703425775397047,0.0,0.0,1803,0,0.0,0.9659232680005516,0.0,2.322198339493393e-13,0,0.05,24000000.0,False,6507735.775437184,0.53468;0.53491;0.53523;0.53567;0.53629;0.53715;0.53802;0.53921;0.54042;0.53384;0.52060;0.50410;0.46298;0.42281;0.38964;0.34042;0.27307;0.06836;0.00000;0.00000;0.00000;0.00000;0.00000;0.00000,1.467572323950502,1167.0022011734202,3.0670716752026697,409910083.0707596,8.612688601332195,2.9418283088389927,5.947271525741674,0.6590485447899027,0.78524617508481,-1.7114770505088601,4.830055581447542,0.6839521283865175,0.0017441945610655518,17380.35846847344,4.240058729493228,91.46385108701298,0.4093610890719746,1.1461889934811544,2.3171634944050226,0.05925623373842036,179.28251222931007,0.04929343632086877,2.2069101660233224,0.691160219480219,0.09864764496867072,2.482122695344407,3.80640951727549,0.4339580761251406,2.4922642245628164,17.492264224562817,0.4641852051950865,0.4641852051950865,0.0,shift
ok,R20025_S+00,20025,0,20287105,25.110530273800524,0.826066606534513,0.18484502030118957,34.1212227992735,1476.278018133158,1.50194875208098,2.4823026525411493,0.5649695082289379,0.2489251042065287,0.05847565110979852,644.5980499929929,4,6.449269584685062e-14,2.1608191239416157e-13,6.252286790990303e-15,1.6128384176534274e-15,4.111888252360654e-13,0.9254324645834762,0.9781386408037004,7.372979075694282e-12,0.6321823953894937,5.796971876394566,2.361211158212327,1.8590589716012451,1.67868832232229,1.820099210375462,304493667.6130842,14071410.272676319,196.7267842800101,0.33870053388297366,270.87869208395574,166.63594513069077,13612217.664793566,28612217.664793566,13590777.878123797,292.7301629960858,292.7301629960858,292.7301629960858,160.82178794291463,131.9083750531712,304493667.613084,304493667.61308485,0.0,1.0000000000000027,0.032680476416390894,0.00964923220293287,0.4565469236629599,0.0,2.740500429440169e-15,4207,0,0.0,2.2474668609993387,0.0,1.560478892213276e-13,0,0.05,24000000.0,True,-4612217.664793566,0.36401;0.36432;0.36476;0.36535;0.36617;0.36730;0.36869;0.36963;0.37075;0.37221;0.37435;0.37805;0.38692;0.39318;0.40365;0.40441;0.29361;0.20531;0.00962;0.00000;0.00000;0.00000;0.00000;0.00000,1.3998558840611428,856.8019980802499,2.932880470608831,43183567.81131435,7.635318520739197,1.929764415627831,2.361211158212327,0.13368383106856344,0.5467338520231427,-0.28040311213885627,5.796971876394566,0.763201193426442,0.010938827081777345,14652.286581152392,4.165905404354775,43.26568326163829,-0.19915760228266594,3.052543743232338,3.735015678121758,0.4846618961413449,178.1606992723556,0.1206823491808477,2.340335012608874,0.8017554885615035,0.21330745750788896,2.6197579012148284,3.873359599156562,1.1483376257182172,13.612217664793565,28.612217664793565,0.30449366761308483,0.304493667613084,0.0,shift
ok,R20025_S+01,20025,1,20287105,25.110530273800524,0.826066606534513,0.18484502030118957,34.1212227992735,1476.278018133158,1.50194875208098,2.4823026525411493,0.5649695082289379,0.2489251042065287,0.05847565110979852,644.5980499929929,4,6.449269584685062e-14,2.1608191239416157e-13,6.252286790990303e-15,1.6128384176534274e-15,4.111888252360654e-13,0.9254324645834762,0.9781386408037004,7.372979075694282e-12,0.6321823953894937,5.796971876394566,2.0822903314223935,1.5351422085531108,1.3237830259681491,1.4482127836675092,252043780.10711154,11740464.315414555,178.76685889989096,0.33788210765039284,247.47487069319575,151.19951461012548,11329884.545031212,26329884.545031212,11313876.841508888,267.03557926954375,267.03557926954375,267.03557926954375,148.01191991245645,119.0236593570873,252043780.1071122,252043780.10711226,0.0,1.0000000000000002,0.02694963077053125,0.008148088368951974,0.469119725166472,0.0,2.3648528342996666e-16,3073,0,0.0,1.5930368400004227,0.0,1.915356989394176e-13,0,0.05,24000000.0,True,-2329884.5450312123,0.38032;0.38062;0.38104;0.38162;0.38241;0.38350;0.38472;0.38567;0.38685;0.38849;0.39108;0.39603;0.40699;0.40943;0.43843;0.38280;0.26258;0.17189;0.00000;0.00000;0.00000;0.00000;0.00000;0.00000,1.3998558840611428,856.8019980802499,2.932880470608831,43183567.81131435,7.635318520739197,1.5973570874027907,2.0822903314223935,0.1814737041751193,0.5661590273871133,-0.39695416432267966,5.796971876394566,0.763201193426442,0.009054583463891824,14652.286581152392,4.165905404354775,43.26568326163829,-0.19915760228266594,2.5267345295476686,3.293812587330076,0.4025596153235877,162.0916966745688,0.10979754130562985,2.340335012608874,0.8017554885615035,0.21330745750788896,2.6197579012148284,3.873359599156562,1.069685272860054,11.329884545031213,26.329884545031213,0.25204378010711226,0.2520437801071122,0.0,shift
ok,R20025_S+02,20025,2,20287105,25.110530273800524,0.826066606534513,0.18484502030118957,34.1212227992735,1476.278018133158,1.50194875208098,2.4823026525411493,0.5649695082289379,0.2489251042065287,0.05847565110979852,644.5980499929929,4,6.449269584685062e-14,2.1608191239416157e-13,6.252286790990303e-15,1.6128384176534274e-15,4.111888252360654e-13,0.9254324645834762,0.9781386408037004,7.372979075694282e-12,0.6321823953894937,5.796971876394566,1.0917076750346786,0.8744943734030993,0.6911606764472499,0.5417065841671307,126193687.03418049,5961589.86923097,125.91145985812835,0.33478041987776375,175.7915478531607,106.30785636471256,5739315.151819088,20739315.151819088,5734641.038010389,192.77965298510765,192.77965298510765,192.77965298510765,109.1905853778,83.58906760730764,126193687.0341805,126193687.03418107,0.0,1.0000000000000044,0.015112840459985986,0.004290960573605284,0.5195957520552439,0.0,4.487103425489418e-15,1075,0,0.0,0.5967952410010184,0.0,4.498700630535235e-13,0,0.05,24000000.0,False,3260684.8481809124,0.43950;0.43974;0.44007;0.44053;0.44116;0.44203;0.44302;0.44421;0.44606;0.44936;0.45712;0.46586;0.49055;0.45466;0.37882;0.25657;0.16321;0.00016;0.00000;0.00000;0.00000;0.00000;0.00000;0.00000,1.3998558840611428,856.8019980802499,2.932880470608831,43183567.81131435,7.635318520739197,0.7997673272630396,1.0917076750346786,0.2571649182740437,0.614616895880989,-0.6877013752859339,5.796971876394566,0.763201193426442,0.004533463477581731,14652.286581152392,4.165905404354775,43.26568326163829,-0.19915760228266594,1.2650895265286455,1.7268871816053448,0.10212126029571156,114.69423543676963,0.07769148766558712,2.340335012608874,0.8017554885615035,0.21330745750788896,2.6197579012148284,3.873359599156562,0.7753620952027251,5.7393151518190875,20.73931515181909,0.12619368703418107,0.12619368703418052,0.0,shift
ok,R20025_S+03,20025,3,20287105,25.110530273800524,0.826066606534513,0.18484502030118957,34.1212227992735,1476.278018133158,1.50194875208098,2.4823026525411493,0.5649695082289379,0.2489251042065287,0.05847565110979852,644.5980499929929,4,6.449269584685062e-14,2.1608191239416157e-13,6.252286790990303e-15,1.6128384176534274e-15,4.111888252360654e-13,0.9254324645834762,0.9781386408037004,7.372979075694282e-12,0.6321823953894937,5.796971876394566,1.1851451658805459,1.045696548000801,0.7169978537617442,0.19904908316337522,124135316.60836267,5746411.791100408,123.9991913755587,0.3300726275293374,174.09460769590052,104.94479524319911,5565089.633198015,20565089.633198015,5563840.233250335,189.11843215921726,189.11843215921726,189.11843215921726,111.97779045675762,77.14064170245965,124135316.60836239,124135316.60836245,0.0,1.0000000000000004,0.015112840459985986,0.004226433162681046,0.5210779609271781,0.0,4.801586398127038e-16,1104,0,0.0,0.5553831119996175,0.0,1.1937626756459787e-12,14,0.05,24000000.0,False,3434910.3668019846,0.44183;0.44205;0.44235;0.44276;0.44333;0.44411;0.44497;0.44599;0.44748;0.44983;0.45589;0.46821;0.49491;0.45523;0.38054;0.25774;0.15776;0.00001;0.00000;0.00000;0.00000;0.00000;0.00000;0.00000,1.3998558840611428,856.8019980802499,2.932880470608831,43183567.81131435,7.635318520739197,0.7867221627016165,1.1851451658805459,0.482359766440452,0.7089039242966667,-1.2534235457800005,5.796971876394566,0.763201193426442,0.004459517249619852,14652.286581152392,4.165905404354775,43.26568326163829,-0.19915760228266594,1.244454398665925,1.8746886571404229,0.09497898710724403,113.75498934485552,0.07705526191381318,2.340335012608874,0.8017554885615035,0.21330745750788896,2.6197579012148284,3.873359599156562,0.7593967445578802,5.565089633198015,20.565089633198017,0.12413531660836245,0.1241353166083624,0.0,shift
ok,R20026_S+00,20026,0,20288105,11.153249245867347,0.4333457139388871,0.253308318676426,24.21764028465828,2034.2666372506383,1.921491891775077,3.246708608302706,0.6152703614401254,0.15038421013143807,0.04365080840311793,688.6904166921322,4,8.829657390006775e-15,9.271088720955668e-15,8.418481321313106e-15,5.859921275949149e-15,1.3676049137262685e-14,0.30266691446750893,0.3621442331432855,2.2452389169125703e-13,0.6141571012967217,8.457167928136386,1.058963378285071,0.5617717146580334,0.28922988944020595,0.24133790263158858,84862444.90518272,6640913.13618583,98.40409203009723,0.3301280889897021,135.07937670037555,84.35854677269754,4687120.881883889,19687120.88188389,3773600.3729262315,155.49327313459418,155.49327313459418,155.49327313459418,123.6785011277598,31.814772006834374,84862444.90518266,84862444.90518272,0.0,1.0000000000000007,0.004849879557239844,0.0015170680397946648,0.515410207902306,0.0,7.023677533918244e-16,812,0,0.0,0.47510459999830346,0.0,3.109387443889527e-14,0,0.05,24000000.0,False,4312879.118116111,0.50224;0.50256;0.50299;0.50360;0.50445;0.50563;0.50708;0.50919;0.51099;0.50906;0.50277;0.49020;0.45723;0.39852;0.31463;0.06511;0.00000;0.00000;0.00000;0.00000;0.00000;0.00000;0.00000;0.00000,1.0474014076514708,270.10537824155165,2.431533231789724,79752976.81434321,7.9017469022610705,0.5378257212537247,1.058963378285071,0.6038291048209016,0.7533737365540139,-1.5202424193240829,8.457167928136386,0.9272249541621435,0.0015450573265217136,6187.866573904238,3.791540940637889,83.99937456083751,-0.21172052218271378,0.8757135920404858,1.7242548788399452,-0.05763790951081079,86.74988103966444,0.04264430210432446,0.9728473349040855,0.930950350399688,0.7736083793738865,1.1416772502897543,2.3569791590423383,0.8222277996603333,4.68712088188389,19.68712088188389,0.08486244490518272,0.08486244490518266,0.0,shift
ok,R20026_S+01,20026,1,20288105,11.153249245867347,0.4333457139388871,0.253308318676426,24.21764028465828,2034.2666372506383,1.921491891775077,3.246708608302706,0.6152703614401254,0.15038421013143807,0.04365080840311793,688.6904166921322,4,8.829657390006775e-15,9.271088720955668e-15,8.418481321313106e-15,5.859921275949149e-15,1.3676049137262685e-14,0.30266691446750893,0.3621442331432855,2.2452389169125703e-13,0.6141571012967217,8.457167928136386,0.2970920287528705,0.2565578920152243,0.15693510584058856,0.01,28424917.54463273,1863941.496176493,57.53427130619985,0.33691916913578956,78.0217911314268,48.35971107704295,1429910.9510544986,16429910.951054499,1151834.0576547384,90.40153797716883,90.40153797716883,90.40153797716883,71.60502438821584,18.79651358895299,28424917.544632733,28424917.54463274,0.0,1.0000000000000002,0.0014963766993621465,0.0005143193721013717,0.5749939727993656,0.0,2.6211441370849875e-16,286,0,0.0,0.17904701999941608,0.0,1.2950225109402943e-13,17,0.05,24000000.0,False,7570089.048945501,0.56803;0.56807;0.56813;0.56821;0.56833;0.56849;0.56802;0.56515;0.56268;0.53212;0.48043;0.42114;0.35004;0.15817;0.00000;0.00000;0.00000;0.00000;0.00000;0.00000;0.00000;0.00000;0.00000;0.00000,1.0474014076514708,270.10537824155165,2.431533231789724,79752976.81434321,7.9017469022610705,0.18014625665217082,0.2970920287528705,0.6144104141934696,0.7683339235811746,-1.5936608069919111,8.457167928136386,0.9272249541621435,0.0005175213506655431,6187.866573904238,3.791540940637889,83.99937456083751,-0.21172052218271378,0.2933227610196362,0.48373946686539165,-0.5326542356839651,50.20658993751754,0.024680437174830233,0.9728473349040855,0.930950350399688,0.7736083793738865,1.1416772502897543,2.3569791590423383,0.27043227696299693,1.4299109510544985,16.4299109510545,0.02842491754463274,0.028424917544632732,0.0,shift
ok,R20026_S+02,20026,2,20288105,11.153249245867347,0.4333457139388871,0.253308318676426,24.21764028465828,2034.2666372506383,1.921491891775077,3.246708608302706,0.6152703614401254,0.15038421013143807,0.04365080840311793,688.6904166921322,4,8.829657390006775e-15,9.271088720955668e-15,8.418481321313106e-15,5.859921275949149e-15,1.3676049137262685e-14,0.30266691446750893,0.3621442331432855,2.2452389169125703e-13,0.6141571012967217,8.457167928136386,0.5932234455834257,0.4048720679661033,0.20930146561929752,0.015173857721397935,48226751.80280869,3721206.883698167,74.8139486403997,0.3357753751360981,102.5014236881705,63.30312758540493,2732176.664921608,17732176.664921608,2111003.883287564,119.40633855759553,119.40633855759553,119.40633855759553,93.79672762725023,25.609610930345298,48226751.80280868,48226751.802808665,0.0,0.9999999999999997,0.002632473330176581,0.000868877112982529,0.5534042899592193,0.0,3.0898123213390096e-16,462,0,0.0,0.2588385939998261,0.0,9.42646374462323e-14,16,0.05,24000000.0,False,6267823.335078392,0.54103;0.54105;0.54107;0.54111;0.54115;0.54122;0.53973;0.53800;0.53194;0.53076;0.51391;0.46817;0.40809;0.33058;0.10164;0.00000;0.00000;0.00000;0.00000;0.00000;0.00000;0.00000;0.00000;0.00000,1.0474014076514708,270.10537824155165,2.431533231789724,79752976.81434321,7.9017469022610705,0.30564270922255615,0.5932234455834257,0.7059098212070966,0.8163907427141979,-1.8912592069752803,8.457167928136386,0.9272249541621435,0.0008780455982682058,6187.866573904238,3.791540940637889,83.99937456083751,-0.21172052218271378,0.4976620942381467,0.9659148194019135,-0.30306543719476614,65.39659312377302,0.03214750314745275,0.9728473349040855,0.930950350399688,0.7736083793738865,1.1416772502897543,2.3569791590423383,0.5706838156680974,2.732176664921608,17.732176664921607,0.048226751802808665,0.04822675180280868,0.0,shift
ok,R20026_S+03,20026,3,20288105,11.153249245867347,0.4333457139388871,0.253308318676426,24.21764028465828,2034.2666372506383,1.921491891775077,3.246708608302706,0.6152703614401254,0.15038421013143807,0.04365080840311793,688.6904166921322,4,8.829657390006775e-15,9.271088720955668e-15,8.418481321313106e-15,5.859921275949149e-15,1.3676049137262685e-14,0.30266691446750893,0.3621442331432855,2.2452389169125703e-13,0.6141571012967217,8.457167928136386,0.45369697747601884,0.3847884119174302,0.5141874545388344,0.8418941053402318,86569082.4479529,6410647.0088548325,101.24214057759059,0.34255595689848845,138.65082082079735,84.94272773068776,4336618.930544052,19336618.930544052,4020995.754720915,161.7674977279456,161.7674977279456,161.7674977279456,121.65067549966642,40.116822228279176,86569082.44795312,86569082.44795308,0.0,0.9999999999999994,0.004666104096966331,0.0015466736418323034,0.5299841174575979,0.0,5.163908674718771e-16,713,0,0.0,0.42343488600090495,0.0,1.9404941074675175e-14,0,0.05,24000000.0,False,4663381.069455948,0.46305;0.46378;0.46480;0.46621;0.46817;0.47091;0.47298;0.47536;0.47865;0.48527;0.51396;0.51286;0.46211;0.39970;0.31329;0.07690;0.00000;0.00000;0.00000;0.00000;0.00000;0.00000;0.00000;0.00000,1.0474014076514708,270.10537824155165,2.431533231789724,79752976.81434321,7.9017469022610705,0.5486417373181287,0.8418941053402318,0.31968020011670417,0.38207327858983825,0.707560328460971,8.457167928136386,0.9272249541621435,0.0015761294084316827,6187.866573904238,3.791540940637889,83.99937456083751,-0.21172052218271378,0.8933247472995673,1.3708122947087475,-0.048990634815879903,87.61783651746998,0.04307096961285648,0.9728473349040855,0.930950350399688,0.7736083793738865,1.1416772502897543,2.3569791590423383,0.8069018638706158,4.336618930544052,19.336618930544052,0.08656908244795307,0.08656908244795312,0.0,shift
ok,R20027_S+00,20027,0,20289105,20.23274178186596,0.6207396684251293,0.2347495375185069,36.57104835619377,2068.8943952663544,2.5086227570724686,2.900549096859338,0.4223891155525823,0.18545724311279174,0.04506511503508904,742.0550385136726,4,1.978208138020726e-14,2.90010434466436e-14,1.0685063952742652e-14,3.517395584564479e-15,5.738484622758238e-14,0.699517533358518,0.7606739336231587,1.0605985622672798e-12,1.3418145446728058,5.62371735064292,0.2877880194635958,0.45617421483067677,0.4940615729647141,0.40145009386570757,64672326.97766581,1460057.7410995332,75.23079296856338,0.37945102705884093,91.66774337912187,57.48962510045807,1272367.4229349121,16272367.422934912,1251004.2813238557,104.55998650916771,104.55998650916771,104.55998650916771,49.32805202621577,55.23193448295194,64672326.97766583,64672326.97766582,0.0,0.9999999999999999,0.0019416896626949672,0.0007474462334810458,0.6286322445772943,0.0,1.1520507990220977e-16,363,0,0.0,0.20189789699907124,0.0,6.611573436035233e-14,0,0.05,24000000.0,False,7727632.577065088,0.59222;0.59255;0.59300;0.59364;0.59452;0.59575;0.59901;0.60244;0.60357;0.60185;0.56111;0.50474;0.36705;0.30478;0.01629;0.00000;0.00000;0.00000;0.00000;0.00000;0.00000;0.00000;0.00000;0.00000,1.306054738927573,739.9325780830022,2.8691921490546286,115443284.46396072,8.06236867432489,0.40986847528117354,0.4940615729647141,0.1898007051599994,0.45378107805431217,0.2773135316741268,5.62371735064292,0.7500234848174503,0.0007549421871773196,16419.187602358692,4.215351665052539,56.57191927110728,0.127692495124368,0.3054583637570554,0.36820406734016164,-0.5150479789496891,62.98515863279706,0.030443873199573437,1.4681302216994525,1.0344937236345861,0.5519378118425072,1.7645138199800678,3.031267631826508,0.16437003122624883,1.2723674229349122,16.272367422934913,0.06467232697766583,0.06467232697766583,0.0,shift
ok,R20027_S+01,20027,1,20289105,20.23274178186596,0.6207396684251293,0.2347495375185069,36.57104835619377,2068.8943952663544,2.5086227570724686,2.900549096859338,0.4223891155525823,0.18545724311279174,0.04506511503508904,742.0550385136726,4,1.978208138020726e-14,2.90010434466436e-14,1.0685063952742652e-14,3.517395584564479e-15,5.738484622758238e-14,0.699517533358518,0.7606739336231587,1.0605985622672798e-12,1.3418145446728058,5.62371735064292,2.7173031324949033,2.548567552451467,1.9204076967419381,0.8328235653663154,316329514.5054638,6534718.13643216,162.48076192512403,0.3618654504868974,197.3778610576189,126.80256483848028,5893154.780355029,20893154.78035503,5728410.236880753,225.25757760291424,225.25757760291424,225.25757760291424,118.24140482784584,107.0161727750684,316329514.5054635,316329514.5054644,0.0,1.0000000000000029,0.009411749136479049,0.00352437044334515,0.5430402165576589,0.0,2.8263871394631355e-15,2430,0,0.0,1.2965801369991823,0.0,2.7821841609136235e-14,0,0.05,24000000.0,False,3106845.219644971,0.49913;0.49948;0.49997;0.50065;0.50160;0.50292;0.50392;0.50499;0.50638;0.50802;0.50937;0.51403;0.51433;0.51843;0.45473;0.33138;0.15240;0.00000;0.00000;0.00000;0.00000;0.00000;0.00000;0.00000,1.306054738927573,739.9325780830022,2.8691921490546286,115443284.46396072,8.06236867432489,2.004775486763656,2.7173031324949033,0.3685785436438893,0.6566658859949397,-0.9399953159696381,5.62371735064292,0.7500234848174503,0.0036926225900602927,16419.187602358692,4.215351665052539,56.57191927110728,0.127692495124368,1.4940779221114417,2.025095899640515,0.17437324825617173,139.29927019177705,0.06733029511341652,1.4681302216994525,1.0344937236345861,0.5519378118425072,1.7645138199800678,3.031267631826508,0.8152268597922887,5.893154780355029,20.89315478035503,0.31632951450546437,0.3163295145054635,0.0,shift
ok,R20027_S+02,20027,2,20289105,20.23274178186596,0.6207396684251293,0.2347495375185069,36.57104835619377,2068.8943952663544,2.5086227570724686,2.900549096859338,0.4223891155525823,0.18545724311279174,0.04506511503508904,742.0550385136726,4,1.978208138020726e-14,2.90010434466436e-14,1.0685063952742652e-14,3.517395584564479e-15,5.738484622758238e-14,0.699517533358518,0.7606739336231587,1.0605985622672798e-12,1.3418145446728058,5.62371735064292,0.439685643798282,0.2830643406934524,0.19420183098365243,0.17309811466888217,42999199.59440098,859937.1125277177,59.92419307852579,0.3620986945195641,73.94842848176397,46.32291225414062,772281.5578330476,15772281.557833048,764876.0380964465,82.2454050850316,82.2454050850316,82.2454050850316,43.52897799223455,38.716427092797055,42999199.59440096,42999199.59440096,0.0,1.0,0.0012207552684938238,0.0004986721172122055,0.6388315926090348,0.0,0.0,309,0,0.0,0.14974576300119224,0.0,1.0108411136579211e-13,0,0.05,24000000.0,False,8227718.442166952,0.62007;0.62032;0.62068;0.62117;0.62186;0.62282;0.62535;0.62569;0.61604;0.58053;0.53197;0.45077;0.33233;0.15162;0.00000;0.00000;0.00000;0.00000;0.00000;0.00000;0.00000;0.00000;0.00000;0.00000,1.306054738927573,739.9325780830022,2.8691921490546286,115443284.46396072,8.06236867432489,0.27251248253606725,0.439685643798282,0.38518977527908516,0.6630430079437535,-0.9782580476625206,5.62371735064292,0.7500234848174503,0.0005019443602188879,16419.187602358692,4.215351665052539,56.57191927110728,0.127692495124368,0.2030925090341139,0.32767989104298834,-0.6923060950351028,51.358126120657865,0.024823947630273267,1.4681302216994525,1.0344937236345861,0.5519378118425072,1.7645138199800678,3.031267631826508,-0.06553330768762372,0.7722815578330476,15.772281557833047,0.042999199594400954,0.042999199594400954,0.0,shift
ok,R20027_S+03,20027,3,20289105,20.23274178186596,0.6207396684251293,0.2347495375185069,36.57104835619377,2068.8943952663544,2.5086227570724686,2.900549096859338,0.4223891155525823,0.18545724311279174,0.04506511503508904,742.0550385136726,4,1.978208138020726e-14,2.90010434466436e-14,1.0685063952742652e-14,3.517395584564479e-15,5.738484622758238e-14,0.699517533358518,0.7606739336231587,1.0605985622672798e-12,1.3418145446728058,5.62371735064292,7.633505186419238,5.469968527731969,3.224613155014229,0.8974390682660208,679495321.6538587,14040299.1411192,238.58919572800272,0.36324363803636434,289.94777800413465,187.7534557882669,13096263.087036178,28096263.087036178,12448927.670346826,333.3193608297069,333.3193608297069,333.3193608297069,168.76837995883807,164.55098087086884,679495321.6538587,679495321.6538585,0.0,0.9999999999999998,0.018613048793844546,0.007203136622840361,0.499124761124087,0.0,1.7543798426842971e-16,10119,0,0.0,5.430824910999945,0.0,1.4523003238448342e-14,590,0.05,24000000.0,True,-4096263.0870361775,0.44874;0.44913;0.44967;0.45042;0.45146;0.45290;0.45417;0.45515;0.45623;0.45751;0.45916;0.46060;0.46091;0.46557;0.46341;0.45287;0.33932;0.20453;0.00000;0.00000;0.00000;0.00000;0.00000;0.00000,1.306054738927573,739.9325780830022,2.8691921490546286,115443284.46396072,8.06236867432489,4.306381484357864,7.633505186419238,0.5830224147906348,0.7607009366069377,-1.5642056196416259,5.62371735064292,0.7500234848174503,0.007931981239569046,16419.187602358692,4.215351665052539,56.57191927110728,0.127692495124368,3.209371594200413,5.6889420499467205,0.506420004402357,204.1607343533655,0.09868108049424212,1.4681302216994525,1.0344937236345861,0.5519378118425072,1.7645138199800678,3.031267631826508,1.1473763609243697,13.096263087036178,28.096263087036178,0.6794953216538585,0.6794953216538586,0.0,shift
ok,R20028_S+00,20028,0,20290105,21.994710408263906,0.4633977049186019,0.1738671934286523,43.420114222049925,3947.187333853101,2.3342199871060494,2.6423805093289685,0.48167157212855094,0.15347008192468936,0.073581725972864,616.8267573442906,4,3.1487018829175586e-14,3.98863235437641e-14,2.4077741738794327e-14,1.0558277041962123e-14,8.128069488178533e-14,0.567261753149552,0.7448257194988076,1.731868724167877e-12,2.0483853599716633,3.9276456138540583,0.21897305648798177,0.5568334812429534,1.2401188450577996,2.2688291479325207,169020711.97336134,2963946.733489124,152.1580858859432,0.44821670930362595,179.71302432773638,102.00655294325631,2355505.379880946,17355505.379880946,2201306.047892105,212.99643620549523,212.99643620549523,212.99643620549523,99.8310378831044,113.16539832239083,169020711.97336122,169020711.97336125,0.0,1.0000000000000002,0.0016754474513052658,0.000733996254934528,0.6706447287838843,0.0,1.7632349337395026e-16,953,0,0.0,0.44122602800052846,0.0,1.0811502659935112e-13,0,0.05,24000000.0,False,6644494.620119054,0.61634;0.61701;0.61796;0.61927;0.62109;0.62362;0.62548;0.62763;0.63066;0.63877;0.64437;0.64643;0.61348;0.55001;0.39523;0.26043;0.03591;0.00000;0.00000;0.00000;0.00000;0.00000;0.00000;0.00000,1.3423182482441869,955.0128382077291,2.980009209830132,369516601.6289574,8.567633955136472,1.0711886326803137,2.2688291479325207,0.7311658785746555,0.18106207302389926,1.9136275618566045,3.9276456138540583,0.5941322950795532,0.0007415539744711429,12978.9404309424,4.113239239168682,90.90688508250425,0.3114116632245326,0.5229429254928537,1.107618318441754,-0.28154570787480687,116.82558548370065,0.029597172772050765,1.6065406055425464,1.387332349606617,1.0293096511715154,1.915704005576518,3.2442315671284914,0.4718703944626169,2.355505379880946,17.355505379880945,0.16902071197336124,0.16902071197336122,0.0,shift
ok,R20028_S+01,20028,1,20290105,21.994710408263906,0.4633977049186019,0.1738671934286523,43.420114222049925,3947.187333853101,2.3342199871060494,2.6423805093289685,0.48167157212855094,0.15347008192468936,0.073581725972864,616.8267573442906,4,3.1487018829175586e-14,3.98863235437641e-14,2.4077741738794327e-14,1.0558277041962123e-14,8.128069488178533e-14,0.567261753149552,0.7448257194988076,1.731868724167877e-12,2.0483853599716633,3.9276456138540583,0.6431845457409866,1.6072891457495706,2.2155225763079764,2.4678848374162032,273520807.95740575,3752092.4597090683,190.36050120053554,0.43351208167784344,222.81616834662725,128.96971646535906,3105291.765530482,18105291.765530482,2940346.053211618,265.4477305802382,265.4477305802382,265.4477305802382,135.29294251499365,130.15478806524456,273520807.95740604,273520807.9574058,0.0,0.9999999999999991,0.002828997660401262,0.0011808837704520084,0.6506402427559483,0.0,8.716652341078569e-16,1602,0,0.0,0.8862169660005748,0.0,2.9113599843266664e-14,0,0.05,24000000.0,False,5894708.234469518,0.59754;0.59819;0.59910;0.60037;0.60213;0.60458;0.60628;0.60808;0.61031;0.61353;0.62044;0.62777;0.63042;0.59920;0.53075;0.36848;0.16394;0.00181;0.00000;0.00000;0.00000;0.00000;0.00000;0.00000,1.3423182482441869,955.0128382077291,2.980009209830132,369516601.6289574,8.567633955136472,1.7334702763036844,2.4678848374162032,0.4054984980536624,0.3245619094619393,1.0526285432283637,3.9276456138540583,0.5941322950795532,0.0012000330602875446,12978.9404309424,4.113239239168682,90.90688508250425,0.3114116632245326,0.846261797305398,1.2047951941280928,-0.0724952639860626,148.6151855874515,0.03765090760016671,1.6065406055425464,1.387332349606617,1.0293096511715154,1.915704005576518,3.2442315671284914,0.5742735317983628,3.105291765530482,18.10529176553048,0.2735208079574058,0.273520807957406,0.0,shift
ok,R20028_S+02,20028,2,20290105,21.994710408263906,0.4633977049186019,0.1738671934286523,43.420114222049925,3947.187333853101,2.3342199871060494,2.6423805093289685,0.48167157212855094,0.15347008192468936,0.073581725972864,616.8267573442906,4,3.1487018829175586e-14,3.98863235437641e-14,2.4077741738794327e-14,1.0558277041962123e-14,8.128069488178533e-14,0.567261753149552,0.7448257194988076,1.731868724167877e-12,2.0483853599716633,3.9276456138540583,0.41737131435785013,0.4264884192148526,0.4410412143974871,0.46102969990575365,68871726.26676235,806077.7863929223,93.87440891916327,0.4186888150754717,108.65818880133043,63.95193542849443,659903.025896674,15659903.025896674,640060.2157496922,127.29252844250679,127.29252844250679,127.29252844250679,69.35008407768932,57.942444364817476,68871726.2667623,68871726.26676258,0.0,1.0000000000000042,0.0007283615073586145,0.00030096137634540745,0.7128324555312345,0.0,4.110860552361979e-15,337,0,0.0,0.18072120299984817,0.0,5.48912186995946e-14,0,0.05,24000000.0,False,8340096.974103326,0.68794;0.68829;0.68877;0.68945;0.69039;0.69169;0.69458;0.69935;0.70225;0.68950;0.65027;0.59785;0.52801;0.36454;0.14712;0.00000;0.00000;0.00000;0.00000;0.00000;0.00000;0.00000;0.00000;0.00000,1.3423182482441869,955.0128382077291,2.980009209830132,369516601.6289574,8.567633955136472,0.4364826619689859,0.46102969990575365,0.037792918803173516,0.4833294693574008,0.10002318385559528,3.9276456138540583,0.5941322950795532,0.00030216475688408823,12978.9404309424,4.113239239168682,90.90688508250425,0.3114116632245326,0.21308620462656697,0.2250698081107802,-0.6714446659521186,74.57418008832572,0.018892992346408122,1.6065406055425464,1.387332349606617,1.0293096511715154,1.915704005576518,3.2442315671284914,-0.093623046816284,0.659903025896674,15.659903025896673,0.06887172626676258,0.0688717262667623,0.0,shift
ok,R20028_S+03,20028,3,20290105,21.994710408263906,0.4633977049186019,0.1738671934286523,43.420114222049925,3947.187333853101,2.3342199871060494,2.6423805093289685,0.48167157212855094,0.15347008192468936,0.073581725972864,616.8267573442906,4,3.1487018829175586e-14,3.98863235437641e-14,2.4077741738794327e-14,1.0558277041962123e-14,8.128069488178533e-14,0.567261753149552,0.7448257194988076,1.731868724167877e-12,2.0483853599716633,3.9276456138540583,1.4808817596092145,1.3316406432512582,0.8442443815539042,0.045943246986644114,146060802.60867608,1817669.186231866,137.15531031596004,0.4214339011295763,159.5478624348078,93.07081693834851,1440308.1280927528,16440308.128092753,1363938.491292823,190.33868490172804,190.33868490172804,190.33868490172804,105.07990849734848,85.25877640437956,146060802.6086762,146060802.6086762,0.0,1.0,0.0014694847808065438,0.0006354474204253261,0.6849538414219445,0.0,0.0,713,0,0.0,0.4976115049994405,0.0,1.2391073058230565e-13,41,0.05,24000000.0,False,7559691.871907247,0.65804;0.65821;0.65844;0.65877;0.65922;0.65986;0.65947;0.65729;0.65909;0.66073;0.65987;0.64736;0.60531;0.54179;0.38917;0.19026;0.00040;0.00000;0.00000;0.00000;0.00000;0.00000;0.00000;0.00000,1.3423182482441869,955.0128382077291,2.980009209830132,369516601.6289574,8.567633955136472,0.9256775078502553,1.4808817596092145,0.604774565258942,0.7595848389446468,-1.550149485596767,3.9276456138540583,0.5941322950795532,0.0006408206865557366,12978.9404309424,4.113239239168682,90.90688508250425,0.3114116632245326,0.4519059381790645,0.7229507633415719,-0.3449519518720372,108.60125505281044,0.027513580143863566,1.6065406055425464,1.387332349606617,1.0293096511715154,1.915704005576518,3.2442315671284914,0.2595148449656025,1.4403081280927528,16.440308128092752,0.14606080260867618,0.14606080260867618,0.0,shift
ok,R20029_S+00,20029,0,20291105,21.12518272806762,0.4119788007794246,0.27342595924101565,25.252619795112853,2766.9435667173775,2.078513202808887,3.2994639997178123,0.33817783492760756,0.29531250733898007,0.044442935440378556,722.1649634203665,4,2.7996466245006095e-14,3.080603249134538e-14,2.5445296455061714e-14,1.7216860579213447e-14,4.572486561080171e-14,0.40117159541920333,0.48305894765328894,7.779330258998383e-13,1.2726367372204046,4.565555783973125,0.7651793704288586,0.5598022192194717,0.3440436264903812,0.11790359224158696,70488980.70417763,1498033.9665260385,89.5642339382044,0.3233072798481306,115.27918444908717,71.59641870807899,1181544.895316638,16181544.895316638,1049039.4542456008,128.64274102994494,128.64274102994494,128.64274102994494,103.6263085493822,25.01643248056274,70488980.70417768,70488980.7041775,0.0,0.9999999999999974,0.0016702285393870298,0.0005836098210207111,0.5161493082363157,0.0,2.536764364299768e-15,382,0,0.0,0.16706851300114067,0.0,8.267781711714437e-14,0,0.05,24000000.0,False,7818455.104683362,0.51087;0.51096;0.51108;0.51126;0.51150;0.51184;0.51063;0.50984;0.51024;0.51215;0.49975;0.46504;0.42059;0.36495;0.19509;0.00189;0.00000;0.00000;0.00000;0.00000;0.00000;0.00000;0.00000;0.00000,1.3248004741873272,533.4662075341765,2.7271069142080058,166072093.43693396,8.220296660238397,0.44673220209507464,0.7651793704288586,0.5401027276460617,0.7414853817535771,-1.4489122905214629,4.565555783973125,0.6594936535505675,0.0005877439345697039,12003.397215961048,4.079304177992824,109.57055502228981,0.10470445586532937,0.35102884352591673,0.6012551327884064,-0.4546571967265274,79.90907397146641,0.028879907394088362,1.4943523669030534,1.4113241128329153,1.2416705603653595,1.6658690354897316,2.896658806923732,0.1755216606982866,1.181544895316638,16.181544895316637,0.0704889807041775,0.07048898070417768,0.0,shift
ok,R20029_S+01,20029,1,20291105,21.12518272806762,0.4119788007794246,0.27342595924101565,25.252619795112853,2766.9435667173775,2.078513202808887,3.2994639997178123,0.33817783492760756,0.29531250733898007,0.044442935440378556,722.1649634203665,4,2.7996466245006095e-14,3.080603249134538e-14,2.5445296455061714e-14,1.7216860579213447e-14,4.572486561080171e-14,0.40117159541920333,0.48305894765328894,7.779330258998383e-13,1.2726367372204046,4.565555783973125,0.036967516930816194,0.1543737284906179,0.2868868570247844,0.4345069025333155,36004657.741427675,1043309.1762924971,66.1103679744928,0.344864066552706,85.6860660591937,51.199577329695416,811640.1135310754,15811640.113531075,762524.0244343188,94.94290581926256,94.94290581926256,94.94290581926256,68.56241726556789,26.380488553694676,36004657.741427645,36004657.741427645,0.0,1.0,0.0008464101599741235,0.00029908176606694846,0.5451722590803858,0.0,0.0,277,0,0.0,0.11074785500022699,0.0,1.9565045331326234e-13,0,0.05,24000000.0,False,8188359.886468925,0.51659;0.51700;0.51758;0.51839;0.51951;0.52107;0.52491;0.53445;0.53313;0.50293;0.46313;0.41791;0.35910;0.17227;0.00561;0.00000;0.00000;0.00000;0.00000;0.00000;0.00000;0.00000;0.00000;0.00000,1.3248004741873272,533.4662075341765,2.7271069142080058,166072093.43693396,8.220296660238397,0.2281837512448835,0.4345069025333155,0.6501190718960389,0.20963504673048505,1.7421897196170897,4.565555783973125,0.6594936535505675,0.000300210316454868,12003.397215961048,4.079304177992824,109.57055502228981,0.10470445586532937,0.1792999876329713,0.34142256767027807,-0.7464197403928228,57.110350563890535,0.020640229620456127,1.4943523669030534,1.4113241128329153,1.2416705603653595,1.6658690354897316,2.896658806923732,0.01841302718046775,0.8116401135310755,15.811640113531075,0.036004657741427644,0.036004657741427644,0.0,shift
ok,R20029_S+02,20029,2,20291105,21.12518272806762,0.4119788007794246,0.27342595924101565,25.252619795112853,2766.9435667173775,2.078513202808887,3.2994639997178123,0.33817783492760756,0.29531250733898007,0.044442935440378556,722.1649634203665,4,2.7996466245006095e-14,3.080603249134538e-14,2.5445296455061714e-14,1.7216860579213447e-14,4.572486561080171e-14,0.40117159541920333,0.48305894765328894,7.779330258998383e-13,1.2726367372204046,4.565555783973125,0.9036554152621928,0.6861693508193638,0.37864741272423413,0.024369522247282432,78611626.58144057,1769027.2949929584,95.80114026060575,0.33168211715662405,123.09421977885184,75.74372974989417,1384153.8597705364,16384153.859770536,1273742.1821170468,140.33409000938215,140.33409000938215,140.33409000938215,106.62359252868691,33.71049748069524,78611626.58144051,78611626.58144052,0.0,1.0000000000000002,0.0020689982598882705,0.0006502572984045252,0.5132181249082283,0.0,1.8955416446459442e-16,446,0,0.0,0.18998469000143814,0.0,1.1265294535109595e-13,12,0.05,24000000.0,False,7615846.140229464,0.50395;0.50394;0.50393;0.50392;0.50391;0.50388;0.50105;0.50334;0.50194;0.50409;0.49929;0.47053;0.42757;0.37420;0.22890;0.01409;0.00000;0.00000;0.00000;0.00000;0.00000;0.00000;0.00000;0.00000,1.3248004741873272,533.4662075341765,2.7271069142080058,166072093.43693396,8.220296660238397,0.49821042526326825,0.9036554152621928,0.6645982317238964,0.7977677129304594,-1.7648885860834231,4.565555783973125,0.6594936535505675,0.0006554713410285118,12003.397215961048,4.079304177992824,109.57055502228981,0.10470445586532937,0.3914788962885208,0.7100654796716678,-0.40729164477456037,84.38764628422439,0.030498506474542764,1.4943523669030534,1.4113241128329153,1.2416705603653595,1.6658690354897316,2.896658806923732,0.24773453385566688,1.3841538597705365,16.384153859770535,0.07861162658144052,0.07861162658144051,0.0,shift
ok,R20029_S+03,20029,3,20291105,21.12518272806762,0.4119788007794246,0.27342595924101565,25.252619795112853,2766.9435667173775,2.078513202808887,3.2994639997178123,0.33817783492760756,0.29531250733898007,0.044442935440378556,722.1649634203665,4,2.7996466245006095e-14,3.080603249134538e-14,2.5445296455061714e-14,1.7216860579213447e-14,4.572486561080171e-14,0.40117159541920333,0.48305894765328894,7.779330258998383e-13,1.2726367372204046,4.565555783973125,0.37631540684810105,2.7909014130651,4.347736294065313,5.04682004984874,495524265.99349374,12792329.191296265,244.75073020628315,0.3434397413490682,316.125922799429,193.19879843041846,11645393.120037504,26645393.120037504,10510969.750562374,359.0269980518703,359.0269980518703,359.0269980518703,261.8587022320555,97.16829581981477,495524265.993495,495524265.9934962,0.0,1.0000000000000024,0.012320638761843057,0.003930104673564695,0.43998649111262467,0.0,2.4057205213103767e-15,7020,0,0.0,3.6355518199998187,0.0,2.6840116622932338e-14,0,0.05,24000000.0,True,-2645393.1200375035,0.37015;0.37095;0.37207;0.37362;0.37578;0.37878;0.38161;0.38359;0.38566;0.38790;0.39044;0.39356;0.39804;0.40825;0.42432;0.41331;0.35516;0.15875;0.00005;0.00000;0.00000;0.00000;0.00000;0.00000,1.3248004741873272,533.4662075341765,2.7271069142080058,166072093.43693396,8.220296660238397,3.1404432909568136,5.04682004984874,0.5708278366897779,0.25213134950036226,1.4872119029978261,4.565555783973125,0.6594936535505675,0.0041317292271828765,12003.397215961048,4.079304177992824,109.57055502228981,0.10470445586532937,2.467666694752132,3.965640706610133,0.39228649960541234,211.86925819760825,0.07657158633306131,1.4943523669030534,1.4113241128329153,1.2416705603653595,1.6658690354897316,2.896658806923732,1.1069496267953964,11.645393120037504,26.645393120037504,0.4955242659934962,0.495524265993495,0.0,shift
ok,R20030_S+00,20030,0,20292105,22.78971060920308,0.21779577223869911,0.26491695368018825,74.77251751275337,2603.9457497482763,1.8759393277079028,2.0989341477918813,0.2150889922865499,0.18999346816600426,0.07938936931397192,613.9447828223382,4,2.5669890801539125e-14,2.7226443785202636e-14,2.3947080568298628e-14,1.442032214357957e-14,3.645670982215921e-14,0.3403809108904461,0.359490336967823,2.0357897447390594e-12,3.165345670332573,1.6255752689197587,1.4703978298606422,2.0069594355689553,1.864436529988406,1.0428291131189928,251854219.8730589,2242715.86870715,98.74570850628689,0.30583911739564407,110.68999920872201,70.08958560047462,2116639.0207324214,17116639.02073242,1931572.0176144168,125.77809076312728,125.77809076312728,125.77809076312728,97.6136629704336,28.164427792693687,251854219.87305874,251854219.8730587,0.0,0.9999999999999999,0.0018550046371313383,0.0009609512370102498,0.7146276181096511,0.0,1.1833163805123647e-16,654,0,0.0,0.3247430030005489,0.0,1.314902828692992e-14,0,0.05,24000000.0,False,6883360.979267579,0.69352;0.69388;0.69438;0.69508;0.69606;0.69741;0.69866;0.70037;0.70188;0.70043;0.70771;0.70338;0.65640;0.56938;0.29598;0.00000;0.00000;0.00000;0.00000;0.00000;0.00000;0.00000;0.00000;0.00000,1.3577388104096788,1704.0440356372185,3.2314808135452022,421954372.9991054,8.625265492132222,1.596155727134249,2.0069594355689553,0.23498535177945085,0.544645676846468,-0.2678740610788082,1.6255752689197587,0.2110070834105538,0.0009721973359073272,21464.385601780057,4.331718461714807,34.82490407393521,0.5004211439017623,0.5042595322508793,0.6340411584046965,-0.29734588336838796,90.21211913683429,0.03464439270501511,1.4407075169138235,1.3849691731227158,1.1646915602043924,1.5674940692567763,3.314449520049347,0.35077425598649153,2.1166390207324213,17.11663902073242,0.2518542198730587,0.2518542198730587,0.0,shift
ok,R20030_S+01,20030,1,20292105,22.78971060920308,0.21779577223869911,0.26491695368018825,74.77251751275337,2603.9457497482763,1.8759393277079028,2.0989341477918813,0.2150889922865499,0.18999346816600426,0.07938936931397192,613.9447828223382,4,2.5669890801539125e-14,2.7226443785202636e-14,2.3947080568298628e-14,1.442032214357957e-14,3.645670982215921e-14,0.3403809108904461,0.359490336967823,2.0357897447390594e-12,3.165345670332573,1.6255752689197587,0.4204703924562436,0.57766761477609,0.628250349028031,0.5722185952120666,86728448.414733,788007.5802397302,58.19914631274315,0.30851583158781687,64.96584634393214,40.997448916609855,734417.8917511571,15734417.891751157,685506.4462954309,73.996687439395,73.996687439395,73.996687439395,55.974436702409605,18.0222507369854,86728448.41473304,86728448.41473304,0.0,1.0,0.0006425284458725845,0.0003334358149589663,0.7473310583939103,0.0,0.0,312,0,0.0,0.11898069600101735,0.0,2.928706792771555e-14,0,0.05,24000000.0,False,8265582.108248843,0.73120;0.73153;0.73200;0.73265;0.73355;0.73481;0.73704;0.74081;0.74400;0.72400;0.67932;0.61096;0.42328;0.02870;0.00000;0.00000;0.00000;0.00000;0.00000;0.00000;0.00000;0.00000;0.00000;0.00000,1.3577388104096788,1704.0440356372185,3.2314808135452022,421954372.9991054,8.625265492132222,0.5496517378681078,0.628250349028031,0.14139312531381193,0.45398656024619116,0.276080638522853,1.6255752689197587,0.2110070834105538,0.00033478560152249,21464.385601780057,4.331718461714807,34.82490407393521,0.5004211439017623,0.17364667088961494,0.19847764334756612,-0.7603335384581955,52.93842999868308,0.02033008176295556,1.4407075169138235,1.3849691731227158,1.1646915602043924,1.5674940692567763,3.314449520049347,-0.10346960479413467,0.7344178917511571,15.734417891751157,0.08672844841473304,0.08672844841473304,0.0,shift
ok,R20030_S+02,20030,2,20292105,22.78971060920308,0.21779577223869911,0.26491695368018825,74.77251751275337,2603.9457497482763,1.8759393277079028,2.0989341477918813,0.2150889922865499,0.18999346816600426,0.07938936931397192,613.9447828223382,4,2.5669890801539125e-14,2.7226443785202636e-14,2.3947080568298628e-14,1.442032214357957e-14,3.645670982215921e-14,0.3403809108904461,0.359490336967823,2.0357897447390594e-12,3.165345670332573,1.6255752689197587,0.7905452668157268,1.0876768748636898,1.1588920059596095,1.0041906601034853,159417350.75101885,1414315.7654663292,78.86761599918559,0.30822484439532305,87.58424804429829,55.65377126795989,1331525.7938614152,16331525.793861415,1240740.1904098596,101.0764719703215,101.0764719703215,101.0764719703215,74.90402339572317,26.172448574598334,159417350.7510187,159417350.75101873,0.0,1.0000000000000002,0.0012138474759049972,0.0006108357831230533,0.7313548738930657,0.0,1.8694528699226217e-16,424,0,0.0,0.16648532699946372,0.0,1.4314024787038206e-14,0,0.05,24000000.0,False,7668474.206138585,0.70764;0.70805;0.70861;0.70939;0.71048;0.71200;0.71361;0.71600;0.71955;0.72642;0.71862;0.67495;0.60289;0.39643;0.00958;0.00000;0.00000;0.00000;0.00000;0.00000;0.00000;0.00000;0.00000;0.00000,1.3577388104096788,1704.0440356372185,3.2314808135452022,421954372.9991054,8.625265492132222,1.0103262019356278,1.1588920059596095,0.13678685022076684,0.4647563673200386,0.2114617960797683,1.6255752689197587,0.2110070834105538,0.000615376322761878,21464.385601780057,4.331718461714807,34.82490407393521,0.5004211439017623,0.3191835291181566,0.3661186254700102,-0.4959595277149727,71.77249812277164,0.027562977504316244,1.4407075169138235,1.3849691731227158,1.1646915602043924,1.5674940692567763,3.314449520049347,0.15054638250883132,1.3315257938614153,16.331525793861417,0.15941735075101873,0.1594173507510187,0.0,shift
ok,R20030_S+03,20030,3,20292105,22.78971060920308,0.21779577223869911,0.26491695368018825,74.77251751275337,2603.9457497482763,1.8759393277079028,2.0989341477918813,0.2150889922865499,0.18999346816600426,0.07938936931397192,613.9447828223382,4,2.5669890801539125e-14,2.7226443785202636e-14,2.3947080568298628e-14,1.442032214357957e-14,3.645670982215921e-14,0.3403809108904461,0.359490336967823,2.0357897447390594e-12,3.165345670332573,1.6255752689197587,0.08344762062532146,1.3462198265731131,2.4483945877105078,3.09385975957714,275021399.0270925,3382277.5240323283,104.83533786377289,0.31568555822995403,117.2364135125032,73.47255272327553,3223972.114706479,18223972.11470648,2890301.8404789753,136.59002681680477,136.59002681680477,136.59002681680477,98.5048165505061,38.08521026629866,275021399.02709323,275021399.0270931,0.0,0.9999999999999996,0.002213524289640404,0.0010480390160896664,0.710835811623941,0.0,4.334545965240965e-16,792,0,0.0,0.31941955300135305,0.0,1.2463661754487638e-13,0,0.05,24000000.0,False,5776027.885293521,0.66482;0.66558;0.66663;0.66809;0.67012;0.67294;0.67498;0.67719;0.68004;0.68453;0.69503;0.70199;0.66355;0.58113;0.33908;0.00063;0.00000;0.00000;0.00000;0.00000;0.00000;0.00000;0.00000;0.00000,1.3577388104096788,1704.0440356372185,3.2314808135452022,421954372.9991054,8.625265492132222,1.7429804486215206,3.09385975957714,0.656284829855925,0.2050607406883311,1.727163458048355,1.6255752689197587,0.2110070834105538,0.0010616263312419754,21464.385601780057,4.331718461714807,34.82490407393521,0.5004211439017623,0.5506445836098498,0.9774160808326751,-0.2591286283370417,94.27000113141702,0.036202751589786426,1.4407075169138235,1.3849691731227158,1.1646915602043924,1.5674940692567763,3.314449520049347,0.5292092396339667,3.223972114706479,18.22397211470648,0.2750213990270931,0.2750213990270932,0.0,shift
ok,R20031_S+00,20031,0,20293105,22.568356066537373,0.7763313016270669,0.1288513147004376,79.96940983470046,2595.8272866390107,2.942197314835904,3.7896568513576456,0.5781290683507729,0.28863956848221467,0.06989534587993698,637.819863126081,4,7.942024757167393e-14,1.0552483109460572e-13,5.619994802502124e-14,2.3654611340866218e-14,1.835715819115428e-13,0.6140128710476406,0.7250563177581728,8.438758465542069e-12,2.403360429075406,4.962811710043097,2.7968349736507747,3.2820954170876595,2.7755349807279077,1.2771536645715174,399661976.11458546,3559407.547234729,173.16765394917277,0.289356000677381,220.16165844335865,145.95938030260513,3539523.4721155055,18539523.472115505,3520521.3011813313,241.93638149575622,241.93638149575622,241.93638149575622,209.01169204937347,32.92468944638276,399661976.1145862,399661976.1145859,0.0,0.9999999999999992,0.008242377690457364,0.0027796943679137738,0.4785648458748037,0.0,7.456882107581522e-16,2041,0,0.0,1.003872233999573,0.0,8.944894080679762e-14,0,0.05,24000000.0,False,5460476.5278844945,0.43714;0.43725;0.43739;0.43760;0.43788;0.43827;0.43859;0.43899;0.43957;0.44052;0.44210;0.44484;0.45772;0.47405;0.44377;0.40256;0.27880;0.00000;0.00000;0.00000;0.00000;0.00000;0.00000;0.00000,1.3534999251728543,1804.7781155803755,3.256423816157245,218129399.82119125,8.338714204412335,2.532904759009465,3.2820954170876595,0.29720126997062885,0.5999959502144587,-0.5999757012867528,4.962811710043097,0.6957277983001829,0.002872635921982012,25821.14864529808,4.411975557807197,32.46025313935261,0.3808189063097239,1.0539013326369426,1.3656276342830154,0.022799953668633306,164.9571841681146,0.06354705685434703,2.029071263452734,1.7554525116910698,1.3796324144973766,2.269522048193096,3.931995154437125,0.5513777169675718,3.5395234721155053,18.539523472115505,0.39966197611458587,0.39966197611458615,0.0,shift
ok,R20031_S+01,20031,1,20293105,22.568356066537373,0.7763313016270669,0.1288513147004376,79.96940983470046,2595.8272866390107,2.942197314835904,3.7896568513576456,0.5781290683507729,0.28863956848221467,0.06989534587993698,637.819863126081,4,7.942024757167393e-14,1.0552483109460572e-13,5.619994802502124e-14,2.3654611340866218e-14,1.835715819115428e-13,0.6140128710476406,0.7250563177581728,8.438758465542069e-12,2.403360429075406,4.962811710043097,3.4267777359131064,4.238839679462153,3.9118914117480883,2.4459329327709125,553182707.1025488,5047634.165456867,205.28983910750765,0.29380426204870225,261.37956386993545,171.76079008846625,5063820.8433839455,20063820.843383946,5017839.6051536165,289.08251715149464,289.08251715149464,289.08251715149464,236.1441905103441,52.93832664115055,553182707.1025486,553182707.1025491,0.0,1.0000000000000009,0.010735250782967904,0.003800124681604499,0.46589674429826006,0.0,8.6198854751027e-16,3458,0,0.0,1.9049968979998084,0.0,4.5801403162969144e-14,0,0.05,24000000.0,False,3936179.1566160545,0.42047;0.42062;0.42082;0.42110;0.42150;0.42204;0.42243;0.42284;0.42335;0.42407;0.42520;0.42726;0.43133;0.44766;0.45859;0.42402;0.36639;0.08066;0.00000;0.00000;0.00000;0.00000;0.00000;0.00000,1.3534999251728543,1804.7781155803755,3.256423816157245,218129399.82119125,8.338714204412335,3.505860439973565,4.238839679462153,0.19302643586432183,0.5466288195597041,-0.27977291735822485,4.962811710043097,0.6957277983001829,0.003976091324200513,25821.14864529808,4.411975557807197,32.46025313935261,0.3808189063097239,1.4587326967525633,1.7637136852972453,0.1639757175542323,194.07031756098877,0.07476241526541022,2.029071263452734,1.7554525116910698,1.3796324144973766,2.269522048193096,3.931995154437125,0.7030878712596994,5.063820843383946,20.063820843383944,0.5531827071025491,0.5531827071025486,0.0,shift
ok,R20031_S+02,20031,2,20293105,22.568356066537373,0.7763313016270669,0.1288513147004376,79.96940983470046,2595.8272866390107,2.942197314835904,3.7896568513576456,0.5781290683507729,0.28863956848221467,0.06989534587993698,637.819863126081,4,7.942024757167393e-14,1.0552483109460572e-13,5.619994802502124e-14,2.3654611340866218e-14,1.835715819115428e-13,0.6140128710476406,0.7250563177581728,8.438758465542069e-12,2.403360429075406,4.962811710043097,0.7488400309990317,0.5908100320864361,0.41619316083308816,0.22498941723898794,78137905.19574164,695408.8949198183,76.12349146982594,0.28600090861321037,96.41867401004212,64.42239376754473,678035.3232098557,15678035.323209856,675925.2199308798,108.64323170208613,108.64323170208613,108.64323170208613,95.86305722264214,12.780174479443986,78137905.19574164,78137905.19574124,0.0,0.9999999999999949,0.0016557826542178205,0.0005579691470685193,0.5378116834078571,0.0,5.148990764802497e-15,347,0,0.0,0.18335639200086007,0.0,3.2672283354287076e-13,0,0.05,24000000.0,False,8321964.676790144,0.51001;0.51009;0.51020;0.51035;0.51056;0.51086;0.51245;0.51662;0.53162;0.52376;0.49526;0.46270;0.42669;0.37858;0.07158;0.00000;0.00000;0.00000;0.00000;0.00000;0.00000;0.00000;0.00000;0.00000,1.3534999251728543,1804.7781155803755,3.256423816157245,218129399.82119125,8.338714204412335,0.49520816028938597,0.7488400309990317,0.39458896174765495,0.6763065365797957,-1.0578392194787742,4.962811710043097,0.6957277983001829,0.0005616289933705323,25821.14864529808,4.411975557807197,32.46025313935261,0.3808189063097239,0.20604822909558218,0.3115804113023185,-0.6860311137155718,72.93831075480261,0.028098291103658392,2.029071263452734,1.7554525116910698,1.3796324144973766,2.269522048193096,3.931995154437125,-0.15775975859108624,0.6780353232098557,15.678035323209855,0.07813790519574124,0.07813790519574164,0.0,shift
ok,R20031_S+03,20031,3,20293105,22.568356066537373,0.7763313016270669,0.1288513147004376,79.96940983470046,2595.8272866390107,2.942197314835904,3.7896568513576456,0.5781290683507729,0.28863956848221467,0.06989534587993698,637.819863126081,4,7.942024757167393e-14,1.0552483109460572e-13,5.619994802502124e-14,2.3654611340866218e-14,1.835715819115428e-13,0.6140128710476406,0.7250563177581728,8.438758465542069e-12,2.403360429075406,4.962811710043097,1.282397105113424,2.094878252459386,4.57672899347212,8.727949328151626,658053026.7832664,7221263.01370309,234.77738922261653,0.3230304220475799,295.3261610505495,188.03623988064237,7401798.428999975,22401798.428999975,7174737.086216636,325.67601326105057,325.67601326105057,325.67601326105057,233.52868828568293,92.14732497536764,658053026.7832682,658053026.7832677,0.0,0.9999999999999992,0.012175319718978382,0.00447485129442393,0.46910836677786116,0.0,7.246181368301384e-16,5434,0,0.0,2.9649732599991694,0.0,7.39843556180603e-14,0,0.05,24000000.0,False,1598201.5710000247,0.40354;0.40388;0.40436;0.40503;0.40595;0.40724;0.40814;0.40896;0.40987;0.41092;0.41230;0.41435;0.41832;0.43154;0.44631;0.43191;0.37476;0.18589;0.00000;0.00000;0.00000;0.00000;0.00000;0.00000,1.3534999251728543,1804.7781155803755,3.256423816157245,218129399.82119125,8.338714204412335,4.170488419799138,8.727949328151626,0.6947905265399617,0.20245082935246875,1.7852950238851877,4.962811710043097,0.6957277983001829,0.004729863925720642,25821.14864529808,4.411975557807197,32.46025313935261,0.3808189063097239,1.7352738146743816,3.6315607191341437,0.23936801331684143,211.66802832160434,0.08154164547505968,2.029071263452734,1.7554525116910698,1.3796324144973766,2.269522048193096,3.931995154437125,0.8586131632081984,7.401798428999975,22.401798428999975,0.6580530267832677,0.6580530267832682,0.0,shift
ok,R20032_S+00,20032,0,20294105,19.87727501994303,0.7542071827243222,0.12163321803775438,31.01976082337023,1602.8615732853943,2.4104090878445064,3.8885504208584427,0.6253438390171451,0.3373146329328045,0.048428924280191486,680.2690527218504,4,1.8478204851297033e-14,4.5928608602156295e-14,1.1034566720893915e-14,6.219668743714033e-15,1.536857951967039e-13,0.7707988993728523,1.5672065275696108,1.4246944537890723e-12,0.4715721421051584,7.747566335347135,0.1049612013930903,0.10688219812587497,0.11163663253483894,0.11922450461998228,17463365.858170856,1293428.2004248302,66.4441759623412,0.3806419131273185,83.67666089759736,53.49083905955615,1162051.2402067538,16162051.240206754,1159047.7590922993,95.77880739865854,95.77880739865854,95.77880739865854,78.09112837578778,17.687679022870768,17463365.858170867,17463365.858170606,0.0,0.9999999999999851,0.002764749050140368,0.0008346051410911505,0.45953243694376666,0.0,1.493242041712842e-14,317,0,0.0,0.13899602300080005,0.0,2.900342431303097e-13,0,0.05,24000000.0,False,7837948.759793246,0.42415;0.42431;0.42454;0.42485;0.42528;0.42588;0.42823;0.43456;0.45167;0.44019;0.40984;0.37616;0.33931;0.28456;0.04414;0.00000;0.00000;0.00000;0.00000;0.00000;0.00000;0.00000;0.00000;0.00000,1.2983568466147342,616.5883169389846,2.789995291494933,30453172.968308613,7.483632549213129,0.11067613416844663,0.11922450461998228,0.04970513909565449,0.4785209591720657,0.12887424496760566,7.747566335347135,0.8891653033949454,0.0008429749887260388,12731.81938487085,4.104890469038636,51.6722737616275,-0.3264518585543817,0.23469608207638007,0.25282346851056303,-0.6294941602813006,57.167562002799926,0.03566593831657169,1.667799886521481,1.0484718827574224,0.7994838527782171,2.1923503263418773,3.1594383314016796,0.11174232557304101,1.1620512402067538,16.162051240206754,0.017463365858170606,0.017463365858170866,0.0,shift
ok,R20032_S+01,20032,1,20294105,19.87727501994303,0.7542071827243222,0.12163321803775438,31.01976082337023,1602.8615732853943,2.4104090878445064,3.8885504208584427,0.6253438390171451,0.3373146329328045,0.048428924280191486,680.2690527218504,4,1.8478204851297033e-14,4.5928608602156295e-14,1.1034566720893915e-14,6.219668743714033e-15,1.536857951967039e-13,0.7707988993728523,1.5672065275696108,1.4246944537890723e-12,0.4715721421051584,7.747566335347135,0.01093622440221868,0.12630259856112164,0.22255927345439033,0.29970624908202464,26015467.91692885,2228840.4553006366,86.62940297816529,0.43433989488210284,107.7098889633044,65.5095100300963,1957452.0290703252,16957452.029070325,1948031.0908957608,123.8148649222659,123.8148649222659,123.8148649222659,88.20765847278655,35.60720644947935,26015467.916928854,26015467.91692894,0.0,1.0000000000000033,0.004255213288302762,0.001236597798346108,0.44138352418438886,0.0,3.2934897476462077e-15,433,0,0.0,0.21649557700038713,0.0,1.7629481574951904e-12,0,0.05,24000000.0,False,7042547.970929675,0.40021;0.40044;0.40077;0.40122;0.40184;0.40270;0.40404;0.40638;0.41230;0.42952;0.42662;0.39586;0.36086;0.31925;0.17390;0.01359;0.00000;0.00000;0.00000;0.00000;0.00000;0.00000;0.00000;0.00000,1.2983568466147342,616.5883169389846,2.789995291494933,30453172.968308613,7.483632549213129,0.16487608637493884,0.29970624908202464,0.655289472456694,0.20809388732585876,1.751436676044847,7.747566335347135,0.8891653033949454,0.0012557939261012968,12731.81938487085,4.104890469038636,51.6722737616275,-0.3264518585543817,0.3496306750413858,0.6355469764267617,-0.4563904712985547,69.77526843515545,0.0435316870764683,1.667799886521481,1.0484718827574224,0.7994838527782171,2.1923503263418773,3.1594383314016796,0.34807898195604525,1.9574520290703252,16.957452029070325,0.02601546791692894,0.026015467916928853,0.0,shift
ok,R20032_S+02,20032,2,20294105,19.87727501994303,0.7542071827243222,0.12163321803775438,31.01976082337023,1602.8615732853943,2.4104090878445064,3.8885504208584427,0.6253438390171451,0.3373146329328045,0.048428924280191486,680.2690527218504,4,1.8478204851297033e-14,4.5928608602156295e-14,1.1034566720893915e-14,6.219668743714033e-15,1.536857951967039e-13,0.7707988993728523,1.5672065275696108,1.4246944537890723e-12,0.4715721421051584,7.747566335347135,0.8322589135334667,0.9417529800314811,0.9790204146066106,0.9440612172588548,145839248.29765353,10407945.76225273,192.62445139806823,0.3830708745765234,243.05977743852029,155.32598278533075,9918997.368266448,24918997.36826645,9868497.30469095,278.94101386937984,278.94101386937984,278.94101386937984,213.937017416155,65.00399645322486,145839248.29765293,145839248.29765296,0.0,1.0000000000000002,0.022941916515742924,0.006502299704476604,0.3757944432848204,0.0,2.0435049368102742e-16,4610,0,0.0,2.0834636820000014,0.0,4.6259723773898236e-14,0,0.05,24000000.0,True,-918997.3682664484,0.32076;0.32103;0.32140;0.32190;0.32261;0.32357;0.32439;0.32506;0.32580;0.32671;0.32793;0.32982;0.33326;0.34310;0.36563;0.35031;0.30202;0.10880;0.00000;0.00000;0.00000;0.00000;0.00000;0.00000,1.2983568466147342,616.5883169389846,2.789995291494933,30453172.968308613,7.483632549213129,0.9242733813576034,0.9790204146066106,0.059655997136132094,0.47983960410047194,0.12096237539716788,7.747566335347135,0.8891653033949454,0.007039813498038074,12731.81938487085,4.104890469038636,51.6722737616275,-0.3264518585543817,1.9599829990625162,2.0760777136582713,0.29225230429251775,165.2048921414789,0.10306872090199125,1.667799886521481,1.0484718827574224,0.7994838527782171,2.1923503263418773,3.1594383314016796,1.0173650203698514,9.918997368266448,24.91899736826645,0.14583924829765296,0.14583924829765293,0.0,shift
ok,R20032_S+03,20032,3,20294105,19.87727501994303,0.7542071827243222,0.12163321803775438,31.01976082337023,1602.8615732853943,2.4104090878445064,3.8885504208584427,0.6253438390171451,0.3373146329328045,0.048428924280191486,680.2690527218504,4,1.8478204851297033e-14,4.5928608602156295e-14,1.1034566720893915e-14,6.219668743714033e-15,1.536857951967039e-13,0.7707988993728523,1.5672065275696108,1.4246944537890723e-12,0.4715721421051584,7.747566335347135,0.015153165826458002,0.07207308022602943,0.12031910496833359,0.1598912400533705,14494271.208103633,1227190.882410254,64.19430392625188,0.42808235337629336,79.68193134527078,48.83007645059172,1071847.786363341,16071847.78636334,1067739.0640734155,90.90070396916256,90.90070396916256,90.90070396916256,66.16434993976702,24.736354029395542,14494271.208103633,14494271.208103769,0.0,1.0000000000000093,0.002366359297011337,0.0006936829908838506,0.46268014041353583,0.0,9.381161283765573e-15,305,0,0.0,0.12862932399912097,0.0,1.185946690122287e-12,0,0.05,24000000.0,False,7928152.213636659,0.42872;0.42895;0.42926;0.42970;0.43029;0.43112;0.43452;0.44536;0.45359;0.43089;0.39901;0.36447;0.32484;0.20612;0.01604;0.00000;0.00000;0.00000;0.00000;0.00000;0.00000;0.00000;0.00000;0.00000,1.2983568466147342,616.5883169389846,2.789995291494933,30453172.968308613,7.483632549213129,0.09185914776854788,0.1598912400533705,0.5891058828227937,0.23739128919491587,1.575652264830505,7.747566335347135,0.8891653033949454,0.000699653675441183,12731.81938487085,4.104890469038636,51.6722737616275,-0.3264518585543817,0.19479341455260035,0.3390599778426171,-0.7104257295508883,52.08154832470401,0.032492854774696586,1.667799886521481,1.0484718827574224,0.7994838527782171,2.1923503263418773,3.1594383314016796,0.08891211996407745,1.0718477863633409,16.071847786363342,0.014494271208103768,0.014494271208103633,0.0,shift
ok,R20033_S+00,20033,0,20295105,11.511741743202684,0.22645365350209762,0.21849802424142684,58.745877044212634,1867.4344492558303,2.146851391996487,3.3974393974737964,0.42693139159580595,0.20472164930220635,0.06541021667252533,651.3803391004753,4,1.1948068372814457e-14,1.2216205872323776e-14,1.1704376810818304e-14,9.459461184852617e-15,1.6492754886522485e-14,0.21287136403977824,0.25134801937522183,7.176517281223209e-13,1.2546587175754598,3.9161899774760958,1.5853762069077961,1.339233789088968,0.8524824064537826,0.12512205900223924,153930653.86092806,3807557.3044540198,92.49069335663108,0.2958414909382346,117.38908584658748,76.63647294272137,3339594.621114973,18339594.621114973,3044022.442656569,134.34736344096265,134.34736344096265,134.34736344096265,117.41557348451471,16.931789956447943,153930653.86092788,153930653.86092812,0.0,1.0000000000000016,0.004475261668843689,0.0016480666446693783,0.5343223961324262,0.0,1.5488700471380259e-15,735,0,0.0,0.3144466440007818,0.0,6.251075891186728e-14,33,0.05,24000000.0,False,5660405.378885027,0.52349;0.52366;0.52389;0.52422;0.52467;0.52529;0.52424;0.51919;0.51844;0.52240;0.52580;0.53164;0.49946;0.44645;0.35608;0.01110;0.00000;0.00000;0.00000;0.00000;0.00000;0.00000;0.00000;0.00000,1.0611410379855255,676.2673650109149,2.83011842995432,140625963.5430525,8.148065511170973,0.9755536153631966,1.5853762069077961,0.5713099880413628,0.7494744394207227,-1.4968466365243362,3.9161899774760958,0.592863751611259,0.001680447531472928,10338.86446817064,4.0144728422116485,31.78834912704399,0.09852560850204192,0.7775450022364534,1.2635915924383203,-0.10927446576431422,85.84169107411424,0.04596771314158953,1.0926529407792347,1.0740648927901504,0.9815829972651741,1.2230098023556168,2.861630332748029,0.5806464482709538,3.339594621114973,18.339594621114973,0.1539306538609281,0.15393065386092789,0.0,shift
ok,R20033_S+01,20033,1,20295105,11.511741743202684,0.22645365350209762,0.21849802424142684,58.745877044212634,1867.4344492558303,2.146851391996487,3.3974393974737964,0.42693139159580595,0.20472164930220635,0.06541021667252533,651.3803391004753,4,1.1948068372814457e-14,1.2216205872323776e-14,1.1704376810818304e-14,9.459461184852617e-15,1.6492754886522485e-14,0.21287136403977824,0.25134801937522183,7.176517281223209e-13,1.2546587175754598,3.9161899774760958,0.04595225062515582,0.10741398653212197,0.23247981277022126,0.42114972933945377,31833562.50474349,1143729.0874463182,43.30373031371684,0.3135837156750377,53.914455661311834,34.641563105997044,943988.4116253834,15943988.411625383,873998.8627541121,62.9743470465202,62.9743470465202,62.9743470465202,52.052538357248274,10.921808689271927,31833562.504743494,31833562.504743498,0.0,1.0000000000000002,0.0008979450059992141,0.0003461006273455064,0.6049045323309271,0.0,1.170239836621117e-16,258,0,0.0,0.12435490999996546,0.0,7.300149293029877e-14,0,0.05,24000000.0,False,8056011.588374617,0.57863;0.57922;0.58002;0.58115;0.58270;0.58486;0.59324;0.59893;0.56976;0.52761;0.47927;0.41963;0.21336;0.00013;0.00000;0.00000;0.00000;0.00000;0.00000;0.00000;0.00000;0.00000;0.00000;0.00000,1.0611410379855255,676.2673650109149,2.83011842995432,140625963.5430525,8.148065511170973,0.20174894481673822,0.42114972933945377,0.7107780990808694,0.19004589750963802,1.8597246149421718,3.9161899774760958,0.592863751611259,0.00034752422722387854,10338.86446817064,4.0144728422116485,31.78834912704399,0.09852560850204192,0.1607998589501725,0.33566875472980906,-0.7937143365402332,39.03717029354505,0.020904171661340672,1.0926529407792347,1.0740648927901504,0.9815829972651741,1.2230098023556168,2.861630332748029,0.05832316627476876,0.9439884116253834,15.943988411625384,0.0318335625047435,0.03183356250474349,0.0,shift
ok,R20033_S+02,20033,2,20295105,11.511741743202684,0.22645365350209762,0.21849802424142684,58.745877044212634,1867.4344492558303,2.146851391996487,3.3974393974737964,0.42693139159580595,0.20472164930220635,0.06541021667252533,651.3803391004753,4,1.1948068372814457e-14,1.2216205872323776e-14,1.1704376810818304e-14,9.459461184852617e-15,1.6492754886522485e-14,0.21287136403977824,0.25134801937522183,7.176517281223209e-13,1.2546587175754598,3.9161899774760958,2.253966233901433,2.4575295733809885,4.035302850426418,6.987286065037721,620662440.0581837,19855974.93759905,190.2949323047688,0.31058974175439136,236.70087626052103,155.77636702404828,20849278.388953894,35849278.388953894,18186827.669854455,276.26967233607394,276.26967233607394,276.26967233607394,232.07823318260265,44.19143915347129,620662440.0581847,620662440.0581865,0.0,1.0000000000000029,0.017432382917639638,0.006281430067894355,0.48804058547963547,0.0,2.881017486887216e-15,6481,0,0.0,3.472631372000251,0.0,5.1385591663156226e-15,0,0.05,24000000.0,True,-11849278.388953894,0.38575;0.38664;0.38789;0.38961;0.39200;0.39532;0.40117;0.40390;0.40677;0.40983;0.41324;0.41727;0.42266;0.43287;0.47539;0.45414;0.36852;0.02994;0.00000;0.00000;0.00000;0.00000;0.00000;0.00000,1.0611410379855255,676.2673650109149,2.83011842995432,140625963.5430525,8.148065511170973,3.9335211806866406,6.987286065037721,0.48127337516926183,0.29944517843297697,1.2033289294021379,3.9161899774760958,0.592863751611259,0.006775717760648578,10338.86446817064,4.0144728422116485,31.78834912704399,0.09852560850204192,3.13513238746541,5.569073061190825,0.4962558845389068,172.37069779794504,0.09230347971069855,1.0926529407792347,1.0740648927901504,0.9815829972651741,1.2230098023556168,2.861630332748029,1.2978912159843632,20.849278388953895,35.84927838895389,0.6206624400581865,0.6206624400581847,0.0,shift
ok,R20033_S+03,20033,3,20295105,11.511741743202684,0.22645365350209762,0.21849802424142684,58.745877044212634,1867.4344492558303,2.146851391996487,3.3974393974737964,0.42693139159580595,0.20472164930220635,0.06541021667252533,651.3803391004753,4,1.1948068372814457e-14,1.2216205872323776e-14,1.1704376810818304e-14,9.459461184852617e-15,1.6492754886522485e-14,0.21287136403977824,0.25134801937522183,7.176517281223209e-13,1.2546587175754598,3.9161899774760958,0.3562655714969755,0.26319185407824697,0.1751125673208136,0.09202771122467528,34973619.6344497,808146.6907482926,44.036838291439565,0.295175158274743,55.1551130330474,36.2751443784987,748003.6378983203,15748003.63789832,605126.6614086237,63.36340302143071,63.36340302143071,63.36340302143071,56.86872976335471,6.494673258076006,34973619.63444968,34973619.63444972,0.0,1.000000000000001,0.000987141638280802,0.00038010645056482,0.6009230920656662,0.0,1.0651715028067703e-15,270,0,0.0,0.11005841600126587,0.0,6.35030084582896e-14,0,0.05,24000000.0,False,8251996.36210168,0.59849;0.59860;0.59876;0.59898;0.59928;0.59970;0.60031;0.59683;0.57312;0.53390;0.48702;0.43089;0.29046;0.00035;0.00000;0.00000;0.00000;0.00000;0.00000;0.00000;0.00000;0.00000;0.00000;0.00000,1.0611410379855255,676.2673650109149,2.83011842995432,140625963.5430525,8.148065511170973,0.22164942603017784,0.3562655714969755,0.444428375285344,0.6986905365264544,-1.1921432191587265,3.9161899774760958,0.592863751611259,0.0003818039572188288,10338.86446817064,4.0144728422116485,31.78834912704399,0.09852560850204192,0.17666112937747713,0.28395416738141654,-0.7528589974877096,40.917208652920955,0.021910920979971424,1.0926529407792347,1.0740648927901504,0.9815829972651741,1.2230098023556168,2.861630332748029,-0.09250980110623892,0.7480036378983204,15.74800363789832,0.03497361963444972,0.034973619634449685,0.0,shift
ok,R20034_S+00,20034,0,20296105,11.758623175657505,0.6700676374656687,0.1993223503651818,41.431035054653194,1821.9356517239473,2.929213303280327,3.530755793567247,0.5125438556291675,0.16984475162204588,0.045662774002687215,746.2401816846196,4,2.174162823686955e-14,3.924687097565865e-14,1.2615444936153748e-14,5.993015326074001e-15,9.745089532068039e-14,0.736143094970136,1.088301425341462,1.6260384871779644e-12,0.9558124347739384,6.734726921307996,0.6462602622907865,0.4160199442739991,0.369324821134859,0.5061748928733663,76439604.52684356,2075244.346358575,82.79771908573757,0.3927871664298181,103.08455838471069,62.10732689006885,1901538.6755482145,16901538.675548214,1880730.1864172146,115.10452185836421,115.10452185836421,115.10452185836421,76.48634958610317,38.618172272261035,76439604.52684359,76439604.52684365,0.0,1.0000000000000009,0.0028395405114059282,0.001171591683983936,0.5829720931755438,0.0,7.797612918635526e-16,462,0,0.0,0.24498787799893762,0.0,7.76827467065016e-14,0,0.05,24000000.0,False,7098461.324451786,0.53976;0.54008;0.54052;0.54114;0.54199;0.54317;0.54506;0.54862;0.55760;0.56872;0.56083;0.52291;0.47688;0.37828;0.17151;0.00000;0.00000;0.00000;0.00000;0.00000;0.00000;0.00000;0.00000;0.00000,1.0703564729118773,487.17192898512354,2.6876822561476374,86118751.29354027,7.935097724004949,0.4844449801432527,0.6462602622907865,0.21794615154682562,0.5481944545336522,-0.2891667272019132,6.734726921307996,0.8283199907088266,0.0011894387344880681,10668.907871353893,4.02811996490526,43.97514204799772,-0.0196273237644018,0.506841052196428,0.6761371151690814,-0.29512821616363755,68.96431294646402,0.03785222210301927,1.5995216353535218,1.1066191700927004,0.7833619860961818,1.994502431277689,3.216847418589282,0.3170692393746623,1.9015386755482144,16.901538675548213,0.07643960452684365,0.07643960452684359,0.0,shift
ok,R20034_S+01,20034,1,20296105,11.758623175657505,0.6700676374656687,0.1993223503651818,41.431035054653194,1821.9356517239473,2.929213303280327,3.530755793567247,0.5125438556291675,0.16984475162204588,0.045662774002687215,746.2401816846196,4,2.174162823686955e-14,3.924687097565865e-14,1.2615444936153748e-14,5.993015326074001e-15,9.745089532068039e-14,0.736143094970136,1.088301425341462,1.6260384871779644e-12,0.9558124347739384,6.734726921307996,0.24913861504447424,0.3063394781065642,0.3383618653785525,0.3452057768604392,48876637.12393052,1364201.5835393656,66.98932569443285,0.4021137004985916,82.95850077802228,49.69899846181802,1238929.6944739148,16238929.694473915,1227062.5516481753,93.64627469608904,93.64627469608904,93.64627469608904,59.68724473521948,33.95902996086956,48876637.123930514,48876637.12393044,0.0,0.9999999999999984,0.001903628811517125,0.0007530803968712863,0.6036628987568468,0.0,1.5243644070749594e-15,385,0,0.0,0.20176044900108536,0.0,1.1772152198780165e-13,0,0.05,24000000.0,False,7761070.305526085,0.56399;0.56431;0.56475;0.56537;0.56623;0.56741;0.57093;0.57974;0.58837;0.57343;0.53513;0.49138;0.42592;0.20784;0.00166;0.00000;0.00000;0.00000;0.00000;0.00000;0.00000;0.00000;0.00000;0.00000,1.0703564729118773,487.17192898512354,2.6876822561476374,86118751.29354027,7.935097724004949,0.30976143384750754,0.3452057768604392,0.12251695581768546,0.44831121022032616,0.310132738678043,6.734726921307996,0.8283199907088266,0.0007605450834888177,10668.907871353893,4.02811996490526,43.97514204799772,-0.0196273237644018,0.3240818204261697,0.3611647686317082,-0.4893453303070042,55.146233687594055,0.03026793708955293,1.5995216353535218,1.1066191700927004,0.7833619860961818,1.994502431277689,3.216847418589282,0.13487854931623264,1.2389296944739148,16.238929694473914,0.048876637123930436,0.04887663712393051,0.0,shift
ok,R20034_S+02,20034,2,20296105,11.758623175657505,0.6700676374656687,0.1993223503651818,41.431035054653194,1821.9356517239473,2.929213303280327,3.530755793567247,0.5125438556291675,0.16984475162204588,0.045662774002687215,746.2401816846196,4,2.174162823686955e-14,3.924687097565865e-14,1.2615444936153748e-14,5.993015326074001e-15,9.745089532068039e-14,0.736143094970136,1.088301425341462,1.6260384871779644e-12,0.9558124347739384,6.734726921307996,0.7791233129909609,0.5442832055180707,0.3258411803852629,0.1237972375925375,69941303.60959606,1715608.2370322065,76.79029145451766,0.3692477726695013,95.72485355205202,59.26568424708258,1585780.6851964481,16585780.685196448,1576336.2448748332,106.80102701407723,106.80102701407723,106.80102701407723,76.8992197136178,29.90180730045944,69941303.60959604,69941303.60959609,0.0,1.0000000000000007,0.0026643893247972673,0.0010738740178372478,0.5844129860377397,0.0,6.391571399794383e-16,448,0,0.0,0.2564844969983824,0.0,5.751228483630943e-14,35,0.05,24000000.0,False,7414219.314803552,0.55075;0.55093;0.55120;0.55156;0.55206;0.55276;0.55422;0.55599;0.55985;0.57221;0.55850;0.51922;0.47296;0.38044;0.12718;0.00000;0.00000;0.00000;0.00000;0.00000;0.00000;0.00000;0.00000;0.00000,1.0703564729118773,487.17192898512354,2.6876822561476374,86118751.29354027,7.935097724004949,0.443261234121708,0.7791233129909609,0.551284837276347,0.7464032587528614,-1.4784195525171686,6.734726921307996,0.8283199907088266,0.0010883219002608686,10668.907871353893,4.02811996490526,43.97514204799772,-0.0196273237644018,0.4637533662413011,0.815142474239973,-0.3337129249570251,65.96780892526692,0.03620754051486233,1.5995216353535218,1.1066191700927004,0.7833619860961818,1.994502431277689,3.216847418589282,0.23441812272036203,1.5857806851964482,16.585780685196447,0.06994130360959609,0.06994130360959605,0.0,shift
ok,R20034_S+03,20034,3,20296105,11.758623175657505,0.6700676374656687,0.1993223503651818,41.431035054653194,1821.9356517239473,2.929213303280327,3.530755793567247,0.5125438556291675,0.16984475162204588,0.045662774002687215,746.2401816846196,4,2.174162823686955e-14,3.924687097565865e-14,1.2615444936153748e-14,5.993015326074001e-15,9.745089532068039e-14,0.736143094970136,1.088301425341462,1.6260384871779644e-12,0.9558124347739384,6.734726921307996,0.09813138174304042,0.8465165067655132,1.5461957478173578,2.197169104898575,184928038.60308233,5955878.919034849,136.36096469253266,0.4403685971318533,168.75762144391743,98.42170298321173,5614025.628493186,20614025.628493186,5463648.483700212,190.0169820433627,190.0169820433627,190.0169820433627,103.41274355085807,86.60423849250463,184928038.60308284,184928038.6030826,0.0,0.9999999999999987,0.00694280056495652,0.0027664230160619,0.5440770386175028,0.0,1.2892505695866281e-15,1599,0,0.0,0.8384793889999855,0.0,2.8836245381409703e-13,0,0.05,24000000.0,False,3385974.371506814,0.47863;0.47921;0.48003;0.48116;0.48272;0.48489;0.48666;0.48843;0.49076;0.49440;0.50476;0.51410;0.50956;0.48559;0.37987;0.20837;0.03233;0.00000;0.00000;0.00000;0.00000;0.00000;0.00000;0.00000,1.0703564729118773,487.17192898512354,2.6876822561476374,86118751.29354027,7.935097724004949,1.1720031853061217,2.197169104898575,0.6677832963777479,0.2015028415349008,1.7909829507905952,6.734726921307996,0.8283199907088266,0.002877573393647877,10668.907871353893,4.02811996490526,43.97514204799772,-0.0196273237644018,1.2261853295341518,2.298745051813678,0.08855611578691046,107.26710998130635,0.058875355932471236,1.5995216353535218,1.1066191700927004,0.7833619860961818,1.994502431277689,3.216847418589282,0.7749458601127879,5.614025628493186,20.614025628493184,0.1849280386030826,0.18492803860308282,0.0,shift
ok,R20035_S+00,20035,0,20297105,12.202189451984546,0.8192710994251914,0.13680440349539166,23.799696642401212,2964.6118597852683,1.7269699544082238,3.2370421722578557,0.6437985956481234,0.3087401417269539,0.058624755876244945,695.5592745069862,4,5.907783703687255e-14,8.315910328291916e-14,4.3552854648978365e-14,2.2557422572777017e-14,1.9000368387982005e-13,0.619897953532309,0.9232059932376849,1.979161431187587e-12,0.6629591686482575,6.589010932587889,0.38114989771231134,0.40792850417173016,0.5170146068092623,0.7084082056249076,79466029.40121049,2119887.8025465785,147.15433282852848,0.3585273355159435,194.87971798345254,119.85076529008263,1800853.1524058208,16800853.15240582,1785685.589332983,222.1245422861875,222.1245422861875,222.1245422861875,177.69305983736717,44.43148244882033,79466029.40121041,79466029.40121034,0.0,0.9999999999999991,0.0046175710616869715,0.001251900596466754,0.49037477760256953,0.0,9.375805804146975e-16,606,0,0.0,0.32358933899922704,0.0,1.107992035107378e-13,0,0.05,24000000.0,False,7199146.847594179,0.43955;0.43972;0.43997;0.44031;0.44079;0.44146;0.44228;0.44357;0.44592;0.45124;0.47160;0.47990;0.44067;0.39304;0.34004;0.26879;0.07648;0.00000;0.00000;0.00000;0.00000;0.00000;0.00000;0.00000,1.0864377635929976,290.4084073303401,2.463009185045693,89899454.03412609,7.953757054239499,0.5036253035795528,0.7084082056249076,0.25558309804657803,0.3916991443219842,0.6498051340680948,6.589010932587889,0.8188202281361924,0.0012708383544373129,4953.682160201797,3.6949281377971026,124.56511124194569,-0.17851321876991413,0.759662626895139,1.0685548056742598,-0.11937923904584356,127.11369097869851,0.04287700953470029,1.925626395389307,1.6447332236474224,1.3590060731153517,2.2844786191050734,3.3021978168420025,0.3263128760116097,1.800853152405821,16.80085315240582,0.07946602940121034,0.0794660294012104,0.0,shift
ok,R20035_S+01,20035,1,20297105,12.202189451984546,0.8192710994251914,0.13680440349539166,23.799696642401212,2964.6118597852683,1.7269699544082238,3.2370421722578557,0.6437985956481234,0.3087401417269539,0.058624755876244945,695.5592745069862,4,5.907783703687255e-14,8.315910328291916e-14,4.3552854648978365e-14,2.2557422572777017e-14,1.9000368387982005e-13,0.619897953532309,0.9232059932376849,1.979161431187587e-12,0.6629591686482575,6.589010932587889,0.6839747153622722,0.6560826274259876,0.4671991220680279,0.11732419928839294,75918933.45851521,1783408.4603507887,137.96102703316407,0.3298529847877891,186.20114345718682,117.01599367766359,1544427.819164263,16544427.819164263,1535835.4711975846,205.16329240569672,205.16329240569672,205.16329240569672,182.98428311971037,22.179009285986353,75918933.45851517,75918933.45851526,0.0,1.000000000000001,0.004262070796278512,0.001197172775363694,0.49193676064637604,0.0,1.177663635276714e-15,608,0,0.0,0.35896188500009885,0.0,1.030041821671742e-13,67,0.05,24000000.0,False,7455572.180835737,0.45004;0.45009;0.45017;0.45028;0.45043;0.45064;0.45091;0.45205;0.45397;0.45655;0.47193;0.47775;0.43862;0.39090;0.33779;0.26749;0.05375;0.00000;0.00000;0.00000;0.00000;0.00000;0.00000;0.00000,1.0864377635929976,290.4084073303401,2.463009185045693,89899454.03412609,7.953757054239499,0.48114516603617014,0.6839747153622722,0.46971170960885394,0.6962853611458298,-1.1777121668749786,6.589010932587889,0.8188202281361924,0.0012141124099700601,4953.682160201797,3.6949281377971026,124.56511124194569,-0.17851321876991413,0.7257538454701553,1.0316996094297395,-0.13921065434293797,124.24434240057248,0.041909143009895296,1.925626395389307,1.6447332236474224,1.3590060731153517,2.2844786191050734,3.3021978168420025,0.25125082256991726,1.544427819164263,16.544427819164262,0.07591893345851526,0.07591893345851516,0.0,shift
ok,R20035_S+02,20035,2,20297105,12.202189451984546,0.8192710994251914,0.13680440349539166,23.799696642401212,2964.6118597852683,1.7269699544082238,3.2370421722578557,0.6437985956481234,0.3087401417269539,0.058624755876244945,695.5592745069862,4,5.907783703687255e-14,8.315910328291916e-14,4.3552854648978365e-14,2.2557422572777017e-14,1.9000368387982005e-13,0.619897953532309,0.9232059932376849,1.979161431187587e-12,0.6629591686482575,6.589010932587889,2.3992668316319365,2.1959252695251905,1.3576257492029682,0.07296482651281705,237699049.25460577,5660842.972423853,249.42129412551975,0.34434778275469413,331.51678477582885,207.96923839199903,4998650.470151585,19998650.470151585,4965507.167956363,374.20702247560064,374.20702247560064,374.20702247560064,313.5915859304878,60.61543654511286,237699049.25460544,237699049.25460583,0.0,1.0000000000000016,0.013430479273750429,0.0036398873819949366,0.4303808746750852,0.0,1.6299189763483355e-15,3671,0,0.0,2.091063865000251,0.0,1.2635130522445556e-13,181,0.05,24000000.0,False,4001349.5298484154,0.38220;0.38220;0.38222;0.38223;0.38226;0.38229;0.38192;0.38237;0.38291;0.38375;0.38400;0.38467;0.38981;0.40648;0.41905;0.37624;0.31986;0.22652;0.01339;0.00000;0.00000;0.00000;0.00000;0.00000,1.0864377635929976,290.4084073303401,2.463009185045693,89899454.03412609,7.953757054239499,1.506445669218228,2.3992668316319365,0.607446783010078,0.7625884217155021,-1.5442322631697412,6.589010932587889,0.8188202281361924,0.003801335877509384,4953.682160201797,3.6949281377971026,124.56511124194569,-0.17851321876991413,2.2723053552299453,3.6190265480812767,0.3564666919952149,219.84434302896224,0.07415619764972739,1.925626395389307,1.6447332236474224,1.3590060731153517,2.2844786191050734,3.3021978168420025,0.752881108045577,4.998650470151585,19.998650470151585,0.23769904925460583,0.23769904925460544,0.0,shift
ok,R20035_S+03,20035,3,20297105,12.202189451984546,0.8192710994251914,0.13680440349539166,23.799696642401212,2964.6118597852683,1.7269699544082238,3.2370421722578557,0.6437985956481234,0.3087401417269539,0.058624755876244945,695.5592745069862,4,5.907783703687255e-14,8.315910328291916e-14,4.3552854648978365e-14,2.2557422572777017e-14,1.9000368387982005e-13,0.619897953532309,0.9232059932376849,1.979161431187587e-12,0.6629591686482575,6.589010932587889,0.7484104853041494,1.44526450236799,1.794047027868502,1.7947580618056849,228101491.61108053,5852896.635188706,248.6520817503133,0.3566266162911761,329.06342424165945,203.59083542716047,5073421.229741409,20073421.22974141,5023652.468473986,372.8244028134035,372.8244028134035,372.8244028134035,298.6114098873867,74.2129929260168,228101491.61108088,228101491.611081,0.0,1.0000000000000004,0.012812160438055595,0.0034975342644319543,0.4352103690652256,0.0,5.226151249989906e-16,3005,0,0.0,1.7866530190003687,0.0,6.368272429567474e-14,0,0.05,24000000.0,False,3926578.7702585906,0.37581;0.37604;0.37637;0.37682;0.37745;0.37833;0.37893;0.37957;0.38036;0.38145;0.38315;0.38624;0.39346;0.41936;0.41962;0.37243;0.31471;0.20738;0.01137;0.00000;0.00000;0.00000;0.00000;0.00000,1.0864377635929976,290.4084073303401,2.463009185045693,89899454.03412609,7.953757054239499,1.4456200193365816,1.7947580618056849,0.2953920032635018,0.37936576664849525,0.723805400109028,6.589010932587889,0.8188202281361924,0.0036478496085436277,4953.682160201797,3.6949281377971026,124.56511124194569,-0.17851321876991413,2.180556643155162,2.7071924587227776,0.3385673725917492,215.36029391797518,0.07264367279889856,1.925626395389307,1.6447332236474224,1.3590060731153517,2.2844786191050734,3.3021978168420025,0.767370854344223,5.07342122974141,20.07342122974141,0.228101491611081,0.2281014916110809,0.0,shift
ok,R20036_S+00,20036,0,20298105,10.319378666360535,0.6503073765256574,0.26095671466035236,35.60439032960413,2297.3617234020235,2.0848308631918235,2.1359230447806663,0.4043957560162062,0.29450801309358776,0.05296898973783706,620.2673548000133,4,1.508769273873818e-14,2.8848448903422347e-14,7.952108166866631e-15,3.0185815596765914e-15,7.697282727257568e-14,0.7558555889684483,1.1690661409259069,1.0271314351610892e-12,0.8437137464068014,4.580745353283597,0.14094335386285323,0.35487891688731704,0.5054737740489127,0.5927279253476402,62879463.55037779,1961207.3617185862,97.81383491376556,0.5333812674090254,112.47653730648125,63.06496101462062,1549352.9428356607,16549352.94283566,1515100.8365751673,129.20633352545602,129.20633352545602,129.20633352545602,48.16550704186954,81.04082648358647,62879463.550377846,62879463.5503777,0.0,0.9999999999999977,0.0017975316535297284,0.0006513139753218025,0.5987387522879671,0.0,2.369797761062183e-15,426,0,0.0,0.21866551899984188,0.0,1.2381747925338621e-13,0,0.05,24000000.0,False,7450647.057164339,0.56262;0.56303;0.56361;0.56440;0.56552;0.56706;0.57015;0.57392;0.57250;0.56231;0.53581;0.47399;0.34036;0.22498;0.11894;0.00105;0.00000;0.00000;0.00000;0.00000;0.00000;0.00000;0.00000;0.00000,1.0136535490456,367.4151859960902,2.565157102590383,154056726.09529695,8.187680664303747,0.39850599253668084,0.5927279253476402,0.4299129020499897,0.311050699384735,1.1336958036915894,4.580745353283597,0.6609361497246442,0.000658035371761679,6936.420494605666,3.8411354127483612,64.52467524747438,-0.0738048749890535,0.4723236929987613,0.7025225414092673,-0.3257602685233693,70.16296893697641,0.030540671163040156,1.465839065144727,0.9061988765952657,0.4855195124071837,1.892054036598006,3.01734261868951,0.29252351477389527,1.5493529428356607,16.54935294283566,0.0628794635503777,0.06287946355037785,0.0,shift
ok,R20036_S+01,20036,1,20298105,10.319378666360535,0.6503073765256574,0.26095671466035236,35.60439032960413,2297.3617234020235,2.0848308631918235,2.1359230447806663,0.4043957560162062,0.29450801309358776,0.05296898973783706,620.2673548000133,4,1.508769273873818e-14,2.8848448903422347e-14,7.952108166866631e-15,3.0185815596765914e-15,7.697282727257568e-14,0.7558555889684483,1.1690661409259069,1.0271314351610892e-12,0.8437137464068014,4.580745353283597,0.9499634775910561,0.7341620537091604,0.8251899080206436,1.2230470405255056,147230502.7424996,4292529.941741173,147.14182930746543,0.5154903281441835,168.2667611246857,95.58578607015208,3436006.305965349,18436006.30596535,3349689.25707059,194.23598113103589,194.23598113103589,194.23598113103589,77.36200220387612,116.87397892715977,147230502.7424996,147230502.74249977,0.0,1.000000000000001,0.00412725640769241,0.001505836836855259,0.5644996775842623,0.0,1.214516903735026e-15,1019,0,0.0,0.6028907029995025,0.0,3.862901474511672e-14,0,0.05,24000000.0,False,5563993.694034651,0.51534;0.51586;0.51659;0.51761;0.51902;0.52099;0.52273;0.52500;0.52944;0.53701;0.53763;0.52888;0.49815;0.39309;0.28184;0.16161;0.00562;0.00000;0.00000;0.00000;0.00000;0.00000;0.00000;0.00000,1.0136535490456,367.4151859960902,2.565157102590383,154056726.09529695,8.187680664303747,0.9330906199615914,1.2230470405255056,0.19730372205722305,0.45122239342882364,0.29266563942705837,4.580745353283597,0.6609361497246442,0.001540771392383126,6936.420494605666,3.8411354127483612,64.52467524747438,-0.0738048749890535,1.1059326980690158,1.4495995184791104,0.04372869862636832,107.36245690794516,0.04673293535549927,1.465839065144727,0.9061988765952657,0.4855195124071837,1.892054036598006,3.01734261868951,0.6327133331835931,3.436006305965349,18.43600630596535,0.14723050274249977,0.1472305027424996,0.0,shift
ok,R20036_S+02,20036,2,20298105,10.319378666360535,0.6503073765256574,0.26095671466035236,35.60439032960413,2297.3617234020235,2.0848308631918235,2.1359230447806663,0.4043957560162062,0.29450801309358776,0.05296898973783706,620.2673548000133,4,1.508769273873818e-14,2.8848448903422347e-14,7.952108166866631e-15,3.0185815596765914e-15,7.697282727257568e-14,0.7558555889684483,1.1690661409259069,1.0271314351610892e-12,0.8437137464068014,4.580745353283597,0.2835716074892373,0.2645421941593494,0.22996739795100798,0.17984721886421318,37787402.32314183,912125.6677219936,72.94294559761798,0.4935891118246301,82.9662430001589,47.85536651784809,764448.4956630319,15764448.495663032,757877.2114497069,95.14418309287709,95.14418309287709,95.14418309287709,40.558142338017596,54.58604075485949,37787402.32314183,37787402.32314187,0.0,1.000000000000001,0.001007864569794455,0.0003931546433548522,0.6152328934112358,0.0,1.183026110110924e-15,277,0,0.0,0.15455753000060213,0.0,1.0245567859708106e-13,0,0.05,24000000.0,False,8235551.504336968,0.59601;0.59626;0.59660;0.59708;0.59775;0.59868;0.59959;0.59673;0.58624;0.55464;0.50161;0.39097;0.28543;0.15681;0.00264;0.00000;0.00000;0.00000;0.00000;0.00000;0.00000;0.00000;0.00000;0.00000,1.0136535490456,367.4151859960902,2.565157102590383,154056726.09529695,8.187680664303747,0.23948210461595196,0.2835716074892373,0.16464486626448047,0.5721865967058115,-0.4331195802348692,4.580745353283597,0.6609361497246442,0.0003954462384319653,6936.420494605666,3.8411354127483612,64.52467524747438,-0.0738048749890535,0.2838428384459251,0.336099309388888,-0.5469220588549953,54.39100239608235,0.023675419435272047,1.465839065144727,0.9061988765952657,0.4855195124071837,1.892054036598006,3.01734261868951,-0.0399453228136945,0.764448495663032,15.764448495663032,0.03778740232314187,0.03778740232314183,0.0,shift
ok,R20036_S+03,20036,3,20298105,10.319378666360535,0.6503073765256574,0.26095671466035236,35.60439032960413,2297.3617234020235,2.0848308631918235,2.1359230447806663,0.4043957560162062,0.29450801309358776,0.05296898973783706,620.2673548000133,4,1.508769273873818e-14,2.8848448903422347e-14,7.952108166866631e-15,3.0185815596765914e-15,7.697282727257568e-14,0.7558555889684483,1.1690661409259069,1.0271314351610892e-12,0.8437137464068014,4.580745353283597,1.7009012372004215,2.1014603678666517,1.8671258416508631,0.9978976585530553,263008340.24762484,6601663.904441766,192.6387002454947,0.4946107741701894,219.86258601052864,127.21253563534766,5381362.448641285,20381362.448641285,5242042.774616171,250.07284192916663,250.07284192916663,250.07284192916663,106.9496498293638,143.12319209980282,263008340.24762523,263008340.24762464,0.0,0.9999999999999978,0.007698389850935799,0.0026466442355429234,0.5325148854568532,0.0,2.266264435541177e-15,2479,0,0.0,1.267273337000006,0.0,2.8573869085749435e-14,0,0.05,24000000.0,False,3618637.5513587147,0.48813;0.48862;0.48931;0.49026;0.49158;0.49342;0.49479;0.49617;0.49789;0.50005;0.50299;0.50591;0.50102;0.48416;0.38617;0.27445;0.14672;0.00000;0.00000;0.00000;0.00000;0.00000;0.00000;0.00000,1.0136535490456,367.4151859960902,2.565157102590383,154056726.09529695,8.187680664303747,1.666846276317748,2.1014603678666517,0.24693249014973148,0.5702927827074312,-0.42175669624458745,4.580745353283597,0.6609361497246442,0.0027523897498363463,6936.420494605666,3.8411354127483612,64.52467524747438,-0.0738048749890535,1.9756063989907646,2.490726714855989,0.2957004241719758,143.4955073825928,0.06246099859716432,1.465839065144727,0.9061988765952657,0.4855195124071837,1.892054036598006,3.01734261868951,0.8196534103060393,5.381362448641285,20.381362448641287,0.26300834024762465,0.2630083402476252,0.0,shift
ok,R20037_S+00,20037,0,20299105,14.429254153591975,0.2901169161043488,0.24537932239634083,31.089972202784004,3783.6426781600103,1.6972361227873518,3.657410395478496,0.47670861053708036,0.32792396860365264,0.05649912384290128,639.9452219286351,4,1.7284101359243867e-14,1.7443909392955777e-14,1.7118593885363968e-14,1.3990293799269221e-14,2.0272278536050853e-14,0.1466375652031635,0.15299476307995974,5.423306581348779e-13,1.1863636835901825,5.062470829061985,1.4392283000510744,0.7564911929915383,0.40469048700288757,0.38382618208512187,117719163.88756664,4007856.2673625457,113.271742899271,0.2835573933767105,159.36892655129896,101.51390192330881,3085711.5321335793,18085711.53213358,2452842.161085896,179.76275521627548,179.76275521627548,179.76275521627548,154.6869501390603,25.075805077215193,117719163.88756675,117719163.88756669,0.0,0.9999999999999994,0.001968891985199595,0.0005327719179584051,0.45150153212185223,0.0,5.063291549736019e-16,644,0,0.0,0.38643666400093934,0.0,1.8859178171637457e-14,0,0.05,24000000.0,False,5914288.467866421,0.44248;0.44282;0.44330;0.44397;0.44490;0.44619;0.44740;0.44901;0.45037;0.44527;0.43532;0.42239;0.40067;0.36012;0.30778;0.20259;0.00009;0.00000;0.00000;0.00000;0.00000;0.00000;0.00000;0.00000,1.1592438830442342,448.6051105420801,2.651864216789487,343106069.1618677,8.535428400306818,0.7460590405326555,1.4392283000510744,0.5719567212554904,0.7357726981885238,-1.4146361891311428,5.062470829061985,0.7043625337409646,0.0005361372318640286,7940.036588699139,3.8998225037159533,121.69977681167555,0.0742178438043895,0.6288620014689982,1.2131425801029843,-0.20144464640820198,106.86583802156142,0.028244167621433638,1.2473604199647363,1.2391846867936416,1.1515434326350769,1.3126191624453705,2.739980753709989,0.602912138155941,3.0857115321335793,18.08571153213358,0.11771916388756669,0.11771916388756674,0.0,shift
ok,R20037_S+01,20037,1,20299105,14.429254153591975,0.2901169161043488,0.24537932239634083,31.089972202784004,3783.6426781600103,1.6972361227873518,3.657410395478496,0.47670861053708036,0.32792396860365264,0.05649912384290128,639.9452219286351,4,1.7284101359243867e-14,1.7443909392955777e-14,1.7118593885363968e-14,1.3990293799269221e-14,2.0272278536050853e-14,0.1466375652031635,0.15299476307995974,5.423306581348779e-13,1.1863636835901825,5.062470829061985,0.3577022344384567,0.8876049431711059,1.3812139528023522,1.8385292633321957,176132842.8820239,5647697.530397389,139.2686488069396,0.28649124679166466,196.5224381413555,124.44752397721722,4079409.687389508,19079409.687389508,3599213.239620596,219.61297128190742,219.61297128190742,219.61297128190742,188.19319836703758,31.41977291486984,176132842.88202366,176132842.8820237,0.0,1.0000000000000002,0.0029419254755528707,0.0007946460740735713,0.42871739349324145,0.0,1.6920366412104834e-16,1089,0,0.0,0.6845172159992217,0.0,2.1724482685803667e-14,0,0.05,24000000.0,False,4920590.312610492,0.37999;0.38077;0.38185;0.38335;0.38544;0.38836;0.39032;0.39220;0.39428;0.39678;0.40029;0.41318;0.42393;0.38879;0.34156;0.28019;0.09748;0.00000;0.00000;0.00000;0.00000;0.00000;0.00000;0.00000,1.1592438830442342,448.6051105420801,2.651864216789487,343106069.1618677,8.535428400306818,1.1162625984360275,1.8385292633321957,0.49465952351037235,0.2789010353285904,1.326593788028458,5.062470829061985,0.7043625337409646,0.0008021750384950185,7940.036588699139,3.8998225037159533,121.69977681167555,0.0742178438043895,0.9409109650575154,1.5497180913094246,-0.026451470317308545,130.7180268850908,0.034548195483580686,1.2473604199647363,1.2391846867936416,1.1515434326350769,1.3126191624453705,2.739980753709989,0.7518714294748922,4.079409687389508,19.079409687389507,0.1761328428820237,0.17613284288202366,0.0,shift
ok,R20037_S+02,20037,2,20299105,14.429254153591975,0.2901169161043488,0.24537932239634083,31.089972202784004,3783.6426781600103,1.6972361227873518,3.657410395478496,0.47670861053708036,0.32792396860365264,0.05649912384290128,639.9452219286351,4,1.7284101359243867e-14,1.7443909392955777e-14,1.7118593885363968e-14,1.3990293799269221e-14,2.0272278536050853e-14,0.1466375652031635,0.15299476307995974,5.423306581348779e-13,1.1863636835901825,5.062470829061985,2.3832295420744396,1.5967169758806297,1.3528547609492303,1.6516428972802413,275515369.4179516,6636201.17861254,173.62233233191358,0.284649430657222,245.6279827962962,156.30800303280844,4943841.2973321155,19943841.297332115,4141429.93503676,271.80143347097555,271.80143347097555,271.80143347097555,236.67346668615073,35.12796678482482,275515369.4179517,275515369.41795164,0.0,0.9999999999999998,0.004611201829623128,0.001236490393596306,0.40913843825096435,0.0,2.1633872876605836e-16,1973,0,0.0,1.1568043309998757,0.0,9.026399840170995e-15,0,0.05,24000000.0,False,4056158.7026678845,0.37688;0.37755;0.37849;0.37978;0.38159;0.38411;0.38578;0.38739;0.38917;0.39130;0.39426;0.40108;0.40785;0.39965;0.37111;0.32415;0.24896;0.01666;0.00000;0.00000;0.00000;0.00000;0.00000;0.00000,1.1592438830442342,448.6051105420801,2.651864216789487,343106069.1618677,8.535428400306818,1.7461110440461352,2.3832295420744396,0.22028783096020432,0.5698300992261968,-0.41898059535718085,5.062470829061985,0.7043625337409646,0.001254800345310108,7940.036588699139,3.8998225037159533,121.69977681167555,0.0742178438043895,1.4718176796865874,2.008852407604296,0.167854015429417,163.48888302147162,0.04320938760025205,1.2473604199647363,1.2391846867936416,1.1515434326350769,1.3126191624453705,2.739980753709989,0.8219195433313696,4.943841297332115,19.943841297332117,0.2755153694179516,0.2755153694179517,0.0,shift
ok,R20037_S+03,20037,3,20299105,14.429254153591975,0.2901169161043488,0.24537932239634083,31.089972202784004,3783.6426781600103,1.6972361227873518,3.657410395478496,0.47670861053708036,0.32792396860365264,0.05649912384290128,639.9452219286351,4,1.7284101359243867e-14,1.7443909392955777e-14,1.7118593885363968e-14,1.3990293799269221e-14,2.0272278536050853e-14,0.1466375652031635,0.15299476307995974,5.423306581348779e-13,1.1863636835901825,5.062470829061985,0.11387684704676931,0.15109843969274822,0.19722830752444864,0.2522664505418705,28183699.857455842,795938.3884600983,55.65062488530471,0.28588216580035913,77.91317785248795,49.1640974692072,551473.1496385727,15551473.149638573,508542.97065114416,86.35651918378602,86.35651918378602,86.35651918378602,75.29331954410144,11.063199639684584,28183699.85745583,28183699.85745573,0.0,0.9999999999999964,0.00045684628915490944,0.00012816564989506703,0.4991869437794357,0.0,3.5688301595314884e-15,224,0,0.0,0.11282082300022012,0.0,5.3312088071033824e-14,0,0.05,24000000.0,False,8448526.850361427,0.48161;0.48205;0.48267;0.48352;0.48471;0.48636;0.49263;0.49649;0.47432;0.43913;0.39851;0.35341;0.29915;0.15867;0.00000;0.00000;0.00000;0.00000;0.00000;0.00000;0.00000;0.00000;0.00000;0.00000,1.1592438830442342,448.6051105420801,2.651864216789487,343106069.1618677,8.535428400306818,0.1786175112014592,0.2522664505418705,0.2898189446453085,0.3708696937903489,0.7747818372579063,5.062470829061985,0.7043625337409646,0.0001283591415896807,7940.036588699139,3.8998225037159533,121.69977681167555,0.0742178438043895,0.15055881570896165,0.21263837896525956,-0.8222938100504911,52.28947891537924,0.013819877658428273,1.2473604199647363,1.2391846867936416,1.1515434326350769,1.3126191624453705,2.739980753709989,-0.09912054857814842,0.5514731496385727,15.551473149638573,0.02818369985745573,0.02818369985745583,0.0,shift
ok,R20038_S+00,20038,0,20300105,16.766995943497214,0.6271872151048584,0.13525839262358016,46.143214161977994,1659.6309596978167,2.0017103605747977,2.0137609212187835,0.4581409668507702,0.2053086241586801,0.07600101984516917,617.3629737195256,4,1.6772471949732203e-14,2.285927992438091e-14,9.722898488411276e-15,3.265733217995572e-15,3.6770140016453175e-14,0.6686516982389255,0.616868007661881,1.0548006491393124e-12,0.6998320989843747,3.616853835257245,0.4255634057811642,0.722892941848049,0.7940523893190856,0.6390417481942737,101834421.98741905,4632993.664040449,113.69388870864333,0.31964470055124405,135.43920578581543,83.9716567015588,4247404.792545527,19247404.792545527,4189427.3501726612,148.58570967579658,148.58570967579658,148.58570967579658,99.34596780299337,49.23974187280321,101834421.98741914,101834421.9874191,0.0,0.9999999999999996,0.006406245683477704,0.002944077107256554,0.6467382289769911,0.0,4.3898205252312167e-16,879,0,0.0,0.5305124540009274,0.0,4.315377939463163e-14,0,0.05,24000000.0,False,4752595.207454473,0.58687;0.58716;0.58755;0.58809;0.58883;0.58986;0.59096;0.59237;0.59463;0.59876;0.60860;0.62278;0.62227;0.55787;0.43257;0.24469;0.00000;0.00000;0.00000;0.00000;0.00000;0.00000;0.00000;0.00000,1.2244552592650726,773.6830846738083,2.8885631018167173,54006370.68039116,7.7324449929368235,0.6453876212856431,0.7940523893190856,0.21423895933020884,0.444870768260721,0.33077539043567405,3.616853835257245,0.558330958354138,0.003054281281713985,10179.903983525106,4.007743681770694,35.96695613513097,-0.15500614174439065,0.9222035145605014,1.1346327075757847,-0.035173226996980375,102.88848990015123,0.06199480028914683,1.3647791436079808,0.9935123493060248,0.5196973015343872,1.5712118813824685,3.0288869861596255,0.6658617062739188,4.247404792545527,19.247404792545527,0.1018344219874191,0.10183442198741914,0.0,shift
ok,R20038_S+01,20038,1,20300105,16.766995943497214,0.6271872151048584,0.13525839262358016,46.143214161977994,1659.6309596978167,2.0017103605747977,2.0137609212187835,0.4581409668507702,0.2053086241586801,0.07600101984516917,617.3629737195256,4,1.6772471949732203e-14,2.285927992438091e-14,9.722898488411276e-15,3.265733217995572e-15,3.6770140016453175e-14,0.6686516982389255,0.616868007661881,1.0548006491393124e-12,0.6998320989843747,3.616853835257245,0.777340396243161,0.6590119180496021,0.45466490304782914,0.16429935123784184,81076072.68071349,3401212.5559794456,99.32684242656563,0.3064279847336824,119.29082276943458,74.61698291268006,3120825.469096191,18120825.46909619,3083369.2858257256,132.05537555096512,132.05537555096512,132.05537555096512,97.67508598255428,34.380289568410845,81076072.68071349,81076072.68071347,0.0,0.9999999999999998,0.005395795891807477,0.002362602006227996,0.6555052606353514,0.0,1.8379234096020009e-16,706,0,0.0,0.4112461999993684,0.0,1.309772841686284e-13,0,0.05,24000000.0,False,5879174.530903809,0.60949;0.60965;0.60986;0.61016;0.61057;0.61113;0.61197;0.61301;0.61400;0.61782;0.62960;0.64619;0.60745;0.53378;0.38380;0.09495;0.00000;0.00000;0.00000;0.00000;0.00000;0.00000;0.00000;0.00000,1.2244552592650726,773.6830846738083,2.8885631018167173,54006370.68039116,7.7324449929368235,0.5138291421446085,0.777340396243161,0.45244601180227245,0.6988472414671482,-1.1930834488028885,3.616853835257245,0.558330958354138,0.0024316839664900213,10179.903983525106,4.007743681770694,35.96695613513097,-0.15500614174439065,0.7342177400697948,1.1107527039289418,-0.13417512634069018,91.80489610108377,0.05531645186819091,1.3647791436079808,0.9935123493060248,0.5196973015343872,1.5712118813824685,3.0288869861596255,0.5316337736570476,3.120825469096191,18.120825469096193,0.08107607268071347,0.08107607268071348,0.0,shift
ok,R20038_S+02,20038,2,20300105,16.766995943497214,0.6271872151048584,0.13525839262358016,46.143214161977994,1659.6309596978167,2.0017103605747977,2.0137609212187835,0.4581409668507702,0.2053086241586801,0.07600101984516917,617.3629737195256,4,1.6772471949732203e-14,2.285927992438091e-14,9.722898488411276e-15,3.265733217995572e-15,3.6770140016453175e-14,0.6686516982389255,0.616868007661881,1.0548006491393124e-12,0.6998320989843747,3.616853835257245,0.47045728580661916,0.3657897521909768,0.2254656796609953,0.0494850682166745,43833419.05942161,1878001.5230719373,72.8723096087609,0.305075681540661,87.08609770190762,54.75476416772554,1730402.5902261008,16730402.5902261,1714471.5042204391,97.57355271439042,97.57355271439042,97.57355271439042,72.87590577166714,24.69764694272328,43833419.05942159,43833419.05942167,0.0,1.0000000000000018,0.002990046071086658,0.0012942086994263552,0.6831821703548935,0.0,1.869723793506962e-15,412,0,0.0,0.23312498799896275,0.0,2.95209909351217e-13,38,0.05,24000000.0,False,7269597.409773899,0.64847;0.64857;0.64872;0.64892;0.64919;0.64958;0.65034;0.65283;0.65772;0.67139;0.66408;0.61181;0.53956;0.40348;0.10566;0.00000;0.00000;0.00000;0.00000;0.00000;0.00000;0.00000;0.00000;0.00000,1.2244552592650726,773.6830846738083,2.8885631018167173,54006370.68039116,7.7324449929368235,0.27779944646881644,0.47045728580661916,0.5683841921167747,0.7525636287503064,-1.5153817725018386,3.616853835257245,0.558330958354138,0.0013146791500741894,10179.903983525106,4.007743681770694,35.96695613513097,-0.15500614174439065,0.3969515643423194,0.6722430801464612,-0.4012624822095852,67.50285873175396,0.040673414976570926,1.3647791436079808,0.9935123493060248,0.5196973015343872,1.5712118813824685,3.0288869861596255,0.2736959401459972,1.7304025902261007,16.730402590226102,0.043833419059421674,0.04383341905942159,0.0,shift
ok,R20038_S+03,20038,3,20300105,16.766995943497214,0.6271872151048584,0.13525839262358016,46.143214161977994,1659.6309596978167,2.0017103605747977,2.0137609212187835,0.4581409668507702,0.2053086241586801,0.07600101984516917,617.3629737195256,4,1.6772471949732203e-14,2.285927992438091e-14,9.722898488411276e-15,3.265733217995572e-15,3.6770140016453175e-14,0.6686516982389255,0.616868007661881,1.0548006491393124e-12,0.6998320989843747,3.616853835257245,0.6270595508834318,0.5732353614484785,0.4883722718756641,0.3724702821649887,81305689.6359985,3508466.1526247025,100.56261967640684,0.3132132225504128,120.34555576906885,74.80053803935861,3255432.243640516,18255432.243640516,3225179.4386649057,132.8884701936996,132.8884701936996,132.8884701936996,94.16620570457445,38.72226448912514,81305689.63599856,81305689.63599858,0.0,1.0000000000000002,0.005395795891807477,0.002368459845851647,0.65755336369301,0.0,1.8327328949006393e-16,653,0,0.0,0.3371921059988381,0.0,6.343572821975689e-14,0,0.05,24000000.0,False,5744567.756359484,0.60578;0.60600;0.60630;0.60672;0.60729;0.60808;0.60912;0.61069;0.61347;0.61882;0.63136;0.64666;0.60647;0.53147;0.36580;0.10408;0.00000;0.00000;0.00000;0.00000;0.00000;0.00000;0.00000;0.00000,1.2244552592650726,773.6830846738083,2.8885631018167173,54006370.68039116,7.7324449929368235,0.5152843665931408,0.6270595508834318,0.186577939378478,0.582345880328076,-0.4940752819684557,3.616853835257245,0.558330958354138,0.002438570780936494,10179.903983525106,4.007743681770694,35.96695613513097,-0.15500614174439065,0.7362971308988867,0.8960142751289153,-0.13294689181884256,91.93480530791462,0.05539472782832033,1.3647791436079808,0.9935123493060248,0.5196973015343872,1.5712118813824685,3.0288869861596255,0.5451172910973482,3.255432243640516,18.255432243640517,0.08130568963599857,0.08130568963599856,0.0,shift
ok,R20039_S+00,20039,0,20301105,26.90446699352836,0.7429958331002069,0.2459645080577099,31.237011028532137,1497.3382746360928,2.512305869627456,3.175196143577964,0.4642421347681702,0.2788212907545612,0.06349169743952829,738.1104636575038,4,3.708703561076789e-14,5.6428583192737654e-14,2.4943265989554738e-14,1.26570242598344e-14,1.258979804630771e-13,0.6694224702966399,0.9430795072844469,1.7626602755159895e-12,0.8582962040386836,4.387113466704814,2.1650918938354695,1.3512604659443372,0.7284700844248266,0.296720749276937,179150254.3532675,5637835.892072149,125.2982715347529,0.30213634531637695,154.48575230933085,102.46648711884669,5481294.911869809,20481294.91186981,5450177.287391458,169.4215967186888,169.4215967186888,169.4215967186888,151.97594119360585,17.44565552508294,179150254.35326767,179150254.35326755,0.0,0.9999999999999993,0.011247533525892877,0.004264587059037898,0.49111675989747555,0.0,6.654151286646325e-16,1869,0,0.0,1.2363335520003602,0.0,8.95409714690928e-14,174,0.05,24000000.0,False,3518705.088130191,0.44364;0.44374;0.44388;0.44407;0.44433;0.44469;0.44498;0.44541;0.44591;0.44706;0.44918;0.45256;0.46675;0.48212;0.44492;0.38511;0.08888;0.00000;0.00000;0.00000;0.00000;0.00000;0.00000;0.00000,1.4298243926262448,840.4151321936242,2.924493863544749,54116741.64831961,7.733331639981111,1.1353857983703926,2.1650918938354695,0.6190161663190322,0.7742637711399047,-1.6455826268394287,4.387113466704814,0.6421788669845032,0.004485020444523647,13236.61464546707,4.121776925527475,47.93474872702807,-0.06636280821222833,1.3228367934378287,2.5225462767372187,0.1215062658945185,118.0811818167954,0.07886072493905452,1.7572157439205771,1.4026699157299265,1.1080482102857043,2.1057353613875125,3.2518852148390813,0.7511124301370762,5.481294911869809,20.48129491186981,0.17915025435326756,0.17915025435326767,0.0,shift
ok,R20039_S+01,20039,1,20301105,26.90446699352836,0.7429958331002069,0.2459645080577099,31.237011028532137,1497.3382746360928,2.512305869627456,3.175196143577964,0.4642421347681702,0.2788212907545612,0.06349169743952829,738.1104636575038,4,3.708703561076789e-14,5.6428583192737654e-14,2.4943265989554738e-14,1.26570242598344e-14,1.258979804630771e-13,0.6694224702966399,0.9430795072844469,1.7626602755159895e-12,0.8582962040386836,4.387113466704814,0.7194459028792297,1.278573858546602,1.4100921801660702,1.114000867737634,178383783.98962224,6277407.5497998,130.84790780705228,0.3309088895403335,158.71713013882524,102.23044865245528,6085879.998551559,21085879.99855156,6026015.898157246,180.58523864790885,180.58523864790885,180.58523864790885,142.18868597069454,38.396552677214316,178383783.98962253,178383783.98962235,0.0,0.999999999999999,0.012076854725976739,0.004242574523213467,0.4936104757121354,0.0,1.002411375781637e-15,1589,0,0.0,0.8971284629988077,0.0,3.1033995640689295e-14,0,0.05,24000000.0,False,2914120.0014484413,0.43786;0.43811;0.43844;0.43891;0.43954;0.44041;0.44119;0.44198;0.44302;0.44459;0.44728;0.45279;0.47295;0.48248;0.44284;0.37681;0.10437;0.00000;0.00000;0.00000;0.00000;0.00000;0.00000;0.00000,1.4298243926262448,840.4151321936242,2.924493863544749,54116741.64831961,7.733331639981111,1.1305282023323842,1.4100921801660702,0.22952779122443323,0.4418332415997523,0.3490005504014858,4.387113466704814,0.6421788669845032,0.004465831885381042,13236.61464546707,4.121776925527475,47.93474872702807,-0.06636280821222833,1.3171772134290263,1.6428969084692784,0.11964420900644035,117.82831380249225,0.07869184659099747,1.7572157439205771,1.4026699157299265,1.1080482102857043,2.1057353613875125,3.2518852148390813,0.7977803253821796,6.085879998551559,21.085879998551558,0.17838378398962235,0.17838378398962254,0.0,shift
ok,R20039_S+02,20039,2,20301105,26.90446699352836,0.7429958331002069,0.2459645080577099,31.237011028532137,1497.3382746360928,2.512305869627456,3.175196143577964,0.4642421347681702,0.2788212907545612,0.06349169743952829,738.1104636575038,4,3.708703561076789e-14,5.6428583192737654e-14,2.4943265989554738e-14,1.26570242598344e-14,1.258979804630771e-13,0.6694224702966399,0.9430795072844469,1.7626602755159895e-12,0.8582962040386836,4.387113466704814,0.2493410806088299,0.19891804293731447,0.23754080028291502,0.3652093526456316,41459162.92909714,1569849.166446224,63.8482534829777,0.33900628924883947,77.43667717587985,49.166719057615985,1461641.0707315207,16461641.07073152,1447596.8749144878,86.05629503952837,86.05629503952837,86.05629503952837,69.6240774836232,16.43221755590517,41459162.92909717,41459162.9290971,0.0,0.9999999999999983,0.0026773807693760542,0.001025198793973525,0.5539929862356945,0.0,1.6173801069498504e-15,372,0,0.0,0.20384875899981125,0.0,1.4060625384552768e-13,0,0.05,24000000.0,False,7538358.929268479,0.51472;0.51493;0.51522;0.51561;0.51615;0.51690;0.51905;0.52455;0.54138;0.54386;0.51262;0.47386;0.42868;0.33162;0.02322;0.00000;0.00000;0.00000;0.00000;0.00000;0.00000;0.00000;0.00000;0.00000,1.4298243926262448,840.4151321936242,2.924493863544749,54116741.64831961,7.733331639981111,0.26275231911867275,0.3652093526456316,0.23605373351224146,0.42650348915063907,0.4409790650961657,4.387113466704814,0.6421788669845032,0.001037928715318322,13236.61464546707,4.121776925527475,47.93474872702807,-0.06636280821222833,0.30613244924339716,0.4255050306958733,-0.514090633877225,56.80443457194822,0.03793694152762758,1.7572157439205771,1.4026699157299265,1.1080482102857043,2.1057353613875125,3.2518852148390813,0.19585792672327335,1.4616410707315206,16.46164107073152,0.0414591629290971,0.04145916292909717,0.0,shift
ok,R20039_S+03,20039,3,20301105,26.90446699352836,0.7429958331002069,0.2459645080577099,31.237011028532137,1497.3382746360928,2.512305869627456,3.175196143577964,0.4642421347681702,0.2788212907545612,0.06349169743952829,738.1104636575038,4,3.708703561076789e-14,5.6428583192737654e-14,2.4943265989554738e-14,1.26570242598344e-14,1.258979804630771e-13,0.6694224702966399,0.9430795072844469,1.7626602755159895e-12,0.8582962040386836,4.387113466704814,1.672474418050271,1.2545397455279974,1.1270135056491257,1.2898956984136556,210801745.08333647,7293980.441026056,141.13679834628485,0.32578910873934525,171.49977800071755,111.17291111296649,7122805.119869176,22122805.119869176,7045635.754172452,194.00733036604737,194.00733036604737,194.00733036604737,155.13052085144417,38.876809514603195,210801745.0833366,210801745.08333665,0.0,1.0000000000000002,0.013864332192720617,0.0049707721446999595,0.4845598555746655,0.0,2.8275214112590495e-16,2056,0,0.0,1.1933435810005903,0.0,2.9112960521802906e-14,0,0.05,24000000.0,False,1877194.8801308237,0.42882;0.42906;0.42940;0.42986;0.43049;0.43137;0.43214;0.43286;0.43379;0.43512;0.43728;0.44143;0.45346;0.47779;0.45508;0.40101;0.18733;0.00000;0.00000;0.00000;0.00000;0.00000;0.00000;0.00000,1.4298243926262448,840.4151321936242,2.924493863544749,54116741.64831961,7.733331639981111,1.3359808419102623,1.672474418050271,0.15232381577949328,0.5477275705902068,-0.2863654235412406,4.387113466704814,0.6421788669845032,0.005277414424294856,13236.61464546707,4.121776925527475,47.93474872702807,-0.06636280821222833,1.556549866612307,1.9485981764576141,0.19216303857307765,128.08818668298497,0.08554392073769371,1.7572157439205771,1.4026699157299265,1.1080482102857043,2.1057353613875125,3.2518852148390813,0.862964594408823,7.122805119869176,22.122805119869177,0.21080174508333666,0.2108017450833366,0.0,shift
ok,R20040_S+00,20040,0,20302105,19.434520155392267,0.184011192640048,0.2738036441707393,68.97003481694011,3062.9139408354345,2.6664014370234095,3.398878185972294,0.562034891362582,0.27444097363280373,0.07153276524822533,769.9758243190663,4,2.1457269087430347e-14,2.2155918311641296e-14,2.0680709886243037e-14,1.3919855771571691e-14,2.8164182923589015e-14,0.262049020157309,0.2707560638759965,1.5280944573551813e-12,3.7326954975544226,4.714216396463373,1.0941093588979078,3.864730702427705,5.762613944256144,6.787759084383226,690685928.7598487,6902260.928433873,158.61283497584174,0.3067365934917496,197.88132240989424,128.21868508165497,6459689.449523736,21459689.449523736,5631674.771234378,228.85935382006096,228.85935382006096,228.85935382006096,170.49619293044844,58.363160889612516,690685928.7598476,690685928.7598493,0.0,1.0000000000000024,0.004240075969719507,0.0015810591514182105,0.4861831755709688,0.0,2.416337128378399e-15,2183,0,0.0,1.1967525259988179,0.0,1.5412674231253056e-14,0,0.05,24000000.0,False,2540310.550476264,0.43214;0.43301;0.43421;0.43588;0.43820;0.44143;0.44380;0.44587;0.44811;0.45067;0.45386;0.45878;0.47252;0.47905;0.44292;0.38043;0.14633;0.00000;0.00000;0.00000;0.00000;0.00000;0.00000;0.00000,1.2885738222280032,1340.3995317679291,3.127234267454311,556569151.0706971,8.745519131047514,4.377303272491246,6.787759084383226,0.49489444190015525,0.2832131881567917,1.30072087105925,4.714216396463373,0.6734095140459498,0.0016117006750485116,18738.259692836124,4.272729253526436,44.40934311494845,0.5720225628902148,1.1726923011424735,1.8184604366550692,0.06918407396889928,144.3579193112445,0.047130909356163535,1.3512063530110308,1.3212820400414103,1.1493513331900367,1.4554137541223333,3.1898667982373388,0.8389913730425506,6.459689449523736,21.459689449523736,0.6906859287598494,0.6906859287598477,0.0,shift
ok,R20040_S+01,20040,1,20302105,19.434520155392267,0.184011192640048,0.2738036441707393,68.97003481694011,3062.9139408354345,2.6664014370234095,3.398878185972294,0.562034891362582,0.27444097363280373,0.07153276524822533,769.9758243190663,4,2.1457269087430347e-14,2.2155918311641296e-14,2.0680709886243037e-14,1.3919855771571691e-14,2.8164182923589015e-14,0.262049020157309,0.2707560638759965,1.5280944573551813e-12,3.7326954975544226,4.714216396463373,3.364302907519671,1.738821069138254,0.7767719304059012,0.47815549132261215,250806053.51214978,2864216.294981441,94.2408387138808,0.2982014932318488,117.28239623894797,76.73275240181576,2906917.750025224,17906917.750025224,2063544.9367764518,134.36839013556244,134.36839013556244,134.36839013556244,108.0314681677896,26.336921967772838,250806053.51214996,250806053.51214993,0.0,0.9999999999999999,0.001574471445607023,0.0005811976125634254,0.5296758509524901,0.0,1.188261685488049e-16,578,0,0.0,0.34126165800080344,0.0,3.055316908654727e-14,0,0.05,24000000.0,False,6093082.249974776,0.52453;0.52473;0.52501;0.52539;0.52593;0.52667;0.52680;0.52466;0.52042;0.51442;0.50662;0.49430;0.46231;0.41663;0.29530;0.00084;0.00000;0.00000;0.00000;0.00000;0.00000;0.00000;0.00000;0.00000,1.2885738222280032,1340.3995317679291,3.127234267454311,556569151.0706971,8.745519131047514,1.5895128495966093,3.364302907519671,0.7081368966498341,0.8026238947915723,-1.8157433687494333,4.714216396463373,0.6734095140459498,0.0005852505008717698,18738.259692836124,4.272729253526436,44.40934311494845,0.5720225628902148,0.4258351238771076,0.9013065517194976,-0.37075851979554403,86.98999720494295,0.028401058235810482,1.3512063530110308,1.3212820400414103,1.1493513331900367,1.4554137541223333,3.1898667982373388,0.4570058111812005,2.906917750025224,17.906917750025222,0.2508060535121499,0.25080605351214996,0.0,shift
ok,R20040_S+02,20040,2,20302105,19.434520155392267,0.184011192640048,0.2738036441707393,68.97003481694011,3062.9139408354345,2.6664014370234095,3.398878185972294,0.562034891362582,0.27444097363280373,0.07153276524822533,769.9758243190663,4,2.1457269087430347e-14,2.2155918311641296e-14,2.0680709886243037e-14,1.3919855771571691e-14,2.8164182923589015e-14,0.262049020157309,0.2707560638759965,1.5280944573551813e-12,3.7326954975544226,4.714216396463373,1.1558976051916179,5.610456334500399,8.047750052724549,8.467778759864068,918400428.9292141,8755108.329835463,182.86480841211792,0.30661806318036844,228.44064792569392,148.42360044615748,8522870.838824645,23522870.838824645,7399580.142261997,259.90571591965545,259.90571591965545,259.90571591965545,202.14146755839243,57.764248361263014,918400428.9292135,918400428.9292135,0.0,1.0,0.00580786142010887,0.002089232515774288,0.4733065323533724,0.0,0.0,3573,0,0.0,1.770042731999638,0.0,1.675544565499129e-14,0,0.05,24000000.0,False,477129.1611753553,0.41703;0.41792;0.41917;0.42090;0.42331;0.42666;0.42943;0.43159;0.43387;0.43636;0.43925;0.44305;0.44940;0.46397;0.45920;0.41386;0.27345;0.00202;0.00000;0.00000;0.00000;0.00000;0.00000;0.00000,1.2885738222280032,1340.3995317679291,3.127234267454311,556569151.0706971,8.745519131047514,5.820470688070158,8.467778759864068,0.4992133405091153,0.29062743815378084,1.2562353710773149,4.714216396463373,0.6734095140459498,0.0021430675356710754,18738.259692836124,4.272729253526436,44.40934311494845,0.5720225628902148,1.5593210568297358,2.2685426029023703,0.19293554357513237,166.46247540078613,0.05434774813012936,1.3512063530110308,1.3212820400414103,1.1493513331900367,1.4554137541223333,3.1898667982373388,0.9422615241212013,8.522870838824645,23.522870838824645,0.9184004289292135,0.9184004289292135,0.0,shift
ok,R20040_S+03,20040,3,20302105,19.434520155392267,0.184011192640048,0.2738036441707393,68.97003481694011,3062.9139408354345,2.6664014370234095,3.398878185972294,0.562034891362582,0.27444097363280373,0.07153276524822533,769.9758243190663,4,2.1457269087430347e-14,2.2155918311641296e-14,2.0680709886243037e-14,1.3919855771571691e-14,2.8164182923589015e-14,0.262049020157309,0.2707560638759965,1.5280944573551813e-12,3.7326954975544226,4.714216396463373,0.07483219343618278,1.0074018416299722,1.5811954246842512,1.79621294259902,175919513.84547782,1811518.7009633232,80.12254536493137,0.30730172805800715,100.41655553834893,64.06725146154864,1484870.8592682816,16484870.859268282,1342416.693667611,114.45807623438175,114.45807623438175,114.45807623438175,87.05239674897015,27.405679485411596,175919513.845478,175919513.84547797,0.0,0.9999999999999998,0.0011494550778451908,0.000408486959488699,0.5345996116745001,0.0,1.6940884917333677e-16,384,0,0.0,0.2214956389998406,0.0,1.5841169166369136e-13,0,0.05,24000000.0,False,7515129.140731718,0.50612;0.50667;0.50743;0.50850;0.50998;0.51204;0.51381;0.51622;0.52140;0.53150;0.51680;0.48118;0.43920;0.37235;0.11903;0.00000;0.00000;0.00000;0.00000;0.00000;0.00000;0.00000;0.00000;0.00000,1.2885738222280032,1340.3995317679291,3.127234267454311,556569151.0706971,8.745519131047514,1.1149106005873566,1.79621294259902,0.5974737348380572,0.24267282831825554,1.5439630300904668,4.714216396463373,0.6734095140459498,0.0004105043803745215,18738.259692836124,4.272729253526436,44.40934311494845,0.5720225628902148,0.298687798487131,0.48121068106837483,-0.5247825181322042,72.85465697441843,0.02378606071920739,1.3512063530110308,1.3212820400414103,1.1493513331900367,1.4554137541223333,3.1898667982373388,0.2580428217728497,1.4848708592682816,16.48487085926828,0.17591951384547796,0.175919513845478,0.0,shift
ok,R20041_S+00,20041,0,20303105,22.868574912786702,0.5257034011278418,0.15647825795451714,42.358702804091486,3917.098806914217,1.5697211662296082,3.4384452142541972,0.6301188180954302,0.21085380271560417,0.059669732694421704,616.2544329464533,4,1.4629108459422093e-14,1.929147342539674e-14,9.792690911673666e-15,3.6799551722660756e-15,3.513666583165456e-14,0.6242572006256428,0.6835839775744403,8.171617894794094e-13,1.9693756191599137,6.336064764918959,3.2057301182878883,3.6393808954331703,3.3314761646704,2.2820159259995756,491454516.65891314,8782075.034351753,276.19843170828614,0.41363354216163384,391.7774149328544,229.1916409211596,6263493.995484702,21263493.995484702,5824780.704752639,451.5146281774196,451.5146281774196,451.5146281774196,198.78267075588803,252.73195742153155,491454516.65891266,491454516.6589137,0.0,1.000000000000002,0.009230697164947505,0.002413005314846994,0.4427822284147361,0.0,2.0617960092630367e-15,5449,0,0.0,2.6125047340010497,0.0,9.720525462340319e-15,0,0.05,24000000.0,False,2736506.0045152977,0.40411;0.40475;0.40564;0.40689;0.40862;0.41103;0.41269;0.41424;0.41596;0.41798;0.42026;0.42237;0.42634;0.42154;0.41665;0.38472;0.28621;0.21454;0.07362;0.00003;0.00000;0.00000;0.00000;0.00000,1.3592391017822356,968.6831682838343,2.986181753556418,319503470.6623118,8.504475580119783,3.1146507760977586,3.6393808954331703,0.16244114071421367,0.5494284516783827,-0.2965707100702966,6.336064764918959,0.801819607802266,0.002496017892928716,16234.079231502788,4.210427661239346,92.47447508085303,0.29432855705768346,1.5815422643580765,1.8479871792998226,0.19908080227907915,220.29753600431033,0.05623997424202191,1.291081996799413,0.9966186447808443,0.5715591260721733,1.5514771460586425,2.9180246485735952,0.9435971434112416,6.263493995484702,21.2634939954847,0.49145451665891365,0.49145451665891265,0.0,shift
ok,R20041_S+01,20041,1,20303105,22.868574912786702,0.5257034011278418,0.15647825795451714,42.358702804091486,3917.098806914217,1.5697211662296082,3.4384452142541972,0.6301188180954302,0.21085380271560417,0.059669732694421704,616.2544329464533,4,1.4629108459422093e-14,1.929147342539674e-14,9.792690911673666e-15,3.6799551722660756e-15,3.513666583165456e-14,0.6242572006256428,0.6835839775744403,8.171617894794094e-13,1.9693756191599137,6.336064764918959,1.0273238561386708,0.5580417042809008,0.24530810443492082,0.08912305660073055,75730221.27124418,2129313.8695221683,106.74927712016226,0.400975024969925,151.01233678900826,88.07337050645688,1426073.062877221,16426073.062877221,1226210.2727665324,172.03697485551257,172.03697485551257,172.03697485551257,79.85661614253905,92.18035871297351,75730221.27124414,75730221.27124417,0.0,1.0000000000000004,0.001302609800424911,0.0003826181425203549,0.553323292566003,0.0,3.935327520165544e-16,451,0,0.0,0.271960128999126,0.0,6.559765429140692e-14,17,0.05,24000000.0,False,7573926.937122779,0.54757;0.54770;0.54788;0.54813;0.54848;0.54896;0.54507;0.53908;0.53088;0.51828;0.49689;0.45873;0.40240;0.31789;0.22771;0.10599;0.00000;0.00000;0.00000;0.00000;0.00000;0.00000;0.00000;0.00000,1.3592391017822356,968.6831682838343,2.986181753556418,319503470.6623118,8.504475580119783,0.47994918036380574,1.0273238561386708,0.7465398521887697,0.825798660192445,-1.95479196115467,6.336064764918959,0.801819607802266,0.00038462152838380706,16234.079231502788,4.210427661239346,92.47447508085303,0.29432855705768346,0.24370626694796804,0.5216495249275511,-0.6131333027154559,86.47739270590333,0.022076898482432675,1.291081996799413,0.9966186447808443,0.5715591260721733,1.5514771460586425,2.9180246485735952,0.3282396829294286,1.4260730628772211,16.426073062877222,0.07573022127124417,0.07573022127124414,0.0,shift
ok,R20041_S+02,20041,2,20303105,22.868574912786702,0.5257034011278418,0.15647825795451714,42.358702804091486,3917.098806914217,1.5697211662296082,3.4384452142541972,0.6301188180954302,0.21085380271560417,0.059669732694421704,616.2544329464533,4,1.4629108459422093e-14,1.929147342539674e-14,9.792690911673666e-15,3.6799551722660756e-15,3.513666583165456e-14,0.6242572006256428,0.6835839775744403,8.171617894794094e-13,1.9693756191599137,6.336064764918959,1.7589326387452537,1.693694568108036,1.508871082119493,1.204462180779625,243228642.65032324,4084281.5354677895,194.12838319459271,0.41287636465849936,275.6835410207561,159.7802382117964,2852954.648974456,17852954.648974456,2739317.664280664,315.8562123442339,315.8562123442339,315.8562123442339,138.7933199044433,177.06289243979057,243228642.65032312,243228642.65032318,0.0,1.0000000000000002,0.004621121954793973,0.0012146092995578978,0.484631605266027,0.0,2.4505602681457647e-16,1644,0,0.0,0.8634479150005063,0.0,2.1301411681984562e-14,0,0.05,24000000.0,False,6147045.351025544,0.45467;0.45519;0.45592;0.45694;0.45835;0.46032;0.46175;0.46335;0.46541;0.46772;0.47152;0.46937;0.46347;0.43966;0.38359;0.27873;0.20951;0.06322;0.00000;0.00000;0.00000;0.00000;0.00000;0.00000,1.3592391017822356,968.6831682838343,2.986181753556418,319503470.6623118,8.504475580119783,1.541490117438102,1.7589326387452537,0.13955057172012444,0.5599496175478934,-0.3596977052873603,6.336064764918959,0.801819607802266,0.0012353188821119787,16234.079231502788,4.210427661239346,92.47447508085303,0.29432855705768346,0.7827303752727797,0.8931422840989421,-0.10638781226752567,154.97988431757176,0.03956496681779152,1.291081996799413,0.9966186447808443,0.5715591260721733,1.5514771460586425,2.9180246485735952,0.6111156709971263,2.852954648974456,17.852954648974457,0.24322864265032318,0.24322864265032312,0.0,shift
ok,R20041_S+03,20041,3,20303105,22.868574912786702,0.5257034011278418,0.15647825795451714,42.358702804091486,3917.098806914217,1.5697211662296082,3.4384452142541972,0.6301188180954302,0.21085380271560417,0.059669732694421704,616.2544329464533,4,1.4629108459422093e-14,1.929147342539674e-14,9.792690911673666e-15,3.6799551722660756e-15,3.513666583165456e-14,0.6242572006256428,0.6835839775744403,8.171617894794094e-13,1.9693756191599137,6.336064764918959,5.187045409163129,7.063462017947078,7.594699244699192,6.780757089419469,1050314392.4891951,19315829.983704146,406.05878611562883,0.4183263012397825,569.8516689495623,340.2241283485938,15052352.057963558,30052352.057963558,13918923.999706365,656.8935686033975,656.8935686033975,656.8935686033975,290.83318691983834,366.06038168355917,1050314392.4892136,1050314392.4892042,0.0,0.999999999999991,0.0181777055714594,0.00496941393246,0.40322399006189485,0.0,8.966395149734592e-15,21600,0,0.0,11.267953796001166,0.0,4.740215632723306e-15,0,0.05,24000000.0,True,-6052352.057963558,0.33133;0.33220;0.33342;0.33511;0.33747;0.34075;0.34428;0.34650;0.34880;0.35122;0.35383;0.35679;0.36040;0.36530;0.37291;0.37032;0.36687;0.30157;0.22454;0.09628;0.00075;0.00000;0.00000;0.00000,1.3592391017822356,968.6831682838343,2.986181753556418,319503470.6623118,8.504475580119783,6.656490940307217,7.594699244699192,0.13480040620709063,0.4600963006247557,0.23942219625146602,6.336064764918959,0.801819607802266,0.005334376687951107,16234.079231502788,4.210427661239346,92.47447508085303,0.29432855705768346,3.380000684250732,3.8563995465420153,0.5289167881966745,322.05321026765034,0.08221728022259285,1.291081996799413,0.9966186447808443,0.5715591260721733,1.5514771460586425,2.9180246485735952,1.2859133741219682,15.052352057963558,30.052352057963557,1.0503143924892042,1.0503143924892135,0.0,shift
ok,R20042_S+00,20042,0,20304105,24.173225888585083,0.47001495566137536,0.2339808662710446,45.577834812741926,1321.7128982787515,2.713050599806975,2.1541591670833444,0.3696145213250345,0.3235153861352823,0.0687239562371262,755.6469429986635,4,2.4515849576813663e-14,2.79608718458532e-14,2.1848103869074217e-14,1.3357543487729619e-14,5.2669303113896606e-14,0.4401906004135565,0.6185907167658282,1.2743959982105438e-12,0.9960340843373048,3.2269491591815016,0.7710309865825621,0.43969884661977643,0.2545975983207752,0.21572724168555854,66312563.69406249,1882270.0522001674,64.80356860713403,0.28358666618033757,73.60836738845975,49.18861650953697,1812180.695375517,16812180.695375517,1801042.0093262643,80.66505582530223,80.66505582530223,80.66505582530223,77.492187066125,3.172868759177234,66312563.694062546,66312563.6940626,0.0,1.0000000000000009,0.0034417361738568386,0.0014738315642296872,0.5801216317216914,0.0,7.864884310472909e-16,402,0,0.0,0.21305753299930075,0.0,8.886690799650179e-14,0,0.05,24000000.0,False,7187819.304624483,0.55187;0.55195;0.55205;0.55220;0.55240;0.55268;0.55360;0.55558;0.55939;0.56859;0.57504;0.54632;0.50328;0.43882;0.05839;0.00000;0.00000;0.00000;0.00000;0.00000;0.00000;0.00000;0.00000;0.00000,1.3833346103632829,1101.7632964410277,3.0420883004219132,58527256.08206061,7.767358163677588,0.420263668302168,0.7710309865825621,0.5222570610175091,0.7202203786099279,-1.3213222716595674,3.2269491591815016,0.5087921231166835,0.0014994042067748982,16031.721058658013,4.204980147816175,28.999027788596223,-0.001725799742632228,0.4219370349979375,0.7741010058863147,-0.3747523532876137,62.225375925306984,0.04707934378664401,1.4522673067556686,1.3451303496030804,1.1314431945431307,1.727274169859366,3.111020996814299,0.2746819324635166,1.812180695375517,16.812180695375517,0.0663125636940626,0.06631256369406255,0.0,shift
ok,R20042_S+01,20042,1,20304105,24.173225888585083,0.47001495566137536,0.2339808662710446,45.577834812741926,1321.7128982787515,2.713050599806975,2.1541591670833444,0.3696145213250345,0.3235153861352823,0.0687239562371262,755.6469429986635,4,2.4515849576813663e-14,2.79608718458532e-14,2.1848103869074217e-14,1.3357543487729619e-14,5.2669303113896606e-14,0.4401906004135565,0.6185907167658282,1.2743959982105438e-12,0.9960340843373048,3.2269491591815016,1.1036578383548954,0.6332024622761782,0.4704543244301608,0.6154134248168435,111348153.38354051,3388252.8916571913,85.45979728823272,0.2937138855257969,94.9112396721364,63.796631521674996,3221674.354587633,18221674.354587633,3182472.7716508806,106.49067615233547,106.49067615233547,106.49067615233547,96.99202315612537,9.498652996210097,111348153.38354042,111348153.38354075,0.0,1.0000000000000029,0.005816932159449682,0.0024465567858530267,0.5633334169854598,0.0,2.944148926614421e-15,631,0,0.0,0.3403606689989829,0.0,6.722008273051423e-14,0,0.05,24000000.0,False,5778325.645412367,0.52452;0.52465;0.52483;0.52508;0.52541;0.52587;0.52654;0.52760;0.52946;0.53327;0.54334;0.56152;0.53919;0.49405;0.41715;0.00401;0.00000;0.00000;0.00000;0.00000;0.00000;0.00000;0.00000;0.00000,1.3833346103632829,1101.7632964410277,3.0420883004219132,58527256.08206061,7.767358163677588,0.7056820124695193,1.1036578383548954,0.33766592561458186,0.615312658513488,-0.6918759510809279,3.2269491591815016,0.5087921231166835,0.0025177112797230942,16031.721058658013,4.204980147816175,28.999027788596223,-0.001725799742632228,0.708491831320244,1.108052280248217,-0.14966515266139563,80.63268642012929,0.061006203786870904,1.4522673067556686,1.3451303496030804,1.1314431945431307,1.727274169859366,3.111020996814299,0.5299758176422651,3.221674354587633,18.221674354587634,0.11134815338354075,0.11134815338354043,0.0,shift
ok,R20042_S+02,20042,2,20304105,24.173225888585083,0.47001495566137536,0.2339808662710446,45.577834812741926,1321.7128982787515,2.713050599806975,2.1541591670833444,0.3696145213250345,0.3235153861352823,0.0687239562371262,755.6469429986635,4,2.4515849576813663e-14,2.79608718458532e-14,2.1848103869074217e-14,1.3357543487729619e-14,5.2669303113896606e-14,0.4401906004135565,0.6185907167658282,1.2743959982105438e-12,0.9960340843373048,3.2269491591815016,0.12199244652969218,0.23376386416692893,0.287446164028741,0.2830393461151284,36537461.10669483,1202565.584375283,50.00262773097031,0.30642985148679447,55.036429432065816,36.50564974030953,1111251.645321723,16111251.645321723,1097513.7056192867,61.727024986120526,61.727024986120526,61.727024986120526,54.816810925406706,6.91021406071382,36537461.106694825,36537461.10669493,0.0,1.0000000000000029,0.001977101217524439,0.000818266066127221,0.5989628429102248,0.0,2.85482694192512e-15,338,0,0.0,0.1650247119996493,0.0,1.1400031327443197e-13,0,0.05,24000000.0,False,7888748.354678277,0.57406;0.57421;0.57441;0.57469;0.57506;0.57557;0.57776;0.58400;0.59685;0.58155;0.54792;0.50532;0.44389;0.09612;0.00000;0.00000;0.00000;0.00000;0.00000;0.00000;0.00000;0.00000;0.00000;0.00000,1.3833346103632829,1101.7632964410277,3.0420883004219132,58527256.08206061,7.767358163677588,0.23156045521012264,0.287446164028741,0.28794642564950845,0.3840857783486829,0.6954853299079023,3.2269491591815016,0.5087921231166835,0.0008261544997868595,16031.721058658013,4.204980147816175,28.999027788596223,-0.001725799742632228,0.2324824610436777,0.2885906903677786,-0.6336098056095787,46.189025850074046,0.03494633812700578,1.4522673067556686,1.3451303496030804,1.1314431945431307,1.727274169859366,3.111020996814299,0.08010877083013784,1.1112516453217232,16.111251645321722,0.03653746110669493,0.03653746110669483,0.0,shift
ok,R20042_S+03,20042,3,20304105,24.173225888585083,0.47001495566137536,0.2339808662710446,45.577834812741926,1321.7128982787515,2.713050599806975,2.1541591670833444,0.3696145213250345,0.3235153861352823,0.0687239562371262,755.6469429986635,4,2.4515849576813663e-14,2.79608718458532e-14,2.1848103869074217e-14,1.3357543487729619e-14,5.2669303113896606e-14,0.4401906004135565,0.6185907167658282,1.2743959982105438e-12,0.9960340843373048,3.2269491591815016,1.7651757986341439,1.263236865280727,0.7616287388628928,0.26035141938064105,159775845.6556826,4500895.476824584,99.94040454688825,0.2799334923319092,112.52851145586489,76.51660982767882,4307870.56527156,19307870.56527156,4260658.964713156,126.52260131392195,126.52260131392195,126.52260131392195,117.66106973281023,8.86153158111172,159775845.6556824,159775845.6556825,0.0,1.0000000000000007,0.008490026031536358,0.0034689071539380886,0.5487021018156664,0.0,5.595774930571065e-16,1054,0,0.0,0.5549086560004071,0.0,8.087278080115958e-14,50,0.05,24000000.0,False,4692129.43472844,0.51004;0.51009;0.51017;0.51027;0.51041;0.51060;0.51088;0.51119;0.51200;0.51311;0.51579;0.52387;0.54536;0.52151;0.46940;0.30955;0.00000;0.00000;0.00000;0.00000;0.00000;0.00000;0.00000;0.00000,1.3833346103632829,1101.7632964410277,3.0420883004219132,58527256.08206061,7.767358163677588,1.0125982055396012,1.7651757986341439,0.5538375988539355,0.7476836931340074,-1.4861021588040444,3.2269491591815016,0.5087921231166835,0.0036127177381108833,16031.721058658013,4.204980147816175,28.999027788596223,-0.001725799742632228,1.0166300746759256,1.77220421107233,0.007162953165822846,96.5884467626255,0.07307823574121983,1.4522673067556686,1.3451303496030804,1.1314431945431307,1.727274169859366,3.111020996814299,0.6532989275429235,4.3078705652715605,19.30787056527156,0.1597758456556825,0.15977584565568242,0.0,shift
ok,R20043_S+00,20043,0,20305105,17.028677828716173,0.31823217948012367,0.24016888208397066,71.91082185033804,1652.7335104110048,2.047500247262595,2.9896654591600784,0.3616668616895993,0.21721037173576488,0.06334990583223737,601.7112582453451,4,1.8113348242133488e-14,1.9620891550249578e-14,1.6424001648781792e-14,9.096134537215866e-15,2.8190641983716638e-14,0.3876980037479887,0.4110364688356197,1.4109544368148003e-12,1.5682891838917343,3.4254213035204377,0.5173618417012709,0.35727450238964326,0.20839087560364158,0.0707109613432658,45511510.027398944,805353.2259725543,44.80647338629064,0.2893146468001964,56.19810845140959,36.31286832971161,703445.9760312233,15703445.976031223,687301.8681625891,62.52800570109567,62.52800570109567,62.52800570109567,54.027362593205886,8.500643107889786,45511510.027398966,45511510.027398914,0.0,0.9999999999999989,0.0012649608081712743,0.0005073065636215405,0.6223195856142779,0.0,1.1459532796663714e-15,267,0,0.0,0.1376315239995165,0.0,1.839426204940585e-13,0,0.05,24000000.0,False,8296554.023968777,0.61375;0.61385;0.61398;0.61416;0.61441;0.61475;0.61726;0.62059;0.60347;0.56566;0.51797;0.46065;0.34743;0.00850;0.00000;0.00000;0.00000;0.00000;0.00000;0.00000;0.00000;0.00000;0.00000;0.00000,1.2311809289970044,1224.54621768761,3.0879751812189227,148206252.8969103,8.170866527134113,0.2884345452594554,0.5173618417012709,0.577431490662398,0.7580891041537283,-1.5485346249223697,3.4254213035204377,0.5347139943807513,0.0005103481921788431,19329.882208987678,4.286229207564894,22.983098619714017,0.19542614724419907,0.18391668336556433,0.3298893131542419,-0.7353788734537698,42.20011085459683,0.025533524061058355,1.2984353350902202,1.2211955777278825,0.9645734729668763,1.4558215639122858,3.1552295873121383,-0.09401359734083374,0.7034459760312233,15.703445976031224,0.045511510027398915,0.04551151002739896,0.0,shift
ok,R20043_S+01,20043,1,20305105,17.028677828716173,0.31823217948012367,0.24016888208397066,71.91082185033804,1652.7335104110048,2.047500247262595,2.9896654591600784,0.3616668616895993,0.21721037173576488,0.06334990583223737,601.7112582453451,4,1.8113348242133488e-14,1.9620891550249578e-14,1.6424001648781792e-14,9.096134537215866e-15,2.8190641983716638e-14,0.3876980037479887,0.4110364688356197,1.4109544368148003e-12,1.5682891838917343,3.4254213035204377,0.4290784953395808,0.574197871122165,0.5766360916006679,0.43639315677508955,79537207.58849499,1463809.0757461032,60.46667811301424,0.30148938153667565,75.17854208592921,48.045675933843114,1337069.590297008,16337069.590297008,1302821.9373046868,84.86407449089855,84.86407449089855,84.86407449089855,67.39678179405274,17.467292696845803,79537207.58849497,79537207.58849493,0.0,0.9999999999999994,0.0022026008352839872,0.0008825766934501322,0.6113558629807552,0.0,5.620449213257182e-16,291,0,0.0,0.16091166300066106,0.0,2.989857394738271e-14,0,0.05,24000000.0,False,7662930.409702992,0.57922;0.57949;0.57986;0.58037;0.58108;0.58205;0.58466;0.58910;0.60274;0.59923;0.55992;0.51052;0.44968;0.29490;0.00000;0.00000;0.00000;0.00000;0.00000;0.00000;0.00000;0.00000;0.00000;0.00000,1.2311809289970044,1224.54621768761,3.0879751812189227,148206252.8969103,8.170866527134113,0.5040764037093758,0.5766360916006679,0.1416305947513345,0.49758149710980265,0.014511017341184637,3.4254213035204377,0.5347139943807513,0.0008918989960848298,19329.882208987678,4.286229207564894,22.983098619714017,0.19542614724419907,0.32141801964004,0.36768479788257946,-0.4929297790634595,55.78765917567859,0.033754781895724506,1.2984353350902202,1.2211955777278825,0.9645734729668763,1.4558215639122858,3.1552295873121383,0.16548443549481942,1.337069590297008,16.33706959029701,0.07953720758849493,0.07953720758849497,0.0,shift
ok,R20043_S+02,20043,2,20305105,17.028677828716173,0.31823217948012367,0.24016888208397066,71.91082185033804,1652.7335104110048,2.047500247262595,2.9896654591600784,0.3616668616895993,0.21721037173576488,0.06334990583223737,601.7112582453451,4,1.8113348242133488e-14,1.9620891550249578e-14,1.6424001648781792e-14,9.096134537215866e-15,2.8190641983716638e-14,0.3876980037479887,0.4110364688356197,1.4109544368148003e-12,1.5682891838917343,3.4254213035204377,2.1146431489666173,1.919047726550804,2.3711300272976064,3.4708900512070247,389567170.0033079,8382726.5895203315,135.24710270077406,0.30795249724704965,166.74656547922996,107.01786814130585,7902059.232213058,22902059.232213058,7428820.152478017,190.77680948476083,190.77680948476083,190.77680948476083,146.1982007920729,44.578608692687936,389567170.00330865,389567170.00330794,0.0,0.9999999999999981,0.010619861939773703,0.0041545738110384854,0.544382026483692,0.0,1.836026730123621e-15,1800,0,0.0,1.0331335680002667,0.0,1.1286277351612174e-14,0,0.05,24000000.0,False,1097940.7677869424,0.46844;0.46903;0.46984;0.47096;0.47250;0.47464;0.47640;0.47796;0.47980;0.48222;0.48588;0.49356;0.51717;0.52838;0.47876;0.38802;0.09919;0.00000;0.00000;0.00000;0.00000;0.00000;0.00000;0.00000,1.2311809289970044,1224.54621768761,3.0879751812189227,148206252.8969103,8.170866527134113,2.468927738505513,3.4708900512070247,0.24313676841476006,0.40844561918599204,0.5493262848840478,3.4254213035204377,0.5347139943807513,0.004368453185221172,19329.882208987678,4.286229207564894,22.983098619714017,0.19542614724419907,1.5742809195296685,2.2131696672127497,0.1970822317814689,123.465080645844,0.0747035622307558,1.2984353350902202,1.2211955777278825,0.9645734729668763,1.4558215639122858,3.1552295873121383,0.9233853014683893,7.902059232213057,22.90205923221306,0.3895671700033079,0.38956717000330865,0.0,shift
ok,R20043_S+03,20043,3,20305105,17.028677828716173,0.31823217948012367,0.24016888208397066,71.91082185033804,1652.7335104110048,2.047500247262595,2.9896654591600784,0.3616668616895993,0.21721037173576488,0.06334990583223737,601.7112582453451,4,1.8113348242133488e-14,1.9620891550249578e-14,1.6424001648781792e-14,9.096134537215866e-15,2.8190641983716638e-14,0.3876980037479887,0.4110364688356197,1.4109544368148003e-12,1.5682891838917343,3.4254213035204377,5.198176784182273,4.540498750916086,4.387010140504633,4.737710952947913,744104406.8064475,13946800.304327033,185.45860738316964,0.30315885082676963,227.08603866369606,148.49427068480443,13782245.578595292,28782245.57859529,13055617.3690186,259.11689951348694,259.11689951348694,259.11689951348694,202.29070181048894,56.826197702998,744104406.806449,744104406.8064489,0.0,0.9999999999999999,0.02092357673841944,0.007608680096087257,0.5066448415614331,0.0,1.602050578660114e-16,5173,0,0.0,2.909372068999801,0.0,4.996536331614495e-15,0,0.05,24000000.0,True,-4782245.578595292,0.42808;0.42863;0.42939;0.43043;0.43188;0.43387;0.43577;0.43713;0.43860;0.44027;0.44236;0.44529;0.45017;0.46160;0.48759;0.47642;0.38805;0.07918;0.00000;0.00000;0.00000;0.00000;0.00000;0.00000,1.2311809289970044,1224.54621768761,3.0879751812189227,148206252.8969103,8.170866527134113,4.715849157137726,5.198176784182273,0.06466689402354442,0.5162736980443001,-0.09764218826580076,3.4254213035204377,0.5347139943807513,0.008344094462639486,19329.882208987678,4.286229207564894,22.983098619714017,0.19542614724419907,3.007002283491666,3.3145524674747264,0.47813375790013624,170.6357035640222,0.10324453548569255,1.2984353350902202,1.2211955777278825,0.9645734729668763,1.4558215639122858,3.1552295873121383,1.1444745825511529,13.782245578595292,28.78224557859529,0.744104406806449,0.7441044068064491,0.0,shift
ok,R20044_S+00,20044,0,20306105,11.235917737689336,0.4797024960611459,0.2342992345000716,36.971671523331665,2695.7086168642995,1.9863022717560448,3.8858715221113767,0.21474398086797752,0.3393150237316338,0.07042955780301179,702.5766200214629,4,8.623024762622237e-15,1.1127493646199463e-14,6.4137237247512774e-15,2.8910213721248374e-15,1.8348382404387698e-14,0.5886780040546864,0.7014995763962485,4.1140203996524683e-13,1.1087376888482763,1.8294362841403022,0.32867798252376335,0.33173326062288466,0.28231186190491003,0.1804137863698393,44304380.95589986,1261843.5729871038,72.3504516215988,0.3900294152057721,92.2724198012956,53.98253857847202,1392259.7615454718,16392259.761545472,1186346.8657374308,101.99682209380231,101.99682209380231,101.99682209380231,48.29973010391774,53.69709198988457,44304380.955899894,44304380.95589987,0.0,0.9999999999999994,0.0009139965411312978,0.00031740146363804775,0.4900564887967901,0.0,5.045040988840397e-16,376,0,0.0,0.22636042799967981,0.0,1.161092819458377e-14,0,0.05,24000000.0,False,7607740.238454528,0.48170;0.48223;0.48298;0.48401;0.48546;0.48746;0.48730;0.48590;0.48178;0.47183;0.44885;0.40612;0.28746;0.17793;0.01957;0.00000;0.00000;0.00000;0.00000;0.00000;0.00000;0.00000;0.00000;0.00000,1.0506085509106038,415.410659861026,2.6184776367812224,197758756.22038066,8.296135721975045,0.2807842228553493,0.33173326062288466,0.21784756534204913,0.5880060108352935,-0.5280360650117611,1.8294362841403022,0.26231728841779256,0.0003188726399370482,5898.243192480498,3.7707226751291265,72.9128142113651,0.044828810567004086,0.2532467559094339,0.29919904767328626,-0.5964561092437157,59.22217590151619,0.021969056867282847,1.0521139527395662,0.8128268462500948,0.4667679000090889,1.2693143805888123,2.6199830386101848,0.10100552004343885,1.392259761545472,16.39225976154547,0.04430438095589987,0.04430438095589989,0.0,shift
ok,R20044_S+01,20044,1,20306105,11.235917737689336,0.4797024960611459,0.2342992345000716,36.971671523331665,2695.7086168642995,1.9863022717560448,3.8858715221113767,0.21474398086797752,0.3393150237316338,0.07042955780301179,702.5766200214629,4,8.623024762622237e-15,1.1127493646199463e-14,6.4137237247512774e-15,2.8910213721248374e-15,1.8348382404387698e-14,0.5886780040546864,0.7014995763962485,4.1140203996524683e-13,1.1087376888482763,1.8294362841403022,1.0292319036468769,2.6056408466138956,4.106645672767633,5.532246382108089,523610200.2682193,21800371.919022832,251.188687583343,0.3977897581078935,317.38962216733177,193.5264827309833,35349429.822122484,50349429.822122484,28739229.36708285,357.9437862662142,357.9437862662142,357.9437862662142,166.45873502863424,191.48505123757997,523610200.2682101,523610200.2682107,0.0,1.000000000000001,0.011807205077801924,0.0035713031942268556,0.41725144034673234,0.0,1.138340023644673e-15,15999,0,0.0,8.219891009999628,0.0,3.848522858980404e-15,0,0.05,24000000.0,True,-26349429.822122484,0.31784;0.31840;0.31918;0.32027;0.32179;0.32389;0.33624;0.34016;0.34417;0.34850;0.35324;0.35861;0.36542;0.37945;0.38528;0.36253;0.26657;0.16393;0.00013;0.00000;0.00000;0.00000;0.00000;0.00000,1.0506085509106038,415.410659861026,2.6184776367812224,197758756.22038066,8.296135721975045,3.3184412012841236,5.532246382108089,0.5058392682147548,0.27383886965167564,1.356966782089946,1.8294362841403022,0.26231728841779256,0.003768588190492694,5898.243192480498,3.7707226751291265,72.9128142113651,0.044828810567004086,2.9929903480878526,4.989680099947556,0.4761053163126457,203.59404578581652,0.07552524205032259,1.0521139527395662,0.8128268462500948,0.4667679000090889,1.2693143805888123,2.6199830386101848,1.338463902824858,35.34942982212248,50.34942982212248,0.5236102002682107,0.5236102002682101,0.0,shift
ok,R20044_S+02,20044,2,20306105,11.235917737689336,0.4797024960611459,0.2342992345000716,36.971671523331665,2695.7086168642995,1.9863022717560448,3.8858715221113767,0.21474398086797752,0.3393150237316338,0.07042955780301179,702.5766200214629,4,8.623024762622237e-15,1.1127493646199463e-14,6.4137237247512774e-15,2.8910213721248374e-15,1.8348382404387698e-14,0.5886780040546864,0.7014995763962485,4.1140203996524683e-13,1.1087376888482763,1.8294362841403022,2.047394693998215,1.4328818937047734,0.9026744670942172,0.45677241416654696,190912571.68021315,6960830.812488774,149.6404444299719,0.38719076719545886,191.41875883175763,113.62933375075133,9581847.578287847,24581847.578287847,7684100.043775402,213.40677765190762,213.40677765190762,213.40677765190762,102.0653427497583,111.34143490214932,190912571.68021303,190912571.68021318,0.0,1.0000000000000009,0.004065803551906813,0.0013472451933827182,0.4468805519008915,0.0,7.805227839478145e-16,2764,0,0.0,1.5760439210007462,0.0,8.338234470164954e-15,0,0.05,24000000.0,True,-581847.5782878473,0.42828;0.42893;0.42984;0.43111;0.43287;0.43532;0.43702;0.43867;0.43908;0.43734;0.43337;0.43090;0.42436;0.40610;0.30808;0.19095;0.06661;0.00000;0.00000;0.00000;0.00000;0.00000;0.00000;0.00000,1.0506085509106038,415.410659861026,2.6184776367812224,197758756.22038066,8.296135721975045,1.2099308672409381,2.047394693998215,0.4911741386427122,0.7191064964809158,-1.3146389788854949,1.8294362841403022,0.26231728841779256,0.0013740581499025273,5898.243192480498,3.7707226751291265,72.9128142113651,0.044828810567004086,1.0912688180535997,1.8465997093730868,0.037931745837450494,122.93577614219471,0.0456042523932709,1.0521139527395662,0.8128268462500948,0.4667679000090889,1.2693143805888123,2.6199830386101848,0.8426610780797827,9.581847578287848,24.581847578287846,0.1909125716802132,0.19091257168021303,0.0,shift
ok,R20044_S+03,20044,3,20306105,11.235917737689336,0.4797024960611459,0.2342992345000716,36.971671523331665,2695.7086168642995,1.9863022717560448,3.8858715221113767,0.21474398086797752,0.3393150237316338,0.07042955780301179,702.5766200214629,4,8.623024762622237e-15,1.1127493646199463e-14,6.4137237247512774e-15,2.8910213721248374e-15,1.8348382404387698e-14,0.5886780040546864,0.7014995763962485,4.1140203996524683e-13,1.1087376888482763,1.8294362841403022,3.119291212925767,2.9281444125388023,3.5227731122671915,4.903177312110933,570931659.5081447,20357029.926248707,261.2226260476541,0.39454722903302447,333.3132588629464,200.77687567875566,32121959.791259497,47121959.7912595,26397051.64229972,366.9034910899018,366.9034910899018,366.9034910899018,173.66547712558219,193.23801396431963,570931659.5081466,570931659.5081433,0.0,0.9999999999999941,0.011807205077801924,0.0038776548475815474,0.41579431221959456,0.0,5.8463391403051925e-15,16845,0,0.0,8.854781455000193,0.0,1.902838657700574e-15,0,0.05,24000000.0,True,-23121959.791259497,0.32230;0.32293;0.32381;0.32503;0.32674;0.32910;0.34035;0.34402;0.34784;0.35194;0.35641;0.36147;0.36822;0.38101;0.38714;0.37256;0.27743;0.17116;0.00286;0.00000;0.00000;0.00000;0.00000;0.00000,1.0506085509106038,415.410659861026,2.6184776367812224,197758756.22038066,8.296135721975045,3.6183465124606737,4.903177312110933,0.21342081704598523,0.4178314324401163,0.49301140535930205,1.8294362841403022,0.26231728841779256,0.0041091756969184896,5898.243192480498,3.7707226751291265,72.9128142113651,0.044828810567004086,3.2634829219337753,4.422305980420137,0.5136813443403057,212.59501983299927,0.07886424315410391,1.0521139527395662,0.8128268462500948,0.4667679000090889,1.2693143805888123,2.6199830386101848,1.3087144150825427,32.1219597912595,47.1219597912595,0.5709316595081433,0.5709316595081466,0.0,shift
ok,R20045_S+00,20045,0,20307105,24.624807217238935,0.7739827993392829,0.19315113983391824,23.764525967623435,3082.3742906300495,2.066814220227592,3.310342995903321,0.43793860552554614,0.2214670610974533,0.05564476806400041,631.6956090383161,4,2.1311919133959012e-14,5.218804002927346e-14,6.344581580782609e-15,1.8735643889086196e-15,1.3306620253704774e-13,0.8463965781943118,1.139481512200676,1.2402240324750408e-12,1.0810849353475278,4.722153986033473,1.9300382240888123,1.8395743692099107,1.8029191495882078,1.8200725652237038,291616062.1420402,7645647.719355793,267.9363085496383,0.4844340748585766,340.98284585940917,203.7681839498509,7053593.399021126,22053593.399021126,6872821.116772026,391.277681899616,391.277681899616,391.277681899616,105.34547140031879,285.93221049929724,291616062.14203906,291616062.1420395,0.0,1.0000000000000013,0.009396452517831057,0.003202238218705752,0.49948824166081857,0.0,1.4307597131755746e-15,5499,0,0.0,2.895705242999611,0.0,1.5329781608892552e-14,0,0.05,24000000.0,False,1946406.6009788737,0.43597;0.43666;0.43761;0.43893;0.44077;0.44333;0.44535;0.44717;0.44933;0.45230;0.45810;0.45862;0.45083;0.44165;0.37415;0.34146;0.28568;0.17254;0.01806;0.00000;0.00000;0.00000;0.00000;0.00000,1.391372839177078,585.1968705617957,2.7673019949970574,137008354.76438117,8.136747051225278,1.8481510770276586,1.9300382240888123,0.026525948673792998,0.5099167270677499,-0.05950036240649977,4.722153986033473,0.6741401450032415,0.00336943072540966,10516.655759778267,4.021877658451245,129.70485061765788,0.033859815603358205,1.7095336514272563,1.7852789924118018,0.2328776541149611,202.7800116480952,0.06578695269569167,1.7232875845928164,0.8081195838276379,0.27838522088001283,2.1297843608635927,3.0992167404127957,0.8834142836039524,7.053593399021127,22.053593399021125,0.2916160621420395,0.29161606214203906,0.0,shift
ok,R20045_S+01,20045,1,20307105,24.624807217238935,0.7739827993392829,0.19315113983391824,23.764525967623435,3082.3742906300495,2.066814220227592,3.310342995903321,0.43793860552554614,0.2214670610974533,0.05564476806400041,631.6956090383161,4,2.1311919133959012e-14,5.218804002927346e-14,6.344581580782609e-15,1.8735643889086196e-15,1.3306620253704774e-13,0.8463965781943118,1.139481512200676,1.2402240324750408e-12,1.0810849353475278,4.722153986033473,2.1201611679399304,1.4253684192387888,1.2146033741554143,1.487866032689807,246464816.31726238,6391221.826111232,244.7365969075496,0.4782179661261174,310.5463673829889,186.69808173615363,5853483.005756225,20853483.005756225,5712773.725294873,356.2242098510307,356.2242098510307,356.2242098510307,97.69142283204704,258.53278701898364,246464816.31726176,246464816.31726182,0.0,1.0000000000000002,0.007813708819330476,0.0027282157744776088,0.5055334777984218,0.0,2.4183835107184045e-16,4143,0,0.0,1.7490934710003785,0.0,2.063786339183525e-14,0,0.05,24000000.0,False,3146516.9942437746,0.44818;0.44882;0.44971;0.45095;0.45268;0.45508;0.45694;0.45875;0.46102;0.46474;0.47006;0.46627;0.45966;0.44627;0.36494;0.33216;0.26033;0.14976;0.00066;0.00000;0.00000;0.00000;0.00000;0.00000,1.391372839177078,585.1968705617957,2.7673019949970574,137008354.76438117,8.136747051225278,1.561999748505985,2.1201611679399304,0.2162510463912104,0.5674664145384678,-0.40479848723080675,4.722153986033473,0.6741401450032415,0.0028477379425943237,10516.655759778267,4.021877658451245,129.70485061765788,0.033859815603358205,1.4448446162131205,1.9611420884875979,0.1598211440131655,186.42188225126182,0.06047996274104546,1.7232875845928164,0.8081195838276379,0.27838522088001283,2.1297843608635927,3.0992167404127957,0.8055838912747624,5.8534830057562255,20.853483005756225,0.2464648163172618,0.24646481631726175,0.0,shift
ok,R20045_S+02,20045,2,20307105,24.624807217238935,0.7739827993392829,0.19315113983391824,23.764525967623435,3082.3742906300495,2.066814220227592,3.310342995903321,0.43793860552554614,0.2214670610974533,0.05564476806400041,631.6956090383161,4,2.1311919133959012e-14,5.218804002927346e-14,6.344581580782609e-15,1.8735643889086196e-15,1.3306620253704774e-13,0.8463965781943118,1.139481512200676,1.2402240324750408e-12,1.0810849353475278,4.722153986033473,1.0658272007308198,0.9814524426417507,1.1480114155481713,1.5655041194500818,187799087.4011939,5442872.085774975,217.39661082208028,0.4952164315552099,276.22637130374915,163.60437541833227,4866844.970082201,19866844.9700822,4716388.49943972,317.7757369743176,317.7757369743176,317.7757369743176,80.49662991792667,237.27910705639096,187799087.40119466,187799087.40119419,0.0,0.9999999999999974,0.006078788862472156,0.0020980684271157506,0.5241069254739212,0.0,2.5390813384756186e-15,2632,0,0.0,1.536813135000557,0.0,2.805271658704251e-14,0,0.05,24000000.0,False,4133155.029917799,0.46072;0.46139;0.46232;0.46362;0.46542;0.46793;0.46990;0.47206;0.47539;0.48291;0.48032;0.47395;0.46604;0.42649;0.35543;0.30938;0.19349;0.08261;0.00000;0.00000;0.00000;0.00000;0.00000;0.00000,1.391372839177078,585.1968705617957,2.7673019949970574,137008354.76438117,8.136747051225278,1.190198794592706,1.5655041194500818,0.1886595933712987,0.43002892724176456,0.4198264365494126,4.722153986033473,0.6741401450032415,0.0021698942460352706,10516.655759778267,4.021877658451245,129.70485061765788,0.033859815603358205,1.1009299599666535,1.4480861477797131,0.041759690481692625,162.72945196879925,0.05279354050657382,1.7232875845928164,0.8081195838276379,0.27838522088001283,2.1297843608635927,3.0992167404127957,0.7358281279796026,4.866844970082201,19.8668449700822,0.1877990874011942,0.18779908740119466,0.0,shift
ok,R20045_S+03,20045,3,20307105,24.624807217238935,0.7739827993392829,0.19315113983391824,23.764525967623435,3082.3742906300495,2.066814220227592,3.310342995903321,0.43793860552554614,0.2214670610974533,0.05564476806400041,631.6956090383161,4,2.1311919133959012e-14,5.218804002927346e-14,6.344581580782609e-15,1.8735643889086196e-15,1.3306620253704774e-13,0.8463965781943118,1.139481512200676,1.2402240324750408e-12,1.0810849353475278,4.722153986033473,0.9625383550418904,1.3200645468245256,1.5470949219962609,1.6436294805570963,215906342.17744678,6072927.073787624,233.09971690120452,0.49522330910560014,297.951286331819,175.68096568684527,5487101.0613017045,20487101.061301704,5329601.161824241,335.09522545280913,335.09522545280913,335.09522545280913,87.12019221663567,247.97503323617346,215906342.1774468,215906342.1774467,0.0,0.9999999999999994,0.007518390233959211,0.002400172062674916,0.5147766713335293,0.0,5.521342650175917e-16,3337,0,0.0,1.8952772059983545,0.0,2.46961876658695e-14,0,0.05,24000000.0,False,3512898.9386982955,0.45281;0.45349;0.45443;0.45574;0.45757;0.46011;0.46207;0.46408;0.46674;0.47215;0.47510;0.46764;0.46197;0.43406;0.36127;0.32100;0.21788;0.12312;0.00000;0.00000;0.00000;0.00000;0.00000;0.00000,1.391372839177078,585.1968705617957,2.7673019949970574,137008354.76438117,8.136747051225278,1.3683318261049433,1.6436294805570963,0.19153228261436317,0.41704118444062144,0.4977528933562714,4.722153986033473,0.6741401450032415,0.0024946549850507187,10516.655759778267,4.021877658451245,129.70485061765788,0.033859815603358205,1.2657024266692576,1.5203518491622787,0.10233161275387628,174.48259954094326,0.05660655815594618,1.7232875845928164,0.8081195838276379,0.27838522088001283,2.1297843608635927,3.0992167404127957,0.7833980659666632,5.487101061301704,20.487101061301704,0.2159063421774467,0.2159063421774468,0.0,shift
ok,R20046_S+00,20046,0,20308105,11.901789081417256,0.5150534296656222,0.22320884150000012,77.94181523092001,1835.1922705402453,1.954952590878472,2.990625620087675,0.6450214682657047,0.22469414543467037,0.05026581527748551,679.7328597538424,4,1.3081944091154106e-14,1.797702462639754e-14,7.664200967988103e-15,2.608950529378275e-15,2.886607274489377e-14,0.668781587163032,0.6458439593487257,1.4011619318323761e-12,1.7571793508050755,7.69932565149837,5.34224001750341,3.4414327447267783,1.6884146130144297,0.13194091247013728,418297103.86548394,6942799.475113813,138.47701263717227,0.3457815980652952,188.59500294772442,115.71168397582503,5309261.670269549,20309261.67026955,5104524.054616481,208.51388601422178,208.51388601422178,208.51388601422178,117.11067226914318,91.4032137450786,418297103.8654831,418297103.86548346,0.0,1.0000000000000009,0.009920285610393964,0.0032060718777865115,0.4754362381509602,0.0,8.549613787604671e-16,1697,0,0.0,0.9735630750001292,0.0,2.3395602060052222e-14,72,0.05,24000000.0,False,3690738.329730451,0.43986;0.44013;0.44050;0.44101;0.44171;0.44269;0.44351;0.44429;0.44351;0.44204;0.44509;0.44771;0.45013;0.43500;0.37337;0.25580;0.11693;0.00000;0.00000;0.00000;0.00000;0.00000;0.00000;0.00000,1.0756122496098153,927.647045501205,2.9673827657135456,184075049.10079554,8.264994924993921,2.6510070719286887,5.34224001750341,0.7338697513150136,0.828333584549795,-1.9654036989205845,7.69932565149837,0.8864526889831119,0.003343117704782589,18454.829398076152,4.266110034803061,23.54567012717216,0.24481609108537067,1.5086718784363669,3.0402360550479894,0.17859479518997454,120.50938592402308,0.06566580944052659,1.2604344111228598,0.890183481904438,0.4221824419031209,1.4661042995127955,3.1522049272265904,0.8415346219598252,5.3092616702695485,20.30926167026955,0.41829710386548347,0.4182971038654831,0.0,shift
ok,R20046_S+01,20046,1,20308105,11.901789081417256,0.5150534296656222,0.22320884150000012,77.94181523092001,1835.1922705402453,1.954952590878472,2.990625620087675,0.6450214682657047,0.22469414543467037,0.05026581527748551,679.7328597538424,4,1.3081944091154106e-14,1.797702462639754e-14,7.664200967988103e-15,2.608950529378275e-15,2.886607274489377e-14,0.668781587163032,0.6458439593487257,1.4011619318323761e-12,1.7571793508050755,7.69932565149837,1.7736468817035898,2.370545832224363,2.197803952866505,1.2554212436300154,299695344.3125142,4575874.048561613,117.30138256986433,0.34630409612866264,160.01313450696384,97.87124923857424,3653519.429535985,18653519.429535985,3596670.802600313,175.26225145314766,175.26225145314766,175.26225145314766,95.58813012410631,79.67412132904134,299695344.3125149,299695344.3125143,0.0,0.999999999999998,0.007375220488639383,0.00232345712767837,0.5039730269024236,0.0,1.9888411984550676e-15,850,0,0.0,0.4853592560011748,0.0,3.7452407817880987e-14,0,0.05,24000000.0,False,5346480.570464015,0.45561;0.45592;0.45636;0.45697;0.45781;0.45897;0.46015;0.46174;0.46421;0.46817;0.47247;0.47964;0.46464;0.40785;0.29365;0.21643;0.00806;0.00000;0.00000;0.00000;0.00000;0.00000;0.00000;0.00000,1.0756122496098153,927.647045501205,2.9673827657135456,184075049.10079554,8.264994924993921,1.8993544776061184,2.370545832224363,0.22669031535778233,0.5454738389791188,-0.2728430338747132,7.69932565149837,0.8864526889831119,0.002395227703833868,18454.829398076152,4.266110034803061,23.54567012717216,0.24481609108537067,1.0809109933689487,1.3490631056745945,0.03378993384213205,102.00429128457422,0.05558234574219633,1.2604344111228598,0.890183481904438,0.4221824419031209,1.4661042995127955,3.1522049272265904,0.6604740619459196,3.653519429535985,18.653519429535987,0.2996953443125143,0.2996953443125149,0.0,shift
ok,R20046_S+02,20046,2,20308105,11.901789081417256,0.5150534296656222,0.22320884150000012,77.94181523092001,1835.1922705402453,1.954952590878472,2.990625620087675,0.6450214682657047,0.22469414543467037,0.05026581527748551,679.7328597538424,4,1.3081944091154106e-14,1.797702462639754e-14,7.664200967988103e-15,2.608950529378275e-15,2.886607274489377e-14,0.668781587163032,0.6458439593487257,1.4011619318323761e-12,1.7571793508050755,7.69932565149837,0.6732259768080122,0.4695746237896384,0.32013388308900437,0.2249037547061101,66580154.9898794,897155.1238335596,54.807148599292255,0.34029923842878385,74.5048849509844,45.63454898845546,786895.8600967564,15786895.860096756,780496.312716702,83.49442360009124,83.49442360009124,83.49442360009124,46.32996691964738,37.164456680443855,66580154.98987939,66580154.98987943,0.0,1.0000000000000007,0.0016066914894562426,0.0005284937449464894,0.5734202526395058,0.0,5.595196194764314e-16,236,0,0.0,0.12551571900075942,0.0,1.336940241130757e-13,0,0.05,24000000.0,False,8213104.139903244,0.55687;0.55708;0.55737;0.55776;0.55832;0.55908;0.56105;0.56136;0.54487;0.50331;0.45156;0.38973;0.27005;0.17767;0.00000;0.00000;0.00000;0.00000;0.00000;0.00000;0.00000;0.00000;0.00000;0.00000,1.0756122496098153,927.647045501205,2.9673827657135456,184075049.10079554,8.264994924993921,0.42195955959819126,0.6732259768080122,0.40113841985722953,0.677079458565814,-1.0624767513948838,7.69932565149837,0.8864526889831119,0.0005321224863307055,18454.829398076152,4.266110034803061,23.54567012717216,0.24481609108537067,0.24013459946753005,0.3831287776626584,-0.6195452607041267,48.07849289565413,0.026198068544338815,1.2604344111228598,0.890183481904438,0.4221824419031209,1.4661042995127955,3.1522049272265904,-0.04713245818189498,0.7868958600967564,15.786895860096756,0.06658015498987943,0.06658015498987939,0.0,shift
ok,R20046_S+03,20046,3,20308105,11.901789081417256,0.5150534296656222,0.22320884150000012,77.94181523092001,1835.1922705402453,1.954952590878472,2.990625620087675,0.6450214682657047,0.22469414543467037,0.05026581527748551,679.7328597538424,4,1.3081944091154106e-14,1.797702462639754e-14,7.664200967988103e-15,2.608950529378275e-15,2.886607274489377e-14,0.668781587163032,0.6458439593487257,1.4011619318323761e-12,1.7571793508050755,7.69932565149837,1.8257598776164146,1.060612822048775,0.6408654539220927,0.5665177732363682,161486390.04541254,2378629.1861747806,85.26012636501146,0.33953721390752956,117.098534765572,71.14573988953977,1904141.1628970765,16904141.162897076,1883033.222594265,127.82346944337682,127.82346944337682,127.82346944337682,74.79292664258136,53.03054280079546,161486390.0454126,161486390.0454127,0.0,1.0000000000000004,0.003852195351109667,0.0012696541602802845,0.5273232191851026,0.0,5.536501691439337e-16,416,0,0.0,0.22370115599915152,0.0,8.31258036530124e-14,0,0.05,24000000.0,False,7095858.837102924,0.50039;0.50063;0.50096;0.50143;0.50207;0.50296;0.50480;0.50808;0.51321;0.51476;0.50914;0.47041;0.41418;0.31631;0.22310;0.00854;0.00000;0.00000;0.00000;0.00000;0.00000;0.00000;0.00000;0.00000,1.0756122496098153,927.647045501205,2.9673827657135456,184075049.10079554,8.264994924993921,1.0234389817059126,1.8257598776164146,0.488607584492533,0.7050671195985856,-1.2304027175915138,7.69932565149837,0.8864526889831119,0.0012906329129542728,18454.829398076152,4.266110034803061,23.54567012717216,0.24481609108537067,0.5824328525355196,1.0390287575254729,-0.234754136317794,74.87665033806087,0.040800439027578635,1.2604344111228598,0.890183481904438,0.4221824419031209,1.4661042995127955,3.1522049272265904,0.3763267434453288,1.9041411628970764,16.904141162897076,0.16148639004541268,0.1614863900454126,0.0,shift
ok,R20047_S+00,20047,0,20309105,13.504295376524464,0.8049197157793785,0.13928846848300433,61.587949952076315,2988.308514826814,1.8816315113768054,2.896186098777887,0.5945344552306427,0.16276431485591897,0.047201596798060665,729.9373141096012,4,4.621640201904548e-15,5.875751764899481e-15,3.5026638714778237e-15,1.6063810547462825e-15,9.787806203729274e-15,0.5763327513568133,0.6869306074704289,3.6187550562745324e-13,1.9411389623010111,7.5573857101597435,0.5939683435964325,0.911634588404758,1.1341118832765114,1.261400228211692,153887285.12052613,5413220.373910151,119.93613004312499,0.402214174085926,169.7818392796392,95.41524365400426,3461024.166669745,18461024.166669745,3195392.478684224,187.70289494435673,187.70289494435673,187.70289494435673,90.76119491269014,96.94170003166658,153887285.12052625,153887285.12052622,0.0,0.9999999999999998,0.0025455714117718986,0.0008650059767467847,0.5514969617033247,0.0,1.9366331899580787e-16,801,0,0.0,0.559413835999294,0.0,1.8751188301671766e-14,0,0.05,24000000.0,False,5538975.833330255,0.50252;0.50330;0.50439;0.50590;0.50801;0.51093;0.51315;0.51569;0.51979;0.52821;0.52940;0.51744;0.47601;0.40000;0.26710;0.15246;0.00783;0.00000;0.00000;0.00000;0.00000;0.00000;0.00000;0.00000,1.1304719286144977,831.7018677874443,2.9199676767976466,240664287.0383822,8.381411648675979,0.9752787608723485,1.261400228211692,0.25966905443987837,0.3859416898032538,0.6843498611804772,7.5573857101597435,0.8783715880930203,0.0008760028599371264,17620.20618382164,4.246010986026772,48.5209934273201,0.2880566267846954,0.5024260394610083,0.6498247949834761,-0.29892786031152596,96.66167775334871,0.032346619257600545,0.7747800374701841,0.550115060586841,0.21156517130250183,0.9964019596029897,2.564275785653333,0.7334557077164028,3.461024166669745,18.461024166669745,0.1538872851205262,0.15388728512052624,0.0,shift
ok,R20047_S+01,20047,1,20309105,13.504295376524464,0.8049197157793785,0.13928846848300433,61.587949952076315,2988.308514826814,1.8816315113768054,2.896186098777887,0.5945344552306427,0.16276431485591897,0.047201596798060665,729.9373141096012,4,4.621640201904548e-15,5.875751764899481e-15,3.5026638714778237e-15,1.6063810547462825e-15,9.787806203729274e-15,0.5763327513568133,0.6869306074704289,3.6187550562745324e-13,1.9411389623010111,7.5573857101597435,2.924452074731136,2.9763085431217804,2.5102805269491895,1.5263680262133612,392000979.56904715,11728748.02459443,190.49552535227343,0.39832948191117945,268.58637135226184,153.95610605614004,7587934.057778448,22587934.057778448,6762817.654445045,303.4814969223899,303.4814969223899,303.4814969223899,148.64474158640888,154.83675533598102,392000979.5690468,392000979.5690471,0.0,1.0000000000000007,0.006594331091264446,0.0021623954732953718,0.48317033869115183,0.0,7.602614263989601e-16,3466,0,0.0,1.9309185279998928,0.0,7.880978927623076e-15,0,0.05,24000000.0,False,1412065.9422215521,0.45878;0.45953;0.46057;0.46202;0.46404;0.46684;0.46884;0.47071;0.47280;0.47479;0.47451;0.47308;0.47024;0.45940;0.42803;0.32683;0.19699;0.06898;0.00000;0.00000;0.00000;0.00000;0.00000;0.00000,1.1304719286144977,831.7018677874443,2.9199676767976466,240664287.0383822,8.381411648675979,2.484352292753867,2.9763085431217804,0.2341987548189692,0.5937926592641187,-0.5627559555847129,7.5573857101597435,0.8783715880930203,0.0022314642755032724,17620.20618382164,4.246010986026772,48.5209934273201,0.2880566267846954,1.2798425774777786,1.5332794822652405,0.10715655407191402,154.2753484850346,0.05162631224974961,0.7747800374701841,0.550115060586841,0.21156517130250183,0.9964019596029897,2.564275785653333,1.069251656188089,7.5879340577784475,22.587934057778448,0.3920009795690471,0.3920009795690468,0.0,shift
ok,R20047_S+02,20047,2,20309105,13.504295376524464,0.8049197157793785,0.13928846848300433,61.587949952076315,2988.308514826814,1.8816315113768054,2.896186098777887,0.5945344552306427,0.16276431485591897,0.047201596798060665,729.9373141096012,4,4.621640201904548e-15,5.875751764899481e-15,3.5026638714778237e-15,1.6063810547462825e-15,9.787806203729274e-15,0.5763327513568133,0.6869306074704289,3.6187550562745324e-13,1.9411389623010111,7.5573857101597435,6.696345747907344,3.890221934135183,1.9206645284892274,0.7876735309694793,524444146.78499925,24295587.054382224,219.31627527077106,0.394641293974602,310.9841468468092,180.65004780616067,16743965.15406378,31743965.15406378,14268419.283186223,349.18725473567906,349.18725473567906,349.18725473567906,179.48941330460974,169.69784143106932,524444146.78499967,524444146.7849982,0.0,0.9999999999999971,0.009343044053590177,0.0028634239064636393,0.48076217578842273,0.0,2.8413247216498183e-15,7152,0,0.0,3.933871777000604,0.0,1.607568802291575e-14,0,0.05,24000000.0,True,-7743965.15406378,0.46017;0.46069;0.46140;0.46239;0.46377;0.46569;0.46700;0.46822;0.46944;0.46959;0.46351;0.45598;0.44999;0.43829;0.42158;0.37871;0.25836;0.13869;0.00099;0.00000;0.00000;0.00000;0.00000;0.00000,1.1304719286144977,831.7018677874443,2.9199676767976466,240664287.0383822,8.381411648675979,3.323726435375309,6.696345747907344,0.6743657335383695,0.7962875320729512,-1.7777251924377069,7.5573857101597435,0.8783715880930203,0.0029853965654220694,17620.20618382164,4.246010986026772,48.5209934273201,0.2880566267846954,1.7122557941114063,3.449699314658827,0.23356864449580814,178.44425946588717,0.05971413546510234,0.7747800374701841,0.550115060586841,0.21156517130250183,0.9964019596029897,2.564275785653333,1.385527397385381,16.74396515406378,31.74396515406378,0.5244441467849982,0.5244441467849996,0.0,shift
ok,R20047_S+03,20047,3,20309105,13.504295376524464,0.8049197157793785,0.13928846848300433,61.587949952076315,2988.308514826814,1.8816315113768054,2.896186098777887,0.5945344552306427,0.16276431485591897,0.047201596798060665,729.9373141096012,4,4.621640201904548e-15,5.875751764899481e-15,3.5026638714778237e-15,1.6063810547462825e-15,9.787806203729274e-15,0.5763327513568133,0.6869306074704289,3.6187550562745324e-13,1.9411389623010111,7.5573857101597435,0.2812901027053659,4.819838324307786,8.532782305062359,10.144709764661423,937995242.7347819,40912503.30570961,297.4140651415718,0.40577231862882845,420.89890184768984,249.0198433574388,31569507.303599328,46569507.30359933,27047970.41582614,476.5366638733495,476.5366638733495,476.5366638733495,226.89224602005208,249.6444178532974,937995242.7347827,937995242.7347848,0.0,1.0000000000000022,0.016961581121292032,0.004952174170266574,0.4237954059890955,0.0,2.287609909041699e-15,19087,0,0.0,9.9948005440001,0.0,2.5039830999055e-14,0,0.05,24000000.0,True,-22569507.303599328,0.32490;0.32582;0.32712;0.32892;0.33142;0.33491;0.34549;0.34926;0.35314;0.35721;0.36153;0.36625;0.37174;0.37988;0.39270;0.39008;0.35259;0.23737;0.12920;0.00020;0.00000;0.00000;0.00000;0.00000,1.1304719286144977,831.7018677874443,2.9199676767976466,240664287.0383822,8.381411648675979,5.944655124184234,10.144709764661423,0.6387745410831798,0.21452583541224202,1.6592080542787724,7.5573857101597435,0.8783715880930203,0.005339534806917508,17620.20618382164,4.246010986026772,48.5209934273201,0.2880566267846954,3.062457268457218,5.226163588327526,0.48607003755129696,238.64551554752074,0.07985973147131742,0.7747800374701841,0.550115060586841,0.21156517130250183,0.9964019596029897,2.564275785653333,1.611856053406837,31.569507303599327,46.56950730359933,0.9379952427347849,0.9379952427347827,0.0,shift
ok,R20048_S+00,20048,0,20310105,17.103946181843995,0.5355444896979599,0.1053517739995212,70.12505052104831,2173.6316946094635,2.7835368980851323,3.930387064370349,0.634333376966749,0.23015433489870873,0.061977584842259806,729.8260012596634,4,2.327919960121524e-14,2.626733961263802e-14,2.0289977400188704e-14,1.0570576806583976e-14,4.45534809856734e-14,0.4472917250298989,0.5312704646919393,1.8419985173897748e-12,1.5385911728878845,6.140930259685351,0.6441195706707747,0.3965218200905728,0.26997032596838627,0.26446508830421506,62132054.72817419,1068691.7925751954,73.38714879883672,0.2935931812889739,95.22769109233774,62.748184272054225,1013402.6960203461,16013402.696020346,1002523.1505541578,105.15198466038555,105.15198466038555,105.15198466038555,92.17731053438285,12.974674126002697,62132054.72817422,62132054.7281743,0.0,1.0000000000000013,0.0021065077042207213,0.0007693682667062991,0.5418349851466393,0.0,1.3190677006372751e-15,330,0,0.0,0.20597071000156575,0.0,7.576595844328257e-14,0,0.05,24000000.0,False,7986597.303979654,0.51340;0.51354;0.51373;0.51400;0.51438;0.51490;0.51698;0.52155;0.53255;0.53539;0.50671;0.47033;0.43007;0.37419;0.05415;0.00000;0.00000;0.00000;0.00000;0.00000;0.00000;0.00000;0.00000;0.00000,1.2330963213443011,1199.4150901111013,3.0789695084927198,109657118.35684446,8.040036829016323,0.39376920125848724,0.6441195706707747,0.3908128347290443,0.6606924738117249,-0.9641548428703492,6.140930259685351,0.7882341652854734,0.000776353571649099,19352.40124576898,4.286734859953701,30.996508073203305,0.18712323650087084,0.25592841568133756,0.4186424451284117,-0.5918814918053419,69.02618982161397,0.03175615721504094,1.4251326869194636,1.3129981610657095,1.0298152839470238,1.6545982391099694,3.2710058740678827,0.028852474073713014,1.0134026960203462,16.013402696020346,0.0621320547281743,0.062132054728174214,0.0,shift
ok,R20048_S+01,20048,1,20310105,17.103946181843995,0.5355444896979599,0.1053517739995212,70.12505052104831,2173.6316946094635,2.7835368980851323,3.930387064370349,0.634333376966749,0.23015433489870873,0.061977584842259806,729.8260012596634,4,2.327919960121524e-14,2.626733961263802e-14,2.0289977400188704e-14,1.0570576806583976e-14,4.45534809856734e-14,0.4472917250298989,0.5312704646919393,1.8419985173897748e-12,1.5385911728878845,6.140930259685351,2.669612057697722,3.338257097255112,3.57940794207381,3.3930645921538143,512035538.61310154,9453326.676243827,215.66133551988207,0.30765652238628427,273.3990313529834,181.19471368712396,9604865.906741042,24604865.90674104,9292526.582844242,313.8104923576927,313.8104923576927,313.8104923576927,250.4202630996976,63.39022925799509,512035538.61310035,512035538.61310124,0.0,1.0000000000000018,0.016514841168113734,0.005955890687569782,0.4603255583427857,0.0,1.7461086276404501e-15,5975,0,0.0,3.4680700869994325,0.0,1.2923136721148077e-14,0,0.05,24000000.0,True,-604865.9067410417,0.39811;0.39846;0.39893;0.39960;0.40052;0.40181;0.40272;0.40354;0.40443;0.40546;0.40677;0.40869;0.41204;0.42034;0.44454;0.43668;0.38188;0.14060;0.00000;0.00000;0.00000;0.00000;0.00000;0.00000,1.2330963213443011,1199.4150901111013,3.0789695084927198,109657118.35684446,8.040036829016323,3.2450854222951144,3.57940794207381,0.1060261532855889,0.46284368307196344,0.22293790156821952,6.140930259685351,0.7882341652854734,0.006397995703710298,19352.40124576898,4.286734859953701,30.996508073203305,0.18712323650087084,2.109127804369368,2.3264191327416626,0.32410289697545974,198.15548389460943,0.09116332099224936,1.4251326869194636,1.3129981610657095,1.0298152839470238,1.6545982391099694,3.2710058740678827,0.9755846659586878,9.604865906741042,24.604865906741043,0.5120355386131012,0.5120355386131004,0.0,shift
ok,R20048_S+02,20048,2,20310105,17.103946181843995,0.5355444896979599,0.1053517739995212,70.12505052104831,2173.6316946094635,2.7835368980851323,3.930387064370349,0.634333376966749,0.23015433489870873,0.061977584842259806,729.8260012596634,4,2.327919960121524e-14,2.626733961263802e-14,2.0289977400188704e-14,1.0570576806583976e-14,4.45534809856734e-14,0.4472917250298989,0.5312704646919393,1.8419985173897748e-12,1.5385911728878845,6.140930259685351,3.139417823721362,2.2542181685635785,1.8848128505751671,2.0312018697561283,367237791.66057265,6538018.383716047,180.4694577902425,0.30038739926379193,232.8405161288278,153.26352870152786,6492469.434159629,21492469.43415963,6332186.573529735,259.394857922878,259.394857922878,259.394857922878,212.86546601884376,46.52939190403421,367237791.6605716,367237791.6605723,0.0,1.000000000000002,0.012177238450708066,0.004356594597476436,0.4695128611735266,0.0,1.947663757780626e-15,3246,0,0.0,1.5797462359987549,0.0,1.712858684251613e-14,0,0.05,24000000.0,False,2507530.565840371,0.41878;0.41905;0.41941;0.41992;0.42063;0.42162;0.42229;0.42298;0.42379;0.42488;0.42651;0.42940;0.43621;0.45671;0.45580;0.41433;0.31561;0.00260;0.00000;0.00000;0.00000;0.00000;0.00000;0.00000,1.2330963213443011,1199.4150901111013,3.0789695084927198,109657118.35684446,8.040036829016323,2.327412678154059,3.139417823721362,0.2092087495357551,0.5793596514824775,-0.47615790889486487,6.140930259685351,0.7882341652854734,0.004588716282562114,19352.40124576898,4.286734859953701,30.996508073203305,0.18712323650087084,1.5126907778793393,2.0404496522807807,0.17975015922887716,167.81459414313554,0.07720470517581719,1.4251326869194636,1.3129981610657095,1.0298152839470238,1.6545982391099694,3.2710058740678827,0.8154461374029937,6.492469434159629,21.49246943415963,0.3672377916605723,0.3672377916605716,0.0,shift
ok,R20048_S+03,20048,3,20310105,17.103946181843995,0.5355444896979599,0.1053517739995212,70.12505052104831,2173.6316946094635,2.7835368980851323,3.930387064370349,0.634333376966749,0.23015433489870873,0.061977584842259806,729.8260012596634,4,2.327919960121524e-14,2.626733961263802e-14,2.0289977400188704e-14,1.0570576806583976e-14,4.45534809856734e-14,0.4472917250298989,0.5312704646919393,1.8419985173897748e-12,1.5385911728878845,6.140930259685351,0.1354516458675283,0.2689845908721714,0.30016669718628924,0.2289979648098817,36827754.65243389,687443.9142355664,57.6831060596645,0.3060156837342761,73.76945991432325,48.33731160487615,637846.3293047156,15637846.329304716,629692.0912987925,83.0510356402578,83.0510356402578,83.0510356402578,68.09940123196704,14.951634408290758,36827754.65243387,36827754.652433686,0.0,0.9999999999999949,0.001264170937891445,0.00045768729027802105,0.5616133072808885,0.0,5.0577211855837605e-15,282,0,0.0,0.17157235299964668,0.0,1.4779707514933378e-13,0,0.05,24000000.0,False,8362153.670695284,0.53691;0.53712;0.53741;0.53781;0.53836;0.53914;0.54433;0.55704;0.54542;0.51392;0.47783;0.43861;0.38927;0.15768;0.00000;0.00000;0.00000;0.00000;0.00000;0.00000;0.00000;0.00000;0.00000;0.00000,1.2330963213443011,1199.4150901111013,3.0789695084927198,109657118.35684446,8.040036829016323,0.23340022468396765,0.30016669718628924,0.26530374115289895,0.4332003506930221,0.4007978958418677,6.140930259685351,0.7882341652854734,0.0004601708246302183,19352.40124576898,4.286734859953701,30.996508073203305,0.18712323650087084,0.15169736366411304,0.1950919142626344,-0.8190219667154254,53.14270591040842,0.0244488088953619,1.4251326869194636,1.3129981610657095,1.0298152839470238,1.6545982391099694,3.2710058740678827,-0.16276272838003344,0.6378463293047156,15.637846329304715,0.03682775465243369,0.036827754652433875,0.0,shift
ok,R20049_S+00,20049,0,20311105,14.344201248495317,0.4230872212309272,0.1480464062151895,47.00346096983171,3176.374638821915,2.4094424966187034,2.3403939411414836,0.6025394408375987,0.305782949857214,0.06565081547811727,728.5713914393136,4,1.2116943040644589e-14,1.3363393985763888e-14,1.1100059320752808e-14,7.54402722447333e-15,2.304197602188483e-14,0.3951611142003235,0.5263676409265774,6.281257676343366e-13,1.6377496815102233,5.50676578607104,0.43010627528243894,0.6065335570385885,0.6144273150912649,0.4537875494404686,83030203.22675085,1696786.8755897607,105.439228659016,0.3844023804073014,122.34917746218059,73.28410227174889,1174702.316172516,16174702.316172516,1114764.3997743204,141.86974875850476,141.86974875850476,141.86974875850476,100.23149478167824,41.63825397682652,83030203.22675088,83030203.22675085,0.0,0.9999999999999997,0.0014226475488511349,0.0005133654054064511,0.565254440701945,0.0,3.589335112947613e-16,433,0,0.0,0.2257638049995876,0.0,2.837379427453985e-14,0,0.05,24000000.0,False,7825297.683827484,0.54803;0.54832;0.54872;0.54928;0.55005;0.55114;0.55248;0.55436;0.55494;0.55973;0.55406;0.51892;0.47020;0.40798;0.21199;0.01224;0.00000;0.00000;0.00000;0.00000;0.00000;0.00000;0.00000;0.00000,1.1566763697288258,674.2271035270609,2.8288062069147775,220567245.17105907,8.343541018994218,0.5262136742131902,0.6144273150912649,0.16101379434163796,0.4924994746055587,0.04500315236664763,5.50676578607104,0.7408966054480459,0.0005166815669141329,10269.896856830275,4.011566081889937,67.5774628779062,0.21424752364764035,0.32130287073415953,0.3751655836224502,-0.49308539415456704,86.65538694708577,0.02728122365919197,1.1316333704346606,1.0510418975093714,0.8833198447574508,1.3682363181173764,2.8037632076206123,0.22962729631414613,1.174702316172516,16.174702316172517,0.08303020322675085,0.08303020322675088,0.0,shift
ok,R20049_S+01,20049,1,20311105,14.344201248495317,0.4230872212309272,0.1480464062151895,47.00346096983171,3176.374638821915,2.4094424966187034,2.3403939411414836,0.6025394408375987,0.305782949857214,0.06565081547811727,728.5713914393136,4,1.2116943040644589e-14,1.3363393985763888e-14,1.1100059320752808e-14,7.54402722447333e-15,2.304197602188483e-14,0.3951611142003235,0.5263676409265774,6.281257676343366e-13,1.6377496815102233,5.50676578607104,0.3814604344576389,0.5907059831990916,0.6299934928252229,0.4993229633360323,82897194.92349808,1711874.6211857256,105.5659267497452,0.38594500373785046,122.66312352191409,73.24021061699787,1178242.1808706932,16178242.180870693,1129857.4345755354,142.81516660848777,142.81516660848777,142.81516660848777,100.00108403051375,42.81408257797402,82897194.92349802,82897194.9234981,0.0,1.0000000000000009,0.0014226475488511349,0.0005125395920460988,0.5657005469083993,0.0,8.98773547621198e-16,428,0,0.0,0.31554877599955944,0.0,2.857669334474255e-14,0,0.05,24000000.0,False,7821757.819129307,0.54605;0.54636;0.54678;0.54737;0.54820;0.54935;0.55071;0.55272;0.55446;0.55977;0.55417;0.51878;0.46993;0.40745;0.20938;0.01306;0.00000;0.00000;0.00000;0.00000;0.00000;0.00000;0.00000;0.00000,1.1566763697288258,674.2271035270609,2.8288062069147775,220567245.17105907,8.343541018994218,0.5253707184544965,0.6299934928252229,0.18208078855866153,0.46260972657392785,0.2243416405564327,5.50676578607104,0.7408966054480459,0.0005158538808930647,10269.896856830275,4.011566081889937,67.5774628779062,0.21424752364764035,0.32078816707204894,0.3846701971233388,-0.4937816599330535,86.58595133724396,0.02725936364022784,1.1316333704346606,1.0510418975093714,0.8833198447574508,1.3682363181173764,2.8037632076206123,0.23347195349466035,1.178242180870693,16.178242180870694,0.08289719492349809,0.08289719492349802,0.0,shift
ok,R20049_S+02,20049,2,20311105,14.344201248495317,0.4230872212309272,0.1480464062151895,47.00346096983171,3176.374638821915,2.4094424966187034,2.3403939411414836,0.6025394408375987,0.305782949857214,0.06565081547811727,728.5713914393136,4,1.2116943040644589e-14,1.3363393985763888e-14,1.1100059320752808e-14,7.54402722447333e-15,2.304197602188483e-14,0.3951611142003235,0.5263676409265774,6.281257676343366e-13,1.6377496815102233,5.50676578607104,9.175861684489577,7.540377037130873,4.203204634665934,0.25104734791726435,835112346.8087213,20516875.239289746,334.86182989086075,0.38548201159614043,391.7635354786945,240.10448495076648,15950389.426123045,30950389.426123045,14087578.519490298,457.26040511734436,457.26040511734436,457.26040511734436,326.1473873117838,131.11301780556056,835112346.8087219,835112346.808718,0.0,0.9999999999999953,0.01394230451475605,0.004878564051790488,0.4628495363370489,0.0,4.710631533839389e-15,17928,0,0.0,9.728210806000789,0.0,2.060952817209603e-14,218,0.05,24000000.0,True,-6950389.426123045,0.43289;0.43324;0.43373;0.43441;0.43536;0.43667;0.43766;0.43845;0.43920;0.43939;0.43535;0.42786;0.42894;0.43273;0.43163;0.43541;0.42524;0.34938;0.09725;0.00000;0.00000;0.00000;0.00000;0.00000,1.1566763697288258,674.2271035270609,2.8288062069147775,220567245.17105907,8.343541018994218,5.292622676050912,9.175861684489577,0.6458416383705599,0.7896009098315915,-1.6862744395055873,5.50676578607104,0.7408966054480459,0.005196749365048541,10269.896856830275,4.011566081889937,67.5774628779062,0.21424752364764035,3.2316432332750686,5.602725366448071,0.5094234095368685,274.8210330092392,0.08652034607327287,1.1316333704346606,1.0510418975093714,0.8833198447574508,1.3682363181173764,2.8037632076206123,1.3121112175669507,15.950389426123046,30.950389426123046,0.8351123468087179,0.8351123468087219,0.0,shift
ok,R20049_S+03,20049,3,20311105,14.344201248495317,0.4230872212309272,0.1480464062151895,47.00346096983171,3176.374638821915,2.4094424966187034,2.3403939411414836,0.6025394408375987,0.305782949857214,0.06565081547811727,728.5713914393136,4,1.2116943040644589e-14,1.3363393985763888e-14,1.1100059320752808e-14,7.54402722447333e-15,2.304197602188483e-14,0.3951611142003235,0.5263676409265774,6.281257676343366e-13,1.6377496815102233,5.50676578607104,0.084544210779504,0.239138911204667,0.3631790066567587,0.4566644971357792,45108694.80701384,1234938.6206685558,78.81798836693281,0.3953740491417943,92.42697712887369,54.00870930143683,848209.9799654018,15848209.979965402,805830.2970176656,108.93489506044853,108.93489506044853,108.93489506044853,72.04263172612566,36.89226333432286,45108694.80701383,45108694.80701385,0.0,1.0000000000000002,0.0007379887377813118,0.00027969973847559985,0.5865974037420346,0.0,3.3033900132997673e-16,295,0,0.0,0.12841596999896865,0.0,1.0826504479475438e-13,0,0.05,24000000.0,False,8151790.020034598,0.56207;0.56241;0.56287;0.56352;0.56442;0.56567;0.56782;0.57369;0.57957;0.56169;0.52197;0.47344;0.41252;0.22022;0.03265;0.00000;0.00000;0.00000;0.00000;0.00000;0.00000;0.00000;0.00000;0.00000,1.1566763697288258,674.2271035270609,2.8288062069147775,220567245.17105907,8.343541018994218,0.28588165644417723,0.4566644971357792,0.4880340753475543,0.2830569176859508,1.3016584938842952,5.50676578607104,0.7408966054480459,0.0002807030479100438,10269.896856830275,4.011566081889937,67.5774628779062,0.21424752364764035,0.1745576016113502,0.27883656598526935,-0.7580612338393251,63.8715780212339,0.02010832640476037,1.1316333704346606,1.0510418975093714,0.8833198447574508,1.3682363181173764,2.8037632076206123,0.09164537268281944,0.8482099799654018,15.848209979965402,0.04510869480701385,0.045108694807013835,0.0,shift
ok,R20050_S+00,20050,0,20312105,21.94069861965191,0.2608049792621621,0.10987997883559214,46.20156070752408,3755.05495234932,1.8304559933369258,3.5162119606562725,0.6359171442405558,0.25591306546280723,0.07289070859449742,646.8545060441027,4,2.5491006056379248e-14,2.5800052250086402e-14,2.5199316427893572e-14,2.1307660941347158e-14,3.221845365806307e-14,0.16258882682018028,0.18303198570547724,1.19200268028966e-12,1.8520396851748295,5.234553126201012,1.5228114252266494,3.918524581309848,5.112867446395931,5.1058400204849,617741734.8958933,10611971.499240654,304.5984312732937,0.29228352787026235,415.1361099975501,267.1960045134976,9020618.103682876,24020618.103682876,8334924.48194227,464.2394177018991,464.2394177018991,464.2394177018991,415.2262866851022,49.013131016796876,617741734.8958945,617741734.8958951,0.0,1.0000000000000009,0.0133579458222297,0.004047641024106487,0.4399511030918359,0.0,9.648796804288373e-16,8258,0,0.0,4.651004528999692,0.0,1.1974133682637346e-14,0,0.05,24000000.0,True,-20618.103682875633,0.37432;0.37494;0.37580;0.37701;0.37868;0.38100;0.38268;0.38410;0.38558;0.38717;0.38895;0.39112;0.39412;0.39905;0.41089;0.43670;0.40445;0.34378;0.20542;0.00000;0.00000;0.00000;0.00000;0.00000,1.3412504519455883,1013.6945192413376,3.00590709839386,224883545.72439095,8.35195768014651,3.915010868354332,5.112867446395931,0.37399724511169957,0.34746621334564476,0.9152027199261314,5.234553126201012,0.7188796118775439,0.004246612712200007,13907.047122846358,4.143234926225578,81.27550010962717,0.2676502884300331,2.1138914569126857,2.7606684064727722,0.32508268359860654,283.6780841996215,0.07554565453752962,1.4173371832614348,1.4071053577701091,1.3342523752138287,1.5138212901543147,3.0819938297097065,1.0257960749194948,9.020618103682876,24.020618103682875,0.6177417348958951,0.6177417348958946,0.0,shift
ok,R20050_S+01,20050,1,20312105,21.94069861965191,0.2608049792621621,0.10987997883559214,46.20156070752408,3755.05495234932,1.8304559933369258,3.5162119606562725,0.6359171442405558,0.25591306546280723,0.07289070859449742,646.8545060441027,4,2.5491006056379248e-14,2.5800052250086402e-14,2.5199316427893572e-14,2.1307660941347158e-14,3.221845365806307e-14,0.16258882682018028,0.18303198570547724,1.19200268028966e-12,1.8520396851748295,5.234553126201012,1.0497022143005283,1.1664600920243493,1.1212008468275239,0.9139244787100529,167700543.21407825,2351391.815019351,157.49227313944692,0.2878326080222383,216.4627073603022,137.900198496136,1941112.3868020885,16941112.38680209,1864160.099719692,239.5561223715005,239.5561223715005,239.5561223715005,222.72010729287373,16.836015078626758,167700543.21407807,167700543.21407822,0.0,1.0000000000000009,0.003656044116175562,0.0011375750605710127,0.503159998362301,0.0,8.885577177186352e-16,886,0,0.0,0.48143590500149,0.0,3.0234500154719603e-14,0,0.05,24000000.0,False,7058887.6131979115,0.46944;0.46973;0.47014;0.47070;0.47149;0.47258;0.47347;0.47460;0.47628;0.47914;0.48337;0.49614;0.49469;0.45518;0.40563;0.34619;0.21690;0.00000;0.00000;0.00000;0.00000;0.00000;0.00000;0.00000,1.3412504519455883,1013.6945192413376,3.00590709839386,224883545.72439095,8.35195768014651,1.0628219079656136,1.1664600920243493,0.08986811429692255,0.5212920174384896,-0.12775210463093728,5.234553126201012,0.7188796118775439,0.001152843038483987,13907.047122846358,4.143234926225578,81.27550010962717,0.2676502884300331,0.573865623114488,0.6298245665908814,-0.24118979048016945,147.80514378227912,0.039361646009948806,1.4173371832614348,1.4071053577701091,1.3342523752138287,1.5138212901543147,3.0819938297097065,0.3713250021248588,1.9411123868020885,16.94111238680209,0.1677005432140782,0.16770054321407807,0.0,shift
ok,R20050_S+02,20050,2,20312105,21.94069861965191,0.2608049792621621,0.10987997883559214,46.20156070752408,3755.05495234932,1.8304559933369258,3.5162119606562725,0.6359171442405558,0.25591306546280723,0.07289070859449742,646.8545060441027,4,2.5491006056379248e-14,2.5800052250086402e-14,2.5199316427893572e-14,2.1307660941347158e-14,3.221845365806307e-14,0.16258882682018028,0.18303198570547724,1.19200268028966e-12,1.8520396851748295,5.234553126201012,0.0367406991394642,0.6295925567962992,1.0425568447260967,1.252999696712066,116837666.83700927,2357964.2478448465,133.063740779938,0.2949120652878746,179.5933359985779,115.16559600077436,1802017.4338712916,16802017.43387129,1691487.8203209434,206.8907043125702,206.8907043125702,206.8907043125702,183.84864201501375,23.04206229755644,116837666.83700937,116837666.83700937,0.0,1.0,0.00248261777068398,0.0007957119778243621,0.5160318439289772,0.0,0.0,633,0,0.0,0.32157976599955873,0.0,3.9047702642249354e-13,0,0.05,24000000.0,False,7197982.566128708,0.47504;0.47547;0.47606;0.47689;0.47803;0.47963;0.48088;0.48244;0.48473;0.48875;0.50177;0.51167;0.47622;0.42896;0.37523;0.29822;0.03827;0.00000;0.00000;0.00000;0.00000;0.00000;0.00000;0.00000,1.3412504519455883,1013.6945192413376,3.00590709839386,224883545.72439095,8.35195768014651,0.7404724493434816,1.252999696712066,0.6267316899874342,0.22496895614635917,1.64254456550134,5.234553126201012,0.7188796118775439,0.000803190545863718,13907.047122846358,4.143234926225578,81.27550010962717,0.2676502884300331,0.3998145694559359,0.6765512136386996,-0.39814138400722565,123.37118933601303,0.032854696110060075,1.4173371832614348,1.4071053577701091,1.3342523752138287,1.5138212901543147,3.0819938297097065,0.3725372159069028,1.8020174338712915,16.802017433871292,0.11683766683700937,0.11683766683700937,0.0,shift
ok,R20050_S+03,20050,3,20312105,21.94069861965191,0.2608049792621621,0.10987997883559214,46.20156070752408,3755.05495234932,1.8304559933369258,3.5162119606562725,0.6359171442405558,0.25591306546280723,0.07289070859449742,646.8545060441027,4,2.5491006056379248e-14,2.5800052250086402e-14,2.5199316427893572e-14,2.1307660941347158e-14,3.221845365806307e-14,0.16258882682018028,0.18303198570547724,1.19200268028966e-12,1.8520396851748295,5.234553126201012,0.6031354835656331,0.39706283489710914,0.2352754925208875,0.11777345643696797,53381544.95794031,885589.2281989937,88.04696858337621,0.2826139769860191,121.72379497571072,77.54227601099262,663524.9498207383,15663524.949820738,576700.6814769581,134.4237981646301,134.4237981646301,134.4237981646301,126.25365965109944,8.170138513530674,53381544.95794027,53381544.95794059,0.0,1.000000000000006,0.0011901819460576326,0.0003654053922826229,0.5436472811393036,0.0,6.001605347319012e-15,286,0,0.0,0.18023650599934626,0.0,1.3175064176763446e-13,0,0.05,24000000.0,False,8336475.050179262,0.54135;0.54144;0.54158;0.54176;0.54202;0.54238;0.54163;0.54183;0.54287;0.53820;0.50997;0.46790;0.42003;0.36524;0.27691;0.00486;0.00000;0.00000;0.00000;0.00000;0.00000;0.00000;0.00000;0.00000,1.3412504519455883,1013.6945192413376,3.00590709839386,224883545.72439095,8.35195768014651,0.3383118168551494,0.6031354835656331,0.538656888063393,0.7391098009524923,-1.4346588057149547,5.234553126201012,0.7188796118775439,0.0003669668643214938,13907.047122846358,4.143234926225578,81.27550010962717,0.2676502884300331,0.18266985289962256,0.32566012942033584,-0.7383331209543305,83.39075061426671,0.02220759793730687,1.4173371832614348,1.4071053577701091,1.3342523752138287,1.5138212901543147,3.0819938297097065,-0.052767674606962474,0.6635249498207383,15.663524949820738,0.05338154495794059,0.05338154495794027,0.0,shift
ok,R20051_S+00,20051,0,20313105,25.560864923224468,0.42717028935245016,0.15433467267387613,23.649430820567698,2483.477422215091,1.6172525897347294,3.078342719577838,0.35951963761746486,0.30258643503347377,0.06468693238648518,652.7711621636843,4,3.215713478434817e-14,3.455315831707353e-14,2.951025887729775e-14,1.6857262833429424e-14,5.029384801035693e-14,0.3696128405361987,0.3972253215799718,8.171625272517536e-13,0.809098165509069,3.334704160674449,0.9422831984144037,0.924188614770506,0.6619167332900551,0.15546755397305104,105870071.59437287,3563608.127183634,150.65330064528908,0.28728314612832906,196.36483568271535,125.82256953737763,3234516.3920052126,18234516.392005213,3144482.9833374433,220.59942762057779,220.59942762057779,220.59942762057779,193.0975379603122,27.50188966026559,105870071.5943729,105870071.59437308,0.0,1.0000000000000018,0.0075455638352681,0.002233731750851392,0.4964922125565558,0.0,1.688994175910957e-15,1289,0,0.0,0.6482914030002576,0.0,8.433147262946543e-14,77,0.05,24000000.0,False,5765483.607994787,0.46247;0.46255;0.46265;0.46281;0.46302;0.46331;0.46293;0.46338;0.46413;0.46361;0.46580;0.47475;0.49384;0.46376;0.41044;0.33817;0.12402;0.00000;0.00000;0.00000;0.00000;0.00000;0.00000;0.00000,1.407575545301242,604.4999067156725,2.7813962381779787,70721994.95679076,7.849554502945428,0.6709640251120039,0.9422831984144037,0.47339347851144525,0.6954440712649756,-1.1726644275898541,3.334704160674449,0.5230573113903245,0.002293283486162564,9345.008093813529,3.9705796818622057,105.01214346584752,-0.09199878351437213,0.8292739419200713,1.1646092385112963,-0.08130198113657905,142.41111698675684,0.05734343131645462,1.5442043477982972,1.4756896171108487,1.232503656024921,1.7072314627722807,2.9180250406750337,0.5518899407187089,3.2345163920052125,18.23451639200521,0.10587007159437307,0.1058700715943729,0.0,shift
ok,R20051_S+01,20051,1,20313105,25.560864923224468,0.42717028935245016,0.15433467267387613,23.649430820567698,2483.477422215091,1.6172525897347294,3.078342719577838,0.35951963761746486,0.30258643503347377,0.06468693238648518,652.7711621636843,4,3.215713478434817e-14,3.455315831707353e-14,2.951025887729775e-14,1.6857262833429424e-14,5.029384801035693e-14,0.3696128405361987,0.3972253215799718,8.171625272517536e-13,0.809098165509069,3.334704160674449,2.268856639638866,1.4832449153520892,0.7875604130651236,0.18180313277796883,186247633.83260065,6107851.819777839,199.74758280513637,0.287076970162026,261.2157308076185,167.59212404353352,5492688.762749329,20492688.76274933,5254363.181417223,285.96981306281543,285.96981306281543,285.96981306281543,254.69038189611663,31.2794311666988,186247633.83260077,186247633.83260095,0.0,1.0000000000000009,0.011494168165068127,0.003854623562071124,0.4616689333660241,0.0,9.600870123638171e-16,3449,0,0.0,1.6700429920001625,0.0,5.48894631730857e-14,302,0.05,24000000.0,False,3507311.237250671,0.42817;0.42829;0.42845;0.42867;0.42897;0.42940;0.42975;0.43019;0.43080;0.43070;0.43084;0.43311;0.43725;0.45267;0.45153;0.40157;0.32265;0.06939;0.00000;0.00000;0.00000;0.00000;0.00000;0.00000,1.407575545301242,604.4999067156725,2.7813962381779787,70721994.95679076,7.849554502945428,1.1803662752085118,2.268856639638866,0.6600472219901113,0.7946900961585306,-1.7681405769511829,3.334704160674449,0.5230573113903245,0.004034366054285894,9345.008093813529,3.9705796818622057,105.01214346584752,-0.09199878351437213,1.4588665819874256,2.804179685923951,0.16401557609078563,188.88726201677278,0.07605757166429093,1.5442043477982972,1.4756896171108487,1.232503656024921,1.7072314627722807,2.9180250406750337,0.7858884922623408,5.492688762749329,20.492688762749328,0.18624763383260096,0.18624763383260076,0.0,shift
ok,R20051_S+02,20051,2,20313105,25.560864923224468,0.42717028935245016,0.15433467267387613,23.649430820567698,2483.477422215091,1.6172525897347294,3.078342719577838,0.35951963761746486,0.30258643503347377,0.06468693238648518,652.7711621636843,4,3.215713478434817e-14,3.455315831707353e-14,2.951025887729775e-14,1.6857262833429424e-14,5.029384801035693e-14,0.3696128405361987,0.3972253215799718,8.171625272517536e-13,0.809098165509069,3.334704160674449,0.5593113239927746,0.7454934753153799,0.9366449817785815,1.1327658433823795,133102683.7384332,5142978.14543907,173.87892251486588,0.30439192095389617,223.1087622926452,141.1949664383805,4626830.704114255,19626830.704114255,4446464.0998937115,251.87592032388207,251.87592032388207,251.87592032388207,204.77400569768443,47.10191462619764,133102683.73843274,133102683.7384328,0.0,1.0000000000000004,0.008952337781413506,0.0027889033741780953,0.49458563793161464,0.0,4.478094888944758e-16,1691,0,0.0,0.890283491999071,0.0,2.0506008715976896e-14,0,0.05,24000000.0,False,4373169.295885745,0.43397;0.43434;0.43486;0.43558;0.43658;0.43798;0.43896;0.44002;0.44136;0.44328;0.44649;0.45358;0.47818;0.47829;0.42955;0.36531;0.22453;0.00159;0.00000;0.00000;0.00000;0.00000;0.00000;0.00000,1.407575545301242,604.4999067156725,2.7813962381779787,70721994.95679076,7.849554502945428,0.8435539061172789,1.1327658433823795,0.25336652803313225,0.3866987011280428,0.6798077932317438,3.334704160674449,0.5230573113903245,0.0028831772944365452,9345.008093813529,3.9705796818622057,105.01214346584752,-0.09199878351437213,1.0425853648877463,1.4000351152318644,0.018111624299897395,159.68006308225966,0.06429696588094448,1.5442043477982972,1.4756896171108487,1.232503656024921,1.7072314627722807,2.9180250406750337,0.7112146788349181,4.626830704114255,19.626830704114255,0.1331026837384328,0.13310268373843273,0.0,shift
ok,R20051_S+03,20051,3,20313105,25.560864923224468,0.42717028935245016,0.15433467267387613,23.649430820567698,2483.477422215091,1.6172525897347294,3.078342719577838,0.35951963761746486,0.30258643503347377,0.06468693238648518,652.7711621636843,4,3.215713478434817e-14,3.455315831707353e-14,2.951025887729775e-14,1.6857262833429424e-14,5.029384801035693e-14,0.3696128405361987,0.3972253215799718,8.171625272517536e-13,0.809098165509069,3.334704160674449,0.44786527278502475,1.6453253676571356,2.4618676373114714,2.897492081748033,293980754.0312622,11890344.054600203,260.83196490703534,0.31011928894903834,331.0288134598227,210.9452282766702,11010091.637090936,26010091.637090936,10431254.526663061,377.9138215620641,377.9138215620641,377.9138215620641,298.7315172291239,79.18230433294019,293980754.031261,293980754.03126264,0.0,1.0000000000000056,0.018612147416563713,0.005928382681488911,0.4556108464736046,0.0,5.474254307016357e-15,6817,0,0.0,3.197611000001416,0.0,2.0543157545539532e-14,0,0.05,24000000.0,True,-2010091.6370909363,0.37705;0.37759;0.37834;0.37938;0.38082;0.38284;0.38435;0.38562;0.38697;0.38847;0.39027;0.39269;0.39646;0.40421;0.42882;0.43636;0.37914;0.25879;0.01350;0.00000;0.00000;0.00000;0.00000;0.00000,1.407575545301242,604.4999067156725,2.7813962381779787,70721994.95679076,7.849554502945428,1.8631375898754163,2.897492081748033,0.5005415168256098,0.28086903670143426,1.3147857797913942,3.334704160674449,0.5230573113903245,0.006368005597016578,9345.008093813529,3.9705796818622057,105.01214346584752,-0.09199878351437213,2.3027336722524465,3.58113787086019,0.36224371158142227,237.31038240426747,0.09555568344672244,1.5442043477982972,1.4756896171108487,1.232503656024921,1.7072314627722807,2.9180250406750337,1.0751944213850941,11.010091637090936,26.010091637090937,0.2939807540312626,0.293980754031261,0.0,shift
ok,R20052_S+00,20052,0,20314105,12.72077908926022,0.37106087409246374,0.20138655516064177,73.94789833584785,1414.2798695046786,1.8859027050050365,3.126368904587185,0.3189255061602113,0.2007442181908833,0.041979572917322065,640.7644015743656,4,1.545429004187784e-14,1.6494779599762135e-14,1.4560464555721788e-14,1.0370842500270832e-14,2.615349553034937e-14,0.33680871804045165,0.42899945987675775,1.219754284915427e-12,1.1381934902099693,4.558295628042648,0.7539778746854654,0.5852071721827088,0.42606940375347946,0.2765645693977772,80543634.8827065,1809198.9274366333,61.2559004696304,0.2878670175158315,79.63179943065035,51.93688688293216,1690221.426813146,16690221.426813146,1674052.6043252535,89.82776111490442,89.82776111490442,89.82776111490442,82.93518163818676,6.892579476717657,80543634.88270645,80543634.88270628,0.0,0.999999999999998,0.003558040868979538,0.001322649960053379,0.5815907977922684,0.0,2.0350804054352156e-15,335,0,0.0,0.20176773400089587,0.0,4.7852770530793844e-14,0,0.05,24000000.0,False,7309778.573186854,0.54608;0.54623;0.54643;0.54671;0.54709;0.54761;0.54945;0.55261;0.56183;0.57906;0.55210;0.50392;0.44816;0.37593;0.10849;0.00000;0.00000;0.00000;0.00000;0.00000;0.00000;0.00000;0.00000;0.00000,1.1045137106681415,940.674878845394,2.973439546146226,93578676.9824765,7.971176900834024,0.5104547550048577,0.7539778746854654,0.3486824503168272,0.6558784269016311,-0.9352705614097864,4.558295628042648,0.6588024879053872,0.0013432472134713284,22407.91922057031,4.3504015302084165,19.12535584285937,0.056216097373190464,0.44847801309309115,0.6624338314800716,-0.34825884364867055,57.9789626306453,0.040995395523059516,1.2230631147235895,1.1688918292529566,1.0215306365434724,1.423246340228104,3.091988950201674,0.25748632160732693,1.6902214268131461,16.690221426813146,0.08054363488270629,0.08054363488270645,0.0,shift
ok,R20052_S+01,20052,1,20314105,12.72077908926022,0.37106087409246374,0.20138655516064177,73.94789833584785,1414.2798695046786,1.8859027050050365,3.126368904587185,0.3189255061602113,0.2007442181908833,0.041979572917322065,640.7644015743656,4,1.545429004187784e-14,1.6494779599762135e-14,1.4560464555721788e-14,1.0370842500270832e-14,2.615349553034937e-14,0.33680871804045165,0.42899945987675775,1.219754284915427e-12,1.1381934902099693,4.558295628042648,2.9535782345825456,2.631718627994968,1.6622491958472245,0.09115894995705066,289489896.46563643,7091717.649398531,118.4571035263626,0.2995132805875313,151.96934285773935,99.13561260746715,6573690.139850058,21573690.139850058,6429230.972702533,173.08523353886747,173.08523353886747,173.08523353886747,157.32449745232114,15.76073608654633,289489896.4656362,289489896.4656361,0.0,0.9999999999999996,0.01293032340282209,0.004574046672728015,0.5087774529104198,0.0,4.1179084661053776e-16,1494,0,0.0,0.8431749480005237,0.0,7.944844452680235e-14,58,0.05,24000000.0,False,2426309.8601499423,0.46076;0.46089;0.46105;0.46128;0.46160;0.46203;0.46232;0.46156;0.46085;0.46075;0.46422;0.47077;0.49049;0.49953;0.44893;0.37490;0.12187;0.00000;0.00000;0.00000;0.00000;0.00000;0.00000;0.00000,1.1045137106681415,940.674878845394,2.973439546146226,93578676.9824765,7.971176900834024,1.8346762520954472,2.9535782345825456,0.6067521790227215,0.7610739028477576,-1.5601767785222198,4.558295628042648,0.6588024879053872,0.004827898533780486,22407.91922057031,4.3504015302084165,19.12535584285937,0.056216097373190464,1.611919474040388,2.5949702401106527,0.20734334215056383,109.91868738050314,0.07772060520029873,1.2230631147235895,1.1688918292529566,1.0215306365434724,1.423246340228104,3.091988950201674,0.8507514362141004,6.573690139850058,21.573690139850058,0.28948989646563605,0.2894898964656362,0.0,shift
ok,R20052_S+02,20052,2,20314105,12.72077908926022,0.37106087409246374,0.20138655516064177,73.94789833584785,1414.2798695046786,1.8859027050050365,3.126368904587185,0.3189255061602113,0.2007442181908833,0.041979572917322065,640.7644015743656,4,1.545429004187784e-14,1.6494779599762135e-14,1.4560464555721788e-14,1.0370842500270832e-14,2.615349553034937e-14,0.33680871804045165,0.42899945987675775,1.219754284915427e-12,1.1381934902099693,4.558295628042648,0.0986509204620347,0.1131227284289052,0.17814067118920687,0.2937047487429397,26966721.407864295,825653.7841330894,36.96390706053892,0.313079669922163,47.06726536436769,30.06402129118566,707372.2460253984,15707372.246025398,690617.7945267335,54.25999868858197,54.25999868858197,54.25999868858197,46.42413002548195,7.8358686631000225,26966721.40786429,26966721.4078641,0.0,0.999999999999993,0.001248796881144867,0.0004473683288867863,0.617758163906263,0.0,7.045343123029816e-15,224,0,0.0,0.11138013799973123,0.0,1.4225216237505187e-13,0,0.05,24000000.0,False,8292627.753974602,0.60476;0.60516;0.60571;0.60646;0.60749;0.60890;0.61449;0.60060;0.56344;0.51665;0.46326;0.39914;0.23079;0.00002;0.00000;0.00000;0.00000;0.00000;0.00000;0.00000;0.00000;0.00000;0.00000;0.00000,1.1045137106681415,940.674878845394,2.973439546146226,93578676.9824765,7.971176900834024,0.17090476720577163,0.2937047487429397,0.45031125773727904,0.30978312125717594,1.1413012724569442,4.558295628042648,0.6588024879053872,0.0004497310487702953,22407.91922057031,4.3504015302084165,19.12535584285937,0.056216097373190464,0.15015440579812472,0.25804465696667994,-0.823461920303214,33.54817519275387,0.023721029985743488,1.2230631147235895,1.1688918292529566,1.0215306365434724,1.423246340228104,3.091988950201674,-0.08320202430285185,0.7073722460253984,15.707372246025399,0.026966721407864103,0.02696672140786429,0.0,shift
ok,R20052_S+03,20052,3,20314105,12.72077908926022,0.37106087409246374,0.20138655516064177,73.94789833584785,1414.2798695046786,1.8859027050050365,3.126368904587185,0.3189255061602113,0.2007442181908833,0.041979572917322065,640.7644015743656,4,1.545429004187784e-14,1.6494779599762135e-14,1.4560464555721788e-14,1.0370842500270832e-14,2.615349553034937e-14,0.33680871804045165,0.42899945987675775,1.219754284915427e-12,1.1381934902099693,4.558295628042648,0.39675549530668536,0.9045538029900533,1.1824556325267337,1.2304609839167264,146515069.65875664,4068103.564680792,85.45791099071764,0.3079991552005338,108.80691077573539,70.19023639454531,3616331.842221681,18616331.84222168,3516128.935350731,122.79851831550481,122.79851831550481,122.79851831550481,109.39967209343163,13.398846222073175,146515069.65875664,146515069.6587566,0.0,0.9999999999999998,0.006317180163907751,0.002375985260190681,0.5564110684816143,0.0,2.034078982940588e-16,575,0,0.0,0.2928302709988202,0.0,3.309386589026194e-14,0,0.05,24000000.0,False,5383668.157778319,0.49641;0.49673;0.49715;0.49774;0.49855;0.49965;0.50097;0.50282;0.50595;0.51236;0.53601;0.54758;0.50108;0.44396;0.36760;0.09056;0.00000;0.00000;0.00000;0.00000;0.00000;0.00000;0.00000;0.00000,1.1045137106681415,940.674878845394,2.973439546146226,93578676.9824765,7.971176900834024,0.9285564786850498,1.2304609839167264,0.356774416887055,0.35035814411083344,0.8978511353349993,4.558295628042648,0.6588024879053872,0.0024434700437506404,22407.91922057031,4.3504015302084165,19.12535584285937,0.056216097373190464,0.8158160160569478,1.0810648580407325,-0.08840777288889604,78.19805948318285,0.055291785713226654,1.2230631147235895,1.1688918292529566,1.0215306365434724,1.423246340228104,3.091988950201674,0.6093920005429562,3.616331842221681,18.61633184222168,0.1465150696587566,0.14651506965875663,0.0,shift
ok,R20053_S+00,20053,0,20315105,19.270531576154262,0.4463112154120863,0.16164923399077016,45.00861139822521,3003.1685544483407,2.1581620642400265,2.4288313548762197,0.2544527783039996,0.18749014698736244,0.0441547167058111,752.1199445085534,4,2.197322816214362e-14,2.545860990727431e-14,1.917993444589869e-14,1.2593428199925115e-14,4.607718263030198e-14,0.4656481715516325,0.6205543247145435,1.145856680055516e-12,1.923202776221965,3.457652508555376,0.022339035033654385,0.4073365010521849,0.6500216428685314,0.7289100421103369,71344129.04933952,1341790.2050276592,87.52861042573458,0.3916479702345383,101.47440444568119,59.56272215830061,1081298.726566773,16081298.726566773,1033148.1884112377,119.30118945339105,119.30118945339105,119.30118945339105,79.29907971413068,40.00210973926036,71344129.0493394,71344129.04933935,0.0,0.9999999999999993,0.0010368619138849244,0.00045744103477439165,0.6884543227177976,0.0,6.265895200798852e-16,391,0,0.0,0.20073866699931386,0.0,4.648476117663417e-13,0,0.05,24000000.0,False,7918701.273433227,0.65756;0.65798;0.65856;0.65936;0.66048;0.66204;0.66423;0.66829;0.67790;0.67687;0.64395;0.59076;0.52256;0.36127;0.10863;0.00000;0.00000;0.00000;0.00000;0.00000;0.00000;0.00000;0.00000;0.00000,1.2848936948010856,867.3398671483556,2.938189309130565,206147728.50318894,8.314178553767668,0.4521518052661769,0.7289100421103369,0.6081978101700867,0.23757260895646204,1.5626853610829483,3.457652508555376,0.5387813448661841,0.00046014274765882843,19643.19854948151,4.29321220642891,66.72431032979529,0.2840250772449675,0.23510355270722225,0.3790084182086322,-0.6287408080954577,71.46800852231173,0.023797534912401833,1.4115512843557327,1.2885637162517882,1.105860568196204,1.6692025142430724,3.064846898685212,0.12768461723282665,1.0812987265667728,16.08129872656677,0.07134412904933936,0.0713441290493394,0.0,shift
ok,R20053_S+01,20053,1,20315105,19.270531576154262,0.4463112154120863,0.16164923399077016,45.00861139822521,3003.1685544483407,2.1581620642400265,2.4288313548762197,0.2544527783039996,0.18749014698736244,0.0441547167058111,752.1199445085534,4,2.197322816214362e-14,2.545860990727431e-14,1.917993444589869e-14,1.2593428199925115e-14,4.607718263030198e-14,0.4656481715516325,0.6205543247145435,1.145856680055516e-12,1.923202776221965,3.457652508555376,7.541664440260495,6.130150718161725,3.5554887856658675,0.2130622823357626,687970126.5337417,10728465.719001202,265.7441803849373,0.37437944635200304,306.22377322947614,187.76646232064195,9444067.756250478,24444067.75625048,8741939.356958523,356.79341576283554,356.79341576283554,356.79341576283554,257.5581745447302,99.23524121810533,687970126.5337403,687970126.5337391,0.0,0.9999999999999982,0.009391548512231798,0.004205603718785629,0.574644112020428,0.0,1.7327684001542884e-15,7882,0,0.0,4.4740424520005035,0.0,2.8321909019325423e-14,127,0.05,24000000.0,True,-444067.7562504783,0.54562;0.54589;0.54628;0.54681;0.54756;0.54860;0.54931;0.55004;0.55072;0.54806;0.53951;0.54009;0.54523;0.54876;0.55768;0.54356;0.46663;0.19471;0.00230;0.00000;0.00000;0.00000;0.00000;0.00000,1.2848936948010856,867.3398671483556,2.938189309130565,206147728.50318894,8.314178553767668,4.360091556605963,7.541664440260495,0.6395284164990811,0.7839178937485894,-1.6808367583064137,3.457652508555376,0.5387813448661841,0.004437148067383386,19643.19854948151,4.29321220642891,66.72431032979529,0.2840250772449675,2.2670992422188276,3.921408877682526,0.35547053177390886,221.93068337950757,0.0738988436232726,1.4115512843557327,1.2885637162517882,1.105860568196204,1.6692025142430724,3.064846898685212,1.0305376178266032,9.444067756250478,24.44406775625048,0.6879701265337391,0.6879701265337402,0.0,shift
ok,R20053_S+02,20053,2,20315105,19.270531576154262,0.4463112154120863,0.16164923399077016,45.00861139822521,3003.1685544483407,2.1581620642400265,2.4288313548762197,0.2544527783039996,0.18749014698736244,0.0441547167058111,752.1199445085534,4,2.197322816214362e-14,2.545860990727431e-14,1.917993444589869e-14,1.2593428199925115e-14,4.607718263030198e-14,0.4656481715516325,0.6205543247145435,1.145856680055516e-12,1.923202776221965,3.457652508555376,6.252945410032851,5.270802197938223,3.0181927259647083,0.1754632166006011,580557417.8580087,9162706.07605058,244.14791291794106,0.3744681686543919,283.13508400312065,172.09130806826866,7939327.65005694,22939327.65005694,7364449.426125102,324.60255333778844,324.60255333778844,324.60255333778844,234.3970662922749,90.20548704551354,580557417.8580071,580557417.8580079,0.0,1.0000000000000013,0.0084050750210059,0.0035779319888390357,0.5861514750364625,0.0,1.4373514163926548e-15,5906,0,0.0,3.442771186000755,0.0,4.1013421935706034e-14,100,0.05,24000000.0,False,1060672.3499430604,0.55833;0.55859;0.55895;0.55944;0.56014;0.56110;0.56178;0.56249;0.56245;0.55572;0.55025;0.55382;0.55839;0.56263;0.56824;0.53372;0.42442;0.13619;0.00000;0.00000;0.00000;0.00000;0.00000;0.00000,1.2848936948010856,867.3398671483556,2.938189309130565,206147728.50318894,8.314178553767668,3.679350887634096,6.252945410032851,0.6355179263268761,0.783001401599203,-1.651781082869268,3.457652508555376,0.5387813448661841,0.0037443765729083746,19643.19854948151,4.29321220642891,66.72431032979529,0.2840250772449675,1.9131372589124458,3.2513188350925986,0.281746129802421,203.8708574368489,0.0678852531053817,1.4115512843557327,1.2885637162517882,1.105860568196204,1.6692025142430724,3.064846898685212,0.9620237553638011,7.939327650056939,22.93932765005694,0.580557417858008,0.5805574178580071,0.0,shift
ok,R20053_S+03,20053,3,20315105,19.270531576154262,0.4463112154120863,0.16164923399077016,45.00861139822521,3003.1685544483407,2.1581620642400265,2.4288313548762197,0.2544527783039996,0.18749014698736244,0.0441547167058111,752.1199445085534,4,2.197322816214362e-14,2.545860990727431e-14,1.917993444589869e-14,1.2593428199925115e-14,4.607718263030198e-14,0.4656481715516325,0.6205543247145435,1.145856680055516e-12,1.923202776221965,3.457652508555376,2.3233040667288956,1.7151257333182925,1.119109704900362,0.5352559814751046,224563703.55291447,3155534.703336253,147.8872503708659,0.3552024555739998,171.69161923620865,105.78522732325305,2533180.656185765,17533180.656185765,2399380.004571788,201.06383335818344,201.06383335818344,201.06383335818344,151.3048432798876,49.75899007829585,224563703.55291474,224563703.5529145,0.0,0.9999999999999989,0.003310847253313275,0.0014232850634284878,0.6334937997567646,0.0,1.0616968607546281e-15,1201,0,0.0,0.6386383280005248,0.0,5.758742360265397e-14,0,0.05,24000000.0,False,6466819.343814235,0.61571;0.61596;0.61631;0.61679;0.61746;0.61840;0.61924;0.61992;0.62042;0.62052;0.62232;0.62800;0.62143;0.57699;0.50546;0.31773;0.02002;0.00000;0.00000;0.00000;0.00000;0.00000;0.00000;0.00000,1.2848936948010856,867.3398671483556,2.938189309130565,206147728.50318894,8.314178553767668,1.4231988716056638,2.3233040667288956,0.4682366871891085,0.7093930933719406,-1.2563585602316432,3.457652508555376,0.5387813448661841,0.0014483512652571555,19643.19854948151,4.29321220642891,66.72431032979529,0.2840250772449675,0.740014983964128,1.2080390562314545,-0.13075948650273284,126.79506227067472,0.04222042818171623,1.4115512843557327,1.2885637162517882,1.105860568196204,1.6692025142430724,3.064846898685212,0.4990729607378782,2.5331806561857646,17.533180656185763,0.2245637035529145,0.22456370355291475,0.0,shift
ok,R20054_S+00,20054,0,20316105,15.216960278076197,0.7073398102897619,0.14715901579675858,32.13174049838308,3806.4921253121634,1.7618868899138498,3.9407076569007486,0.6260743144734191,0.22100579990645275,0.0743116342916377,676.5858128013732,4,9.476525726881029e-15,9.622908460138517e-15,9.343761051480027e-15,8.037320946269924e-15,1.24886437090798e-14,0.17993849767738446,0.20985766745658355,3.0920079748086597e-13,1.1989979370144008,5.054990275275412,3.1071632792463695,2.5419064983658823,1.8440056791172657,1.0134608215005194,335557336.56734025,14277141.76617446,229.56776829373533,0.3125044969420636,317.7342666093369,204.67012003040944,12085042.25254815,27085042.25254815,10100339.647296347,369.6625587022342,369.6625587022342,369.6625587022342,316.9902131932831,52.67234550895108,335557336.56733894,335557336.56734014,0.0,1.0000000000000036,0.007551366792744632,0.002242346576085182,0.41946634698872115,0.0,3.552575865879141e-15,6814,0,0.0,3.774249306999991,0.0,6.36955171274309e-15,0,0.05,24000000.0,True,-3085042.2525481507,0.40095;0.40162;0.40255;0.40385;0.40565;0.40816;0.40985;0.41140;0.41304;0.41483;0.41675;0.41654;0.40948;0.40777;0.40677;0.39569;0.34959;0.24093;0.00348;0.00000;0.00000;0.00000;0.00000;0.00000,1.182327906948122,488.9474188293476,2.6892621578146363,215238952.35965815,8.332920869522352,2.126634069557509,3.1071632792463695,0.3682299634291034,0.6640857797867006,-0.9845146787202035,5.054990275275412,0.7037203244377441,0.0023042149081658634,6579.688678497668,3.818205345223505,118.46517077105462,0.07881843585611911,1.773676170663809,2.591466743456999,0.24887433131789016,207.02334176025997,0.05438690924476361,0.9890229522668863,0.9762383214405913,0.91082790868691,1.1022318734794578,2.495957203133401,1.1546412719062895,12.085042252548151,27.08504225254815,0.33555733656734016,0.33555733656733894,0.0,shift
ok,R20054_S+01,20054,1,20316105,15.216960278076197,0.7073398102897619,0.14715901579675858,32.13174049838308,3806.4921253121634,1.7618868899138498,3.9407076569007486,0.6260743144734191,0.22100579990645275,0.0743116342916377,676.5858128013732,4,9.476525726881029e-15,9.622908460138517e-15,9.343761051480027e-15,8.037320946269924e-15,1.24886437090798e-14,0.17993849767738446,0.20985766745658355,3.0920079748086597e-13,1.1989979370144008,5.054990275275412,0.47057460700891823,2.7871052321987766,3.9115613372601166,3.8439429221929364,434437073.1398705,19824716.136016324,263.01702522824877,0.3168414769374175,364.41960088985394,234.74198311267398,17806877.150396552,32806877.150396552,15142773.201272748,420.74348342469506,420.74348342469506,420.74348342469506,359.7464352404076,60.99704818428745,434437073.1398676,434437073.13986814,0.0,1.0000000000000013,0.009455955330340765,0.002879876560989603,0.40249396938432674,0.0,1.2347974796474322e-15,11517,0,0.0,5.827381904000504,0.0,8.106026431023999e-15,0,0.05,24000000.0,True,-8806877.150396552,0.33005;0.33109;0.33255;0.33457;0.33738;0.34130;0.34723;0.35026;0.35340;0.35669;0.36017;0.36396;0.36828;0.37371;0.38192;0.39900;0.37416;0.30094;0.05575;0.00000;0.00000;0.00000;0.00000;0.00000,1.182327906948122,488.9474188293476,2.6892621578146363,215238952.35965815,8.332920869522352,2.753296024665187,3.9115613372601166,0.5053277050378704,0.2957981824351636,1.2252109053890181,5.054990275275412,0.7037203244377441,0.0029832051679428667,6579.688678497668,3.818205345223505,118.46517077105462,0.07881843585611911,2.296330910727929,3.2623586884563056,0.3610344718565321,235.55882803888733,0.061883440260517966,0.9890229522668863,0.9762383214405913,0.91082790868691,1.1022318734794578,2.495957203133401,1.2972069775056905,17.806877150396552,32.80687715039655,0.4344370731398681,0.4344370731398676,0.0,shift
ok,R20054_S+02,20054,2,20316105,15.216960278076197,0.7073398102897619,0.14715901579675858,32.13174049838308,3806.4921253121634,1.7618868899138498,3.9407076569007486,0.6260743144734191,0.22100579990645275,0.0743116342916377,676.5858128013732,4,9.476525726881029e-15,9.622908460138517e-15,9.343761051480027e-15,8.037320946269924e-15,1.24886437090798e-14,0.17993849767738446,0.20985766745658355,3.0920079748086597e-13,1.1989979370144008,5.054990275275412,0.8556575913350585,0.5158977387171491,0.2779892826968538,0.14193222327417276,70668386.75060852,3932559.2886003354,105.12342190349135,0.3111537121522381,144.4746054584412,91.78288113703906,3207314.2797531933,18207314.279753193,2524442.686414715,168.2647823946152,168.2647823946152,168.2647823946152,144.9958224726031,23.2689599220121,70668386.75060853,70668386.7506085,0.0,0.9999999999999996,0.00156410688106306,0.00048248627677396157,0.5131865832317566,0.0,4.217207121604298e-16,638,0,0.0,0.3436507990008977,0.0,2.0544202507227797e-14,0,0.05,24000000.0,False,5792685.720246807,0.50885;0.50915;0.50956;0.51013;0.51093;0.51204;0.51117;0.50401;0.49963;0.48974;0.48090;0.46752;0.43691;0.38828;0.32366;0.13066;0.00000;0.00000;0.00000;0.00000;0.00000;0.00000;0.00000;0.00000,1.182327906948122,488.9474188293476,2.6892621578146363,215238952.35965815,8.332920869522352,0.4478692090058085,0.8556575913350585,0.6046875082629115,0.765600370863193,-1.5936022251791577,5.054990275275412,0.7037203244377441,0.000485267739792377,6579.688678497668,3.818205345223505,118.46517077105462,0.07881843585611911,0.373536263224137,0.7136439229125892,-0.4276672301172446,95.005453190591,0.02495879409780725,0.9890229522668863,0.9762383214405913,0.91082790868691,1.1022318734794578,2.495957203133401,0.594675278915888,3.2073142797531933,18.20731427975319,0.0706683867506085,0.07066838675060853,0.0,shift
ok,R20054_S+03,20054,3,20316105,15.216960278076197,0.7073398102897619,0.14715901579675858,32.13174049838308,3806.4921253121634,1.7618868899138498,3.9407076569007486,0.6260743144734191,0.22100579990645275,0.0743116342916377,676.5858128013732,4,9.476525726881029e-15,9.622908460138517e-15,9.343761051480027e-15,8.037320946269924e-15,1.24886437090798e-14,0.17993849767738446,0.20985766745658355,3.0920079748086597e-13,1.1989979370144008,5.054990275275412,0.13669228763654934,1.1124594822863492,1.9549623086201642,2.6642007666379954,231487415.69785717,13218369.220532516,192.27825976340432,0.3177855637400212,267.5097477977972,169.11094131474994,11049203.69399549,26049203.69399549,9419098.102376968,311.41691471342375,311.41691471342375,311.41691471342375,260.5043139873199,50.91260072610385,231487415.6978608,231487415.69785964,0.0,0.999999999999995,0.005464558723052704,0.001559795812817345,0.4350592755039289,0.0,5.020966559310282e-15,4061,0,0.0,2.2739826639990497,0.0,2.6832377334358785e-14,0,0.05,24000000.0,True,-2049203.6939954907,0.36238;0.36352;0.36510;0.36730;0.37036;0.37461;0.37887;0.38175;0.38476;0.38795;0.39146;0.39553;0.40123;0.42053;0.42502;0.37789;0.30485;0.06718;0.00000;0.00000;0.00000;0.00000;0.00000;0.00000,1.182327906948122,488.9474188293476,2.6892621578146363,215238952.35965815,8.332920869522352,1.4670787112952643,2.6642007666379954,0.6436604850056706,0.2128637952935802,1.7228172282385192,5.054990275275412,0.7037203244377441,0.0015895845394420338,6579.688678497668,3.818205345223505,118.46517077105462,0.07881843585611911,1.2235873524089673,2.2220228112085536,0.08763497925789868,171.94899373918204,0.04517255995244725,0.9890229522668863,0.9762383214405913,0.91082790868691,1.1022318734794578,2.495957203133401,1.1211778785830095,11.04920369399549,26.04920369399549,0.23148741569785963,0.2314874156978608,0.0,shift
ok,R20055_S+00,20055,0,20317105,20.15822454641181,0.23577773651804296,0.11319610605870975,35.095733751707314,3454.666662342596,2.6232652063005353,2.7130921626606734,0.3903626723995708,0.17441432116551578,0.046447021156006546,738.7861913269049,4,1.9653693078681262e-14,2.0450051974715898e-14,1.8912431158023354e-14,1.3526454942424739e-14,2.957569602689833e-14,0.27673307367545585,0.32984083433552924,7.177095793132054e-13,1.4481522105428914,5.042682988281442,0.36620714762690176,0.2951760994338642,0.41768221581176895,0.7337254967606159,71509164.9846489,1983257.448503272,109.41326920569088,0.32640430159532646,129.84687995285066,82.6467187510897,1531761.192701988,16531761.192701988,1443341.4846822135,152.72036898869456,152.72036898869456,152.72036898869456,122.09393774623311,30.62643124246145,71509164.98464896,71509164.98464896,0.0,1.0,0.0015611475719948438,0.0006448365651089367,0.6585267130465631,0.0,0.0,490,0,0.0,0.29840748500100744,0.0,3.174926785586565e-14,0,0.05,24000000.0,False,7468238.807298012,0.61127;0.61170;0.61231;0.61316;0.61434;0.61599;0.61745;0.61948;0.62299;0.63803;0.65294;0.61893;0.57029;0.51296;0.41537;0.04952;0.00000;0.00000;0.00000;0.00000;0.00000;0.00000;0.00000;0.00000,1.3044522785844224,707.4676815879998,2.8497066052866753,148952564.52701068,8.173047984894746,0.4531977399082877,0.7337254967606159,0.37004079587027083,0.3648425338543216,0.8109447968740704,5.042682988281442,0.702661666797337,0.0006498228109578789,15231.712690718161,4.182748739206596,98.43551603119099,0.16081421153291364,0.31294896807732,0.5066632439731958,-0.5045264761575441,96.92204075172373,0.028055395852866823,1.3164110138906386,1.282463957952656,1.136900587958497,1.47665157176312,2.8616653405928916,0.2973790940374008,1.5317611927019879,16.53176119270199,0.07150916498464896,0.07150916498464896,0.0,shift
ok,R20055_S+01,20055,1,20317105,20.15822454641181,0.23577773651804296,0.11319610605870975,35.095733751707314,3454.666662342596,2.6232652063005353,2.7130921626606734,0.3903626723995708,0.17441432116551578,0.046447021156006546,738.7861913269049,4,1.9653693078681262e-14,2.0450051974715898e-14,1.8912431158023354e-14,1.3526454942424739e-14,2.957569602689833e-14,0.27673307367545585,0.32984083433552924,7.177095793132054e-13,1.4481522105428914,5.042682988281442,0.5944641134621768,0.3254379503737801,0.16959942120751278,0.12694852596337497,47985303.584187,1246579.3563138312,87.29002799248514,0.30959833024687267,104.58286323173499,67.61955188676951,1055620.5496840607,16055620.54968406,825382.56986681,118.58481213984571,118.58481213984571,118.58481213984571,102.92088135671472,15.663930783130994,47985303.584186986,47985303.58418711,0.0,1.0000000000000027,0.0010535038262701167,0.0004338311227179664,0.6624348673185344,0.0,2.639555461506852e-15,381,0,0.0,0.18253129900040221,0.0,7.760799999049327e-14,0,0.05,24000000.0,False,7944379.450315939,0.65735;0.65750;0.65772;0.65802;0.65843;0.65901;0.66005;0.66026;0.65875;0.65407;0.63326;0.59060;0.53801;0.47005;0.20197;0.00000;0.00000;0.00000;0.00000;0.00000;0.00000;0.00000;0.00000;0.00000,1.3044522785844224,707.4676815879998,2.8497066052866753,148952564.52701068,8.173047984894746,0.30411250275171114,0.5944641134621768,0.6023878132449175,0.7562185502999521,-1.5373113017997126,5.042682988281442,0.702661666797337,0.00043605522266184347,15231.712690718161,4.182748739206596,98.43551603119099,0.16081421153291364,0.21000037187921272,0.4104983641459351,-0.6777799361949044,79.39548753412656,0.022982097925560434,1.3164110138906386,1.282463957952656,1.136900587958497,1.47665157176312,2.8616653405928916,0.09571993058323484,1.0556205496840607,16.05562054968406,0.047985303584187115,0.047985303584186983,0.0,shift
ok,R20055_S+02,20055,2,20317105,20.15822454641181,0.23577773651804296,0.11319610605870975,35.095733751707314,3454.666662342596,2.6232652063005353,2.7130921626606734,0.3903626723995708,0.17441432116551578,0.046447021156006546,738.7861913269049,4,1.9653693078681262e-14,2.0450051974715898e-14,1.8912431158023354e-14,1.3526454942424739e-14,2.957569602689833e-14,0.27673307367545585,0.32984083433552924,7.177095793132054e-13,1.4481522105428914,5.042682988281442,0.07623543030528067,0.2646685435968186,0.3683996902013738,0.3874288701189464,43262808.27747178,1106410.8884890552,85.28521322831473,0.32780106726543246,99.79305201277396,64.24627762616741,859355.4005774856,15859355.400577486,820359.2311049085,116.63588240672681,116.63588240672681,116.63588240672681,93.06220928145314,23.57367312527367,43262808.277471796,43262808.2774719,0.0,1.0000000000000024,0.0008958015210424513,0.0003913065998171647,0.6718153413440592,0.0,2.4110346163369583e-15,349,0,0.0,0.21378786100103753,0.0,1.2358672480038718e-13,0,0.05,24000000.0,False,8140644.599422514,0.64298;0.64332;0.64380;0.64445;0.64537;0.64665;0.64873;0.65260;0.66313;0.66471;0.62990;0.58262;0.52806;0.45147;0.12847;0.00000;0.00000;0.00000;0.00000;0.00000;0.00000;0.00000;0.00000;0.00000,1.3044522785844224,707.4676815879998,2.8497066052866753,148952564.52701068,8.173047984894746,0.27418313355560486,0.3874288701189464,0.4503039989651528,0.31083601813982775,1.1349838911610333,5.042682988281442,0.702661666797337,0.0003931406511435792,15231.712690718161,4.182748739206596,98.43551603119099,0.16081421153291364,0.18933309051319788,0.26753325189049354,-0.7227734759919845,75.38744939903661,0.021821917066787763,1.3164110138906386,1.282463957952656,1.136900587958497,1.47665157176312,2.8616653405928916,0.04391644113184353,0.8593554005774856,15.859355400577485,0.0432628082774719,0.043262808277471795,0.0,shift
ok,R20055_S+03,20055,3,20317105,20.15822454641181,0.23577773651804296,0.11319610605870975,35.095733751707314,3454.666662342596,2.6232652063005353,2.7130921626606734,0.3903626723995708,0.17441432116551578,0.046447021156006546,738.7861913269049,4,1.9653693078681262e-14,2.0450051974715898e-14,1.8912431158023354e-14,1.3526454942424739e-14,2.957569602689833e-14,0.27673307367545585,0.32984083433552924,7.177095793132054e-13,1.4481522105428914,5.042682988281442,0.2645172890496839,0.44615283373376163,0.5212403459376952,0.4897798256614846,67915517.04251142,1535890.6599322003,106.16397982827957,0.3235660604542526,124.40264063755146,80.54569633553523,1225716.6306436453,16225716.630643645,1173825.4559282847,145.25264309036876,145.25264309036876,145.25264309036876,117.08385003692634,28.16879305344243,67915517.04251143,67915517.04251142,0.0,0.9999999999999998,0.001395456388324493,0.0006126791513581746,0.6564324351719132,0.0,2.19407314303745e-16,470,0,0.0,0.2677380749992153,0.0,4.981279168064274e-14,0,0.05,24000000.0,False,7774283.369356355,0.62325;0.62359;0.62406;0.62472;0.62563;0.62690;0.62834;0.63061;0.63468;0.64472;0.65076;0.61555;0.56625;0.50797;0.40077;0.03033;0.00000;0.00000;0.00000;0.00000;0.00000;0.00000;0.00000;0.00000,1.3044522785844224,707.4676815879998,2.8497066052866753,148952564.52701068,8.173047984894746,0.4304225735956563,0.5212403459376952,0.23099928021349328,0.4127746581961666,0.5233520508230007,5.042682988281442,0.702661666797337,0.0006171663758302405,15231.712690718161,4.182748739206596,98.43551603119099,0.16081421153291364,0.29722191525316044,0.3599347790535704,-0.5269191716186558,94.45527182118147,0.027341356215575287,1.3164110138906386,1.282463957952656,1.136900587958497,1.47665157176312,2.8616653405928916,0.18636029936846651,1.2257166306436453,16.225716630643646,0.06791551704251142,0.06791551704251143,0.0,shift
ok,R20056_S+00,20056,0,20318105,12.40532792883074,0.5491236328245357,0.19590884171541542,20.16143662998229,2162.004208191497,1.8570418943233116,3.3580420563125895,0.3635903002814199,0.28080826424933203,0.04906129304592517,657.8600273683265,4,1.7074792998818323e-14,2.930035737783705e-14,1.1412470083313945e-14,6.492612279513647e-15,8.092191551331127e-14,0.6934578714488855,1.201841321247511,5.907372985090956e-13,0.48895091013197967,4.446564014622336,2.2213311330240058,1.4532523231461645,0.8646775225024372,0.45560673109282396,197032546.54711697,9617877.993034966,228.41025087348467,0.42491019024091,286.8971649445831,169.56681085265387,8726554.760924831,23726554.76092483,8478912.956732668,323.197281444318,323.197281444318,323.197281444318,217.29569230399753,105.90158914032045,197032546.54711744,197032546.547117,0.0,0.9999999999999978,0.01694705115694505,0.00484466051726336,0.4297068385204754,0.0,2.2688375278574996e-15,6728,0,0.0,3.7948891509986424,0.0,1.5012775505206068e-14,554,0.05,24000000.0,False,273445.23907516897,0.38667;0.38709;0.38768;0.38851;0.38965;0.39124;0.39244;0.39351;0.39473;0.39623;0.39830;0.40100;0.40302;0.41218;0.41322;0.38217;0.27533;0.10020;0.00000;0.00000;0.00000;0.00000;0.00000;0.00000,1.0936082491240893,250.10923291127042,2.3981297242311173,58001397.08861429,7.763438454607221,1.2487169274413579,2.2213311330240058,0.5318572381267601,0.7356718275012605,-1.4140309650075626,4.446564014622336,0.6480245489843312,0.005163759619669664,5097.893214456227,3.707390734064177,107.23463054097827,-0.3107347411401468,2.5538697271353867,4.543055523558418,0.40719874013600676,183.1965114686677,0.08473457672957557,1.472589515263786,1.063096249850035,0.8181360665731598,1.9137827522294244,2.777110990370814,0.9830792635583595,8.72655476092483,23.72655476092483,0.197032546547117,0.19703254654711744,0.0,shift
ok,R20056_S+01,20056,1,20318105,12.40532792883074,0.5491236328245357,0.19590884171541542,20.16143662998229,2162.004208191497,1.8570418943233116,3.3580420563125895,0.3635903002814199,0.28080826424933203,0.04906129304592517,657.8600273683265,4,1.7074792998818323e-14,2.930035737783705e-14,1.1412470083313945e-14,6.492612279513647e-15,8.092191551331127e-14,0.6934578714488855,1.201841321247511,5.907372985090956e-13,0.48895091013197967,4.446564014622336,0.3529820981045228,0.43106778511356075,0.4536403953661696,0.42069992886234947,65418518.51314613,3640339.3514900324,137.5109512602698,0.4638502589420077,171.42005474024234,97.1163295192307,3193209.436818633,18193209.436818633,3144721.757664278,196.52885922832382,196.52885922832382,196.52885922832382,121.72192677255201,74.80693245577181,65418518.51314622,65418518.51314616,0.0,0.9999999999999991,0.005379252103210523,0.00167587636262355,0.49275687982499083,0.0,9.111280128334415e-16,920,0,0.0,0.5937304549988767,0.0,3.797688606832085e-14,0,0.05,24000000.0,False,5806790.563181367,0.44543;0.44588;0.44651;0.44738;0.44860;0.45030;0.45168;0.45344;0.45609;0.46110;0.47387;0.47464;0.45004;0.39990;0.32111;0.14749;0.01152;0.00000;0.00000;0.00000;0.00000;0.00000;0.00000;0.00000,1.0936082491240893,250.10923291127042,2.3981297242311173,58001397.08861429,7.763438454607221,0.41459755186165065,0.4536403953661696,0.09048384777936905,0.4727776850692292,0.16333388958462497,4.446564014622336,0.6480245489843312,0.0017144655042867038,5097.893214456227,3.707390734064177,107.23463054097827,-0.3107347411401468,0.8479328768398053,0.9277831086227473,-0.07163852554030134,105.55980189191874,0.04882497522066289,1.472589515263786,1.063096249850035,0.8181360665731598,1.9137827522294244,2.777110990370814,0.5611418703551113,3.1932094368186332,18.193209436818634,0.06541851851314616,0.06541851851314621,0.0,shift
ok,R20056_S+02,20056,2,20318105,12.40532792883074,0.5491236328245357,0.19590884171541542,20.16143662998229,2162.004208191497,1.8570418943233116,3.3580420563125895,0.3635903002814199,0.28080826424933203,0.04906129304592517,657.8600273683265,4,1.7074792998818323e-14,2.930035737783705e-14,1.1412470083313945e-14,6.492612279513647e-15,8.092191551331127e-14,0.6934578714488855,1.201841321247511,5.907372985090956e-13,0.48895091013197967,4.446564014622336,0.803236245035744,1.0815229207986043,1.754264123797416,2.821459854032179,254846678.56811157,16942122.010727085,283.96879672240425,0.5077690196947549,356.03764866005537,195.62682087571338,15808704.181491569,30808704.18149157,15113725.760082886,405.09235019658206,405.09235019658206,405.09235019658206,220.42677500009816,184.6655751964839,254846678.56811124,254846678.56811294,0.0,1.0000000000000067,0.020375714700870663,0.006102024722862796,0.438650420850073,0.0,6.665703416827634e-15,10989,0,0.0,5.223452620000899,0.0,1.8114678982122394e-14,0,0.05,24000000.0,True,-6808704.181491569,0.34570;0.34649;0.34759;0.34911;0.35123;0.35419;0.35775;0.35989;0.36215;0.36464;0.36753;0.37128;0.37755;0.39887;0.39783;0.38015;0.29512;0.14695;0.02881;0.00000;0.00000;0.00000;0.00000;0.00000,1.0936082491240893,250.10923291127042,2.3981297242311173,58001397.08861429,7.763438454607221,1.6151207859159857,2.821459854032179,0.48143522695077706,0.29173656581440166,1.2495806051135905,4.446564014622336,0.6480245489843312,0.006678932039698619,5097.893214456227,3.707390734064177,107.23463054097827,-0.3107347411401468,3.3032370989554463,5.770435836330888,0.518939747494751,208.34721664986867,0.09636762771343067,1.472589515263786,1.063096249850035,0.8181360665731598,1.9137827522294244,2.777110990370814,1.2289678050403103,15.808704181491569,30.808704181491567,0.25484667856811294,0.2548466785681112,0.0,shift
ok,R20056_S+03,20056,3,20318105,12.40532792883074,0.5491236328245357,0.19590884171541542,20.16143662998229,2162.004208191497,1.8570418943233116,3.3580420563125895,0.3635903002814199,0.28080826424933203,0.04906129304592517,657.8600273683265,4,1.7074792998818323e-14,2.930035737783705e-14,1.1412470083313945e-14,6.492612279513647e-15,8.092191551331127e-14,0.6934578714488855,1.201841321247511,5.907372985090956e-13,0.48895091013197967,4.446564014622336,1.3985418425956306,1.4214076674626315,1.6554482149160048,2.1006634849557506,259405886.5481094,15178409.72671643,278.6077617890762,0.48018714666156165,346.61940975512505,195.89168802033075,14169764.173897065,29169764.173897065,13715213.346053477,392.6481542731026,392.6481542731026,392.6481542731026,230.46662131829663,162.18153295480596,259405886.54810837,259405886.54810917,0.0,1.000000000000003,0.01965058912567693,0.006224218013917253,0.4338284076900715,0.0,3.1019446596812056e-15,10058,0,0.0,4.943309084001157,0.0,1.0607954357975605e-14,0,0.05,24000000.0,True,-5169764.173897065,0.35222;0.35292;0.35390;0.35525;0.35714;0.35976;0.36257;0.36440;0.36634;0.36850;0.37104;0.37440;0.37996;0.39588;0.40107;0.38802;0.31720;0.14962;0.02231;0.00000;0.00000;0.00000;0.00000;0.00000,1.0936082491240893,250.10923291127042,2.3981297242311173,58001397.08861429,7.763438454607221,1.6440153024825044,2.1006634849557506,0.17163196545076562,0.42882044738270797,0.42707731570375207,4.446564014622336,0.6480245489843312,0.006798418157486569,5097.893214456227,3.707390734064177,107.23463054097827,-0.3107347411401468,3.3623320223266275,4.296266642368517,0.5266405967728777,210.20262135750062,0.09722581508448301,1.472589515263786,1.063096249850035,0.8181360665731598,1.9137827522294244,2.777110990370814,1.1812262720146158,14.169764173897065,29.169764173897065,0.2594058865481092,0.25940588654810837,0.0,shift
ok,R20057_S+00,20057,0,20319105,12.871331922293876,0.7661118764994317,0.19952532996664774,24.813359526937532,1608.0847377125724,2.137662453811064,3.760356224259439,0.27622431596123287,0.23375209278529235,0.0505047751901036,699.1613455966049,4,2.389327425363451e-14,6.278863856826707e-14,9.794070246254202e-15,3.36779444215172e-15,1.9500934611425144e-13,0.8226217705619182,1.4263817867348625,1.5579970630013473e-12,0.48753741009234924,3.2815627621923436,0.4923439485095826,0.5532197690504631,0.8964848003094004,1.5221390422863945,136651806.68546745,8730681.983078077,160.6991014209266,0.4432588244408388,201.22240238831318,120.42242551274293,8881878.462622352,23881878.462622352,8741530.315376595,231.286953339356,231.286953339356,231.286953339356,103.92433650896096,127.36261683039503,136651806.68546697,136651806.68546718,0.0,1.0000000000000016,0.012959758812823028,0.004553330091113536,0.5026578017838047,0.0,1.5266264074652274e-15,3020,0,0.0,1.5298962729993946,0.0,4.727255619129562e-14,0,0.05,24000000.0,False,118121.53737764806,0.41997;0.42060;0.42147;0.42267;0.42433;0.42661;0.42880;0.43057;0.43268;0.43557;0.44174;0.45156;0.45390;0.45144;0.41682;0.30363;0.17237;0.00753;0.00000;0.00000;0.00000;0.00000;0.00000;0.00000,1.1096234899170339,319.38098657842596,2.5043090581084826,40220858.7334141,7.604451338742122,0.8660468900389602,1.5221390422863945,0.4721810687349127,0.3018207586638322,1.1890754480170067,3.2815627621923436,0.5160807148593287,0.00485944453637526,6323.778006658836,3.8009766158181586,64.80721548272518,-0.3119920540714539,1.7763701248585493,3.122096911492538,0.24953346056210807,128.0612080018012,0.07963585811028992,1.8035976642193643,0.9966798123616593,0.5330621736578249,2.2957720238403296,3.198283232410813,0.941048169240437,8.881878462622351,23.881878462622353,0.13665180668546717,0.13665180668546698,0.0,shift
ok,R20057_S+01,20057,1,20319105,12.871331922293876,0.7661118764994317,0.19952532996664774,24.813359526937532,1608.0847377125724,2.137662453811064,3.760356224259439,0.27622431596123287,0.23375209278529235,0.0505047751901036,699.1613455966049,4,2.389327425363451e-14,6.278863856826707e-14,9.794070246254202e-15,3.36779444215172e-15,1.9500934611425144e-13,0.8226217705619182,1.4263817867348625,1.5579970630013473e-12,0.48753741009234924,3.2815627621923436,0.5801066192477426,0.35882994760185366,0.30570079703669073,0.42071916755225364,65693319.09565612,3732682.2101838295,105.39769927301764,0.3966312497306937,133.37856331760509,81.08605867802568,3676743.337663647,18676743.337663647,3650134.5897199363,152.27359896548066,152.27359896548066,152.27359896548066,80.4745706391157,71.79902832636496,65693319.095656075,65693319.09565604,0.0,0.9999999999999994,0.006231277594678909,0.0022669236879427714,0.520930173957589,0.0,5.670729306640021e-16,856,0,0.0,0.41375459600021713,0.0,8.027542206394382e-14,0,0.05,24000000.0,False,5323256.662336353,0.47039;0.47079;0.47135;0.47211;0.47316;0.47460;0.47605;0.47790;0.48108;0.48782;0.49367;0.50085;0.48121;0.42885;0.30154;0.15650;0.00001;0.00000;0.00000;0.00000;0.00000;0.00000;0.00000;0.00000,1.1096234899170339,319.38098657842596,2.5043090581084826,40220858.7334141,7.604451338742122,0.4163391328596352,0.5801066192477426,0.2472519561042953,0.5638051366925854,-0.38283082015551245,3.2815627621923436,0.5160807148593287,0.002336105524682333,6323.778006658836,3.8009766158181586,64.80721548272518,-0.3119920540714539,0.8539634584775193,1.189870986798447,-0.06856071259097948,88.79131902599805,0.05521557225417093,1.8035976642193643,0.9966798123616593,0.5330621736578249,2.2957720238403296,3.198283232410813,0.572021016918409,3.676743337663647,18.67674333766365,0.06569331909565604,0.06569331909565608,0.0,shift
ok,R20057_S+02,20057,2,20319105,12.871331922293876,0.7661118764994317,0.19952532996664774,24.813359526937532,1608.0847377125724,2.137662453811064,3.760356224259439,0.27622431596123287,0.23375209278529235,0.0505047751901036,699.1613455966049,4,2.389327425363451e-14,6.278863856826707e-14,9.794070246254202e-15,3.36779444215172e-15,1.9500934611425144e-13,0.8226217705619182,1.4263817867348625,1.5579970630013473e-12,0.48753741009234924,3.2815627621923436,0.02024082115840064,0.19684413228312517,0.3517513281083765,0.48496240863415463,41569196.9316905,2761911.4691908853,89.25472401160359,0.44950720772164965,111.76331961990975,66.43983976509965,2680950.3608550653,17680950.360855065,2650735.6253681406,128.48807120960376,128.48807120960376,128.48807120960376,54.955538251932275,73.53253295767149,41569196.931690484,41569196.931690335,0.0,0.9999999999999964,0.003954707047358661,0.001448003830619361,0.5395595609473448,0.0,3.584664196985649e-15,582,0,0.0,0.4344601690008858,0.0,6.388849696593963e-13,0,0.05,24000000.0,False,6319049.639144935,0.48931;0.48981;0.49050;0.49144;0.49275;0.49455;0.49685;0.50117;0.50767;0.50994;0.51116;0.48711;0.42831;0.31306;0.19068;0.02741;0.00000;0.00000;0.00000;0.00000;0.00000;0.00000;0.00000;0.00000,1.1096234899170339,319.38098657842596,2.5043090581084826,40220858.7334141,7.604451338742122,0.26344967254601426,0.48496240863415463,0.6586871652774292,0.20600229955078958,1.7639862026952622,3.2815627621923436,0.5160807148593287,0.0014782329762837532,6323.778006658836,3.8009766158181586,64.80721548272518,-0.3119920540714539,0.5403681175894003,0.9947183510333969,-0.2673102828244362,70.63105975834655,0.04392247379874772,1.8035976642193643,0.9966798123616593,0.5330621736578249,2.2957720238403296,3.198283232410813,0.441209753511951,2.680950360855065,17.680950360855064,0.04156919693169034,0.041569196931690484,0.0,shift
ok,R20057_S+03,20057,3,20319105,12.871331922293876,0.7661118764994317,0.19952532996664774,24.813359526937532,1608.0847377125724,2.137662453811064,3.760356224259439,0.27622431596123287,0.23375209278529235,0.0505047751901036,699.1613455966049,4,2.389327425363451e-14,6.278863856826707e-14,9.794070246254202e-15,3.36779444215172e-15,1.9500934611425144e-13,0.8226217705619182,1.4263817867348625,1.5579970630013473e-12,0.48753741009234924,3.2815627621923436,0.08588733574128588,0.5563976606459485,0.7949015118877112,0.8013988894665737,88305478.18470971,5474084.512133485,127.35854339714366,0.43083838743974995,160.5750371827516,96.45247982847654,5452760.611577675,20452760.611577675,5394968.650146041,182.90911671616016,182.90911671616016,182.90911671616016,84.34314498813404,98.56597172802611,88305478.1847096,88305478.18470967,0.0,1.0000000000000009,0.008762089799429506,0.0030101403931190947,0.5101926529341542,0.0,8.437280166627219e-16,1441,0,0.0,0.8376809009987483,0.0,2.1049749654030574e-13,0,0.05,24000000.0,False,3547239.3884223253,0.44854;0.44908;0.44982;0.45083;0.45223;0.45417;0.45590;0.45766;0.46011;0.46466;0.47274;0.47449;0.47571;0.44680;0.32192;0.23073;0.04959;0.00000;0.00000;0.00000;0.00000;0.00000;0.00000;0.00000,1.1096234899170339,319.38098657842596,2.5043090581084826,40220858.7334141,7.604451338742122,0.5596463494353798,0.8013988894665737,0.5196053185245926,0.2869155659798494,1.2785066041209032,3.2815627621923436,0.5160807148593287,0.0031402114901004645,6323.778006658836,3.8009766158181586,64.80721548272518,-0.3119920540714539,1.147904423025449,1.6437690172632555,0.05990572928090771,102.9446374774099,0.06401692340158889,1.8035976642193643,0.9966798123616593,0.5330621736578249,2.2957720238403296,3.198283232410813,0.7383114980192824,5.452760611577674,20.452760611577673,0.08830547818470967,0.08830547818470959,0.0,shift
ok,R20058_S+00,20058,0,20320105,13.49335929357185,0.6486966576183488,0.2761464136426184,65.13747625213405,3219.5666349541298,2.7782840371880724,3.9114404380101266,0.4644265785786683,0.15771225628711275,0.05954292758161855,775.9227522429178,4,4.7231373727737534e-15,8.34963550830375e-15,3.4724549635578015e-15,2.5366190707955883e-15,2.5291103657523622e-14,0.6735813445537504,1.3527491806629117,5.438741846361106e-13,2.7764473518994626,4.679916800618058,0.030892928871107665,0.4287677180675583,0.8344164342855507,1.2125981529947405,98880817.9642352,3038948.66287462,84.46650901949906,0.7332580048621334,112.14727793845739,59.24151385212277,2846976.978662759,17846976.97866276,2456290.1592137627,124.07203378125993,124.07203378125993,124.07203378125993,45.57328508483712,78.49874869642281,98880817.96423528,98880817.96423525,0.0,0.9999999999999997,0.0005232086763591715,0.0002164338431566325,0.5719477037086099,0.0,3.0139639822229903e-16,547,0,0.0,0.3291243299991038,0.0,1.2169023635603294e-13,0,0.05,24000000.0,False,6153023.021337241,0.52717;0.52827;0.52981;0.53196;0.53494;0.53909;0.54313;0.55460;0.54870;0.52141;0.49146;0.41743;0.12839;0.11621;0.09195;0.00000;0.00000;0.00000;0.00000;0.00000;0.00000;0.00000;0.00000;0.00000,1.1301200846637718,878.9233705465487,2.943951012503237,585753704.6276706,8.76771504399417,0.6266688085547393,1.2125981529947405,0.704924017974071,0.18337463132988963,1.885693380605541,4.679916800618058,0.6702381322720601,0.00021755973420078075,14761.171582330468,4.169120828459157,49.427254787886405,0.4434894426217205,0.22570887509392668,0.4367445153120446,-0.6464513637023077,51.74357572528037,0.01607159645758274,0.927384115144471,0.5463532195763223,0.40997185100672096,1.4086843793422426,2.741215042983936,0.4827233635815595,2.846976978662759,17.84697697866276,0.09888081796423524,0.09888081796423527,0.0,shift
ok,R20058_S+01,20058,1,20320105,13.49335929357185,0.6486966576183488,0.2761464136426184,65.13747625213405,3219.5666349541298,2.7782840371880724,3.9114404380101266,0.4644265785786683,0.15771225628711275,0.05954292758161855,775.9227522429178,4,4.7231373727737534e-15,8.34963550830375e-15,3.4724549635578015e-15,2.5366190707955883e-15,2.5291103657523622e-14,0.6735813445537504,1.3527491806629117,5.438741846361106e-13,2.7764473518994626,4.679916800618058,1.198750949849774,2.1925187811329097,2.9222535326243144,3.3879552043239873,382694221.1244736,9004290.808972847,165.30966022043492,0.7256786313826222,218.8716763618071,115.69344013081941,10077872.456264589,25077872.45626459,8483775.038514677,240.8071392108209,240.8071392108209,240.8071392108209,90.15282786445927,150.65431134636162,382694221.1244756,382694221.124475,0.0,0.9999999999999984,0.0020352454089850964,0.0008258457582317858,0.52169807802118,0.0,1.5575005183055414e-15,3271,0,0.0,1.7520761689993378,0.0,7.579203207051297e-15,0,0.05,24000000.0,True,-1077872.456264589,0.45526;0.45661;0.45848;0.46108;0.46470;0.46975;0.47515;0.47889;0.48307;0.48827;0.50107;0.50747;0.47697;0.42286;0.12833;0.11671;0.09271;0.00000;0.00000;0.00000;0.00000;0.00000;0.00000;0.00000,1.1301200846637718,878.9233705465487,2.943951012503237,585753704.6276706,8.76771504399417,2.425369616982746,3.3879552043239873,0.34076460207620257,0.3495621561386543,0.9026270631680743,4.679916800618058,0.6702381322720601,0.0008420121793301677,14761.171582330468,4.169120828459157,49.427254787886405,0.4434894426217205,0.8735514524788189,1.2202483155339399,-0.058711509834411695,101.7949806493653,0.031617603296108084,0.927384115144471,0.5463532195763223,0.40997185100672096,1.4086843793422426,2.741215042983936,0.9544495128381102,10.07787245626459,25.07787245626459,0.382694221124475,0.3826942211244756,0.0,shift
ok,R20058_S+02,20058,2,20320105,13.49335929357185,0.6486966576183488,0.2761464136426184,65.13747625213405,3219.5666349541298,2.7782840371880724,3.9114404380101266,0.4644265785786683,0.15771225628711275,0.05954292758161855,775.9227522429178,4,4.7231373727737534e-15,8.34963550830375e-15,3.4724549635578015e-15,2.5366190707955883e-15,2.5291103657523622e-14,0.6735813445537504,1.3527491806629117,5.438741846361106e-13,2.7764473518994626,4.679916800618058,1.60885782288645,3.3717125897156617,4.177575809664598,4.026447482733258,520092667.8811336,11016792.003779951,192.54784075527817,0.7244298664668645,253.24165958685634,135.7953095233693,12888672.789762981,27888672.78976298,10848812.467844855,283.9528502385914,283.9528502385914,283.9528502385914,108.14086607781715,175.81198416077424,520092667.8811336,520092667.88113356,0.0,0.9999999999999999,0.0030226811380071137,0.0011147575322923151,0.5062351285817523,0.0,1.1460389360653933e-16,5684,0,0.0,2.898049411000102,0.0,5.8563782100509875e-15,0,0.05,24000000.0,True,-3888672.7897629812,0.44067;0.44197;0.44377;0.44629;0.44978;0.45465;0.46109;0.46484;0.46890;0.47349;0.47901;0.49036;0.48862;0.45058;0.25570;0.12250;0.10776;0.01762;0.00000;0.00000;0.00000;0.00000;0.00000;0.00000,1.1301200846637718,878.9233705465487,2.943951012503237,585753704.6276706,8.76771504399417,3.2961484262499914,4.177575809664598,0.3095008027239226,0.37775683680820143,0.7334589791507918,4.679916800618058,0.6702381322720601,0.0011443192412194721,14761.171582330468,4.169120828459157,49.427254787886405,0.4434894426217205,1.1871820382241296,1.5046479476034635,0.07451731721463788,118.66995499862729,0.036858983973263225,0.927384115144471,0.5463532195763223,0.40997185100672096,1.4086843793422426,2.741215042983936,1.042055150061788,12.888672789762982,27.888672789762982,0.5200926678811335,0.5200926678811336,0.0,shift
ok,R20058_S+03,20058,3,20320105,13.49335929357185,0.6486966576183488,0.2761464136426184,65.13747625213405,3219.5666349541298,2.7782840371880724,3.9114404380101266,0.4644265785786683,0.15771225628711275,0.05954292758161855,775.9227522429178,4,4.7231373727737534e-15,8.34963550830375e-15,3.4724549635578015e-15,2.5366190707955883e-15,2.5291103657523622e-14,0.6735813445537504,1.3527491806629117,5.438741846361106e-13,2.7764473518994626,4.679916800618058,12.054927407219559,9.26080058513512,5.861386703583613,1.856685762565037,1145296326.686581,27615676.83431452,282.61861927428055,0.7087342902331454,378.06934103529437,201.0227356483372,41795155.19328473,56795155.19328473,32867651.61541634,415.85148301720193,415.85148301720193,415.85148301720193,164.8843000368774,250.96718298032454,1145296326.6865737,1145296326.6865766,0.0,1.0000000000000024,0.006218311069207113,0.0023836338419751363,0.4733470843733041,0.0,2.49806349898624e-15,27674,0,0.0,14.127227066999694,0.0,4.1684843960911045e-15,0,0.05,24000000.0,True,-32795155.193284728,0.44808;0.44903;0.45035;0.45219;0.45474;0.45830;0.46202;0.46431;0.46645;0.46774;0.46368;0.45297;0.45120;0.44618;0.44231;0.36591;0.11174;0.10925;0.05394;0.00000;0.00000;0.00000;0.00000;0.00000,1.1301200846637718,878.9233705465487,2.943951012503237,585753704.6276706,8.76771504399417,7.258450114625832,12.054927407219559,0.5252761665693426,0.7341694044780761,-1.405016426868456,4.679916800618058,0.6702381322720601,0.0025199059791878647,14761.171582330468,4.169120828459157,49.427254787886405,0.4434894426217205,2.6142941661256707,4.341853411688995,0.4173544537637492,176.09999593768836,0.05469680112404237,0.927384115144471,0.5463532195763223,0.40997185100672096,1.4086843793422426,2.741215042983936,1.4411556918401873,41.79515519328473,56.79515519328473,1.1452963266865765,1.1452963266865737,0.0,shift
ok,R20059_S+00,20059,0,20321105,18.277867351828693,0.6290460237281075,0.25085557767077726,31.63901227160084,2950.4091772014863,2.4834142827384715,2.7987103036616374,0.30731526173054924,0.18050501711952388,0.05103135352487288,773.9092603615203,4,2.3282807130133672e-14,2.4403783099384347e-14,2.2118081111889405e-14,1.432062736604182e-14,3.453125131439662e-14,0.3047981894985273,0.33846158580732616,7.721115929549063e-13,1.5717284634865432,3.613252330225918,0.8177537133430867,0.5000566110697676,0.37774368398946484,0.45081493210217866,84667815.59608091,1422023.3385233297,81.86215169537867,0.32031104449723585,97.07338969109071,61.671081366457756,1337715.2000188567,16337715.200018857,1003656.4284735806,112.78619294555978,112.78619294555978,112.78619294555978,86.19931505917728,26.586877886382496,84667815.59608096,84667815.59608093,0.0,0.9999999999999997,0.0011964444965467265,0.0005010164033121805,0.6570106310450263,0.0,3.519911571815109e-16,393,0,0.0,0.21810766799899284,0.0,2.5100452363826505e-14,0,0.05,24000000.0,False,7662284.799981143,0.63689;0.63727;0.63781;0.63855;0.63959;0.64103;0.64312;0.64772;0.65430;0.65062;0.62877;0.58643;0.53178;0.43632;0.09163;0.00000;0.00000;0.00000;0.00000;0.00000;0.00000;0.00000;0.00000;0.00000,1.2619255211918743,578.2936694432004,2.762148438125947,217050630.6022679,8.336561051942455,0.5365922351261244,0.8177537133430867,0.3131995247153595,0.6139719502757559,-0.683831701654535,3.613252330225918,0.5578982914319047,0.0005040426195723635,11332.12485068298,4.05431135067579,93.25225300569107,0.19637751816933233,0.34140263257421033,0.5202894344288167,-0.46673313434007646,73.17163017532997,0.0248005025000412,1.393173754099009,1.3504640441490596,1.1616786419709648,1.5439289139993468,2.893396671033081,0.15290672417765894,1.3377152000188566,16.337715200018856,0.08466781559608093,0.08466781559608096,0.0,shift
ok,R20059_S+01,20059,1,20321105,18.277867351828693,0.6290460237281075,0.25085557767077726,31.63901227160084,2950.4091772014863,2.4834142827384715,2.7987103036616374,0.30731526173054924,0.18050501711952388,0.05103135352487288,773.9092603615203,4,2.3282807130133672e-14,2.4403783099384347e-14,2.2118081111889405e-14,1.432062736604182e-14,3.453125131439662e-14,0.3047981894985273,0.33846158580732616,7.721115929549063e-13,1.5717284634865432,3.613252330225918,5.698367782886259,6.163199188029547,4.961838608103844,2.0942860431091495,746246181.4181148,12242309.669417491,243.02084040648674,0.3202793014403382,289.37714166222366,186.70085403398843,11894425.853384279,26894425.85338428,10349492.584901482,338.36619187099797,338.36619187099797,338.36619187099797,254.37499997855355,83.99119189244442,746246181.4181129,746246181.4181145,0.0,1.0000000000000022,0.010403648567816542,0.004218565488014249,0.5470662473814376,0.0,2.236433626419933e-15,8317,0,0.0,4.689908435000689,0.0,6.73090715078961e-15,0,0.05,24000000.0,True,-2894425.8533842787,0.51334;0.51387;0.51461;0.51563;0.51705;0.51903;0.52043;0.52167;0.52300;0.52453;0.52640;0.52856;0.52552;0.52307;0.53439;0.53548;0.47505;0.20865;0.00001;0.00000;0.00000;0.00000;0.00000;0.00000,1.2619255211918743,578.2936694432004,2.762148438125947,217050630.6022679,8.336561051942455,4.7294229055322,6.163199188029547,0.334194752697103,0.6270092148579505,-0.7620552891477029,3.613252330225918,0.5578982914319047,0.004442536724016658,11332.12485068298,4.05431135067579,93.25225300569107,0.19637751816933233,3.0090585081350425,3.9212875068495032,0.47843063224428795,217.23240682445467,0.07362789151520445,1.393173754099009,1.3504640441490596,1.1616786419709648,1.5439289139993468,2.893396671033081,1.0878633607879262,11.894425853384279,26.894425853384277,0.7462461814181145,0.7462461814181128,0.0,shift
ok,R20059_S+02,20059,2,20321105,18.277867351828693,0.6290460237281075,0.25085557767077726,31.63901227160084,2950.4091772014863,2.4834142827384715,2.7987103036616374,0.30731526173054924,0.18050501711952388,0.05103135352487288,773.9092603615203,4,2.3282807130133672e-14,2.4403783099384347e-14,2.2118081111889405e-14,1.432062736604182e-14,3.453125131439662e-14,0.3047981894985273,0.33846158580732616,7.721115929549063e-13,1.5717284634865432,3.613252330225918,1.0917832792354618,4.477521228811847,7.9221232733143845,11.425589412743072,982901577.2558507,23363615.796615675,284.5674498293577,0.33341441280152356,334.01670538963737,216.24419521018518,25375598.532451957,40375598.53245196,21697348.757112414,391.13215616263494,391.13215616263494,391.13215616263494,283.44203617491735,107.6901199877176,982901577.2558444,982901577.2558467,0.0,1.0000000000000024,0.012915610015260854,0.005465309727640519,0.542041231669202,0.0,2.425660764195756e-15,15222,0,0.0,7.397849829998449,0.0,8.915010663056631e-15,0,0.05,24000000.0,True,-16375598.532451957,0.43649;0.43741;0.43868;0.44044;0.44290;0.44633;0.45484;0.45817;0.46160;0.46520;0.46903;0.47323;0.47804;0.48415;0.49595;0.52322;0.50843;0.34808;0.02367;0.00000;0.00000;0.00000;0.00000;0.00000,1.2619255211918743,578.2936694432004,2.762148438125947,217050630.6022679,8.336561051942455,6.229254298526191,11.425589412743072,0.6182593360512327,0.2235140933869475,1.6589154396783152,3.613252330225918,0.5578982914319047,0.0058513885387729185,11332.12485068298,4.05431135067579,93.25225300569107,0.19637751816933233,3.9633145567065218,7.269442323006512,0.5980585423873228,249.30935151616507,0.08449992409277932,1.393173754099009,1.3504640441490596,1.1616786419709648,1.5439289139993468,2.893396671033081,1.3685400558632532,25.375598532451956,40.37559853245196,0.9829015772558467,0.9829015772558444,0.0,shift
ok,R20059_S+03,20059,3,20321105,18.277867351828693,0.6290460237281075,0.25085557767077726,31.63901227160084,2950.4091772014863,2.4834142827384715,2.7987103036616374,0.30731526173054924,0.18050501711952388,0.05103135352487288,773.9092603615203,4,2.3282807130133672e-14,2.4403783099384347e-14,2.2118081111889405e-14,1.432062736604182e-14,3.453125131439662e-14,0.3047981894985273,0.33846158580732616,7.721115929549063e-13,1.5717284634865432,3.613252330225918,0.3189835277634582,2.6398114258575163,3.9928547771410634,4.378113581614098,446925173.38330144,9481816.119006954,191.36922980835087,0.3316143826492103,225.4303143354876,143.91128089139312,8909359.602416515,23909359.602416515,7903324.446853094,261.12598591335365,261.12598591335365,261.12598591335365,193.61095146106328,67.51503445229037,446925173.38330346,446925173.3833041,0.0,1.0000000000000016,0.006413724458570727,0.002577460977905152,0.5777589803177094,0.0,1.4670265439869964e-15,3809,0,0.0,1.9289461659991503,0.0,3.432753126759373e-14,0,0.05,24000000.0,False,90640.39758348465,0.50914;0.51014;0.51153;0.51346;0.51615;0.51989;0.52295;0.52536;0.52793;0.53077;0.53418;0.53879;0.54711;0.56518;0.55723;0.49540;0.29463;0.00600;0.00000;0.00000;0.00000;0.00000;0.00000;0.00000,1.2619255211918743,578.2936694432004,2.762148438125947,217050630.6022679,8.336561051942455,2.832440828094034,4.378113581614098,0.5607378522765982,0.2611524064575044,1.4330855612549733,3.613252330225918,0.5578982914319047,0.002660625333947782,11332.12485068298,4.05431135067579,93.25225300569107,0.19637751816933233,1.802118428148123,2.7855406855088636,0.25578332770920265,168.11286972391707,0.05697951017200096,1.393173754099009,1.3504640441490596,1.1616786419709648,1.5439289139993468,2.893396671033081,0.9768915287856218,8.909359602416515,23.909359602416515,0.4469251733833041,0.44692517338330345,0.0,shift
