direction,las_row,dept_m,evaluate_on,vp_m_s,rhob_measured_gcc,rho_block_fit_gcc,rho_supplied_gardner_gcc,residual_block_fit_gcc,residual_supplied_gardner_gcc
A_to_B,18397,3734.6000085600003,B,4208.497353810638,2.4781,2.6020839432525364,2.496855782861203,0.12398394325253648,0.018755782861203052
A_to_B,18398,3734.7999878400005,B,4372.63830190141,2.4865,2.630869109861055,2.5208533561164854,0.1443691098610551,0.03435335611648549
A_to_B,18399,3734.9999976000004,B,4284.148089843421,2.5177,2.6154482669019954,2.508001618914363,0.09774826690199534,-0.009698381085637031
A_to_B,18400,3735.20000736,B,4198.769297739305,2.5436,2.6003530137081916,2.4954116429351796,0.056753013708191524,-0.0481883570648205
A_to_B,18401,3735.39998664,B,4192.5145458797,2.5382,2.5992385854289735,2.494481792651062,0.06103858542897367,-0.04371820734893772
A_to_B,18402,3735.5999964000002,B,4272.12661641405,2.5255,2.613335872050465,2.5062403788829637,0.08783587205046484,-0.019259621117036385
A_to_B,18403,3735.80000616,B,4364.361153749228,2.5129,2.6294361611993535,2.5196595514238105,0.1165361611993534,0.0067595514238103505
A_to_B,18404,3735.9999854400003,B,4380.940608646034,2.5104,2.632304473964399,2.5220490880328774,0.12190447396439863,0.01164908803287723
A_to_B,18405,3736.1999952,B,4380.846158710813,2.5052,2.632288155664895,2.5220354945309253,0.12708815566489529,0.016835494530925477
A_to_B,18406,3736.40000496,B,4377.102926541357,2.5261,2.631641228227188,2.5214965808992518,0.10554122822718792,-0.004603419100748241
A_to_B,18407,3736.60001472,B,4318.932169526591,2.5528,2.6215367792503277,2.5130769664814707,0.06873677925032773,-0.03972303351852924
A_to_B,18408,3736.7999940000004,B,4297.454942284673,2.5596,2.617781607809012,2.5099468600858086,0.058181607809011826,-0.04965313991419151
A_to_B,18409,3737.0000037600003,B,4286.956008067578,2.5732,2.6159410614403513,2.5084124668297187,0.04274106144035139,-0.06478753317028119
A_to_B,18410,3737.20001352,B,4244.1854798171435,2.6073,2.608409686352112,2.5021323771898163,0.0011096863521120603,-0.10516762281018366
A_to_B,18411,3737.3999928000003,B,4223.027972018283,2.6078,2.6046640997202126,2.4990082124900033,-0.0031359002797874957,-0.10879178750999685
A_to_B,18412,3737.60000256,B,4200.21579848886,2.5977,2.6006105727574056,2.495626536176784,0.002910572757405472,-0.10207346382321614
A_to_B,18413,3737.8000123200004,B,4288.222582387899,2.5801,2.6161632721811303,2.508597722922272,0.03606327218113048,-0.07150227707772805
A_to_B,18414,3737.9999916,B,4395.819932908943,2.5803,2.634872079836208,2.524187823116002,0.054572079836208154,-0.05611217688399783
A_to_B,18415,3738.20000136,B,4542.061004886293,2.5782,2.659784117998698,2.5449246868252495,0.08158411799869825,-0.0332753131747503
A_to_B,18416,3738.40001112,B,4532.0050553862175,2.5267,2.6580895442693366,2.543514924347701,0.1313895442693367,0.016814924347701155
A_to_B,18417,3738.5999904,B,4502.322063741536,2.4681,2.6530718530209585,2.539339880548507,0.1849718530209583,0.07123988054850683
A_to_B,18418,3738.8000001600003,B,4462.390306891817,2.4757,2.646284366969718,2.5336906118440976,0.17058436696971802,0.05799061184409782
A_to_B,18419,3739.00000992,B,4299.770763533769,2.5412,2.618187158276647,2.5102849330910857,0.07698715827664726,-0.030915066908914213
A_to_B,18420,3739.1999892000003,B,4068.9695681659205,2.5889,2.576979340944271,2.4758983150743705,-0.011920659055729033,-0.11300168492562968
A_to_B,18421,3739.39999896,B,4043.3144035116347,2.5989,2.572296813656574,2.471986371363203,-0.026603186343426177,-0.1269136286367969
A_to_B,18422,3739.60000872,B,4152.928032264218,2.5521,2.5921577223359855,2.4885724855280538,0.0400577223359857,-0.06352751447194604
A_to_B,18423,3739.799988,B,4179.304217148311,2.489,2.5968809621248843,2.4925144808493673,0.1078809621248844,0.0035144808493674518
A_to_B,18424,3739.9999977600005,B,4272.162544011123,2.4833,2.6133421914982273,2.5062456480918742,0.1300421914982275,0.022945648091874382
A_to_B,18425,3740.2000075200003,B,4263.145748393279,2.5445,2.6117550023751055,2.5049221841243146,0.06725500237510529,-0.03957781587568565
A_to_B,18426,3740.3999868,B,4115.142997168815,2.5786,2.5853540929727914,2.482892557088795,0.006754092972791614,-0.09570744291120459
A_to_B,18427,3740.59999656,B,4082.9339255909413,2.5698,2.5795192511523255,2.4780198547696157,0.009719251152325636,-0.09178014523038414
A_to_B,18428,3740.8000063199997,B,4106.682116126946,2.5649,2.5838245200831653,2.481615342963718,0.01892452008316514,-0.08328465703628218
A_to_B,18429,3740.9999856,B,4246.1602758332465,2.5719,2.6087586119757744,2.502423383505404,0.03685861197577456,-0.06947661649459569
A_to_B,18430,3741.1999953600002,B,4311.869240584763,2.5771,2.62030333729737,2.5120489010485163,0.04320333729736969,-0.06505109895148387
A_to_B,18431,3741.40000512,B,4376.424168544021,2.5715,2.6315238790583417,2.52139882300251,0.060023879058341834,-0.05010117699748973
A_to_B,18432,3741.60001488,B,4514.9736256215865,2.5724,2.6552133796995263,2.541121895309097,0.08281337969952629,-0.031278104690902975
A_to_B,18433,3741.79999416,B,4423.809033104548,2.5612,2.6396852045637837,2.528196272061756,0.07848520456378383,-0.0330037279382438
A_to_B,18434,3742.00000392,B,4486.694477891842,2.5671,2.6504206485834985,2.537133490728571,0.08332064858349852,-0.029966509271428965
A_to_B,18435,3742.20001368,B,4503.000522986282,2.6047,2.6531868043642155,2.539435539035705,0.04848680436421571,-0.06526446096429472
A_to_B,18436,3742.3999929600004,B,4534.83026374323,2.6268,2.658565903326879,2.5439112323985236,0.03176590332687912,-0.08288876760147623
A_to_B,18437,3742.6000027200002,B,4621.136544881727,2.6274,2.673017216805035,2.55592963884718,0.04561721680503483,-0.07147036115282024
A_to_B,18438,3742.80001248,B,4611.195158850228,2.648,2.6713624601363013,2.554553894624236,0.023362460136301166,-0.09344610537576425
A_to_B,18439,3742.9999917600003,B,4629.200718680375,2.664,2.6743576469518815,2.557043974369834,0.01035764695188135,-0.10695602563016626
A_to_B,18440,3743.2000015200006,B,4759.488136413676,2.6444,2.695787058080252,2.5748489450181715,0.05138705808025179,-0.06955105498182856
A_to_B,18441,3743.4000112800004,B,4962.593313198578,2.6216,2.7283747412205495,2.60188960085651,0.10677474122054953,-0.01971039914348971
A_to_B,18442,3743.59999056,B,4668.366760861076,2.6259,2.680844285523496,2.5624354614410483,0.05494428552349584,-0.06346453855895184
A_to_B,18443,3743.80000032,B,4747.035049876574,2.6557,2.6937569989297634,2.573163032309361,0.03805699892976344,-0.0825369676906389
A_to_B,18444,3744.00001008,B,4712.517857474165,2.6833,2.688110220548353,2.5684726529542954,0.004810220548352895,-0.11482734704570463
A_to_B,18445,3744.19998936,B,4671.966057737408,2.7079,2.6814384493263836,2.562929226233073,-0.02646155067361633,-0.1449707737669268
A_to_B,18446,3744.3999991200003,B,4534.641357178882,2.7108,2.658534058343081,2.5438847391777113,-0.05226594165691889,-0.16691526082228858
A_to_B,18447,3744.60000888,B,4474.9035429256,2.6914,2.6484159702935846,2.5354649626744505,-0.04298402970641524,-0.15593503732554925
A_to_B,18448,3744.7999881600003,B,4710.66065161048,2.6724,2.6878055599903745,2.568219556427528,0.015405559990374407,-0.10418044357247203
A_to_B,18449,3744.99999792,B,4741.002516713279,2.6654,2.69277223180708,2.572345148409619,0.027372231807079928,-0.09305485159038085
A_to_B,18450,3745.20000768,B,4733.022146444177,2.6728,2.6914681218596876,2.571261978902578,0.01866812185968758,-0.10153802109742216
A_to_B,18451,3745.39998696,B,4832.196889828131,2.6721,2.707564848377756,2.584626835656007,0.03546484837775621,-0.08747316434399277
A_to_B,18452,3745.5999967200005,B,4829.371706346315,2.617,2.707109574722803,2.5842489719893527,0.09010957472280312,-0.03275102801064733
A_to_B,18453,3745.8000064800003,B,4796.374394158746,2.553,2.701778008313364,2.5798233116485996,0.14877800831336385,0.026823311648599635
A_to_B,18454,3745.99998576,B,4777.025142072615,2.527,2.698639473002164,2.5772175233353667,0.17163947300216398,0.050217523335366554
A_to_B,18455,3746.19999552,B,4798.466002207169,2.5396,2.702116735910028,2.5801045186904483,0.16251673591002813,0.040504518690448243
A_to_B,18456,3746.4000052799997,B,4801.187065148391,2.5441,2.702557243814428,2.580470215474451,0.15845724381442805,0.036370215474451406
A_to_B,18457,3746.6000150400005,B,4550.381139207624,2.552,2.6611841621003105,2.5460893335420955,0.10918416210031046,-0.005910666457904501
A_to_B,18458,3746.79999432,B,4423.051528260078,2.5596,2.639555226872526,2.5280880370601597,0.0799552268725261,-0.03151196293984038
A_to_B,18459,3747.00000408,B,4361.107732810611,2.5644,2.62887239541797,2.5191898489049276,0.06447239541796979,-0.045210151095072426
A_to_B,18460,3747.20001384,B,4347.6214317196645,2.5786,2.626532234681688,2.5172399989620886,0.04793223468168817,-0.06136000103791117
A_to_B,18461,3747.39999312,B,4328.948994243691,2.6011,2.623283615934603,2.5145328348695473,0.02218361593460294,-0.08656716513045293
A_to_B,18462,3747.6000028800004,B,4278.819562403664,2.5997,2.6145124680101244,2.507221405855554,0.01481246801012448,-0.09247859414444592
A_to_B,18463,3747.80001264,B,4361.051574299557,2.5796,2.62886266141641,2.5191817388877706,0.04926266141640978,-0.06041826111222948
A_to_B,18464,3747.9999919200004,B,4473.90515555921,2.5492,2.6482460531260927,2.535323530128535,0.09904605312609283,-0.01387646987146507
A_to_B,18465,3748.2000016800002,B,4398.427071683684,2.538,2.6353213351251448,2.5245620106902855,0.09732133512514496,-0.013437989309714293
A_to_B,18466,3748.40001144,B,4386.880234427511,2.5211,2.6333301715746282,2.5229034945969424,0.11223017157462811,0.00180349459694229
A_to_B,18467,3748.59999072,B,4276.826280592358,2.4653,2.6141621933858454,2.506929358479159,0.1488621933858454,0.04162935847915916
A_to_B,18468,3748.8000004800006,B,4200.29683200053,2.4234,2.6006249994420507,2.495638572934458,0.17722499944205072,0.07223857293445812
A_to_B,18469,3749.0000102400004,B,4088.141840280805,2.418,2.5804649093466123,2.4788096757596527,0.16246490934661217,0.06080967575965257
A_to_B,18470,3749.19998952,B,3810.4667821808175,2.4291,2.5287983074210936,2.4356015335782004,0.09969830742109353,0.00650153357820038
A_to_B,18471,3749.39999928,B,3756.623081786664,2.4644,2.518471397540909,2.4269515110265987,0.05407139754090906,-0.03744848897340125
A_to_B,18472,3749.60000904,B,3530.307013937069,2.5429,2.4738744904213834,2.3895427944022987,-0.06902550957861653,-0.15335720559770127
A_to_B,18473,3749.79998832,B,3758.7216400259467,2.6439,2.5188758571564454,2.4272903813626927,-0.12502414284355456,-0.2166096186373072
A_to_B,18474,3749.9999980800003,B,3816.5883857008157,2.6662,2.5299657995682567,2.436579157438783,-0.13623420043174317,-0.22962084256121695
A_to_B,18475,3750.20000784,B,3905.203991815472,2.6293,2.546718734551255,2.4506011048446203,-0.082581265448745,-0.17869889515537984
A_to_B,18476,3750.3999871200003,B,3858.5550926470983,2.5715,2.5379338396348508,2.4432497905473687,-0.033566160365149145,-0.12825020945263121
A_to_B,18477,3750.59999688,B,3833.07993254383,2.5224,2.5331043889169824,2.4392070286655643,0.010704388916982222,-0.08319297133443593
A_to_B,18478,3750.80000664,B,4055.828856796508,2.4944,2.574583561802729,2.473896915155677,0.08018356180272868,-0.020503084844323283
A_to_B,18479,3750.9999859199997,B,3799.911235669298,2.4823,2.5267820456723253,2.433913036032217,0.04448204567232539,-0.04838696396778275
A_to_B,18480,3751.1999956800005,B,4182.4182006545325,2.4736,2.5974371868244917,2.4929786419172615,0.12383718682449185,0.019378641917261685
A_to_B,18481,3751.4000054400003,B,4078.8797533401857,2.4619,2.5787824955609038,2.4774044846390635,0.1168824955609038,0.01550448463906351
A_to_B,18482,3751.6000152,B,4175.411102648263,2.4617,2.596185152318853,2.491933819853506,0.13448515231885283,0.030233819853505928
A_to_B,18483,3751.79999448,B,3962.306093345588,2.4665,2.557370981409668,2.459510604483031,0.09087098140966798,-0.006989395516968866
A_to_B,18484,3752.0000042400006,B,4028.0855888894616,2.4559,2.5695072622398945,2.469655442685869,0.11360726223989426,0.01375544268586859
A_to_B,18485,3752.2000140000005,B,3988.8030842556136,2.4645,2.562276800649223,2.46361218294056,0.097776800649223,-0.000887817059440188
A_to_B,18486,3752.39999328,B,3994.7627716419033,2.4617,2.5633770143678096,2.4645318911173537,0.10167701436780963,0.002831891117353713
A_to_B,18487,3752.60000304,B,3996.648479818105,2.4598,2.563724890076322,2.464822682195786,0.10392489007632211,0.0050226821957859435
A_to_B,18488,3752.8000128,B,4028.420985852947,2.489,2.5695687797215467,2.4697068498032086,0.08056877972154686,-0.01929315019679123
A_to_B,18489,3752.99999208,B,4026.675403460193,2.5399,2.569248570420453,2.469439264966138,0.029348570420453246,-0.07046073503386197
A_to_B,18490,3753.2000018400004,B,3970.4508832559786,2.5738,2.55888144055726,2.4607735542397227,-0.014918559442739898,-0.1130264457602772
A_to_B,18491,3753.4000116,B,3956.622539767432,2.5628,2.5563156500289823,2.458628145791752,-0.006484349971017878,-0.10417185420824815
A_to_B,18492,3753.5999908800004,B,4071.382774097029,2.5354,2.577418710833399,2.476265332081463,0.04201871083339892,-0.059134667918537165
A_to_B,18493,3753.8000006400002,B,4290.788178934877,2.525,2.6166132431473557,2.5089728553958133,0.09161324314735575,-0.01602714460418664
A_to_B,18494,3754.0000104,B,4350.308289563828,2.5325,2.62699887392569,2.517628826465725,0.09449887392568979,-0.01487117353427525
A_to_B,18495,3754.19998968,B,4298.994503549351,2.5464,2.618051235680449,2.5101716267203518,0.07165123568044862,-0.03622837327964845
A_to_B,18496,3754.3999994400006,B,4220.5018353921205,2.5589,2.604215996246222,2.498634413595367,0.04531599624622196,-0.06026558640463309
A_to_B,18497,3754.6000092000004,B,4214.747467763682,2.5295,2.603194533095947,2.4977822982122713,0.07369453309594709,-0.031717701787728814
A_to_B,18498,3754.79998848,B,4217.11501185026,2.4873,2.6036149182773993,2.4981329932700183,0.11631491827739948,0.01083299327001841
A_to_B,18499,3754.99999824,B,4227.227338289138,2.4712,2.6054085897465535,2.4996292325164986,0.13420858974655347,0.028429232516498537
A_to_B,18500,3755.200008,B,4099.760847283909,2.4741,2.582571610577878,2.4805690729726004,0.10847161057787824,0.006469072972600465
A_to_B,18501,3755.39998728,B,4015.6303933684135,2.4946,2.5672201798685625,2.467744126970018,0.0726201798685624,-0.026855873029981936
A_to_B,18502,3755.5999970400003,B,3971.138888237456,2.5144,2.559008930597055,2.460880148837599,0.04460893059705473,-0.0535198511624011
A_to_B,18503,3755.8000068,B,3925.3210250651327,2.5126,2.5504840987443576,2.4537509963769812,0.03788409874435761,-0.0588490036230187
A_to_B,18504,3755.9999860800003,B,4010.842961286418,2.5104,2.566339744086902,2.4670082871557346,0.05593974408690183,-0.04339171284426557
A_to_B,18505,3756.19999584,B,4011.1438208250493,2.5068,2.566395095895514,2.4670545493819622,0.05959509589551404,-0.039745450618037914
A_to_B,18506,3756.4000056000004,B,4018.007210793781,2.5111,2.5676570122281808,2.4681092051297435,0.05655701222818088,-0.042990794870256366
A_to_B,18507,3756.5999848799997,B,4039.590103534377,2.5139,2.57161530414975,2.4714169375032524,0.05771530414974979,-0.0424830624967476
A_to_B,18508,3756.7999946400005,B,4103.740624204799,2.5091,2.583292226076605,2.481170847091319,0.07419222607660503,-0.027929152908681143
A_to_B,18509,3757.0000044000003,B,4112.516730711109,2.5184,2.584879551917802,2.4824963194251595,0.06647955191780186,-0.035903680574840724
A_to_B,18510,3757.20001416,B,4103.243420069545,2.5692,2.5832022248860538,2.4810956897792087,0.014002224886053849,-0.08810431022079124
A_to_B,18511,3757.39999344,B,4118.117555502714,2.6463,2.585891306499473,2.4833411142631756,-0.06040869350052702,-0.1629588857368245
A_to_B,18512,3757.6000032000006,B,4188.009761030624,2.7117,2.5984352201341907,2.4938114530326216,-0.1132647798658093,-0.21788854696737836
A_to_B,18513,3757.8000129600005,B,4338.9197399495215,2.7134,2.625019559284568,2.5159794990245437,-0.08838044071543205,-0.19742050097545638
A_to_B,18514,3757.99999224,B,4461.521572071578,2.6956,2.6461362218152304,2.5335672885904055,-0.04946377818476977,-0.16203271140959474
A_to_B,18515,3758.200002,B,4711.490750917026,2.681,2.687941742070286,2.5683326900497243,0.006941742070285972,-0.11266730995027574
A_to_B,18516,3758.40001176,B,4891.081959321218,2.6896,2.7170112034869325,2.592465161617337,0.02741120348693249,-0.0971348383826629
A_to_B,18517,3758.59999104,B,5033.823063101152,2.7003,2.739578138376914,2.611176210473295,0.039278138376914296,-0.08912378952670474
A_to_B,18518,3758.8000008000004,B,5020.00260223232,2.7148,2.737413254388088,2.6093821032623614,0.022613254388088144,-0.10541789673763846
A_to_B,18519,3759.00001056,B,4988.543371522095,2.7261,2.7324694920753148,2.605284357640699,0.0063694920753145645,-0.1208156423593012
A_to_B,18520,3759.1999898400004,B,4966.887417218543,2.7155,2.7290533745977394,2.6024522684132276,0.01355337459773942,-0.1130477315867724
A_to_B,18521,3759.3999996000002,B,4956.097560975611,2.7073,2.7273473673001036,2.6010377512557934,0.02004736730010359,-0.10626224874420664
A_to_B,18522,3759.60000936,B,4922.05137148892,2.7117,2.721946843059863,2.5965592039859637,0.010246843059862787,-0.11514079601403626
A_to_B,18523,3759.79998864,B,5015.154058029677,2.7195,2.7366527558081803,2.608751810292421,0.01715275580818032,-0.11074818970757905
A_to_B,18524,3759.9999984000005,B,5093.412653320411,2.7123,2.7488642592515102,2.6188698121650646,0.0365642592515103,-0.09343018783493529
A_to_B,18525,3760.2000081600004,B,5154.630457980799,2.7079,2.758323855521553,2.626703651003946,0.05042385552155304,-0.0811963489960541
A_to_B,18526,3760.39998744,B,5118.662967615389,2.711,2.752775791315099,2.622109521533074,0.04177579131509912,-0.08889047846692577
A_to_B,18527,3760.5999972,B,4965.77072085135,2.7154,2.728876933908172,2.602305979912954,0.013476933908172395,-0.11309402008704561
A_to_B,18528,3760.8000069600002,B,4914.821055686794,2.7199,2.7207965213932304,2.595605115317511,0.0008965213932303762,-0.12429488468248895
A_to_B,18529,3760.99998624,B,4950.00462844921,2.7034,2.7263828313748397,2.600237965801943,0.022982831374839918,-0.10316203419805658
A_to_B,18530,3761.1999960000003,B,5055.581541156215,2.6869,2.7429778949043064,2.6139933217473676,0.05607789490430637,-0.07290667825263242
A_to_B,18531,3761.40000576,B,5090.214363489402,2.682,2.7483678263441464,2.6184586007495905,0.06636782634414651,-0.06354139925040947
A_to_B,18532,3761.5999850400003,B,5073.860628639347,2.6718,2.745825949227247,2.6163529298182775,0.07402594922724681,-0.05544707018172268
A_to_B,18533,3761.7999948,B,4987.849480841455,2.6735,2.732360198335135,2.6051937562012846,0.05886019833513467,-0.06830624379871564
A_to_B,18534,3762.0000045600004,B,4930.79416846233,2.685,2.7233361890922967,2.597711471747916,0.038336189092296635,-0.08728852825208389
A_to_B,18535,3762.2000143200003,B,4911.431485691911,2.6817,2.72025683579452,2.5951574763597427,0.03855683579451963,-0.0865425236402575
A_to_B,18536,3762.3999936000005,B,4985.614017295894,2.6914,2.7320080199508676,2.6049018069981456,0.040608019950867824,-0.08649819300185424
A_to_B,18537,3762.6000033600003,B,4933.907013335146,2.6983,2.7238304375939255,2.5981213630818027,0.02553043759392537,-0.1001786369181974
A_to_B,18538,3762.80001312,B,4987.2700259835465,2.6894,2.7322689209191644,2.6051180894257815,0.04286892091916439,-0.08428191057421852
A_to_B,18539,3762.9999924,B,4939.976369798074,2.6907,2.724793473937992,2.598920002763435,0.03409347393799189,-0.09177999723656516
A_to_B,18540,3763.20000216,B,4895.221698295024,2.7078,2.717672246457522,2.5930135435765815,0.009872246457521605,-0.11478645642341867
A_to_B,18541,3763.40001192,B,5058.501369180981,2.7115,2.743433323476851,2.614370665007877,0.03193332347685107,-0.09712933499212317
A_to_B,18542,3763.5999912,B,5112.824332212806,2.6987,2.751872550916869,2.62136147001373,0.05317255091686901,-0.07733852998627011
A_to_B,18543,3763.80000096,B,5061.48340653775,2.6987,2.7438982620516907,2.61475587930086,0.04519826205169064,-0.08394412069914026
A_to_B,18544,3764.00001072,B,5039.365912856005,2.7082,2.74044519950636,2.6118947192849284,0.032245199506359956,-0.09630528071507172
A_to_B,18545,3764.19999,B,5030.5496964835675,2.7137,2.7390657701774646,2.610751611613892,0.025365770177464775,-0.10294838838610776
A_to_B,18546,3764.3999997600004,B,5026.178010471205,2.7284,2.7383811154451436,2.610184222942043,0.009981115445143462,-0.11821577705795727
A_to_B,18547,3764.60000952,B,4934.458156669048,2.7357,2.72391792338637,2.5981939159940723,-0.011782076613629844,-0.13750608400592768
A_to_B,18548,3764.7999888000004,B,4891.081959321218,2.7317,2.7170112034869325,2.592465161617337,-0.014688796513067537,-0.13923483838266293
A_to_B,18549,3764.99999856,B,4877.5960236710625,2.7359,2.714854970192156,2.590676292287588,-0.021045029807844173,-0.1452237077124119
A_to_B,18550,3765.2000083200005,B,4839.72384357911,2.7321,2.708776879579419,2.585632745267557,-0.023323120420581045,-0.14646725473244304
A_to_B,18551,3765.3999876,B,4901.007054041322,2.7241,2.7185953983657303,2.593779334321423,-0.00550460163426969,-0.13032066567857692
A_to_B,18552,3765.5999973600005,B,5012.597275304735,2.7184,2.7362515111429704,2.60841925385286,0.017851511142970455,-0.10998074614713982
A_to_B,18553,3765.8000071200004,B,5104.2366168691005,2.7249,2.750542689900496,2.6202600387014723,0.02564268990049623,-0.1046399612985276
A_to_B,18554,3765.9999864,B,4958.427618832265,2.7337,2.7277160015947164,2.601343410101974,-0.005983998405283408,-0.13235658989802568
A_to_B,18555,3766.19999616,B,4957.58080466351,2.73,2.727582042915655,2.601232336808205,-0.0024179570843450016,-0.1287676631917951
A_to_B,18556,3766.4000059200002,B,5070.889302220345,2.722,2.745363486645079,2.6159698021096385,0.023363486645079146,-0.1060301978903615
A_to_B,18557,3766.5999852000004,B,5201.409568341028,2.7101,2.765498523306483,2.6326429174049237,0.05539852330648287,-0.07745708259507644
A_to_B,18558,3766.7999949600003,B,5283.786852593095,2.6942,2.7780220285657578,2.6430051922185394,0.08382202856575782,-0.05119480778146057
A_to_B,18559,3767.00000472,B,5340.23873390088,2.6817,2.786524084359716,2.650036538235674,0.10482408435971591,-0.03166346176432633
A_to_B,18560,3767.20001448,B,5199.2269390916035,2.6958,2.765164790866976,2.6323666947879714,0.06936479086697567,-0.06343330521202883
A_to_B,18561,3767.39999376,B,5057.183672995337,2.7081,2.7432278152205,2.614200393094817,0.035127815220500125,-0.09389960690518295
A_to_B,18562,3767.6000035200004,B,5013.1578947368425,2.7094,2.7363395035482663,2.6084921835693917,0.02693950354826624,-0.10090781643060831
A_to_B,18563,3767.8000132800003,B,5135.099618910915,2.7083,2.7553146155122996,2.6242119699137287,0.047014615512299684,-0.08408803008627119
A_to_B,18564,3767.9999925600005,B,4993.046102131382,2.7139,2.733178447753502,2.6058720504881845,0.019278447753501737,-0.10802794951181571
A_to_B,18565,3768.2000023200003,B,4970.005495052008,2.7211,2.7295458887465864,2.602860609615652,0.008445888746586583,-0.11823939038434794
A_to_B,18566,3768.40001208,B,4989.629493817803,2.7329,2.7326405439196377,2.605426153863323,-0.0002594560803621526,-0.1274738461366769
A_to_B,18567,3768.59999136,B,5030.068189769555,2.7202,2.738990381640278,2.610689136356229,0.018790381640277687,-0.10951086364377138
A_to_B,18568,3768.80000112,B,5074.004218348651,2.7178,2.745848292899543,2.6163714402483667,0.028048292899542915,-0.10142855975163334
A_to_B,18569,3769.00001088,B,5088.48080133556,2.7267,2.7480986530060973,2.618235631722914,0.021398653006097224,-0.10846436827708628
A_to_B,18570,3769.19999016,B,4984.073204392787,2.7354,2.731765212401175,2.60470052128153,-0.0036347875988247402,-0.13069947871846965
A_to_B,18571,3769.39999992,B,4970.370201260857,2.747,2.7296034813193026,2.602908358723014,-0.01739651868069725,-0.1440916412769857
A_to_B,18572,3769.6000096800003,B,5041.766603258623,2.7392,2.740820525670742,2.6122057321601764,0.0016205256707420013,-0.12699426783982348
A_to_B,18573,3769.79998896,B,5113.210300904374,2.7381,2.7519322831824855,2.62141094046051,0.013832283182485305,-0.11668905953949027
A_to_B,18574,3769.9999987200003,B,5107.230048207024,2.7334,2.751006422178927,2.620644123762288,0.01760642217892716,-0.1127558762377121
A_to_B,18575,3770.20000848,B,5109.541666736515,2.7273,2.751364397826451,2.6209406103856376,0.02406439782645098,-0.10635938961436242
A_to_B,18576,3770.3999877600004,B,5120.00430026608,2.7248,2.7529831925838026,2.622281283943016,0.02818319258380253,-0.10251871605698426
A_to_B,18577,3770.59999752,B,5093.489257383304,2.7374,2.7488761468753125,2.6188796589490386,0.011476146875312399,-0.11852034105096143
A_to_B,18578,3770.8000072800005,B,5060.239763722664,2.7259,2.7437043856223338,2.614595248426086,0.01780438562233355,-0.11130475157391428
A_to_B,18579,3770.9999865600003,B,5057.082985603573,2.713,2.743212110418571,2.614187380961909,0.03021211041857086,-0.09881261903809113
A_to_B,18580,3771.19999632,B,5073.134358168612,2.7495,2.7457129290073814,2.616259298852718,-0.0037870709926184354,-0.13324070114728181
A_to_B,18581,3771.40000608,B,5111.958259049492,2.773,2.7517385062998385,2.621250453337773,-0.021261493700161616,-0.15174954666222717
A_to_B,18582,3771.59998536,B,5101.528450059251,2.7549,2.750122982867129,2.6199124101473403,-0.004777017132870931,-0.1349875898526598
A_to_B,18583,3771.79999512,B,4991.6151346819,2.7381,2.732953191086818,2.6056853248488214,-0.005146808913182088,-0.13241467515117877
A_to_B,18584,3772.0000048800002,B,5018.580933673395,2.7254,2.7371903186243136,2.6091973388896004,0.011790318624313567,-0.11620266111039967
A_to_B,18585,3772.20001464,B,4965.940620514483,2.7206,2.7289037802833587,2.6023282385542434,0.008303780283358542,-0.11827176144575668
A_to_B,18586,3772.3999939200003,B,5009.524341719247,2.72,2.735769072170223,2.6080193941574388,0.01576907217022283,-0.11198060584256142
A_to_B,18587,3772.60000368,B,5026.33549140345,2.7149,2.738405786078486,2.6102046683686813,0.02350578607848597,-0.10469533163131883
A_to_B,18588,3772.80001344,B,4919.350413335184,2.715,2.7215172696305854,2.5962029175079486,0.0065172696305855204,-0.11879708249205123
A_to_B,18589,3772.99999272,B,4876.807802892486,2.7197,2.714728812181631,2.590571622454703,-0.004971187818369138,-0.12912837754529694
A_to_B,18590,3773.2000024800004,B,4889.230379316375,2.7234,2.7167154099433093,2.592219774283736,-0.006684590056690531,-0.13118022571626398
A_to_B,18591,3773.4000122400003,B,4920.303354135929,2.7109,2.721668849118066,2.5963286377647186,0.010768849118065749,-0.11457136223528153
A_to_B,18592,3773.59999152,B,4922.258037427248,2.709,2.7219797052912815,2.5965864594865025,0.012979705291281451,-0.11241354051349761
A_to_B,18593,3773.80000128,B,4956.1056196839345,2.6997,2.7273486424667293,2.601038808589287,0.027648642466729267,-0.09866119141071295
A_to_B,18594,3774.0000110400006,B,4994.0769068181935,2.7137,2.7333406840422487,2.6060065343852346,0.019640684042248946,-0.10769346561476523
A_to_B,18595,3774.19999032,B,4869.6474618080965,2.7311,2.713582103905863,2.5896202009997418,-0.017517896094136898,-0.1414797990002583
A_to_B,18596,3774.40000008,B,4781.82154769114,2.7197,2.699418314554046,2.5778641982345794,-0.02028168544595399,-0.14183580176542065
A_to_B,18597,3774.60000984,B,4863.8504844701465,2.6973,2.7126528541690336,2.5888491659345845,0.015352854169033758,-0.10845083406541534
A_to_B,18598,3774.79998912,B,4989.025126812574,2.6805,2.7325453662998953,2.605347254962535,0.052045366299895424,-0.07515274503746472
A_to_B,18599,3774.99999888,B,5019.010655517701,2.6724,2.737257709234854,2.6092531909873737,0.0648577092348539,-0.06314680901262637
A_to_B,18600,3775.2000086400003,B,5051.819268182324,2.6764,2.7423907871727438,2.6135068642521775,0.06599078717274365,-0.06289313574782263
A_to_B,18601,3775.3999879200005,B,4982.973206710011,2.6751,2.7315918375827626,2.604556793371562,0.05649183758276255,-0.07054320662843816
A_to_B,18602,3775.5999976800003,B,4880.602965830976,2.6625,2.7153361104234777,2.591075475280557,0.05283611042347758,-0.07142452471944294
A_to_B,18603,3775.80000744,B,4839.477946079833,2.6549,2.7087373050491257,2.5855999018264346,0.05383730504912565,-0.06930009817356542
A_to_B,18604,3775.9999867200004,B,4825.021726844883,2.6552,2.706408211553557,2.583666845068302,0.05120821155355726,-0.07153315493169776
A_to_B,18605,3776.19999648,B,4773.665902901004,2.6603,2.6980936670931217,2.576764324234382,0.03779366709312182,-0.08353567576561804
A_to_B,18606,3776.4000062400005,B,4675.499187770072,2.6582,2.682021373353706,2.5634136366122338,0.023821373353706043,-0.09478636338776614
A_to_B,18607,3776.5999855200002,B,4549.817365434823,2.646,2.661089352495543,2.5460104673415893,0.015089352495543107,-0.0999895326584106
A_to_B,18608,3776.79999528,B,4597.153324414535,2.6463,2.6690208424837363,2.5526069125260653,0.02272084248373618,-0.09369308747393479
A_to_B,18609,3777.00000504,B,4674.8466257668715,2.649,2.681913732094722,2.5633241876662725,0.032913732094721926,-0.08567581233372756
A_to_B,18610,3777.2000147999997,B,4680.424370760861,2.6561,2.682833445959706,2.564088446749235,0.02673344595970617,-0.09201155325076504
A_to_B,18611,3777.39999408,B,4595.919462844374,2.6461,2.6688148401758705,2.552435617357059,0.022714840175870332,-0.0936643826429413
A_to_B,18612,3777.60000384,B,4552.630832124726,2.6171,2.6615624087306737,2.5464039696858634,0.04446240873067353,-0.07069603031413685
A_to_B,18613,3777.8000136,B,4704.734679513104,2.5889,2.686832876616667,2.5674114753832904,0.09793287661666694,-0.021488524616709803
A_to_B,18614,3777.9999928800003,B,4679.116678564027,2.5631,2.682617890818602,2.563909328919573,0.11951789081860209,0.0008093289195731934
A_to_B,18615,3778.20000264,B,4535.255361064655,2.5404,2.658637560785983,2.5439708471897924,0.11823756078598313,0.003570847189792392
A_to_B,18616,3778.4000124000004,B,4406.184270442571,2.5041,2.6366569141381526,2.5256743737292076,0.1325569141381524,0.02157437372920734
A_to_B,18617,3778.59999168,B,4278.465198868622,2.463,2.61445020505537,2.5071694934401183,0.1514502050553701,0.044169493440118224
A_to_B,18618,3778.8000014400004,B,4201.9587083112765,2.4497,2.600920825474769,2.4958853904553875,0.1512208254747689,0.0461853904553875
A_to_B,18619,3779.0000112000002,B,4147.627225199286,2.4371,2.5912059178921356,2.4877780002088197,0.15410591789213557,0.05067800020881963
A_to_B,18620,3779.19999048,B,4079.7642089032024,2.4184,2.5789432701576933,2.477538772492675,0.1605432701576932,0.059138772492675074
A_to_B,18621,3779.40000024,B,4068.4590310980834,2.3937,2.5768863642007784,2.4758206481537792,0.1831863642007785,0.08212064815377929
A_to_B,18622,3779.6000100000006,B,3848.2419039202073,2.3857,2.5359814628243194,2.4416155653778175,0.15028146282431942,0.05591556537781761
A_to_B,18623,3779.7999892800003,B,3807.429984760287,2.3825,2.5282186434430023,2.4351161179842555,0.14571864344300245,0.052616117984255695
A_to_B,18624,3779.99999904,B,3705.531794873042,2.387,2.508574415195892,2.4186572575988574,0.12157441519589218,0.0316572575988574
A_to_B,18625,3780.2000088,B,3708.737556929974,2.3851,2.509198257864265,2.419180200451713,0.1240982578642651,0.034080200451712894
A_to_B,18626,3780.39998808,B,3695.562294110016,2.3955,2.5066318854731744,2.417028802311689,0.11113188547317421,0.021528802311688633
A_to_B,18627,3780.59999784,B,3685.610640870617,2.4036,2.5046891062024823,2.41539997301796,0.10108910620248235,0.011799973017959875
A_to_B,18628,3780.8000076000003,B,3699.8777632248175,2.4005,2.507473200434345,2.417734110991366,0.1069732004343451,0.01723411099136607
A_to_B,18629,3780.9999868800005,B,3683.2457031821164,2.4083,2.504226869404302,2.415012408648174,0.09592686940430184,0.0067124086481737955
A_to_B,18630,3781.1999966400003,B,3670.63073912389,2.4199,2.5017576440653673,2.412941918111949,0.08185764406536711,-0.0069580818880510265
A_to_B,18631,3781.4000064,B,3611.4471500018362,2.4761,2.490091767681849,2.40315625447583,0.013991767681848621,-0.07294374552417038
A_to_B,18632,3781.59998568,B,3648.293931838666,2.5742,2.4973706153215227,2.40926265604046,-0.07682938467847711,-0.16493734395953963
A_to_B,18633,3781.7999954399997,B,3706.094994218346,2.6678,2.5086840418645764,2.4187491545671866,-0.15911595813542379,-0.24905084543281353
A_to_B,18634,3782.0000052000005,B,3987.2898594898943,2.6816,2.561997258865691,2.463378495706351,-0.11960274113430902,-0.21822150429364884
A_to_B,18635,3782.2000149600003,B,4273.078901953309,2.6771,2.61350336053955,2.5063800316373355,-0.06359663946044991,-0.17071996836266434
A_to_B,18636,3782.39999424,B,4624.200284916277,2.6851,2.6735266690351827,2.5563531687393675,-0.011573330964817163,-0.12874683126063236
A_to_B,18637,3782.600004,B,4882.972076704956,2.6988,2.7157150426680037,2.591389853854432,0.01691504266800381,-0.10741014614556788
A_to_B,18638,3782.8000137600006,B,4864.62675800078,2.7164,2.7127773357899567,2.58895245523293,-0.0036226642100434248,-0.1274475447670702
A_to_B,18639,3782.99999304,B,4892.487271186333,2.7141,2.7172356515695304,2.5926513591502602,0.003135651569530218,-0.12144864084973994
A_to_B,18640,3783.2000028,B,4692.089334425281,2.6882,2.684754359479198,2.5656845672421738,-0.0034456405208023178,-0.12251543275782639
A_to_B,18641,3783.40001256,B,4902.646753685431,2.6563,2.7188568991182467,2.5939962532892364,0.0625568991182468,-0.06230374671076344
A_to_B,18642,3783.5999918400003,B,4917.945499224714,2.6356,2.721293758867391,2.596017535674092,0.08569375886739072,-0.03958246432590817
A_to_B,18643,3783.8000016,B,4873.52499120591,2.6201,2.7142032282302506,2.5901355530655303,0.09410322823025075,-0.029964446934469535
A_to_B,18644,3784.0000113600004,B,4835.056060000382,2.6146,2.7080254058952433,2.5850090763318665,0.09342540589524351,-0.029590923668133318
A_to_B,18645,3784.1999906400006,B,4819.597165166077,2.618,2.705532958099817,2.582940362701472,0.0875329580998172,-0.03505963729852768
A_to_B,18646,3784.4000004000004,B,4752.756848460656,2.5951,2.69469021734254,2.5739380671584655,0.09959021734254003,-0.021161932841534448
A_to_B,18647,3784.6000101600002,B,4636.919187078695,2.5635,2.675639056526996,2.5581091763343147,0.11213905652699596,-0.005390823665685218
A_to_B,18648,3784.79998944,B,4596.099648506947,2.5563,2.6688449259605975,2.5524606344154024,0.11254492596059773,-0.0038393655845974095
A_to_B,18649,3784.9999992,B,4531.007970887382,2.5347,2.657921375103491,2.5433750133956616,0.12322137510349096,0.00867501339566168
A_to_B,18650,3785.2000089600006,B,4361.931557172358,2.4765,2.6290151793187677,2.5193088108233623,0.15251517931876757,0.04280881082336219
A_to_B,18651,3785.3999882400003,B,4299.018757431252,2.4348,2.618055482783327,2.510175167157385,0.18325548278332704,0.07537516715738501
A_to_B,18652,3785.599998,B,4256.061886044223,2.4412,2.610506381040927,2.5038809581916133,0.169306381040927,0.06268095819161346
A_to_B,18653,3785.80000776,B,4109.145815358067,2.4394,2.584270143463382,2.4819874547229306,0.14487014346338212,0.04258745472293057
A_to_B,18654,3785.99998704,B,3943.140126366775,2.4169,2.5538078868274003,2.456530985710435,0.1369078868274003,0.039630985710434885
A_to_B,18655,3786.1999968,B,3878.696564528506,2.4063,2.541736101463065,2.4464319798056167,0.13543610146306495,0.04013197980561678
A_to_B,18656,3786.4000065600003,B,3900.586239683859,2.4168,2.545852467011055,2.449876348221379,0.12905246701105533,0.03307634822137917
A_to_B,18657,3786.5999858400005,B,3776.82999060749,2.4165,2.52235925201824,2.430208596826284,0.10585925201823976,0.013708596826283781
A_to_B,18658,3786.7999956000003,B,3770.4993066388256,2.408,2.5211428117879504,2.429189583354467,0.11314281178795049,0.02118958335446708
A_to_B,18659,3787.00000536,B,3733.7978530662344,2.4269,2.514061810292171,2.4232565441343685,0.08716181029217118,-0.0036434558656313065
A_to_B,18660,3787.2000151200004,B,3706.4284889129394,2.485,2.5087489509623153,2.418803565800141,0.02374895096231544,-0.06619643419985888
A_to_B,18661,3787.3999943999997,B,3705.8922227328767,2.5231,2.5086445737926053,2.418716069647416,-0.014455426207394595,-0.10438393035258375
A_to_B,18662,3787.6000041600005,B,3807.567915993659,2.5151,2.528244978900216,2.4351381718373837,0.013144978900216042,-0.07996182816261621
A_to_B,18663,3787.8000139200003,B,3983.761727133234,2.4991,2.561345204501738,2.4628333879367665,0.062245204501738094,-0.03626661206323334
A_to_B,18664,3787.9999932,B,4123.694603074101,2.4663,2.5868977922098026,2.484181466881573,0.12059779220980271,0.017881466881572994
A_to_B,18665,3788.20000296,B,4151.8362476553975,2.406,2.591961754044839,2.4884089109962155,0.18596175404483883,0.08240891099621539
A_to_B,18666,3788.4000127200006,B,4071.8886055251046,2.365,2.5775107835113653,2.4763422417301775,0.2125107835113651,0.11134224173017726
A_to_B,18667,3788.5999920000004,B,3927.4200406658065,2.3491,2.5508761849280464,2.4540789586701757,0.2017761849280464,0.1049789586701757
A_to_B,18668,3788.80000176,B,3816.6696301787374,2.3579,2.5299812852749293,2.4365921243218556,0.17208128527492939,0.07869212432185568
A_to_B,18669,3789.00001152,B,3720.5714153185495,2.3729,2.511497810527923,2.4211076787323873,0.13859781052792286,0.048207678732387294
A_to_B,18670,3789.1999908000003,B,3678.3207162588296,2.3916,2.50326358133864,2.4142047057385776,0.11166358133863996,0.022604705738577646
A_to_B,18671,3789.40000056,B,3640.968057911461,2.4295,2.495927620858838,2.4080522779163456,0.06642762085883813,-0.02144772208365442
A_to_B,18672,3789.6000103200004,B,3564.8497394782553,2.4832,2.48081058416097,2.3953666628568997,-0.0023894158390302955,-0.08783333714310038
A_to_B,18673,3789.7999896000006,B,3815.5181931868974,2.5187,2.5297617922418563,2.436408331903603,0.011061792241856327,-0.08229166809639699
A_to_B,18674,3789.9999993600004,B,3840.7596841201976,2.5338,2.534562678607068,2.4404278775972674,0.0007626786070682456,-0.0933721224027324
A_to_B,18675,3790.2000091200002,B,3936.951936378444,2.5303,2.5526548219655347,2.4555666251778003,0.022354821965534732,-0.07473337482219966
A_to_B,18676,3790.3999884,B,4081.6927776267535,2.5182,2.5792937555071416,2.477831513492527,0.061093755507141356,-0.04036848650747338
A_to_B,18677,3790.59999816,B,4195.729111174433,2.4952,2.599811482203992,2.494959809480512,0.10461148220399208,-0.00024019051948798165
A_to_B,18678,3790.8000079200006,B,4267.604568913132,2.4543,2.6125401686670617,2.5055769013887255,0.1582401686670618,0.05127690138872554
A_to_B,18679,3790.9999872000003,B,4171.77645409951,2.394,2.5955351203663786,2.4913913426263017,0.20153512036637844,0.09739134262630156
A_to_B,18680,3791.19999696,B,4098.4984274298195,2.3419,2.5823429209577093,2.4803780934599216,0.24044292095770947,0.13847809345992168
A_to_B,18681,3791.40000672,B,4023.703946213323,2.3451,2.5687032593299235,2.4689835624369163,0.22360325932992353,0.12388356243691634
A_to_B,18682,3791.599986,B,3843.7820393987668,2.3874,2.5351360167753856,2.4409078389278607,0.14773601677538561,0.05350783892786071
A_to_B,18683,3791.79999576,B,3641.7162902285395,2.4108,2.4960750967174596,2.4081759842817396,0.08527509671745959,-0.0026240157182604307
A_to_B,18684,3792.0000055200003,B,3496.7762659752657,2.4102,2.467095195969616,2.383848521487086,0.05689519596961601,-0.026351478512914195
A_to_B,18685,3792.1999848000005,B,3545.0681913871595,2.4418,2.47684438828226,2.3920367200832753,0.03504438828225975,-0.04976327991672491
A_to_B,18686,3792.3999945600003,B,3603.4204120525437,2.5275,2.4884991245628725,2.401819837052873,-0.03900087543712738,-0.12568016294712692
A_to_B,18687,3792.60000432,B,3656.5922431777803,2.5703,2.4990026615779763,2.410631500040911,-0.07129733842202368,-0.15966849995908916
A_to_B,18688,3792.8000140800004,B,3776.034569051383,2.5804,2.5222064916871476,2.430080632833118,-0.058193508312852416,-0.15031936716688188
A_to_B,18689,3792.9999933600006,B,3893.1429337795294,2.5835,2.544454600167137,2.4487067648874636,-0.03904539983286304,-0.13479323511253627
A_to_B,18690,3793.2000031200005,B,4267.084788710706,2.5459,2.612448669207977,2.5055006051471578,0.06654866920797708,-0.040399394852842274
A_to_B,18691,3793.4000128800003,B,4457.117788988813,2.5002,2.645384929358519,2.532941862219754,0.145184929358519,0.03274186221975395
A_to_B,18692,3793.59999216,B,4520.739336661595,2.4565,2.656187922147413,2.541932772886463,0.19968792214741304,0.08543277288646278
A_to_B,18693,3793.80000192,B,4476.231036964152,2.3731,2.6486418568336827,2.5356529801493326,0.2755418568336827,0.16255298014933262
A_to_B,18694,3794.00001168,B,4119.5312816770065,2.2944,2.5861465324708934,2.483554216027308,0.29174653247089344,0.18915421602730786
A_to_B,18695,3794.1999909600004,B,4089.6722358484994,2.2813,2.5807426368809994,2.4790416287508226,0.2994426368809995,0.19774162875082268
A_to_B,18696,3794.40000072,B,3787.1116440015658,2.3457,2.524331778744816,2.4318608485256763,0.17863177874481595,0.0861608485256764
A_to_B,18697,3794.60001048,B,3591.4512149426996,2.4292,2.486119528319235,2.3998228640482164,0.05691952831923519,-0.029377135951783373
A_to_B,18698,3794.7999897600002,B,3511.4155566768745,2.4535,2.4700606596870878,2.386339615760443,0.016560659687087753,-0.06716038423955695
A_to_B,18699,3794.99999952,B,3711.3341808033438,2.4706,2.5097032804221993,2.4196035286308044,0.03910328042219913,-0.05099647136919572
A_to_B,18700,3795.2000092800004,B,3956.3965638540085,2.5177,2.5562736681387794,2.458593039925878,0.03857366813877938,-0.05910696007412186
A_to_B,18701,3795.3999885600006,B,4152.633816172384,2.5419,2.5921049160595757,2.488528408342159,0.050204916059575666,-0.05337159165784122
A_to_B,18702,3795.5999983200004,B,4139.223488192078,2.5321,2.5896951786177906,2.4865168854350808,0.05759517861779084,-0.045583114564919036
A_to_B,18703,3795.80000808,B,4068.708852378486,2.5082,2.5769318615814294,2.4758586538481877,0.06873186158142941,-0.03234134615181228
A_to_B,18704,3795.99998736,B,4151.819281441041,2.5043,2.591958708429168,2.488406368811194,0.08765870842916801,-0.015893631188806268
A_to_B,18705,3796.19999712,B,4203.216122257326,2.5283,2.6011445988837534,2.4960720896354753,0.07284459888375316,-0.03222791036452488
A_to_B,18706,3796.40000688,B,4234.297812279464,2.5371,2.6066608982020534,2.5006737995306296,0.06956089820205325,-0.03642620046937051
A_to_B,18707,3796.5999861600003,B,4184.686354462705,2.5496,2.597842142380531,2.493316563017774,0.04824214238053104,-0.05628343698222604
A_to_B,18708,3796.79999592,B,4173.672996554803,2.5294,2.595874354288946,2.491674448887969,0.0664743542889461,-0.037725551112030686
A_to_B,18709,3797.00000568,B,4178.284435890477,2.4873,2.5966987429899016,2.4923624189248796,0.10939874298990171,0.005062418924879797
A_to_B,18710,3797.19998496,B,4141.523803571114,2.4454,2.5901089232199643,2.4868622751819767,0.14470892321996454,0.04146227518197687
A_to_B,18711,3797.3999947200004,B,3998.4677787514497,2.4499,2.564060403781188,2.4651031349320447,0.11416040378118808,0.015203134932044726
A_to_B,18712,3797.6000044800003,B,3712.9074696681773,2.4959,2.510009150051903,2.4198599142123793,0.014109150051903274,-0.07604008578762045
A_to_B,18713,3797.80001424,B,3662.5459019860423,2.5736,2.5001719550801442,2.4116121482654496,-0.07342804491985566,-0.16198785173455033
A_to_B,18714,3797.9999935200003,B,3762.484523572929,2.6363,2.519600683054834,2.427897647942834,-0.11669931694516578,-0.20840235205716606
A_to_B,18715,3798.20000328,B,3858.99476225022,2.6175,2.5380169902656715,2.4433193876336774,-0.07948300973432865,-0.17418061236632276
A_to_B,18716,3798.4000130400004,B,3928.159023424613,2.5502,2.55101418787778,2.45419439030675,0.0008141878777800926,-0.09600560969325
A_to_B,18717,3798.5999923200006,B,4219.742246846616,2.4902,2.6040812178434996,2.4985219825231373,0.11388121784349936,0.008321982523137095
A_to_B,18718,3798.8000020800005,B,4520.544897701909,2.4614,2.6561550717658973,2.541905440037836,0.19475507176589746,0.080505440037836
A_to_B,18719,3799.0000118400003,B,4570.263299946021,2.4509,2.664522398309656,2.5488659704182774,0.21362239830965635,0.09796597041827759
A_to_B,18720,3799.19999112,B,4476.395385553051,2.4375,2.6486698190883606,2.5356762544870604,0.21116981908836063,0.09817625448706035
A_to_B,18721,3799.40000088,B,4137.442360188249,2.4156,2.5893747047432445,2.48624935218278,0.17377470474324452,0.07064935218278023
A_to_B,18722,3799.60001064,B,3959.711751691777,2.41,2.5568893937553874,2.459107911079298,0.14688939375538723,0.04910791107929802
A_to_B,18723,3799.7999899200004,B,3763.69246878716,2.4179,2.519833254136967,2.428092493549871,0.10193325413696686,0.010192493549871173
A_to_B,18724,3799.99999968,B,3652.933012782869,2.4223,2.4982833186733333,2.4100281809062256,0.07598331867333341,-0.012271819093774283
A_to_B,18725,3800.20000944,B,3680.328235048365,2.4272,2.5036563468390054,2.4145340387468823,0.07645634683900537,-0.012665961253117697
A_to_B,18726,3800.3999887200002,B,3730.868283702667,2.433,2.51349445971479,2.422781077322668,0.08049445971479008,-0.010218922677331932
A_to_B,18727,3800.59999848,B,3728.5179019013244,2.4401,2.5130390470933133,2.4223994097125283,0.07293904709331311,-0.01770059028747184
A_to_B,18728,3800.8000082400004,B,3685.610640870617,2.4427,2.5046891062024823,2.41539997301796,0.061989106202482436,-0.027300026982040038
A_to_B,18729,3800.9999875200006,B,3652.219550158706,2.439,2.4981430041680968,2.409910495270066,0.0591430041680967,-0.029089504729934212
A_to_B,18730,3801.1999972800004,B,3668.386523734389,2.4419,2.5013177330578094,2.412573016704323,0.059417733057809397,-0.029326983295677067
A_to_B,18731,3801.40000704,B,3653.8569889005703,2.4441,2.498465005207933,2.4101805651195702,0.05436500520793297,-0.03391943488042992
A_to_B,18732,3801.59998632,B,3722.2207296431898,2.4458,2.511817890988853,2.4213759509608836,0.06601789098885291,-0.024424049039116547
A_to_B,18733,3801.7999960800003,B,3762.809663310014,2.4406,2.5196632888909867,2.4279500986850033,0.0790632888909868,-0.012649901314996548
A_to_B,18734,3802.00000584,B,3800.726228003671,2.4423,2.5269378630243273,2.4340435299321874,0.08463786302432741,-0.008256470067812494
A_to_B,18735,3802.1999851200003,B,3761.6858473974885,2.4356,2.51944688115088,2.4277687930350913,0.08384688115088013,-0.007831206964908688
A_to_B,18736,3802.39999488,B,3761.3191271962633,2.4247,2.5193762536654933,2.4277096211340883,0.09467625366549326,0.003009621134088203
A_to_B,18737,3802.60000464,B,3692.0617039446197,2.4322,2.505948919533919,2.416456221352977,0.07374891953391893,-0.01574377864702292
A_to_B,18738,3802.8000144000002,B,3651.0645943760674,2.4467,2.497915821157679,2.409719948798612,0.0512158211576792,-0.03698005120138781
A_to_B,18739,3802.9999936800004,B,3682.186697013298,2.4451,2.5040198137472545,2.4148387989407447,0.05891981374725441,-0.030261201059255338
A_to_B,18740,3803.2000034400003,B,3760.0941503889626,2.434,2.519140296999816,2.427511934421842,0.08514029699981585,-0.006488065578158064
A_to_B,18741,3803.4000132,B,3801.911433425388,2.4336,2.5271644184724362,2.4342332636914104,0.09356441847243602,0.0006332636914101464
A_to_B,18742,3803.5999924800003,B,3791.242826117783,2.4505,2.5251232681737097,2.4325237780812037,0.07462326817370979,-0.01797622191879622
A_to_B,18743,3803.80000224,B,3816.722201978235,2.4604,2.5299913056642414,2.436600514841823,0.06959130566424143,-0.02379948515817709
A_to_B,18744,3804.0000120000004,B,3782.7030689784847,2.4502,2.5234864650905955,2.4311528073243607,0.07328646509059533,-0.01904719267563948
A_to_B,18745,3804.19999128,B,3803.296689584607,2.4355,2.5274291504324116,2.4344549663824764,0.09192915043241134,-0.0010450336175238384
A_to_B,18746,3804.40000104,B,3771.3857244141545,2.4457,2.521313224431916,2.4293323421010338,0.07561322443191587,-0.016367657898966215
A_to_B,18747,3804.6000108,B,3829.785630011045,2.4635,2.5324782036534588,2.4386827716000914,0.06897820365345897,-0.02481722839990841
A_to_B,18748,3804.79999008,B,3779.644728276033,2.4641,2.52289963704866,2.4306612574445934,0.05879963704865965,-0.0334387425554068
A_to_B,18749,3804.99999984,B,3718.810127169154,2.4562,2.511155887802327,2.4208210946974935,0.05495588780232685,-0.035378905302506425
A_to_B,18750,3805.2000096,B,3756.2480898344693,2.4481,2.518399107589114,2.4268909432417463,0.07029910758911395,-0.021209056758253908
A_to_B,18751,3805.3999888800004,B,3794.0224230708436,2.4299,2.5256554628908905,2.432969514336099,0.09575546289089054,0.003069514336099033
A_to_B,18752,3805.59999864,B,3874.687914736527,2.427,2.5409804807245724,2.4457996351522504,0.11398048072457234,0.01879963515225036
A_to_B,18753,3805.8000084,B,3851.20792479531,2.4309,2.5365433380097864,2.442085896423459,0.10564333800978654,0.01118589642345924
A_to_B,18754,3805.9999876800002,B,3797.8752831585166,2.4326,2.5263926904299887,2.43358695425089,0.09379269042998883,0.0009869542508900153
A_to_B,18755,3806.1999974400005,B,3731.6128084426523,2.443,2.513638677035178,2.4229019396355813,0.0706386770351779,-0.020098060364418746
A_to_B,18756,3806.4000072000003,B,3744.4763445655344,2.4447,2.5161271630395876,2.42498728983143,0.07142716303958752,-0.019712710168569902
A_to_B,18757,3806.5999864800006,B,3691.1764171610644,2.4959,2.505776126795397,2.4163113531660523,0.009876126795397067,-0.07958864683394751
A_to_B,18758,3806.7999962400004,B,3654.851551633172,2.6264,2.498660535002834,2.4103445583421936,-0.1277394649971657,-0.2160554416578062
A_to_B,18759,3807.000006,B,3732.9427297021243,2.7607,2.513896236917521,2.4231177872064626,-0.24680376308247887,-0.3375822127935373
A_to_B,18760,3807.19998528,B,3713.694614411767,2.7986,2.5101621474784905,2.4199881579549425,-0.28843785252150944,-0.3786118420450575
A_to_B,18761,3807.3999950400002,B,3768.8908233443717,2.7909,2.520833510100358,2.428930470716513,-0.2700664898996421,-0.361969529283487
A_to_B,18762,3807.6000048,B,3947.3019647151614,2.7766,2.5545826503108544,2.457178923680057,-0.22201734968914577,-0.319421076319943
A_to_B,18763,3807.80001456,B,4146.397205262986,2.7645,2.590984933607276,2.4875935358913686,-0.17351506639272385,-0.2769064641086314
A_to_B,18764,3807.99999384,B,4321.436622474022,2.7675,2.6219738018546144,2.51344120668023,-0.1455261981453857,-0.25405879331977
A_to_B,18765,3808.2000036,B,4274.1514799670185,2.7748,2.61369197429207,2.5065372973449924,-0.16110802570793004,-0.2682627026550075
A_to_B,18766,3808.4000133600002,B,4283.913259189401,2.7768,2.6154070432872074,2.5079672499012835,-0.16139295671279275,-0.26883275009871666
A_to_B,18767,3808.5999926400004,B,4274.223403897285,2.7638,2.6137046209696333,2.506547842062289,-0.15009537903036652,-0.2572521579377107
A_to_B,18768,3808.8000024000003,B,4368.458240950283,2.7453,2.6301456950510715,2.5202506821972666,-0.11515430494892831,-0.2250493178027333
A_to_B,18769,3809.00001216,B,4460.627063479055,2.745,2.6459836599880595,2.5334402877407562,-0.0990163400119406,-0.21155971225924386
A_to_B,18770,3809.1999914400003,B,4523.939924215102,2.748,2.6567285154824454,2.5423825621091294,-0.09127148451755485,-0.20561743789087084
A_to_B,18771,3809.4000012,B,4330.708102033074,2.7501,2.6235900898496913,2.514788246772864,-0.12650991015030888,-0.23531175322713604
A_to_B,18772,3809.6000109600004,B,4239.227036477103,2.7584,2.60753307159981,2.5014012521678355,-0.15086692840018978,-0.2569987478321645
A_to_B,18773,3809.79999024,B,4154.7225209678545,2.7557,2.5924797417474994,2.488841271294648,-0.16322025825250064,-0.2668587287053521
A_to_B,18774,3810.0,B,4124.498138698429,2.7511,2.5870427257536104,2.4843024738094566,-0.16405727424638972,-0.26679752619054353
A_to_B,18775,3810.20000976,B,4220.519367586744,2.7562,2.6042191068857963,2.4986370084572043,-0.15198089311420393,-0.25756299154279594
A_to_B,18776,3810.39998904,B,4284.370901699833,2.7662,2.6154873791748825,2.5080342275909655,-0.1507126208251175,-0.2581657724090345
A_to_B,18777,3810.5999988000003,B,4371.070625487587,2.7643,2.6305978604968616,2.5206273819163836,-0.13370213950313836,-0.2436726180836164
A_to_B,18778,3810.80000856,B,4475.777497470627,2.7607,2.648564687868913,2.5355887485191304,-0.11213531213108707,-0.22511125148086952
A_to_B,18779,3810.9999878400004,B,4752.816137120618,2.7505,2.694699883060038,2.5739460943219523,-0.05580011693996223,-0.17655390567804785
A_to_B,18780,3811.1999976,B,4792.573398072908,2.7402,2.7011621826364283,2.5793120497587965,-0.039037817363571925,-0.16088795024120373
A_to_B,18781,3811.40000736,B,4796.8952378854,2.7329,2.7018623667200887,2.579893345280448,-0.03103763327991116,-0.15300665471955188
A_to_B,18782,3811.59998664,B,4583.982530334294,2.7314,2.666819843625545,2.5507766472335094,-0.06458015637445502,-0.18062335276649044
A_to_B,18783,3811.7999964000005,B,4450.869584264249,2.7322,2.6443180675823075,2.532053694873156,-0.08788193241769271,-0.2001463051268444
A_to_B,18784,3812.0000061600003,B,4384.551647946971,2.7429,2.632928172373607,2.5225686342627482,-0.10997182762639302,-0.22033136573725187
A_to_B,18785,3812.19998544,B,4583.5827135170575,2.7428,2.6667529589815704,2.550721025470544,-0.07604704101842952,-0.19207897452945577
A_to_B,18786,3812.3999952,B,4718.164002637714,2.7432,2.6890359028815807,2.569241639873421,-0.054164097118419186,-0.17395836012657906
A_to_B,18787,3812.6000049599998,B,4618.412738818759,2.7482,2.6725640881880133,2.5555529243791066,-0.07563591181198692,-0.19264707562089356
A_to_B,18788,3812.8000147200005,B,4518.058894854335,2.7585,2.6557349738734994,2.541555897676264,-0.10276502612650074,-0.21694410232373595
A_to_B,18789,3812.9999940000002,B,4526.869375758378,2.7607,2.6572230739653127,2.542794038542743,-0.10347692603468728,-0.21790596145725694
A_to_B,18790,3813.20000376,B,4562.744472836851,2.7513,2.6632611979630947,2.5478169981864314,-0.0880388020369054,-0.2034830018135687
A_to_B,18791,3813.40001352,B,4620.351983507406,2.745,2.6728867177733395,2.5558211476063235,-0.07211328222666058,-0.1891788523936766
A_to_B,18792,3813.5999928,B,4620.828292567562,2.7532,2.672965945925899,2.555887014542142,-0.08023405407410111,-0.19731298545785814
A_to_B,18793,3813.80000256,B,4917.2790410660555,2.7402,2.7211877147179284,2.59592958100905,-0.019012285282071772,-0.14427041899095006
A_to_B,18794,3814.00001232,B,5146.614345005522,2.7278,2.757089746772402,2.625681839459469,0.029289746772402037,-0.10211816054053058
A_to_B,18795,3814.1999916000004,B,5504.766101621451,2.7387,2.8109432983660545,2.6702161080265947,0.07224329836605436,-0.06848389197340543
A_to_B,18796,3814.4000013600003,B,5478.21116994317,2.7257,2.807037522875602,2.66698999276722,0.08133752287560236,-0.05871000723277975
A_to_B,18797,3814.60001112,B,5081.9226607399805,2.7063,2.7470797671395917,2.617391614467941,0.04077976713959153,-0.08890838553205915
A_to_B,18798,3814.7999904,B,4726.966506464685,2.7014,2.690477495373982,2.5704391371431843,-0.010922504626018181,-0.13096086285681574
A_to_B,18799,3815.0000001600006,B,4523.255140973302,2.7066,2.656612875495262,2.5422863473143664,-0.049987124504737857,-0.16431365268563347
A_to_B,18800,3815.2000099200004,B,4422.6087006990865,2.7092,2.6394792362450614,2.5280247578350687,-0.06972076375493863,-0.1811752421649313
A_to_B,18801,3815.3999892,B,4697.078503468872,2.7224,2.6855749060063467,2.5663663281862474,-0.03682509399365319,-0.1560336718137525
A_to_B,18802,3815.59999896,B,4955.348215635684,2.714,2.727228788471556,2.6009394286333176,0.013228788471555841,-0.11306057136668235
A_to_B,18803,3815.80000872,B,5050.312579221809,2.6965,2.7421555789865684,2.6133119749353155,0.04565557898656847,-0.08318802506468437
A_to_B,18804,3815.999988,B,4909.327238551749,2.7107,2.719921665127413,2.594879465239242,0.009221665127412848,-0.11582053476075815
A_to_B,18805,3816.1999977600003,B,4870.760257280972,2.7265,2.713760393743073,2.5897681311500507,-0.01273960625692716,-0.13673186884994948
A_to_B,18806,3816.40000752,B,4815.706027058328,2.7224,2.704904690270333,2.582418865693096,-0.017495309729667063,-0.13998113430690395
A_to_B,18807,3816.5999868000004,B,4714.974530165473,2.7062,2.688513087711993,2.5688073287935227,-0.017686912288006784,-0.13739267120647725
A_to_B,18808,3816.79999656,B,4604.883472879835,2.7104,2.670310552235986,2.5536792935666317,-0.04008944776401391,-0.15672070643336822
A_to_B,18809,3817.00000632,B,4620.884335384028,2.7131,2.6729752675763914,2.5558947641514287,-0.04012473242360848,-0.15720523584857116
A_to_B,18810,3817.1999856,B,4467.3086224332765,2.7033,2.647122698977956,2.534388463323779,-0.0561773010220441,-0.16891153667622083
A_to_B,18811,3817.3999953600005,B,4487.513581795535,2.7057,2.6505597719911376,2.537249279406497,-0.055140228008862646,-0.16845072059350308
A_to_B,18812,3817.6000051200003,B,4551.291623114828,2.7264,2.6613372601365595,2.5462166854810317,-0.06506273986344047,-0.18018331451896819
A_to_B,18813,3817.80001488,B,4780.141710500316,2.7394,2.699145605524946,2.5776377697336312,-0.04025439447505397,-0.1617622302663686
A_to_B,18814,3817.99999416,B,4865.069344795828,2.7406,2.7128483017602476,2.589011339353718,-0.027751698239752542,-0.15158866064628196
A_to_B,18815,3818.2000039199997,B,5004.096200794285,2.7409,2.7349163591191963,2.6073126178318593,-0.005983640880803609,-0.1335873821681406
A_to_B,18816,3818.4000136800005,B,4843.984908634944,2.735,2.7094624243107743,2.5862016782258332,-0.025537575689225545,-0.14879832177416663
A_to_B,18817,3818.5999929600002,B,4840.361756695596,2.7285,2.7088795380849335,2.585717942665971,-0.01962046191506639,-0.14278205733402904
A_to_B,18818,3818.80000272,B,4847.783109420254,2.7233,2.710073138687094,2.586708493710474,-0.013226861312905847,-0.136591506289526
A_to_B,18819,3819.00001248,B,5049.6934233044685,2.7177,2.7420589084850033,2.6132318748454044,0.02435890848500355,-0.10446812515459536
A_to_B,18820,3819.19999176,B,4967.146433041302,2.7036,2.7290942956775015,2.602486196257632,0.02549429567750172,-0.101113803742368
A_to_B,18821,3819.4000015200004,B,4999.991797913718,2.7178,2.7342711559970465,2.6067778182345895,0.016471155997046516,-0.11102218176541045
A_to_B,18822,3819.60001128,B,4972.583900117626,2.7271,2.729952992939408,2.60319813055653,0.0028529929394078835,-0.12390186944347015
A_to_B,18823,3819.7999905600004,B,4845.124513977421,2.7321,2.709645697770238,2.5863537735215782,-0.022454302229761858,-0.14574622647842173
A_to_B,18824,3820.0000003200003,B,4866.040211883484,2.7399,2.713003957996826,2.589140494646259,-0.02689604200317408,-0.15075950535374094
A_to_B,18825,3820.20001008,B,4869.009584664536,2.7432,2.713479891432957,2.5895353929773166,-0.029720108567042658,-0.15366460702268325
A_to_B,18826,3820.39998936,B,4844.238963383721,2.7281,2.7095032845305234,2.5862355874920655,-0.01859671546947661,-0.14186441250793447
A_to_B,18827,3820.5999991200006,B,4794.163954744854,2.7322,2.701419922053308,2.579526028302621,-0.03078007794669224,-0.15267397169737906
A_to_B,18828,3820.8000088800004,B,4626.839616555222,2.742,2.673965355979673,2.5567178599153078,-0.06803464402032677,-0.18528214008469224
A_to_B,18829,3820.99998816,B,4675.979761966857,2.7307,2.6821006380755423,2.5634795046040413,-0.048599361924457796,-0.16722049539595885
A_to_B,18830,3821.19999792,B,4576.7140154358995,2.7286,2.66560325706,2.549764896399165,-0.06299674294000024,-0.17883510360083532
A_to_B,18831,3821.40000768,B,4575.230112459396,2.7395,2.665354715767904,2.549558194394951,-0.07414528423209621,-0.18994180560504903
A_to_B,18832,3821.59998696,B,4496.072574399824,2.7373,2.6520124212544163,2.5384582330088765,-0.08528757874558357,-0.19884176699112333
A_to_B,18833,3821.7999967200003,B,4601.261723933354,2.7263,2.6697064863232898,2.553177027091405,-0.056593513676710394,-0.17312297290859524
A_to_B,18834,3822.00000648,B,4643.9557727204165,2.7257,2.6768059373140543,2.559079115598804,-0.04889406268594554,-0.16662088440119582
A_to_B,18835,3822.1999857600003,B,4632.225884841771,2.74,2.6748600621589698,2.557461626813005,-0.06513993784103045,-0.18253837318699517
A_to_B,18836,3822.39999552,B,4678.721640622602,2.7425,2.682552765785554,2.5638552122133302,-0.059947234214446254,-0.17864478778666992
A_to_B,18837,3822.60000528,B,4798.065661717481,2.7382,2.7020519105029184,2.5800507018756518,-0.03614808949708159,-0.1581492981243482
A_to_B,18838,3822.8000150400003,B,4837.872542375034,2.7252,2.708478897553776,2.585385444390136,-0.016721102446223934,-0.13981455560986422
A_to_B,18839,3822.9999943200005,B,4795.461303553645,2.7133,2.7016301039253787,2.579700521994431,-0.0116698960746211,-0.1335994780055687
A_to_B,18840,3823.2000040800003,B,4780.329133816281,2.7054,2.699176035685002,2.5776630358420594,-0.006223964314997943,-0.12773696415794067
A_to_B,18841,3823.40001384,B,4819.399029795524,2.7018,2.7055009756590755,2.5829138158907012,0.003700975659075567,-0.11888618410929874
A_to_B,18842,3823.59999312,B,4768.87837482633,2.7074,2.697315321092539,2.576118019378255,-0.010084678907460898,-0.13128198062174468
A_to_B,18843,3823.8000028800006,B,4746.598893706086,2.7049,2.693685829521106,2.5731039249089918,-0.011214170478893948,-0.1317960750910081
A_to_B,18844,3824.0000126400005,B,4718.952912652926,2.699,2.6891651813845914,2.5693490319320946,-0.00983481861540847,-0.12965096806790521
A_to_B,18845,3824.1999919200002,B,4746.377150118193,2.6913,2.693649644914993,2.57307387290202,0.002349644914993121,-0.11822612709798008
A_to_B,18846,3824.40000168,B,4740.287309933608,2.6934,2.6926554203232733,2.5722481297532704,-0.0007445796767266977,-0.12115187024672958
A_to_B,18847,3824.60001144,B,4787.988557838367,2.6969,2.7004188977597456,2.578694950265441,0.003518897759745787,-0.11820504973455881
A_to_B,18848,3824.79999072,B,4716.616168337392,2.7161,2.6887822148737195,2.5690308984888297,-0.02731778512628047,-0.14706910151117025
A_to_B,18849,3825.0000004800004,B,4779.077424817336,2.7185,2.698972791353474,2.577494281725358,-0.01952720864652635,-0.14100571827464226
A_to_B,18850,3825.20001024,B,4907.785796404178,2.7046,2.7196760747368214,2.5946757546581307,0.015076074736821266,-0.1099242453418694
A_to_B,18851,3825.3999895200004,B,5143.357593286637,2.7007,2.756587967179611,2.6252663612828417,0.05588796717961131,-0.07543363871715814
A_to_B,18852,3825.5999992800002,B,5200.575339240287,2.7059,2.7653709782377165,2.6325373518169837,0.0594709782377163,-0.07336264818301652
A_to_B,18853,3825.80000904,B,5124.945774441856,2.6997,2.753746925749886,2.622913766228988,0.05404692574988612,-0.07678623377101212
A_to_B,18854,3825.99998832,B,5096.989966555185,2.7062,2.749419260444542,2.619329526104735,0.04321926044454205,-0.08687047389526503
A_to_B,18855,3826.1999980800006,B,4883.089419171894,2.7005,2.7157338078420743,2.591405422105349,0.015233807842074398,-0.10909457789465105
A_to_B,18856,3826.4000078400004,B,4928.521880017658,2.6984,2.722975261324728,2.5974121401439327,0.024575261324728093,-0.10098785985606717
A_to_B,18857,3826.59998712,B,5063.85474312733,2.6895,2.744267845118496,2.6150620828745037,0.054767845118496084,-0.07443791712549608
A_to_B,18858,3826.79999688,B,5120.658024716247,2.6868,2.7530842595790435,2.622364983448796,0.0662842595790436,-0.06443501655120398
A_to_B,18859,3827.00000664,B,5049.007508907822,2.7135,2.7419518049398723,2.6131431296224523,0.028451804939872538,-0.10035687037754748
A_to_B,18860,3827.19998592,B,4975.692891354244,2.7449,2.73044367139208,2.6036049323053807,-0.01445632860792001,-0.1412950676946192
A_to_B,18861,3827.3999956800003,B,4900.32154340836,2.7523,2.7184860540453673,2.593688630688282,-0.03381394595463272,-0.15861136931171815
A_to_B,18862,3827.60000544,B,4810.067053723463,2.7199,2.7039935726961426,2.581662559671353,-0.015906427303857384,-0.13823744032864704
A_to_B,18863,3827.8000152,B,4649.282701709161,2.6898,2.6776884673236157,2.559812659020165,-0.012111532676384318,-0.1299873409798349
A_to_B,18864,3827.99999448,B,4652.675059188805,2.6644,2.6782501150401696,2.560279474286727,0.01385011504016953,-0.1041205257132729
A_to_B,18865,3828.2000042400005,B,4664.344696297294,2.6673,2.6801799459282365,2.561883361913387,0.012879945928236491,-0.10541663808661283
A_to_B,18866,3828.4000140000003,B,4662.889033031857,2.6722,2.6799394079425194,2.5616834583760286,0.007739407942519261,-0.11051654162397151
A_to_B,18867,3828.5999932800005,B,4688.89893945967,2.6812,2.6842293234564756,2.565248320479903,0.0030293234564755522,-0.115951679520097
A_to_B,18868,3828.8000030400003,B,4682.027649769586,2.7001,2.6830976659923587,2.564308000623311,-0.017002334007641284,-0.13579199937668873
A_to_B,18869,3829.0000128,B,4643.701066314429,2.6892,2.6767637211947166,2.5590440255116707,-0.012436278805283418,-0.13015597448832938
A_to_B,18870,3829.19999208,B,4681.136004816288,2.6674,2.6829507310551413,2.564185905253337,0.015550731055141043,-0.10321409474666332
A_to_B,18871,3829.4000018400006,B,4701.577835947634,2.652,2.6863143589504266,2.566980688254746,0.03431435895042645,-0.08501931174525401
A_to_B,18872,3829.6000116000005,B,4700.881723780016,2.6374,2.686199987802736,2.566885666659067,0.04879998780273587,-0.07051433334093282
A_to_B,18873,3829.79999088,B,4757.861085441695,2.6544,2.6955220369312456,2.5746288610759196,0.04112203693124572,-0.07977113892408028
A_to_B,18874,3830.00000064,B,4714.369236575339,2.6911,2.6884138401414734,2.568724880974337,-0.0026861598585266044,-0.122375119025663
A_to_B,18875,3830.2000104,B,4685.993828878207,2.6938,2.68375101458924,2.5648508891088664,-0.010048985410759936,-0.1289491108911336
A_to_B,18876,3830.39998968,B,4702.687690930972,2.6983,2.6864966830452617,2.567132165282485,-0.011803316954738463,-0.13116783471751514
A_to_B,18877,3830.5999994400004,B,4697.7083259482115,2.7337,2.6856784459701846,2.566452353677071,-0.04802155402981523,-0.16724764632292866
A_to_B,18878,3830.8000092,B,4714.237988591792,2.7423,2.68839231873654,2.568707002470141,-0.05390768126346002,-0.17359299752985935
A_to_B,18879,3830.9999884800004,B,4766.708109502921,2.7122,2.6969623006406342,2.5758248784367233,-0.01523769935936592,-0.1363751215632769
A_to_B,18880,3831.1999982400002,B,4935.800585883417,2.6878,2.724130984896614,2.598370608932295,0.036330984896614016,-0.08942939106770531
A_to_B,18881,3831.400008,B,5098.36260264051,2.7017,2.7496321439870774,2.6195058568025598,0.047932143987077236,-0.08219414319744045
A_to_B,18882,3831.59998728,B,5113.493381649807,2.7269,2.7519760905339643,2.6214472217551283,0.0250760905339642,-0.10545277824487176
A_to_B,18883,3831.7999970400006,B,5114.4801201433,2.7383,2.752128776921893,2.6215736761929582,0.013828776921892771,-0.11672632380704195
A_to_B,18884,3832.0000068000004,B,5116.549216570368,2.7005,2.7524488775694653,2.6218387796776543,0.051948877569465424,-0.07866122032234557
A_to_B,18885,3832.19998608,B,5116.987289793055,2.6615,2.752516638086513,2.621894897602059,0.09101663808651272,-0.03960510239794113
A_to_B,18886,3832.39999584,B,5182.465990066941,2.6707,2.7625986448490205,2.630242609661925,0.09189864484902044,-0.04045739033807516
A_to_B,18887,3832.6000056000003,B,5398.129781807878,2.6901,2.795176645122786,2.6571894792453996,0.1050766451227858,-0.03291052075460055
A_to_B,18888,3832.79998488,B,5452.593917710197,2.6928,2.803256860307622,2.6638666607526202,0.1104568603076217,-0.02893333924737984
A_to_B,18889,3832.9999946400003,B,5434.743846686019,2.6741,2.8006150115599597,2.6616838145844883,0.1265150115599596,-0.012416185415511816
A_to_B,18890,3833.2000044,B,5409.424964638192,2.6699,2.796857138851716,2.6585783824659903,0.1269571388517159,-0.011321617534009842
A_to_B,18891,3833.40001416,B,5389.510611925177,2.6602,2.7938926017349854,2.6561281628948596,0.13369260173498532,-0.0040718371051404745
A_to_B,18892,3833.59999344,B,5393.315685913679,2.6662,2.7944596439989255,2.6565968552395858,0.12825964399892564,-0.009603144760414128
A_to_B,18893,3833.8000032000004,B,5397.900344275534,2.7017,2.795142483529349,2.65716124406307,0.09344248352934859,-0.04453875593693013
A_to_B,18894,3834.0000129600003,B,5409.242564066161,2.7193,2.796830021221208,2.658555971010394,0.07753002122120778,-0.06074402898960596
A_to_B,18895,3834.1999922400005,B,5404.255319148937,2.7066,2.796088311200312,2.657942971304463,0.08948831120031198,-0.04865702869553701
A_to_B,18896,3834.4000020000003,B,5432.15773218108,2.6886,2.8002317485922212,2.6613671185287546,0.11163174859222114,-0.027232881471245474
A_to_B,18897,3834.60001176,B,5419.456703021597,2.6948,2.798347562824235,2.659810104675867,0.10354756282423505,-0.03498989532413299
A_to_B,18898,3834.79999104,B,5427.940000605479,2.7025,2.7996064004817045,2.66085037166397,0.09710640048170438,-0.04164962833602992
A_to_B,18899,3835.0000008,B,5413.065947766046,2.7097,2.797398310316688,2.659025629484482,0.08769831031668796,-0.05067437051551815
B_to_A,17795,3614.1999852000004,A,4886.361632442364,2.7403,2.684426882402034,2.591839445551115,-0.05587311759796609,-0.14846055444888506
B_to_A,17796,3614.39999496,A,4896.668723010487,2.7657,2.6862053545713764,2.5932051456664604,-0.07949464542862339,-0.1724948543335394
B_to_A,17797,3614.60000472,A,5030.582907241202,2.7699,2.70908212453695,2.610755920527907,-0.06081787546304973,-0.15914407947209286
B_to_A,17798,3614.80001448,A,5151.441913605181,2.7474,2.729372851694528,2.6262973510407472,-0.01802714830547192,-0.1211026489592526
B_to_A,17799,3614.99999376,A,5068.654661316421,2.7459,2.7155096237816654,2.615681552896152,-0.030390376218334403,-0.1302184471038479
B_to_A,17800,3615.2000035200003,A,4804.819953244436,2.7391,2.670265504702041,2.580958214616667,-0.06883449529795893,-0.15814178538333312
B_to_A,17801,3615.40001328,A,4709.277802584233,2.7227,2.6534614087114696,2.568031055747827,-0.0692385912885305,-0.15466894425217292
B_to_A,17802,3615.5999925600004,A,4787.04858351735,2.7319,2.667157307515544,2.5785683790824954,-0.06474269248445585,-0.15333162091750463
B_to_A,17803,3615.80000232,A,4839.385740959495,2.741,2.6762885267511916,2.585587586073779,-0.06471147324880855,-0.15541241392622096
B_to_A,17804,3616.00001208,A,4880.688932941768,2.7632,2.683446969421812,2.591086885028631,-0.07975303057818772,-0.17211311497136883
B_to_A,17805,3616.19999136,A,5048.221445997447,2.7616,2.712064099090615,2.6130414158289934,-0.04953590090938498,-0.14855858417100665
B_to_A,17806,3616.4000011200005,A,5277.748437713738,2.7597,2.7502322805561525,2.6422497488937653,-0.0094677194438475,-0.11745025110623475
B_to_A,17807,3616.6000108800004,A,5338.283972888244,2.7561,2.7601084759156764,2.6497939976123592,0.004008475915676435,-0.10630600238764076
B_to_A,17808,3616.79999016,A,5508.148373036097,2.74,2.7874174650075334,2.670626176105344,0.04741746500753319,-0.06937382389465618
B_to_A,17809,3616.99999992,A,5080.016933389778,2.7251,2.717421453320627,2.6171461986717395,-0.007678546679372733,-0.10795380132826038
B_to_A,17810,3617.20000968,A,4838.878675595096,2.7281,2.6762003851240954,2.5855198546766975,-0.051899614875904554,-0.14258014532330243
B_to_A,17811,3617.39998896,A,4615.566330594481,2.753,2.6367506465047885,2.5551590753950806,-0.1162493534952116,-0.19784092460491953
B_to_A,17812,3617.5999987200003,A,4763.973854411209,2.7449,2.663109728856499,2.575455416031263,-0.08179027114350079,-0.16944458396873685
B_to_A,17813,3617.80000848,A,5076.6155896069295,2.6975,2.7168494468889244,2.6167080086995167,0.019349446888924593,-0.08079199130048309
B_to_A,17814,3617.9999877600003,A,5024.264162886381,2.656,2.708012132409292,2.609935713625886,0.05201213240929192,-0.04606428637411408
B_to_A,17815,3618.19999752,A,4792.46036550372,2.6633,2.6681046601315908,2.579296841392535,0.0048046601315907544,-0.08400315860746499
B_to_A,17816,3618.4000072800004,A,4537.409062015724,2.7105,2.622634686939672,2.5442728134836288,-0.08786531306032819,-0.16622718651637136
B_to_A,17817,3618.5999865600006,A,4456.361865940705,2.6982,2.60781957288541,2.5328344592403673,-0.09038042711459005,-0.1653655407596326
B_to_A,17818,3618.7999963200004,A,4239.7813341122965,2.7053,2.567301108087206,2.5014830154708423,-0.1379988919127939,-0.20381698452915753
B_to_A,17819,3619.0000060800003,A,4260.893026142704,2.7324,2.571312316589939,2.5045912071418694,-0.1610876834100612,-0.22780879285813072
B_to_A,17820,3619.19998536,A,4595.995693515846,2.7438,2.6332314765855793,2.552446201347507,-0.11056852341442047,-0.1913537986524929
B_to_A,17821,3619.39999512,A,4816.352845250963,2.7479,2.6722783820828977,2.5825055752725583,-0.07562161791710231,-0.1653944247274417
B_to_A,17822,3619.6000048800006,A,4939.287919324965,2.7499,2.6935320983480637,2.598829449636949,-0.05636790165193606,-0.15107055036305095
B_to_A,17823,3619.8000146400004,A,5027.637158989129,2.7394,2.7085834174727146,2.6103736428088866,-0.030816582527285252,-0.12902635719111322
B_to_A,17824,3619.99999392,A,4997.753634357261,2.7364,2.703512856555959,2.6064860490187285,-0.0328871434440412,-0.12991395098127168
B_to_A,17825,3620.20000368,A,5006.775902427005,2.7366,2.7050459179200526,2.6076616027929704,-0.03155408207994759,-0.1289383972070297
B_to_A,17826,3620.40001344,A,4974.604708247921,2.738,2.699570697140713,2.6034625686511164,-0.03842930285928681,-0.13453743134888363
B_to_A,17827,3620.59999272,A,4934.53804273038,2.7236,2.692717690027852,2.5982044317493918,-0.03088230997214758,-0.12539556825060805
B_to_A,17828,3620.8000024800003,A,4676.568061863262,2.7008,2.647654681736997,2.5635601306790647,-0.05314531826300328,-0.13723986932093535
B_to_A,17829,3621.00001224,A,4561.453918540335,2.7025,2.6269950582454653,2.547636819074371,-0.07550494175453482,-0.15486318092562934
B_to_A,17830,3621.1999915200004,A,4499.676696457833,2.718,2.6157601261763026,2.5389667971072045,-0.10223987382369737,-0.17903320289279545
B_to_A,17831,3621.40000128,A,4556.98019328294,2.7281,2.626184974002865,2.547011929421754,-0.10191502599713509,-0.18108807057824583
B_to_A,17832,3621.6000110400005,A,4657.516663457748,2.7254,2.6442597792627094,2.5609452754443343,-0.08114022073729066,-0.1644547245556658
B_to_A,17833,3621.79999032,A,4745.7785459046645,2.6998,2.6599085681769883,2.5729927412481364,-0.039891431823011914,-0.12680725875186383
B_to_A,17834,3622.0000000800005,A,4886.283298625974,2.6866,2.6844133561813175,2.591829057970791,-0.0021866438186823878,-0.09477094202920888
B_to_A,17835,3622.2000098400003,A,4900.32154340836,2.6912,2.686835026871383,2.593688630688282,-0.004364973128616612,-0.097511369311718
B_to_A,17836,3622.39998912,A,4913.965302374923,2.6916,2.6891840926131523,2.5954921232729475,-0.0024159073868479375,-0.09610787672705268
B_to_A,17837,3622.59999888,A,4848.623678081931,2.6935,2.6778932217557183,2.5868206153072886,-0.015606778244281472,-0.10667938469271121
B_to_A,17838,3622.80000864,A,4858.857212087204,2.6929,2.679668413366866,2.5881844760650647,-0.01323158663313384,-0.1047155239349351
B_to_A,17839,3622.9999879200004,A,4809.179094586834,2.6922,2.671026710459571,2.581543404909845,-0.021173289540429074,-0.11065659509015502
B_to_A,17840,3623.1999976800003,A,4816.063657996278,2.7042,2.6722279496041073,2.5824668091907474,-0.031972050395892904,-0.12173319080925271
B_to_A,17841,3623.40000744,A,4842.453446196815,2.6982,2.6768216416018604,2.5859972421849253,-0.021378358398139508,-0.1122027578150746
B_to_A,17842,3623.5999867200003,A,4996.115225366104,2.6771,2.703234254985692,2.606272402269233,0.026134254985691996,-0.07082759773076663
B_to_A,17843,3623.79999648,A,4962.4398011116655,2.6791,2.697494023704301,2.601869479011399,0.018394023704300988,-0.07723052098860084
B_to_A,17844,3624.0000062400004,A,4998.958550302021,2.6812,2.703717705286111,2.606643135228391,0.022517705286110967,-0.07455686477160883
B_to_A,17845,3624.1999855200006,A,5024.073686414067,2.6646,2.7079798635251606,2.6099109767490356,0.043379863525160545,-0.054689023250964475
B_to_A,17846,3624.3999952800004,A,4973.857872990386,2.6204,2.6994433051514153,2.6033648489715557,0.07904330515141522,-0.01703515102844433
B_to_A,17847,3624.6000050400003,A,4750.675272329966,2.6193,2.6607708919009507,2.573656192427166,0.04147089190095077,-0.04564380757283404
B_to_A,17848,3624.8000148,A,4544.011163240024,2.6563,2.623833507942481,2.5451978121337455,-0.03246649205751906,-0.11110218786625436
B_to_A,17849,3624.99999408,A,4575.429284248545,2.6797,2.6295221576624317,2.5495859411839183,-0.05017784233756828,-0.13011405881608162
B_to_A,17850,3625.20000384,A,4469.188551956517,2.6926,2.610176479064681,2.5346550511294716,-0.08242352093531924,-0.15794494887052846
B_to_A,17851,3625.4000136,A,4567.496448501777,2.6896,2.6280883509763107,2.5484801099843,-0.06151164902368933,-0.14111989001570002
B_to_A,17852,3625.59999288,A,4505.962861286417,2.6823,2.6169081563282166,2.5398530835158692,-0.06539184367178352,-0.14244691648413088
B_to_A,17853,3625.80000264,A,4474.5422328964005,2.7087,2.611158847099625,2.535413781869681,-0.09754115290037468,-0.17328621813031875
B_to_A,17854,3626.0000124000003,A,4645.661610496025,2.7203,2.6421424354044896,2.5593140862172348,-0.07815756459551038,-0.16098591378276517
B_to_A,17855,3626.19999168,A,4709.095909204676,2.7224,2.653429195061769,2.5680062581762595,-0.06897080493823093,-0.15439374182374044
B_to_A,17856,3626.4000014400003,A,4999.811358823405,2.7219,2.703862671489222,2.6067542996468234,-0.018037328510778217,-0.11514570035317684
B_to_A,17857,3626.6000112,A,4957.564677676972,2.7037,2.696660810754765,2.6012302213565515,-0.007039189245234834,-0.10246977864344853
B_to_A,17858,3626.7999904800004,A,4915.34416278691,2.6971,2.689421244070865,2.595674178120605,-0.007678755929134695,-0.10142582187939464
B_to_A,17859,3627.00000024,A,4872.629029550704,2.7069,2.682053342298042,2.5900165005241247,-0.02484665770195793,-0.1168834994758754
B_to_A,17860,3627.2000100000005,A,4617.258366508518,2.7023,2.6370544256028,2.5553932192892193,-0.06524557439720002,-0.1469067807107809
B_to_A,17861,3627.39998928,A,4562.990375503568,2.7049,2.6272731480331606,2.54785132524202,-0.07762685196683927,-0.1570486747579798
B_to_A,17862,3627.59999904,A,4568.386406352575,2.7216,2.6282492898638967,2.5486042411252083,-0.0933507101361033,-0.17299575887479168
B_to_A,17863,3627.8000088,A,4639.269406392695,2.7077,2.6409992330936456,2.558433258713942,-0.0667007669063544,-0.1492667412860582
B_to_A,17864,3627.99998808,A,4644.741293395873,2.686,2.641977909431702,2.559187325181162,-0.044022090568297756,-0.12681267481883784
B_to_A,17865,3628.19999784,A,4630.030487110195,2.6485,2.6393450048616955,2.557158552019869,-0.009154995138304312,-0.09134144798013066
B_to_A,17866,3628.4000076,A,4679.166960905623,2.6192,2.6481170623190904,2.563916216910087,0.028917062319090192,-0.05528378308991311
B_to_A,17867,3628.5999868800004,A,4700.475753533454,2.6258,2.651901570428425,2.5668302455158734,0.02610157042842509,-0.05896975448412656
B_to_A,17868,3628.7999966400002,A,4739.2480641850925,2.6404,2.6587575868427282,2.5721071352544076,0.018357586842728146,-0.06829286474559249
B_to_A,17869,3629.0000064,A,4698.903280907468,2.6444,2.6516226968830345,2.5666155450813095,0.007222696883034452,-0.07778445491869057
B_to_A,17870,3629.1999856800003,A,4717.87918328682,2.6428,2.654983755860765,2.5692028649229455,0.012183755860765366,-0.07359713507705434
B_to_A,17871,3629.39999544,A,4753.861342591511,2.641,2.6613316382771806,2.5740875936261727,0.02033163827718054,-0.06691240637382734
B_to_A,17872,3629.6000052000004,A,4699.1785687856145,2.636,2.651671523025107,2.5666531359074516,0.015671523025106993,-0.06934686409254853
B_to_A,17873,3629.80001496,A,4767.394027931799,2.6358,2.663710514836647,2.5759175372686336,0.02791051483664697,-0.05988246273136655
B_to_A,17874,3629.9999942400004,A,4735.213333167622,2.6538,2.6580459318270613,2.571559523318578,0.004245931827061344,-0.08224047668142198
B_to_A,17875,3630.2000040000003,A,4668.016429947593,2.6641,2.6461319816512114,2.562387386511125,-0.017968018348788473,-0.10171261348887484
B_to_A,17876,3630.4000137600005,A,4742.1974670940035,2.6648,2.659277546426858,2.5725072203720853,-0.005522453573142183,-0.09229277962791471
B_to_A,17877,3630.59999304,A,4867.983108992993,2.6711,2.6812493040914323,2.58939890191062,0.01014930409143222,-0.08170109808937998
B_to_A,17878,3630.8000028,A,5044.712237895918,2.6968,2.711471401680093,2.6125871916283803,0.014671401680093066,-0.08421280837161982
B_to_A,17879,3631.00001256,A,4940.032414910859,2.7075,2.693659700007227,2.598927374061093,-0.01384029999277292,-0.10857262593890704
B_to_A,17880,3631.19999184,A,4879.032645338507,2.6898,2.6831607118403116,2.590867032288921,-0.006639288159688395,-0.09893296771107885
B_to_A,17881,3631.4000016,A,4796.359298925855,2.6343,2.6687867284503883,2.579821281830008,0.03448672845038825,-0.054478718169991946
B_to_A,17882,3631.6000113600003,A,4200.545740194592,2.6493,2.55980984046243,2.4956755447909327,-0.08949015953757034,-0.15362445520906753
B_to_A,17883,3631.7999906400005,A,4462.632045153403,2.7211,2.6089722999361347,2.533724925153762,-0.11212770006386519,-0.18737507484623794
B_to_A,17884,3632.0000004000003,A,4559.2909764032765,2.7178,2.626603469406872,2.547334756879086,-0.09119653059312816,-0.17046524312091416
B_to_A,17885,3632.20001016,A,4691.713768517494,2.71,2.650346841547779,2.565633224838552,-0.05965315845222108,-0.14436677516144814
B_to_A,17886,3632.3999894400004,A,4653.442218995754,2.7011,2.643532489913943,2.5603850061606868,-0.05756751008605665,-0.14071499383931307
B_to_A,17887,3632.5999992,A,4701.628602191009,2.7041,2.652105984218251,2.566987617600768,-0.05199401578174889,-0.13711238239923196
B_to_A,17888,3632.8000089600005,A,4852.908162534212,2.702,2.6786367554366315,2.5873918868016634,-0.023363244563368468,-0.11460811319833653
B_to_A,17889,3632.99998824,A,4861.825577222156,2.6991,2.680182850280716,2.588579677899322,-0.018917149719284154,-0.11052032210067786
B_to_A,17890,3633.199998,A,4955.662429640324,2.6871,2.6963355429763927,2.600980658438264,0.009235542976392619,-0.08611934156173584
B_to_A,17891,3633.40000776,A,4935.0733460704,2.6837,2.6928094993850467,2.5982748927997754,0.009109499385046682,-0.08542510720022456
B_to_A,17892,3633.59998704,A,4932.661403866508,2.6863,2.6923957755674714,2.597957367743569,0.006095775567471318,-0.08834263225643113
B_to_A,17893,3633.7999968,A,4888.626565386985,2.694,2.6848179133602694,2.5921397365896617,-0.009182086639730525,-0.10186026341033827
B_to_A,17894,3634.00000656,A,4859.283255719782,2.7182,2.679742262732196,2.5882412097378173,-0.03845773726780388,-0.1299587902621826
B_to_A,17895,3634.1999858400004,A,4947.835078657267,2.7219,2.694996232780956,2.5999530027762434,-0.026903767219044195,-0.12194699722375679
B_to_A,17896,3634.3999956000002,A,4719.778628755654,2.7217,2.6553196796568566,2.5694614198766628,-0.06638032034314323,-0.15223858012333702
B_to_A,17897,3634.60000536,A,4662.19006684308,2.7169,2.6450934459520803,2.5615874540121073,-0.07180655404791958,-0.15531254598789257
B_to_A,17898,3634.8000151200004,A,4774.27156332332,2.7031,2.664917725200782,2.5768460523000525,-0.038182274799217986,-0.12625394769994758
B_to_A,17899,3634.9999944,A,4755.559854836848,2.7215,2.661630470070008,2.5743174874593464,-0.05986952992999184,-0.1471825125406534
B_to_A,17900,3635.2000041600004,A,4651.191181048533,2.7526,2.6431304918089005,2.5600753123178617,-0.10946950819109968,-0.19252468768213848
B_to_A,17901,3635.40001392,A,4522.32899943471,2.7545,2.619891929945529,2.5421562033294927,-0.13460807005447117,-0.2123437966705075
B_to_A,17902,3635.5999932,A,4466.418336933236,2.7304,2.609667844567027,2.5342621849460243,-0.120732155432973,-0.19613781505397565
B_to_A,17903,3635.80000296,A,4382.137327097511,2.7039,2.594088651158872,2.5222213041061554,-0.10981134884112809,-0.18167869589384456
B_to_A,17904,3636.0000127200005,A,4390.779363336993,2.7012,2.595695519612908,2.5234639070285736,-0.10550448038709215,-0.17773609297142645
B_to_A,17905,3636.1999920000003,A,4557.300427471192,2.6975,2.626242978841997,2.5470566749972128,-0.07125702115800259,-0.150443325002787
B_to_A,17906,3636.40000176,A,4786.108978193997,2.7033,2.666992751290823,2.5784418389561887,-0.03630724870917712,-0.12485816104381131
B_to_A,17907,3636.60001152,A,5001.772281517074,2.7072,2.7041959381877754,2.6070098538904953,-0.0030040618122244567,-0.1001901461095045
B_to_A,17908,3636.7999908,A,5077.7065691995795,2.7118,2.717032946331139,2.6168485819295335,0.005232946331138688,-0.0949514180704667
B_to_A,17909,3637.00000056,A,5095.796970608888,2.7132,2.720071763669311,2.619176243292761,0.006871763669310749,-0.09402375670723906
B_to_A,17910,3637.2000103200003,A,4874.73311316002,2.7318,2.682417308950637,2.5902960584892876,-0.04938269104936266,-0.14150394151071222
B_to_A,17911,3637.3999896000005,A,4784.343518376087,2.7387,2.6666835004820926,2.5782040275472564,-0.07201649951790756,-0.16049597245274372
B_to_A,17912,3637.5999993600003,A,4805.115366910286,2.7327,2.670317105637854,2.5809978848205737,-0.06238289436214606,-0.15170211517942622
B_to_A,17913,3637.80000912,A,4931.4164231698915,2.7115,2.6921821680066933,2.5977934241498044,-0.019317831993306722,-0.11370657585019561
B_to_A,17914,3637.9999884000003,A,4880.954668613924,2.7108,2.683492890540801,2.5911221531109985,-0.027307109459199008,-0.1196778468890014
B_to_A,17915,3638.19999816,A,4710.522330163108,2.7078,2.653681793933141,2.5682007032461907,-0.05411820606685902,-0.13959929675380955
B_to_A,17916,3638.4000079200005,A,4609.786419278829,2.7218,2.6357123757757734,2.5543587655204987,-0.08608762422422656,-0.16744123447950132
B_to_A,17917,3638.5999872,A,4509.0891876538535,2.7306,2.6174787024147506,2.540293519044824,-0.11312129758524936,-0.19030648095517577
B_to_A,17918,3638.79999696,A,4465.534948524748,2.7212,2.6095056016270424,2.534136866193173,-0.11169439837295769,-0.18706313380682715
B_to_A,17919,3639.00000672,A,4468.605408068121,2.7193,2.6100694269687033,2.534572366045088,-0.1092305730312968,-0.1847276339549122
B_to_A,17920,3639.199986,A,4534.681835832021,2.7361,2.622139123380885,2.5438904161803215,-0.11396087661911514,-0.19220958381967845
B_to_A,17921,3639.39999576,A,4699.627791945874,2.7525,2.651751194802285,2.566714474218237,-0.10074880519771501,-0.1857855257817631
B_to_A,17922,3639.60000552,A,4931.424401814014,2.7621,2.6921835370602656,2.5977944749055553,-0.06991646293973464,-0.16430552509444496
B_to_A,17923,3639.7999848000004,A,5066.413567616177,2.7538,2.715132187776734,2.615392375587698,-0.03866781222326621,-0.1384076244123018
B_to_A,17924,3639.9999945600002,A,5013.1578947368425,2.7657,2.7061292008245803,2.6084921835693917,-0.05957079917541952,-0.1572078164306081
B_to_A,17925,3640.20000432,A,4848.453998542918,2.7735,2.677863766127646,2.58679798330288,-0.09563623387235376,-0.18670201669712005
B_to_A,17926,3640.4000140800003,A,4734.970585082668,2.7598,2.6580031021104933,2.571526565291844,-0.10179689788950652,-0.18827343470815583
B_to_A,17927,3640.5999933600006,A,4754.350745674991,2.7484,2.661417750080289,2.5741538407084628,-0.08698224991971104,-0.17424615929153742
B_to_A,17928,3640.8000031200004,A,4808.405243812018,2.7454,2.670891612967827,2.5814395488315767,-0.07450838703217322,-0.1639604511684234
B_to_A,17929,3641.00001288,A,4869.6085620755275,2.7446,2.6815306701357895,2.5896150293812714,-0.06306932986421065,-0.15498497061872873
B_to_A,17930,3641.19999216,A,4888.963741789573,2.743,2.6848761147962583,2.59218443144081,-0.058123885203741565,-0.1508155685591901
B_to_A,17931,3641.40000192,A,4958.46795053245,2.7346,2.696815232547666,2.601348699897981,-0.037784767452333945,-0.1332513001020188
B_to_A,17932,3641.6000116800005,A,5105.065873438584,2.729,2.72162588442177,2.6203664569402014,-0.007374115578230089,-0.10863354305979867
B_to_A,17933,3641.7999909600003,A,5044.177929735662,2.7196,2.7113811334283993,2.612518011165908,-0.008218866571600536,-0.10708198883409192
B_to_A,17934,3642.00000072,A,4988.543371522095,2.7326,2.7019458924904063,2.605284357640699,-0.030654107509593853,-0.12731564235930115
B_to_A,17935,3642.20001048,A,5140.278330556324,2.736,2.7275123955679446,2.6248733446470403,-0.008487604432055651,-0.11112665535295996
B_to_A,17936,3642.39998976,A,5333.995999503001,2.713,2.7594114402182774,2.6492617258973556,0.04641144021827737,-0.06373827410264443
B_to_A,17937,3642.59999952,A,5392.056269857557,2.7027,2.7688170677591164,2.6564417533528264,0.0661170677591163,-0.046258246647173706
B_to_A,17938,3642.8000092800003,A,5345.436561523379,2.7009,2.7612703181343656,2.650681144637858,0.060370318134365775,-0.05021885536214166
B_to_A,17939,3642.9999885600005,A,5410.106675659846,2.7015,2.771727033321545,2.658662138898182,0.07022703332154512,-0.042837861101817865
B_to_A,17940,3643.1999983200003,A,5309.8917639188685,2.7203,2.7554859851713878,2.6462636485365914,0.035185985171387824,-0.07403635146340859
B_to_A,17941,3643.40000808,A,5248.340522251208,2.7173,2.745406414991624,2.638561341321247,0.028106414991624362,-0.07873865867875285
B_to_A,17942,3643.59998736,A,4954.937380515782,2.7033,2.696211543382555,2.6008855176648615,-0.007088456617445171,-0.1024144823351385
B_to_A,17943,3643.7999971199997,A,4710.041908246901,2.7071,2.6535967239006606,2.5681352186243194,-0.05350327609933947,-0.1389647813756807
B_to_A,17944,3644.0000068800005,A,4546.6953669353215,2.7161,2.6243205688159175,2.545573598871561,-0.0917794311840825,-0.1705264011284391
B_to_A,17945,3644.19998616,A,4621.816246411952,2.704,2.6378723434655567,2.556023618621173,-0.06612765653444352,-0.14797638137882707
B_to_A,17946,3644.39999592,A,4817.532784669877,2.7014,2.672484134744554,2.5826637302250774,-0.028915865255445983,-0.11873626977492258
B_to_A,17947,3644.60000568,A,4958.46795053245,2.7016,2.696815232547666,2.601348699897981,-0.004784767452334027,-0.10025130010201888
B_to_A,17948,3644.79998496,A,5061.979353501535,2.7018,2.714385057761558,2.6148199283398874,0.012585057761557827,-0.08698007166011257
B_to_A,17949,3644.9999947200004,A,4906.987788877173,2.7021,2.6879833235339765,2.594570274451092,-0.014116676466023659,-0.10752972554890805
B_to_A,17950,3645.20000448,A,4803.487256102462,2.6958,2.670032690794672,2.5807792280212944,-0.025767309205328104,-0.11502077197870575
B_to_A,17951,3645.40001424,A,4694.568132076314,2.6977,2.650853539034962,2.5660233583899936,-0.046846460965038084,-0.13167664161000658
B_to_A,17952,3645.59999352,A,4701.2587589478935,2.702,2.652040410353505,2.5669371345068996,-0.04995958964649505,-0.13506286549310031
B_to_A,17953,3645.80000328,A,4633.197590372434,2.7205,2.639912329358612,2.557595736429255,-0.08058767064138772,-0.16290426357074494
B_to_A,17954,3646.0000130400003,A,4643.085641166255,2.7242,2.6416818706035015,2.558959234398821,-0.08251812939649872,-0.16524076560117917
B_to_A,17955,3646.1999923200005,A,4750.912228143545,2.7062,2.6608126048505003,2.573688284253885,-0.04538739514949963,-0.13251171574611487
B_to_A,17956,3646.4000020800004,A,4729.651095128366,2.691,2.657064169627318,2.570804017167374,-0.033935830372681774,-0.12019598283262578
B_to_A,17957,3646.60001184,A,4682.998778548547,2.6882,2.648798475296607,2.564440960091463,-0.039401524703392976,-0.1237590399085371
B_to_A,17958,3646.79999112,A,4652.085654542957,2.7382,2.6432902459338865,2.560198385864994,-0.09490975406611346,-0.17800161413500604
B_to_A,17959,3647.00000088,A,4635.247958392262,2.7419,2.6402794708303223,2.5578786480887525,-0.10162052916967745,-0.18402135191124724
B_to_A,17960,3647.2000106400005,A,4493.143092161029,2.7293,2.6145657405247165,2.538044639486222,-0.11473425947528337,-0.1912553605137779
B_to_A,17961,3647.3999899200003,A,4622.727500223705,2.7127,2.6380358028753044,2.55614959799538,-0.07466419712469552,-0.15655040200462
B_to_A,17962,3647.59999968,A,4630.410310866425,2.7029,2.6394130568855907,2.5572109944223222,-0.06348694311440939,-0.14568900557767783
B_to_A,17963,3647.80000944,A,4686.426123443048,2.7089,2.649407636961778,2.564910040528179,-0.05949236303822181,-0.14398995947182103
B_to_A,17964,3647.99998872,A,4710.689772950317,2.7214,2.6537114422301795,2.568223525606516,-0.06768855776982052,-0.15317647439348425
B_to_A,17965,3648.19999848,A,4686.36127417366,2.7167,2.649396113764961,2.5649011673804476,-0.06730388623503902,-0.1517988326195523
B_to_A,17966,3648.4000082400003,A,4748.018543442501,2.7174,2.6603031120817335,2.573296299320632,-0.0570968879182665,-0.14410370067936817
B_to_A,17967,3648.5999875200005,A,4714.172367340438,2.7208,2.6543279248905987,2.5686980634513557,-0.06647207510940145,-0.15210193654864446
B_to_A,17968,3648.7999972800003,A,4934.665865808821,2.7238,2.692739613460825,2.5982212574005454,-0.031060386539175422,-0.12557874259945478
B_to_A,17969,3649.00000704,A,4899.817382134315,2.7221,2.6867481388216348,2.5936219162999383,-0.03535186117836542,-0.12847808370006186
B_to_A,17970,3649.19998632,A,4965.139766729655,2.6963,2.697955236452314,2.602223313292978,0.001655236452314135,-0.09407668670702174
B_to_A,17971,3649.3999960800006,A,4989.580485632857,2.6928,2.702122438257423,2.605419756210086,0.00932243825742285,-0.08738024378991405
B_to_A,17972,3649.6000058400004,A,4958.556682582419,2.7109,2.696830400968033,2.6013603376385177,-0.01406959903196725,-0.10953966236148238
B_to_A,17973,3649.79998512,A,4597.236529931056,2.7269,2.6334549071504028,2.552618462583248,-0.09344509284959734,-0.17428153741675212
B_to_A,17974,3649.99999488,A,4472.88752184715,2.729,2.6108553037366358,2.53517934676385,-0.11814469626336432,-0.19382065323615016
B_to_A,17975,3650.20000464,A,4439.485788693295,2.7276,2.604711493399749,2.530433108800826,-0.12288850660025075,-0.19716689119917374
B_to_A,17976,3650.4000144,A,4577.380711025811,2.7291,2.629874603655025,2.5498577481784666,-0.09922539634497474,-0.1792422518215333
B_to_A,17977,3650.5999936800004,A,4597.943898446988,2.7225,2.6335822605895887,2.5527166486209163,-0.08891773941041148,-0.16978335137908385
B_to_A,17978,3650.80000344,A,4782.414271929205,2.7023,2.666345470126891,2.57794407844126,-0.03595452987310921,-0.12435592155873998
B_to_A,17979,3651.0000132,A,4782.42177570944,2.7098,2.6663467850728995,2.577945089662442,-0.043453214927100525,-0.13185491033755792
B_to_A,17980,3651.19999248,A,4846.0643216463895,2.7233,2.677448853542219,2.586479183008989,-0.04585114645778088,-0.136820816991011
B_to_A,17981,3651.40000224,A,4916.129032258064,2.7,2.689556214113664,2.595777789555221,-0.010443785886335988,-0.10422221044477897
B_to_A,17982,3651.6000120000003,A,4813.2801051089,2.669,2.6717424088809123,2.5820935795161435,0.0027424088809122615,-0.08690642048385655
B_to_A,17983,3651.7999912800005,A,4593.176841829254,2.6999,2.6327237477632734,2.5520547397807856,-0.06717625223672652,-0.1478452602192144
B_to_A,17984,3652.0000010400004,A,4676.668518103679,2.7079,2.647672557583962,2.563573897373732,-0.060227442416037835,-0.14432610262626788
B_to_A,17985,3652.2000108,A,4657.723064133851,2.7127,2.6442966102229954,2.560973647433669,-0.06840338977700444,-0.15172635256633082
B_to_A,17986,3652.39999008,A,4651.716465061764,2.7273,2.6432243107670157,2.5601475900223107,-0.08407568923298436,-0.16715240997768932
B_to_A,17987,3652.59999984,A,4662.974635131414,2.7045,2.645233345259071,2.561695215248821,-0.05926665474092907,-0.14280478475117908
B_to_A,17988,3652.8000096000005,A,4736.869097368459,2.6697,2.6583380295597956,2.571784293444581,-0.011361970440204594,-0.09791570655541904
B_to_A,17989,3652.9999888800003,A,4739.682870431564,2.6687,2.658834254155013,2.5721661282507022,-0.009865745844986673,-0.09653387174929762
B_to_A,17990,3653.19999864,A,4744.094396271965,2.6953,2.6596118449221784,2.5727644393202884,-0.03568815507782164,-0.12253556067971161
B_to_A,17991,3653.4000084,A,4734.146898341651,2.7188,2.6578577621627306,2.5714147234922557,-0.060942237837269264,-0.14738527650774413
B_to_A,17992,3653.59998768,A,4656.826421684189,2.6677,2.644136601636094,2.560850387450197,-0.023563398363906085,-0.10684961254980285
B_to_A,17993,3653.7999974400004,A,4485.453180875016,2.6853,2.6131584477071312,2.5369579905335224,-0.07214155229286856,-0.14834200946647735
B_to_A,17994,3654.0000072000003,A,4405.267242762312,2.7512,2.598384484387298,2.525542950827023,-0.1528155156127018,-0.2256570491729768
B_to_A,17995,3654.1999864800005,A,4441.782483813288,2.7373,2.605134953127479,2.530760314840653,-0.13216504687252106,-0.20653968515934684
B_to_A,17996,3654.3999962400003,A,4569.92068608783,2.7381,2.62852669666073,2.5488181995734904,-0.10957330333927029,-0.18928180042650977
B_to_A,17997,3654.600006,A,4722.681888329027,2.7522,2.655832952524161,2.5698564645332524,-0.09636704747583913,-0.18234353546674775
B_to_A,17998,3654.79998528,A,4811.304671764208,2.7569,2.6713977132567166,2.5818286074563526,-0.0855022867432833,-0.17507139254364734
B_to_A,17999,3654.9999950400006,A,5007.442163057301,2.765,2.7051590536152994,2.607748350013384,-0.05984094638470072,-0.15725164998661612
B_to_A,18000,3655.2000048000004,A,4908.030781468641,2.7564,2.688162887832808,2.5947081340719236,-0.0682371121671923,-0.1616918659280766
B_to_A,18001,3655.4000145600003,A,4753.216374269006,2.7541,2.661218145062704,2.5740002809496536,-0.09288185493729628,-0.1800997190503466
B_to_A,18002,3655.59999384,A,4714.675510292472,2.7432,2.654416964540556,2.5687665999038614,-0.08878303545944366,-0.1744334000961385
B_to_A,18003,3655.8000036,A,4814.367285047504,2.7238,2.671932070770521,2.582239372121962,-0.05186792922947925,-0.14156062787803814
B_to_A,18004,3656.00001336,A,4896.464200228117,2.7262,2.6861700894630967,2.5931780671632487,-0.0400299105369033,-0.13302193283675123
B_to_A,18005,3656.1999926400003,A,4935.536836787238,2.7347,2.6928889867131858,2.598335896649005,-0.04181101328681436,-0.13636410335099525
B_to_A,18006,3656.4000024,A,4935.033394049788,2.7272,2.692802647488507,2.5982696341825307,-0.034397352511492674,-0.1289303658174692
B_to_A,18007,3656.60001216,A,4896.865395645197,2.7275,2.686239265155113,2.5932311840221116,-0.041260734844887015,-0.13426881597788842
B_to_A,18008,3656.79999144,A,4822.784810126582,2.7303,2.6733995409393496,2.5833673411006135,-0.056900459060650554,-0.14693265889938667
B_to_A,18009,3657.0000012,A,4825.648129823868,2.7474,2.6738983177673563,2.5837506963914216,-0.07350168223264353,-0.1636493036085782
B_to_A,18010,3657.2000109600003,A,4743.976255215962,2.7401,2.6595910274345034,2.572748421935262,-0.0805089725654966,-0.16735157806473788
B_to_A,18011,3657.3999902400005,A,4710.522330163108,2.7442,2.653681793933141,2.5682007032461907,-0.09051820606685901,-0.17599929675380954
B_to_A,18012,3657.6000000000004,A,4800.0,2.7501,2.66942327917803,2.5803106991784466,-0.08067672082197008,-0.16978930082155363
B_to_A,18013,3657.80000976,A,4852.545038877674,2.7343,2.678573756059041,2.5873434844037684,-0.055726243940959375,-0.1469565155962318
B_to_A,18014,3657.99998904,A,4949.056220824031,2.7211,2.6952052736748784,2.600113407195198,-0.025894726325121464,-0.12098659280480195
B_to_A,18015,3658.1999988000002,A,5042.592368943058,2.7131,2.7111132235653814,2.612312685612746,-0.0019867764346184202,-0.10078731438725397
B_to_A,18016,3658.40000856,A,4980.587474018589,2.7163,2.7005907389320845,2.6042449869473505,-0.01570926106791548,-0.11205501305264942
B_to_A,18017,3658.5999878400003,A,4926.068567383544,2.7311,2.6912641888628444,2.5970888457561174,-0.03983581113715573,-0.13401115424388266
B_to_A,18018,3658.7999976,A,4919.104296953803,2.7282,2.6900677212460287,2.596170444721811,-0.038132278753971516,-0.13202955527818938
B_to_A,18019,3659.00000736,A,4991.320865948318,2.7199,2.7024186430280546,2.605646921013001,-0.017481356971945416,-0.11425307898699888
B_to_A,18020,3659.19998664,A,5126.94573309605,2.7052,2.7252868305952904,2.623169620233745,0.020086830595290373,-0.08203037976625493
B_to_A,18021,3659.3999964000004,A,5112.026848203998,2.7034,2.722791762244909,2.621259245880602,0.019391762244909128,-0.08214075411939792
B_to_A,18022,3659.6000061600002,A,5143.305518760073,2.7151,2.72801716224486,2.6252597163033977,0.012917162244860059,-0.08984028369660235
B_to_A,18023,3659.7999854400005,A,5094.383141736837,2.739,2.7198345360607457,2.6189945517752977,-0.019165463939254224,-0.12000544822470216
B_to_A,18024,3659.9999952000003,A,5023.634817349341,2.7346,2.7079055109132315,2.609853978843377,-0.026694489086768414,-0.1247460211566227
B_to_A,18025,3660.20000496,A,4972.527113976587,2.7146,2.699216277414276,2.6031906984944357,-0.015383722585724069,-0.11140930150556416
B_to_A,18026,3660.4000147200004,A,4882.354166099355,2.7143,2.6837347059283156,2.591307868782638,-0.030565294071684512,-0.1229921312173623
B_to_A,18027,3660.5999940000006,A,4943.01264295491,2.7198,2.694170359542603,2.599319256338704,-0.02562964045739724,-0.12048074366129624
B_to_A,18028,3660.8000037600004,A,4948.051948051949,2.7192,2.6950333600932823,2.5999814920527324,-0.024166639906717524,-0.1192185079472674
B_to_A,18029,3661.0000135200003,A,4879.118557138353,2.7146,2.6831755616873822,2.5908784374483216,-0.03142443831261765,-0.12372156255167832
B_to_A,18030,3661.1999928,A,4786.988437726746,2.7167,2.667146774645455,2.5785602795843494,-0.04955322535454476,-0.13813972041565048
B_to_A,18031,3661.40000256,A,4742.249114328967,2.7295,2.659286649505814,2.5725142246324078,-0.07021335049418598,-0.15698577536759206
B_to_A,18032,3661.60001232,A,4839.8698570428205,2.7141,2.6763726732657114,2.5856522470477183,-0.0377273267342888,-0.12844775295228184
B_to_A,18033,3661.7999916000003,A,4944.014870973864,2.716,2.6943420430229175,2.5994510035505924,-0.021657956977082726,-0.11654899644940775
B_to_A,18034,3662.00000136,A,5033.731616888104,2.7147,2.709614971045878,2.6111643515044882,-0.005085028954121995,-0.10353564849551189
B_to_A,18035,3662.20001112,A,5118.130069014156,2.713,2.723813081512206,2.622041272604547,0.010813081512206058,-0.0909587273954533
B_to_A,18036,3662.3999904,A,5218.8295644640175,2.7138,2.7405449648271913,2.6348443949220903,0.026744964827191353,-0.07895560507790966
B_to_A,18037,3662.6000001600005,A,5308.735726676746,2.7257,2.7552974138667627,2.646119604681385,0.029597413866762956,-0.07958039531861472
B_to_A,18038,3662.8000099200003,A,5281.397283060715,2.7211,2.7508297725026467,2.642706319637962,0.029729772502646856,-0.07839368036203798
B_to_A,18039,3662.9999892000005,A,5222.433160394493,2.7201,2.7411396073256262,2.635299116465788,0.021039607325626264,-0.084800883534212
B_to_A,18040,3663.1999989600004,A,4987.8005076167055,2.7351,2.701819420850561,2.6051873614008003,-0.03328057914943905,-0.12991263859919977
B_to_A,18041,3663.40000872,A,4800.007559067023,2.7479,2.669424600482764,2.5803117150498007,-0.07847539951723581,-0.16758828495019928
B_to_A,18042,3663.599988,A,4845.309365372571,2.7272,2.677317743538903,2.586378441838259,-0.04988225646109701,-0.1408215581617407
B_to_A,18043,3663.79999776,A,4940.4007430051515,2.7158,2.693722824150673,2.5989758166178807,-0.022077175849327002,-0.11682418338211953
B_to_A,18044,3664.00000752,A,4846.38024050639,2.7258,2.677503713652911,2.586521335646972,-0.048296286347088824,-0.13927866435302816
B_to_A,18045,3664.1999868000003,A,4568.804121516999,2.7418,2.6283248215494175,2.5486624976978605,-0.11347517845058253,-0.19313750230213955
B_to_A,18046,3664.39999656,A,4537.652241359033,2.7493,2.6226788650760513,2.544306902439962,-0.12662113492394855,-0.2049930975600378
B_to_A,18047,3664.60000632,A,4728.719212128359,2.7514,2.6568996103049547,2.570677376452207,-0.09450038969504515,-0.18072262354779278
B_to_A,18048,3664.7999856,A,4757.823951148013,2.745,2.6620286954657693,2.574623837426513,-0.08297130453423085,-0.1703761625734872
B_to_A,18049,3664.9999953600004,A,4937.479649905478,2.7485,2.6932221179069074,2.5985915596212172,-0.05527788209309259,-0.1499084403787827
B_to_A,18050,3665.2000051200002,A,4890.312912640208,2.7331,2.685108973310687,2.5923632493864894,-0.047991026689312655,-0.14073675061351043
B_to_A,18051,3665.40001488,A,4911.2494682702345,2.7264,2.688716860356497,2.5951334319218393,-0.037683139643502894,-0.13126656807816062
B_to_A,18052,3665.5999941600003,A,4815.61472554314,2.7366,2.6721496544311263,2.58240662551324,-0.06445034556887386,-0.15419337448676007
B_to_A,18053,3665.80000392,A,4747.426919530491,2.7489,2.660198918297387,2.57321613457652,-0.08870108170261304,-0.1756838654234798
B_to_A,18054,3666.0000136800004,A,4707.9684837962795,2.7527,2.6532295069271945,2.567852539950302,-0.09947049307280542,-0.18484746004969788
B_to_A,18055,3666.19999296,A,4749.809103800782,2.7452,2.6606184022016484,2.573538873714379,-0.08458159779835173,-0.1716611262856209
B_to_A,18056,3666.40000272,A,4835.4012288391705,2.7222,2.6755957404367194,2.5850552102693234,-0.046604259563280515,-0.13714478973067656
B_to_A,18057,3666.60001248,A,4878.08000819415,2.7225,2.6829960365754,2.5907405555317693,-0.03950396342459994,-0.13175944446823085
B_to_A,18058,3666.79999176,A,4909.018872665076,2.7465,2.6883329760318877,2.5948387167254103,-0.05816702396811246,-0.15166128327458983
B_to_A,18059,3667.0000015200003,A,4865.310083706319,2.7508,2.680786463115005,2.589043366862456,-0.07001353688499501,-0.16175663313754374
B_to_A,18060,3667.20001128,A,4800.294821256739,2.7497,2.669474812089228,2.580350319643129,-0.08022518791077182,-0.1693496803568708
B_to_A,18061,3667.3999905600003,A,4792.452830188679,2.7551,2.6681033415566944,2.5792958275173925,-0.08699665844330573,-0.1758041724826076
B_to_A,18062,3667.60000032,A,4746.391932379487,2.7469,2.6600166202279754,2.573075876314554,-0.08688337977202476,-0.17382412368544609
B_to_A,18063,3667.80001008,A,4664.57311810185,2.7475,2.645518326804705,2.561914726408954,-0.10198167319529494,-0.18558527359104593
B_to_A,18064,3667.99998936,A,4615.692141814416,2.7472,2.6367732366073517,2.5551764873642444,-0.11042676339264812,-0.19202351263575546
B_to_A,18065,3668.1999991200005,A,4718.857937295545,2.7554,2.6551568636233926,2.56933610392196,-0.1002431363766072,-0.18606389607803964
B_to_A,18066,3668.4000088800003,A,4833.36927702437,2.7392,2.6752422946676484,2.5847835918801274,-0.06395770533235146,-0.15441640811987245
B_to_A,18067,3668.59998816,A,4958.371155554255,2.7327,2.6967986855868586,2.6013360044779197,-0.03590131441314126,-0.13136399552208022
B_to_A,18068,3668.79999792,A,4935.960447540036,2.7284,2.6929616302653114,2.5983916478082527,-0.035438369734688724,-0.13000835219174744
B_to_A,18069,3669.0000076799997,A,4985.434614422104,2.7249,2.7014165444374396,2.604878372914863,-0.023483455562560263,-0.12002162708513708
B_to_A,18070,3669.19998696,A,4961.381634098105,2.7304,2.697313218871617,2.6017307653569404,-0.033086781128382814,-0.12866923464305957
B_to_A,18071,3669.39999672,A,4964.128956604589,2.7268,2.6977825882808784,2.6020908621118752,-0.029017411719121533,-0.12470913788812465
B_to_A,18072,3669.60000648,A,5101.972494877941,2.7093,2.7211074316337056,2.619969418579802,0.01180743163370579,-0.08933058142019767
B_to_A,18073,3669.7999857600003,A,5218.7134022313085,2.7264,2.740525791790372,2.6348297330156836,0.014125791790371878,-0.09157026698431636
B_to_A,18074,3669.99999552,A,5158.722099234316,2.7338,2.730584635176817,2.627224751953775,-0.0032153648231831866,-0.1065752480462252
B_to_A,18075,3670.20000528,A,5020.738549322827,2.7252,2.7074147173263063,2.60947773377064,-0.017785282673693725,-0.11572226622936022
B_to_A,18076,3670.40001504,A,4924.914444153603,2.7218,2.6910659897193554,2.5969367151115055,-0.030734010280644597,-0.12486328488849452
B_to_A,18077,3670.5999943200004,A,4931.312703145653,2.7237,2.6921643705751714,2.597779764518424,-0.03153562942482857,-0.12592023548157583
B_to_A,18078,3670.8000040800002,A,4987.784183422164,2.7243,2.7018166415320737,2.60518522981808,-0.022483358467926262,-0.11911477018191974
B_to_A,18079,3671.00001384,A,4915.851524510713,2.7202,2.689508494195187,2.5957411568869557,-0.03069150580481317,-0.12445884311304445
B_to_A,18080,3671.1999931200003,A,4978.838303732006,2.7243,2.70029259813005,2.604016305691298,-0.024007401869949874,-0.12028369430870178
B_to_A,18081,3671.4000028800006,A,4899.864642846808,2.7153,2.6867562840771835,2.593628170409367,-0.02854371592281657,-0.12167182959063316
B_to_A,18082,3671.6000126400004,A,4874.6707438191,2.7005,2.6824065217841326,2.590287773121179,-0.018093478215867265,-0.11021222687882082
B_to_A,18083,3671.79999192,A,4888.752020940797,2.7106,2.684839569092232,2.5921563667818206,-0.025760430907767695,-0.1184436332181793
B_to_A,18084,3672.00000168,A,4915.94666649463,2.7182,2.6895248549112507,2.5957537163677387,-0.028675145088749243,-0.12244628363226129
B_to_A,18085,3672.20001144,A,4995.1572540401285,2.7244,2.7030713287133685,2.606147459505657,-0.02132867128663163,-0.11825254049434308
B_to_A,18086,3672.39999072,A,4944.480042826205,2.718,2.6944217196978117,2.5995121455985255,-0.023578280302188226,-0.11848785440147447
B_to_A,18087,3672.6000004800003,A,4872.629029550704,2.7151,2.682053342298042,2.5900165005241247,-0.033046657701957916,-0.12508349947587538
B_to_A,18088,3672.80001024,A,4866.2499700649005,2.7146,2.6809492266468147,2.58916839642055,-0.033650773353185226,-0.12543160357944982
B_to_A,18089,3672.9999895200003,A,4801.845118439212,2.7064,2.66974575863325,2.5805586310903883,-0.03665424136675011,-0.12584136890961162
B_to_A,18090,3673.19999928,A,4772.410208072702,2.6975,2.664591120193967,2.5765948554801494,-0.032908879806032854,-0.12090514451985035
B_to_A,18091,3673.40000904,A,4670.183605020141,2.6939,2.6465180487854787,2.562684738482052,-0.04738195121452149,-0.13121526151794827
B_to_A,18092,3673.59998832,A,4471.903155714074,2.7031,2.610674693199714,2.5350398535027217,-0.09242530680028604,-0.1680601464972784
B_to_A,18093,3673.7999980800005,A,4499.085569714423,2.7223,2.6156521132835766,2.5388834063871926,-0.10664788671642356,-0.1834165936128076
B_to_A,18094,3674.0000078400003,A,4496.357773181764,2.7424,2.6151535539843045,2.5384984874733854,-0.12724644601569546,-0.2039015125266146
B_to_A,18095,3674.19998712,A,4733.624888182089,2.7289,2.6577656442257664,2.5713438363743704,-0.07113435577423344,-0.15755616362562952
B_to_A,18096,3674.39999688,A,4872.418721086001,2.6911,2.6820169569892007,2.5899885530235585,-0.009083043010799319,-0.10111144697644159
B_to_A,18097,3674.6000066399997,A,4655.688325494934,2.7259,2.6439334744639535,2.560693909575182,-0.08196652553604666,-0.16520609042481826
B_to_A,18098,3674.79998592,A,4805.30475375178,2.7174,2.6703501853540192,2.581023316042071,-0.04704981464598079,-0.13637668395792923
B_to_A,18099,3674.99999568,A,4714.784903407237,2.7059,2.6544363226389684,2.568781500342601,-0.051463677361031746,-0.13711849965739908
B_to_A,18100,3675.20000544,A,4757.979919076877,2.7214,2.662056123432357,2.5746449370833826,-0.05934387656764306,-0.14675506291661744
B_to_A,18101,3675.4000152,A,4821.121828230136,2.7073,2.6731097640953654,2.5831446145580395,-0.03419023590463466,-0.12415538544196059
B_to_A,18102,3675.59999448,A,4934.713801170537,2.6837,2.6927478349406204,2.5982275671601873,0.009047834940620447,-0.08547243283981265
B_to_A,18103,3675.8000042400004,A,4869.250713693491,2.6767,2.6814687320842028,2.5895674529141552,0.00476873208420292,-0.08713254708584461
B_to_A,18104,3676.000014,A,4685.295121328853,2.6863,2.649206651249274,2.5647552754057346,-0.03709334875072612,-0.12154472459426557
B_to_A,18105,3676.1999932800004,A,4568.865758089951,2.7117,2.6283359663370067,2.5486710934935584,-0.08336403366299328,-0.16302890650644164
B_to_A,18106,3676.4000030400002,A,4408.210726356849,2.7128,2.5989300564651034,2.52596472048846,-0.11386994353489666,-0.18683527951154
B_to_A,18107,3676.6000128,A,4469.824286631882,2.6938,2.610293174733797,2.5347451839432407,-0.08350682526620279,-0.1590548160567593
B_to_A,18108,3676.79999208,A,4665.129989990174,2.6784,2.6456175915910944,2.5619911854112085,-0.03278240840890545,-0.11640881458879138
B_to_A,18109,3677.0000018400006,A,4931.424401814014,2.7054,2.6921835370602656,2.5977944749055553,-0.013216462939734441,-0.10760552509444476
B_to_A,18110,3677.2000116000004,A,4906.813999874433,2.7449,2.6879534010267534,2.5945473014079203,-0.0569465989732465,-0.15035269859207956
B_to_A,18111,3677.39999088,A,4894.349178414122,2.747,2.6858053448171626,2.5928979917566046,-0.06119465518283729,-0.15410200824339526
B_to_A,18112,3677.60000064,A,4796.578189102893,2.7088,2.6688250092024224,2.5798507149811787,-0.039974990797577714,-0.1289492850188214
B_to_A,18113,3677.8000104,A,4761.346861307027,2.6715,2.6626480717015544,2.5751002974198443,-0.00885192829844561,-0.09639970258015573
B_to_A,18114,3677.99998968,A,4816.253908860928,2.6944,2.6722611284185795,2.5824923128645043,-0.02213887158142036,-0.11190768713549559
B_to_A,18115,3678.1999994400003,A,4778.702789144443,2.7255,2.6656949045392344,2.5774437672847035,-0.0598050954607654,-0.14805623271529633
B_to_A,18116,3678.4000092,A,4814.101146665825,2.704,2.671885644824776,2.582203684812825,-0.03211435517522432,-0.12179631518717526
B_to_A,18117,3678.5999884800003,A,4864.238590264501,2.7045,2.6806008824050167,2.5889008080081757,-0.0238991175949832,-0.11559919199182422
B_to_A,18118,3678.79999824,A,4728.191063594791,2.7037,2.6568063357574867,2.5706055939940633,-0.04689366424251329,-0.1330944060059367
B_to_A,18119,3679.000008,A,4674.129734703267,2.7113,2.6472207089164064,2.5632259101164836,-0.06407929108359367,-0.14807408988351645
B_to_A,18120,3679.19998728,A,4643.057349679495,2.7199,2.641676811316428,2.558955336294612,-0.07822318868357181,-0.16094466370538818
B_to_A,18121,3679.3999970400005,A,4807.153953521382,2.7179,2.6706731333884033,2.581271590571852,-0.04722686661159692,-0.13662840942814825
B_to_A,18122,3679.6000068000003,A,4972.267536704731,2.7019,2.6991719886274534,2.603156724704423,-0.002728011372546746,-0.09874327529557725
B_to_A,18123,3679.79998608,A,4999.589928647585,2.6752,2.7038250329089317,2.6067254373754287,0.028625032908931924,-0.06847456262457108
B_to_A,18124,3679.99999584,A,4864.1299143989745,2.6798,2.6805820583776794,2.588886347708373,0.0007820583776791956,-0.0909136522916274
B_to_A,18125,3680.2000056000006,A,4758.678186581402,2.7263,2.662178910720336,2.574739393764306,-0.0641210892796642,-0.151560606235694
B_to_A,18126,3680.39998488,A,4627.387514859107,2.7542,2.638871364447168,2.556793546522892,-0.11532863555283202,-0.19740645347710783
B_to_A,18127,3680.59999464,A,4430.2518760982975,2.7322,2.6030074467249187,2.5291162870840904,-0.1291925532750815,-0.20308371291590976
B_to_A,18128,3680.8000044,A,4571.812555685217,2.7127,2.6288686698987718,2.549081950499558,-0.08383133010122812,-0.163618049500442
B_to_A,18129,3681.00001416,A,4602.442858286134,2.6872,2.6343919314792754,2.553340860134851,-0.052808068520724394,-0.13385913986514897
B_to_A,18130,3681.19999344,A,4601.220047914279,2.6756,2.6341719179016914,2.553171245708912,-0.04142808209830884,-0.12242875429108802
B_to_A,18131,3681.4000032000004,A,4734.161604520442,2.6598,2.6578603572275377,2.5714167204539806,-0.001939642772462502,-0.08838327954601954
B_to_A,18132,3681.60001296,A,4747.37515945293,2.6083,2.66018980215312,2.5732091207554797,0.05188980215312,-0.035090879244520146
B_to_A,18133,3681.7999922400004,A,4617.978906987421,2.5572,2.6371837644211937,2.55549290812871,0.07998376442119381,-0.001707091871289812
B_to_A,18134,3682.000002,A,4379.310344827587,2.6213,2.59356254084322,2.521814424998589,-0.027737459156780275,-0.09948557500141098
B_to_A,18135,3682.20001176,A,4440.35889987486,2.6806,2.6048724934637164,2.5305575143414405,-0.07572750653628368,-0.1500424856585596
B_to_A,18136,3682.39999104,A,4634.331762201613,2.6867,2.6401154293554527,2.557752242100295,-0.04658457064454735,-0.12894775789970492
B_to_A,18137,3682.6000008000005,A,4665.158551107057,2.6839,2.6456226825128035,2.561995106693245,-0.03827731748719643,-0.12190489330675502
B_to_A,18138,3682.8000105600004,A,4772.597025582248,2.6745,2.664623904302833,2.5766200705154865,-0.009876095697167298,-0.09787992948451363
B_to_A,18139,3682.99998984,A,4838.041482078771,2.6432,2.676054844464838,2.5854080146691025,0.032854844464837996,-0.05779198533089769
B_to_A,18140,3683.1999996,A,4853.835533324735,2.57,2.678797633020726,2.5875154879316367,0.10879763302072609,0.01751548793163682
B_to_A,18141,3683.40000936,A,4516.264776394515,2.5267,2.6187872029194823,2.54130354751693,0.09208720291948236,0.01460354751693016
B_to_A,18142,3683.59998864,A,4360.521259687067,2.6128,2.590059902019614,2.5191051507191733,-0.02274009798038623,-0.09369484928082672
B_to_A,18143,3683.7999984000003,A,4354.808291280668,2.6902,2.5889928459948957,2.518279639077559,-0.10120715400510427,-0.1719203609224409
B_to_A,18144,3684.00000816,A,4305.090826399473,2.6849,2.579665950088706,2.5110610606112322,-0.10523404991129404,-0.1738389393887676
B_to_A,18145,3684.1999874400003,A,4256.299616681678,2.6991,2.5704407335599564,2.5039159222478435,-0.12865926644004366,-0.19518407775215652
B_to_A,18146,3684.3999972,A,4220.747299372566,2.6797,2.5636728960833746,2.498670742887275,-0.11602710391662541,-0.181029257112725
B_to_A,18147,3684.6000069600004,A,4453.926410848409,2.7128,2.607371532222531,2.5324883322102605,-0.10542846777746906,-0.18031166778973962
B_to_A,18148,3684.7999862399997,A,4499.33130017094,2.7195,2.6156970152547507,2.5389180727761227,-0.1038029847452493,-0.18058192722387734
B_to_A,18149,3684.9999960000005,A,4557.8183482095465,2.6936,2.6263367852375548,2.547129037861958,-0.06726321476244523,-0.146470962138042
B_to_A,18150,3685.2000057600003,A,4533.090220095807,2.6484,2.6218498168589237,2.5436671684867687,-0.026550183141076378,-0.10473283151323143
B_to_A,18151,3685.39998504,A,4606.901888708858,2.6465,2.6351938810135374,2.553959080217443,-0.011306118986462721,-0.0925409197825573
B_to_A,18152,3685.5999948,A,4524.83313935536,2.6638,2.6203478158958373,2.542508046007876,-0.04345218410416285,-0.12129195399212422
B_to_A,18153,3685.8000045600006,A,4375.236848451443,2.6699,2.5928040406291193,2.521227792271244,-0.07709595937088087,-0.14867220772875633
B_to_A,18154,3686.0000143200004,A,4409.958287697693,2.7011,2.599253847245628,2.5262150273863164,-0.10184615275437192,-0.1748849726136834
B_to_A,18155,3686.1999936,A,4497.299849499809,2.6993,2.6153257606863702,2.5386314434988613,-0.0839742393136298,-0.16066855650113876
B_to_A,18156,3686.40000336,A,4700.026368258169,2.6885,2.651821879757994,2.566768893371222,-0.036678120242005896,-0.12173110662877784
B_to_A,18157,3686.60001312,A,4699.8596826669545,2.7045,2.651792319636226,2.5667461355690784,-0.052707680363774045,-0.13775386443092152
B_to_A,18158,3686.7999924,A,4705.0179139543625,2.6979,2.6527067505586954,2.5674501153379423,-0.04519324944130476,-0.13044988466205787
B_to_A,18159,3687.0000021600003,A,4700.591737877239,2.6942,2.651922137388386,2.5668460795177124,-0.04227786261161404,-0.12735392048228755
B_to_A,18160,3687.20001192,A,4748.58072275642,2.6825,2.6604021119852987,2.5733724673950733,-0.02209788801470136,-0.1091275326049268
B_to_A,18161,3687.3999912000004,A,4765.396467540427,2.6824,2.663359660283948,2.575647664487241,-0.01904033971605168,-0.10675233551275909
B_to_A,18162,3687.60000096,A,4680.467493938273,2.691,2.648348379275098,2.564094352798035,-0.04265162072490192,-0.12690564720196473
B_to_A,18163,3687.80001072,A,4646.341463414635,2.6931,2.642263959012402,2.5594077145214316,-0.05083604098759764,-0.13369228547856826
B_to_A,18164,3687.99999,A,4603.054507233049,2.698,2.6345019670882124,2.553425688478771,-0.06349803291178757,-0.1445743115212288
B_to_A,18165,3688.1999997600005,A,4583.024465351403,2.6996,2.630893339142115,2.5506433569489046,-0.06870666085788502,-0.14895664305109557
B_to_A,18166,3688.4000095200004,A,4696.463322747802,2.713,2.651189850537107,2.566282294215271,-0.061810149462893094,-0.1467177057847291
B_to_A,18167,3688.5999888,A,4696.463322747802,2.7297,2.651189850537107,2.566282294215271,-0.07851014946289281,-0.1634177057847288
B_to_A,18168,3688.79999856,A,4728.139722113205,2.7148,2.6567972681290124,2.570598615678498,-0.05800273187098748,-0.14420138432150198
B_to_A,18169,3689.0000083200002,A,4888.940216345229,2.7033,2.684872054059754,2.5921813130703417,-0.018427945940246104,-0.11111868692965832
B_to_A,18170,3689.1999876,A,4425.485453104083,2.7049,2.6021268873243577,2.5284357555361066,-0.10277311267564215,-0.1764642444638933
B_to_A,18171,3689.3999973600003,A,4472.900649656535,2.7438,2.6108577122301138,2.5351812069332835,-0.13294228776988604,-0.20861879306671627
B_to_A,18172,3689.60000712,A,4495.9200410650965,2.7436,2.6150735303879467,2.5384367028612265,-0.12852646961205316,-0.20516329713877335
B_to_A,18173,3689.7999864000003,A,4493.692907395723,2.723,2.6146662962238736,2.53812227954523,-0.10833370377612628,-0.1848777204547698
B_to_A,18174,3689.99999616,A,4434.318834507381,2.7221,2.6037582720450025,2.5296965177377086,-0.11834172795499764,-0.19240348226229154
B_to_A,18175,3690.2000059200004,A,4498.713704398496,2.7072,2.6155841596737948,2.5388309428404368,-0.09161584032620507,-0.16836905715956307
B_to_A,18176,3690.3999852000006,A,4662.204329364546,2.6857,2.6450959892997044,2.5615894131050236,-0.040604010700295845,-0.12411058689497656
B_to_A,18177,3690.5999949600005,A,4794.043306820346,2.7041,2.668381621244669,2.5795097993312366,-0.03571837875533079,-0.12459020066876336
B_to_A,18178,3690.8000047200003,A,4873.914642531621,2.7113,2.682275741822235,2.5901873235753605,-0.029024258177765105,-0.12111267642463952
B_to_A,18179,3691.00001448,A,4875.551858724167,2.7143,2.682558907327849,2.590404816230264,-0.03174109267215108,-0.12389518376973596
B_to_A,18180,3691.19999376,A,4865.34114852699,2.7258,2.6807918430672486,2.5890474995885278,-0.0450081569327514,-0.13675250041147224
B_to_A,18181,3691.40000352,A,4843.099774528919,2.7122,2.6769339329059076,2.5860835269397944,-0.035266067094092524,-0.1261164730602058
B_to_A,18182,3691.60001328,A,4867.493352709619,2.6963,2.681164514614813,2.589333771126356,-0.015135485385187053,-0.10696622887364393
B_to_A,18183,3691.79999256,A,4850.3442821474555,2.693,2.6781918712030857,2.5870500774282195,-0.0148081287969144,-0.1059499225717806
B_to_A,18184,3692.00000232,A,4731.92731337375,2.6992,2.657466028921705,2.5711132712277025,-0.04173397107829491,-0.12808672877229732
B_to_A,18185,3692.20001208,A,4681.078490997217,2.714,2.648457037945773,2.5641780291307703,-0.06554296205422716,-0.14982197086922966
B_to_A,18186,3692.39999136,A,4653.435114503817,2.725,2.643531221379093,2.560384028913942,-0.08146877862090696,-0.1646159710860582
B_to_A,18187,3692.6000011200003,A,4634.810958104229,2.7246,2.640201230349256,2.557818358259773,-0.08439876965074422,-0.16678164174022703
B_to_A,18188,3692.80001088,A,4659.510262235037,2.7118,2.644615478194657,2.561219277580894,-0.06718452180534307,-0.15058072241910603
B_to_A,18189,3692.9999901600004,A,4638.902248223885,2.7036,2.640933536555603,2.558382637728862,-0.06266646344439675,-0.14521736227113768
B_to_A,18190,3693.19999992,A,4721.38704685605,2.7069,2.6556040617362826,2.5696802987979686,-0.05129593826371748,-0.13721970120203153
B_to_A,18191,3693.4000096800005,A,4730.172229171259,2.7142,2.65715618593469,2.570874829903392,-0.057043814065310006,-0.14332517009660783
B_to_A,18192,3693.59998896,A,4767.535709593259,2.6966,2.663735396190992,2.5759366754082054,-0.03286460380900813,-0.12066332459179474
B_to_A,18193,3693.7999987200005,A,4748.662101843846,2.6576,2.660416442195001,2.573383492655535,0.002816442195001212,-0.08421650734446517
B_to_A,18194,3694.0000084800004,A,4768.811223603739,2.5905,2.6639593721227612,2.5761089506636425,0.07345937212276121,-0.014391049336357487
B_to_A,18195,3694.19998776,A,4772.761437089744,2.5426,2.6646527557139144,2.576642260767214,0.12205275571391416,0.03404226076721395
B_to_A,18196,3694.39999752,A,4659.2253579257285,2.585,2.6445646518112054,2.5611801254436344,0.059564651811205405,-0.023819874556365583
B_to_A,18197,3694.60000728,A,4463.448922211809,2.6194,2.6091223950856457,2.5338408656841716,-0.010277604914354477,-0.08555913431582862
B_to_A,18198,3694.7999865600004,A,4443.355958295431,2.592,2.6054249803262515,2.5309844116932867,0.01342498032625139,-0.061015588306713386
B_to_A,18199,3694.9999963200003,A,4476.599194564633,2.543,2.6115360727945456,2.535705116149363,0.06853607279454543,-0.007294883850637035
B_to_A,18200,3695.20000608,A,4434.873705040159,2.5205,2.6038606733757605,2.5297756498573496,0.08336067337576036,0.00927564985734941
B_to_A,18201,3695.3999853600003,A,4352.544696407152,2.5072,2.5885697910802814,2.5179523298159645,0.0813697910802813,0.010752329815964412
B_to_A,18202,3695.59999512,A,4259.77946417341,2.4888,2.5711010813707276,2.5044275506690883,0.08230108137072767,0.015627550669088386
B_to_A,18203,3695.8000048800004,A,4080.1574233966508,2.4575,2.5365202913993685,2.4775984676671228,0.0790202913993685,0.020098467667122755
B_to_A,18204,3696.0000146400002,A,3896.7713561735964,2.4282,2.5001204586644907,2.449277116336267,0.07192045866449082,0.0210771163362673
B_to_A,18205,3696.1999939200005,A,3761.416602804033,2.4152,2.472493579639767,2.4277253496699487,0.05729357963976689,0.012525349669948671
B_to_A,18206,3696.4000036800003,A,3657.0967834825924,2.4155,2.450732305140375,2.410714651083136,0.0352323051403749,-0.004785348916864329
B_to_A,18207,3696.60001344,A,3616.6021974892615,2.4085,2.442170386732386,2.404013373404449,0.03367038673238598,-0.004486626595550991
B_to_A,18208,3696.79999272,A,3609.23623445826,2.393,2.4406059173243753,2.4027883690065748,0.04760591732437547,0.009788369006574982
B_to_A,18209,3697.00000248,A,3513.2004356921807,2.3974,2.4200054062469727,2.386642806580667,0.022605406246972493,-0.010757193419333344
B_to_A,18210,3697.20001224,A,3435.914778491715,2.4205,2.40314472439257,2.3734073867767984,-0.01735527560743,-0.047092613223201685
B_to_A,18211,3697.39999152,A,3395.3814791297664,2.4248,2.3941978161854993,2.366376466717229,-0.030602183814500528,-0.05842353328277072
B_to_A,18212,3697.60000128,A,3428.579141910331,2.4096,2.4015309146645842,2.3721395722555023,-0.008069085335415949,-0.03746042774449787
B_to_A,18213,3697.8000110400003,A,3573.5054118441544,2.4201,2.432985759596429,2.396819364857276,0.01288575959642868,-0.023280635142723938
B_to_A,18214,3697.99999032,A,3709.2746469617546,2.4239,2.4616691461521407,2.419267780591538,0.037769146152140554,-0.004632219408462035
B_to_A,18215,3698.2000000800003,A,3745.654340498167,2.4505,2.4692323147027504,2.4251779899425685,0.018732314702750497,-0.0253220100574314
B_to_A,18216,3698.40000984,A,3860.392599900958,2.474,2.492760797731241,2.443540617527276,0.018760797731240952,-0.030459382472724172
B_to_A,18217,3698.5999891200004,A,3889.6503143113105,2.4788,2.4986835450452785,2.448157383592427,0.01988354504527834,-0.030642616407573264
B_to_A,18218,3698.79999888,A,3962.089768371137,2.4927,2.513217428177738,2.459477034104479,0.02051742817773805,-0.033222965895521206
B_to_A,18219,3699.0000086400005,A,3958.888861468764,2.5047,2.5125790795250613,2.4589801408208527,0.007879079525061172,-0.04571985917914745
B_to_A,18220,3699.1999879200002,A,4049.4059409886772,2.5143,2.5304959188711167,2.472916901137366,0.01619591887111671,-0.041383098862633805
B_to_A,18221,3699.39999768,A,4048.1259487795196,2.5102,2.5302444828209034,2.472721459529152,0.02004448282090321,-0.0374785404708482
B_to_A,18222,3699.60000744,A,4078.4322121212936,2.5079,2.53618313958578,2.4773365256458773,0.028283139585780326,-0.030563474354122544
B_to_A,18223,3699.79998672,A,4054.647280273503,2.5121,2.5315249364570893,2.47371671660592,0.019424936457089093,-0.03838328339408026
B_to_A,18224,3699.99999648,A,4081.135326859039,2.5743,2.5367113561383308,2.4777469076744203,-0.03758864386166927,-0.09655309232557974
B_to_A,18225,3700.20000624,A,4139.26845763361,2.6697,2.5480135661542462,2.4865236389252265,-0.12168643384575395,-0.18317636107477364
B_to_A,18226,3700.3999855200004,A,4068.795753928631,2.6929,2.534298120460736,2.4758718739039542,-0.15860187953926363,-0.2170281260960456
B_to_A,18227,3700.5999952800003,A,4058.950665372277,2.6561,2.532369126450559,2.4743728230831907,-0.1237308735494409,-0.18172717691680917
B_to_A,18228,3700.80000504,A,4073.4885125752926,2.6502,2.535216468285659,2.4765854540431307,-0.11498353171434106,-0.1736145459568692
B_to_A,18229,3701.0000148,A,4057.389160594338,2.632,2.532062878868987,2.4741348119054067,-0.09993712113101294,-0.15786518809459338
B_to_A,18230,3701.19999408,A,4157.385975369399,2.6003,2.5515137032661355,2.4892400537770882,-0.048786296733864365,-0.1110599462229116
B_to_A,18231,3701.4000038400004,A,4240.3770708009415,2.6054,2.5674144852538827,2.501570882425224,-0.03798551474611722,-0.10382911757477586
B_to_A,18232,3701.6000136000002,A,4223.302988735088,2.65,2.5641607053130944,2.4990488972933687,-0.08583929468690554,-0.15095110270663126
B_to_A,18233,3701.7999928800004,A,4405.216307972025,2.6838,2.5983750414692266,2.525535650557185,-0.08542495853077359,-0.1582643494428151
B_to_A,18234,3702.0000026400003,A,4696.557398772855,2.6831,2.6512065423955575,2.5662951455784833,-0.03189345760444251,-0.11680485442151678
B_to_A,18235,3702.2000124000006,A,4768.497876234953,2.6721,2.663904353194611,2.576066632105913,-0.008195646805388979,-0.09603336789408701
B_to_A,18236,3702.39999168,A,4829.295189084019,2.6589,2.6745333245774794,2.584238735625114,0.015633324577479346,-0.07466126437488585
B_to_A,18237,3702.60000144,A,4736.0153143592315,2.6535,2.65818742019004,2.5716683996909353,0.004687420190039759,-0.08183160030906489
B_to_A,18238,3702.8000112,A,4609.598187617301,2.6564,2.6356785478950515,2.55433268955334,-0.02072145210494858,-0.10206731044666029
B_to_A,18239,3702.99999048,A,4582.087465555421,2.6561,2.630724263973409,2.5505129771320525,-0.02537573602659071,-0.10558702286794741
B_to_A,18240,3703.20000024,A,4594.921767235856,2.6631,2.6330380672143727,2.5522970835360086,-0.0300619327856273,-0.11080291646399143
B_to_A,18241,3703.4000100000003,A,4600.220049896088,2.6695,2.6339919639295246,2.5530325121627793,-0.03550803607047559,-0.11646748783722094
B_to_A,18242,3703.5999892800005,A,4690.601868238409,2.6716,2.6501494033599755,2.5654812024645013,-0.02145059664002469,-0.10611879753549891
B_to_A,18243,3703.7999990400003,A,4613.666017806814,2.6734,2.6364093834362947,2.554896033388146,-0.03699061656370528,-0.11850396661185414
B_to_A,18244,3704.0000088,A,4641.480644507962,2.6815,2.641394820139294,2.558738063940073,-0.040105179860706386,-0.12276193605992702
B_to_A,18245,3704.1999880800004,A,4579.0517396791065,2.6692,2.63017632523804,2.5500904304941896,-0.03902367476195989,-0.11910956950581042
B_to_A,18246,3704.39999784,A,4501.8632219338815,2.6659,2.61615957176611,2.539275180610561,-0.04974042823389002,-0.12662481938943904
B_to_A,18247,3704.6000076000005,A,4583.4104001912765,2.6723,2.630962971537727,2.550697052442955,-0.04133702846227294,-0.12160294755704504
B_to_A,18248,3704.7999868800002,A,4460.522618713122,2.6583,2.6085846211911496,2.5334254576004254,-0.04971537880885046,-0.12487454239957474
B_to_A,18249,3704.99999664,A,4544.383779770336,2.6466,2.6239011326836272,2.5452499881507973,-0.022698867316372606,-0.10135001184920256
B_to_A,18250,3705.2000064,A,4653.669574192288,2.6626,2.643573084373174,2.5604162790412723,-0.01902691562682568,-0.10218372095872752
B_to_A,18251,3705.39998568,A,4744.160853201842,2.6845,2.659623555058429,2.5727734493184826,-0.02487644494157104,-0.11172655068151727
B_to_A,18252,3705.59999544,A,4791.2776111519825,2.6665,2.667897677235376,2.579137687393047,0.0013976772353760936,-0.08736231260695293
B_to_A,18253,3705.8000052,A,4652.774491560741,2.6289,2.643413258762854,2.56029315311759,0.014513258762854253,-0.06860684688240992
B_to_A,18254,3706.00001496,A,4652.937853969805,2.5914,2.643442430264441,2.5603156262758793,0.052042430264440664,-0.031084373724120873
B_to_A,18255,3706.1999942400003,A,4629.559310912577,2.5698,2.6392605801411424,2.5570934920688795,0.06946058014114254,-0.012706507931120381
B_to_A,18256,3706.400004,A,4546.125725433695,2.598,2.6242172212794386,2.545493863350314,0.026217221279438707,-0.05250613664968595
B_to_A,18257,3706.6000137600004,A,4494.958656113543,2.6349,2.614897756924228,2.5383009903407086,-0.02000224307577181,-0.09659900965929147
B_to_A,18258,3706.79999304,A,4444.204672538812,2.6491,2.60558138846304,2.5311052622786803,-0.043518611536959906,-0.11799473772131952
B_to_A,18259,3707.0000028000004,A,4430.399986045984,2.6234,2.6030347984716498,2.5291374248543237,-0.02036520152835042,-0.09426257514567649
B_to_A,18260,3707.2000125600002,A,4558.1795994544555,2.5584,2.6264022111485805,2.547179507522971,0.06800221114858074,-0.01122049247702872
B_to_A,18261,3707.39999184,A,4740.501112027,2.5264,2.658978517718053,2.5722771334136727,0.13257851771805296,0.0458771334136725
B_to_A,18262,3707.6000016,A,4596.023414387001,2.5697,2.6332364685815275,2.5524500501257124,0.0635364685815274,-0.01724994987428774
B_to_A,18263,3707.8000113600006,A,4373.57944762036,2.6058,2.5924952878223335,2.5209889892693536,-0.013304712177666378,-0.08481101073064634
B_to_A,18264,3707.9999906400003,A,4213.774397173122,2.5764,2.5623409341898973,2.49763811822458,-0.014059065810102744,-0.07876188177541987
B_to_A,18265,3708.2000004,A,4276.65825740207,2.5583,2.57429882162446,2.50690473575387,0.015998821624460202,-0.05139526424613017
B_to_A,18266,3708.40001016,A,4373.008437553354,2.5665,2.5923888972893776,2.520906700803341,0.0258888972893776,-0.04559329919665922
B_to_A,18267,3708.59998944,A,4377.473818455476,2.5392,2.593220632698881,2.5215499936812904,0.0540206326988808,-0.01765000631870972
B_to_A,18268,3708.7999992,A,4434.035000945579,2.4945,2.603705887177778,2.5296560363224723,0.10920588717777813,0.03515603632247233
B_to_A,18269,3709.0000089600003,A,4426.770926223389,2.4901,2.6023644324539523,2.5286193445601444,0.11226443245395235,0.038519344560144386
B_to_A,18270,3709.1999882400005,A,4308.370791281487,2.5497,2.5802835337004466,2.5115392061573876,0.03058353370044653,-0.038160793842612506
B_to_A,18271,3709.3999980000003,A,4004.4827083336077,2.6121,2.5216385819336784,2.4660296813955713,-0.09046141806632146,-0.14607031860442854
B_to_A,18272,3709.60000776,A,4009.455369157975,2.6046,2.5226223648441053,2.466794887783579,-0.08197763515589473,-0.13780511221642122
B_to_A,18273,3709.79998704,A,4222.232380699079,2.5614,2.563956380988678,2.4988905049037724,0.002556380988678164,-0.0625094950962275
B_to_A,18274,3709.9999967999997,A,4326.460393299097,2.5562,2.5836838400496354,2.5141713719449728,0.027483840049635333,-0.04202862805502727
B_to_A,18275,3710.2000065600005,A,4323.269344786404,2.565,2.5830847270840738,2.5137076520644164,0.018084727084073826,-0.05129234793558357
B_to_A,18276,3710.39998584,A,4240.282685512368,2.5401,2.567396523118926,2.5015569618789764,0.027296523118926164,-0.03854303812102344
B_to_A,18277,3710.5999956,A,4268.471150708681,2.5378,2.5727488314752844,2.5057040876108867,0.0349488314752846,-0.032095912389113135
B_to_A,18278,3710.80000536,A,4304.592271223208,2.5642,2.57957204903849,2.5109883584946853,0.015372049038489877,-0.053211641505314766
B_to_A,18279,3711.0000151200006,A,4251.929619962866,2.5735,2.569610943417591,2.503272974101913,-0.0038890565824090118,-0.07022702589808727
B_to_A,18280,3711.1999944,A,4259.344916105719,2.5746,2.5710186402529622,2.50436367789137,-0.003581359747037993,-0.0702363221086304
B_to_A,18281,3711.40000416,A,4374.025064541266,2.5827,2.5925783085015484,2.5210532016864473,0.00987830850154836,-0.061646798313552686
B_to_A,18282,3711.60001392,A,4436.623101007411,2.6018,2.604183466819488,2.5300250890249663,0.0023834668194879782,-0.07177491097503363
B_to_A,18283,3711.7999932000002,A,4412.390595006819,2.6456,2.599704362371013,2.526563288095666,-0.04589563762898674,-0.11903671190433407
B_to_A,18284,3712.00000296,A,4428.507499985471,2.6804,2.602685262270289,2.528867295507706,-0.07771473772971094,-0.15153270449229428
B_to_A,18285,3712.2000127200004,A,4415.234878037829,2.6228,2.600230968234398,2.5269703534070955,-0.022569031765601988,-0.09582964659290427
B_to_A,18286,3712.3999920000006,A,4291.507096192836,2.538,2.57710483314562,2.509077942764995,0.03910483314562008,-0.02892205723500485
B_to_A,18287,3712.6000017600004,A,4395.502973598141,2.5233,2.596572893892256,2.5241423204294136,0.073272893892256,0.0008423204294136788
B_to_A,18288,3712.80001152,A,4596.765071824455,2.5814,2.633370019162731,2.552553015714048,0.05197001916273125,-0.028846984285952004
B_to_A,18289,3712.9999908,A,4522.496750568281,2.6403,2.6199224749354912,2.5421797776676818,-0.020377525064508628,-0.0981202223323181
B_to_A,18290,3713.20000056,A,4534.567148191679,2.6657,2.6221182790424713,2.54387433150411,-0.04358172095752888,-0.12182566849589005
B_to_A,18291,3713.4000103200005,A,4775.094311245911,2.676,2.665062061859456,2.5769570617867315,-0.010937938140544112,-0.0990429382132687
B_to_A,18292,3713.5999896000003,A,4839.477946079833,2.6723,2.6763045538058123,2.5855999018264346,0.004004553805812439,-0.08670009817356528
B_to_A,18293,3713.79999936,A,4753.683402813844,2.6501,2.66130032778268,2.5740635058914667,0.011200327782679764,-0.07603649410853341
B_to_A,18294,3714.00000912,A,4667.244457647206,2.6279,2.645994430480328,2.5622814413629427,0.018094430480327883,-0.06561855863705723
B_to_A,18295,3714.1999884,A,4739.027006856664,2.6248,2.6587186070086384,2.572077141409937,0.03391860700863836,-0.052722858590063204
B_to_A,18296,3714.39999816,A,4694.8790698963985,2.6538,2.6509087229614035,2.5660658465310973,-0.0028912770385964848,-0.08773415346890268
