depth_m,vp_m_s,rhob_measured_gcc,rho_gardner_gcc,residual_gcc,rho_refit_gcc
3614.1999852000004,4886.361632442364,2.7403,2.591839445551115,-0.14846055444888506,2.7012124510356332
3614.39999496,4896.668723010487,2.7657,2.5932051456664604,-0.1724948543335394,2.703109452282773
3614.60000472,5030.582907241202,2.7699,2.610755920527907,-0.15914407947209286,2.727517582991936
3614.80001448,5151.441913605181,2.7474,2.6262973510407472,-0.1211026489592526,2.7491769165821167
3614.99999376,5068.654661316421,2.7459,2.615681552896152,-0.1302184471038479,2.7343775662973666
3615.2000035200003,4804.819953244436,2.7391,2.580958214616667,-0.15814178538333312,2.6861099605372334
3615.40001328,4709.277802584233,2.7227,2.568031055747827,-0.15466894425217292,2.6681953616712297
3615.5999925600004,4787.04858351735,2.7319,2.5785683790824954,-0.15333162091750463,2.6827958462276205
3615.80000232,4839.385740959495,2.741,2.585587586073779,-0.15541241392622096,2.692532664566142
3616.00001208,4880.688932941768,2.7632,2.591086885028631,-0.17211311497136883,2.700167262427468
3616.19999136,5048.221445997447,2.7616,2.6130414158289934,-0.14855858417100665,2.730700082950373
3616.4000011200005,5277.748437713738,2.7597,2.6422497488937653,-0.11745025110623475,2.77145338310934
3616.6000108800004,5338.283972888244,2.7561,2.6497939976123592,-0.10630600238764076,2.78200403646663
3616.79999016,5508.148373036097,2.74,2.670626176105344,-0.06937382389465618,2.811189760103802
3616.99999992,5080.016933389778,2.7251,2.6171461986717395,-0.10795380132826038,2.7364182242854698
3617.20000968,4838.878675595096,2.7281,2.5855198546766975,-0.14258014532330243,2.692438667687449
3617.39998896,4615.566330594481,2.753,2.5551590753950806,-0.19784092460491953,2.6503870134268515
3617.5999987200003,4763.973854411209,2.7449,2.575455416031263,-0.16944458396873685,2.6784804640806854
3617.80000848,5076.6155896069295,2.6975,2.6167080086995167,-0.08079199130048309,2.735807664222197
3617.9999877600003,5024.264162886381,2.656,2.609935713625886,-0.04606428637411408,2.7263756895620705
3618.19999752,4792.46036550372,2.6633,2.579296841392535,-0.08400315860746499,2.683805936130626
3618.4000072800004,4537.409062015724,2.7105,2.5442728134836288,-0.16622718651637136,2.63534917137366
3618.5999865600006,4456.361865940705,2.6982,2.5328344592403673,-0.1653655407596326,2.6195717370576284
3618.7999963200004,4239.7813341122965,2.7053,2.5014830154708423,-0.20381698452915753,2.5764489300200752
3619.0000060800003,4260.893026142704,2.7324,2.5045912071418694,-0.22780879285813072,2.580716150299685
3619.19998536,4595.995693515846,2.7438,2.552446201347507,-0.1913537986524929,2.64663756120084
3619.39999512,4816.352845250963,2.7479,2.5825055752725583,-0.1653944247274417,2.688256313932249
3619.6000048800006,4939.287919324965,2.7499,2.598829449636949,-0.15107055036305095,2.7109252926011727
3619.8000146400004,5027.637158989129,2.7394,2.6103736428088866,-0.12902635719111322,2.726985360456322
3619.99999392,4997.753634357261,2.7364,2.6064860490187285,-0.12991395098127168,2.7215743678403332
3620.20000368,5006.775902427005,2.7366,2.6076616027929704,-0.1289383972070297,2.7232102930383983
3620.40001344,4974.604708247921,2.738,2.6034625686511164,-0.13453743134888363,2.7173679569534364
3620.59999272,4934.53804273038,2.7236,2.5982044317493918,-0.12539556825060805,2.7100564554032505
3620.8000024800003,4676.568061863262,2.7008,2.5635601306790647,-0.13723986932093535,2.6620064757934485
3621.00001224,4561.453918540335,2.7025,2.547636819074371,-0.15486318092562934,2.6399937918888883
3621.1999915200004,4499.676696457833,2.718,2.5389667971072045,-0.17903320289279545,2.6280274046200454
3621.40000128,4556.98019328294,2.7281,2.547011929421754,-0.18108807057824583,2.639130863878638
3621.6000110400005,4657.516663457748,2.7254,2.5609452754443343,-0.1644547245556658,2.65838852124995
3621.79999032,4745.7785459046645,2.6998,2.5729927412481364,-0.12680725875186383,2.675067780846581
3622.0000000800005,4886.283298625974,2.6866,2.591829057970791,-0.09477094202920888,2.7011980236275
3622.2000098400003,4900.32154340836,2.6912,2.593688630688282,-0.097511369311718,2.703781108149955
3622.39998912,4913.965302374923,2.6916,2.5954921232729475,-0.09610787672705268,2.70628688178898
3622.59999888,4848.623678081931,2.6935,2.5868206153072886,-0.10667938469271121,2.694243991986294
3622.80000864,4858.857212087204,2.6929,2.5881844760650647,-0.1047155239349351,2.6961372172381144
3622.9999879200004,4809.179094586834,2.6922,2.581543404909845,-0.11065659509015502,2.686921631238733
3623.1999976800003,4816.063657996278,2.7042,2.5824668091907474,-0.12173319080925271,2.6882025360377764
3623.40000744,4842.453446196815,2.6982,2.5859972421849253,-0.1122027578150746,2.693101198215219
3623.5999867200003,4996.115225366104,2.6771,2.606272402269233,-0.07082759773076663,2.7212770789130722
3623.79999648,4962.4398011116655,2.6791,2.601869479011399,-0.07723052098860084,2.715152227772318
3624.0000062400004,4998.958550302021,2.6812,2.606643135228391,-0.07455686477160883,2.7217929580868767
3624.1999855200006,5024.073686414067,2.6646,2.6099109767490356,-0.054689023250964475,2.7263412526947746
3624.3999952800004,4973.857872990386,2.6204,2.6033648489715557,-0.01703515102844433,2.717232031747724
3624.6000050400003,4750.675272329966,2.6193,2.573656192427166,-0.04564380757283404,2.675987059953375
3624.8000148,4544.011163240024,2.6563,2.5451978121337455,-0.11110218786625436,2.636626096437863
3624.99999408,4575.429284248545,2.6797,2.5495859411839183,-0.13011405881608162,2.642685842720342
3625.20000384,4469.188551956517,2.6926,2.5346550511294716,-0.15794494887052846,2.622081377888715
3625.4000136,4567.496448501777,2.6896,2.5484801099843,-0.14111989001570002,2.6411584280792977
3625.59999288,4505.962861286417,2.6823,2.5398530835158692,-0.14244691648413088,2.62925003655666
3625.80000264,4474.5422328964005,2.7087,2.535413781869681,-0.17328621813031875,2.623127446497046
3626.0000124000003,4645.661610496025,2.7203,2.5593140862172348,-0.16098591378276517,2.6561322046307807
3626.19999168,4709.095909204676,2.7224,2.5680062581762595,-0.15439374182374044,2.668161025697144
3626.4000014400003,4999.811358823405,2.7219,2.6067542996468234,-0.11514570035317684,2.721947649409825
3626.6000112,4957.564677676972,2.7037,2.6012302213565515,-0.10246977864344853,2.7142632509690188
3626.7999904800004,4915.34416278691,2.6971,2.595674178120605,-0.10142582187939464,2.7065398610944778
3627.00000024,4872.629029550704,2.7069,2.5900165005241247,-0.1168834994758754,2.698680840089947
3627.2000100000005,4617.258366508518,2.7023,2.5553932192892193,-0.1469067807107809,2.650710684861426
3627.39998928,4562.990375503568,2.7049,2.54785132524202,-0.1570486747579798,2.64029002583187
3627.59999904,4568.386406352575,2.7216,2.5486042411252083,-0.17299575887479168,2.641329871583314
3627.8000088,4639.269406392695,2.7077,2.558433258713942,-0.1492667412860582,2.6549140128448148
3627.99998808,4644.741293395873,2.686,2.559187325181162,-0.12681267481883784,2.6559568844672587
3628.19999784,4630.030487110195,2.6485,2.557158552019869,-0.09134144798013066,2.6531513299066067
3628.4000076,4679.166960905623,2.6192,2.563916216910087,-0.05528378308991311,2.662499257273909
3628.5999868800004,4700.475753533454,2.6258,2.5668302455158734,-0.05896975448412656,2.6665327856451455
3628.7999966400002,4739.2480641850925,2.6404,2.5721071352544076,-0.06829286474559249,2.6738408065234913
3629.0000064,4698.903280907468,2.6444,2.5666155450813095,-0.07778445491869057,2.6662355504549478
3629.1999856800003,4717.87918328682,2.6428,2.5692028649229455,-0.07359713507705434,2.669818033776416
3629.39999544,4753.861342591511,2.641,2.5740875936261727,-0.06691240637382734,2.676584852504449
3629.6000052000004,4699.1785687856145,2.636,2.5666531359074516,-0.06934686409254853,2.6662875912816806
3629.80001496,4767.394027931799,2.6358,2.5759175372686336,-0.05988246273136655,2.6791209755342176
3629.9999942400004,4735.213333167622,2.6538,2.571559523318578,-0.08224047668142198,2.6730821807704217
3630.2000040000003,4668.016429947593,2.6641,2.562387386511125,-0.10171261348887484,2.6603836967388883
3630.4000137600005,4742.1974670940035,2.6648,2.5725072203720853,-0.09229277962791471,2.6743950922434006
3630.59999304,4867.983108992993,2.6711,2.58939890191062,-0.08170109808937998,2.6978232857591378
3630.8000028,5044.712237895918,2.6968,2.6125871916283803,-0.08421280837161982,2.73006751237569
3631.00001256,4940.032414910859,2.7075,2.598927374061093,-0.10857262593890704,2.7110614236161483
3631.19999184,4879.032645338507,2.6898,2.590867032288921,-0.09893296771107885,2.699861940491109
3631.4000016,4796.359298925855,2.6343,2.579821281830008,-0.054478718169991946,2.6845331869267866
3631.6000113600003,4200.545740194592,2.6493,2.4956755447909327,-0.15362445520906753,2.5684806105067093
3631.7999906400005,4462.632045153403,2.7211,2.533724925153762,-0.18737507484623794,2.6207991473143006
3632.0000004000003,4559.2909764032765,2.7178,2.547334756879086,-0.17046524312091416,2.639576656763094
3632.20001016,4691.713768517494,2.71,2.565633224838552,-0.14436677516144814,2.664875713932513
3632.3999894400004,4653.442218995754,2.7011,2.5603850061606868,-0.14071499383931307,2.657613483730233
3632.5999992,4701.628602191009,2.7041,2.566987617600768,-0.13711238239923196,2.6667506596775734
3632.8000089600005,4852.908162534212,2.702,2.5873918868016634,-0.11460811319833653,2.695036954542044
3632.99998824,4861.825577222156,2.6991,2.588579677899322,-0.11052032210067786,2.6966858734610044
3633.199998,4955.662429640324,2.6871,2.600980658438264,-0.08611934156173584,2.7139162186961796
3633.40000776,4935.0733460704,2.6837,2.5982748927997754,-0.08542510720022456,2.7101543998134394
3633.59998704,4932.661403866508,2.6863,2.597957367743569,-0.08834263225643113,2.709713030968229
3633.7999968,4888.626565386985,2.694,2.5921397365896617,-0.10186026341033827,2.701629536402593
3634.00000656,4859.283255719782,2.7182,2.5882412097378173,-0.1299587902621826,2.6962159785262747
3634.1999858400004,4947.835078657267,2.7219,2.5999530027762434,-0.12194699722375679,2.712487318314817
3634.3999956000002,4719.778628755654,2.7217,2.5694614198766628,-0.15223858012333702,2.6701761029727598
3634.60000536,4662.19006684308,2.7169,2.5615874540121073,-0.15531254598789257,2.659276935752764
3634.8000151200004,4774.27156332332,2.7031,2.5768460523000525,-0.12625394769994758,2.6804080358748945
3634.9999944,4755.559854836848,2.7215,2.5743174874593464,-0.1471825125406534,2.6769034299545877
3635.2000041600004,4651.191181048533,2.7526,2.5600753123178617,-0.19252468768213848,2.6571850990408867
3635.40001392,4522.32899943471,2.7545,2.5421562033294927,-0.2123437966705075,2.632427853500497
3635.5999932,4466.418336933236,2.7304,2.5342621849460243,-0.19613781505397565,2.621539770827715
3635.80000296,4382.137327097511,2.7039,2.5222213041061554,-0.18167869589384456,2.6049537194579773
3636.0000127200005,4390.779363336993,2.7012,2.5234639070285736,-0.17773609297142645,2.606664161415179
3636.1999920000003,4557.300427471192,2.6975,2.5470566749972128,-0.150443325002787,2.639192651983904
3636.40000176,4786.108978193997,2.7033,2.5784418389561887,-0.12485816104381131,2.682620394658961
3636.60001152,5001.772281517074,2.7072,2.6070098538904953,-0.1001901461095045,2.722303275334473
3636.7999908,5077.7065691995795,2.7118,2.6168485819295335,-0.0949514180704667,2.736003530814369
3637.00000056,5095.796970608888,2.7132,2.619176243292761,-0.09402375670723906,2.7392472680048088
3637.2000103200003,4874.73311316002,2.7318,2.5902960584892876,-0.14150394151071222,2.6990690371363786
3637.3999896000005,4784.343518376087,2.7387,2.5782040275472564,-0.16049597245274372,2.6822906699680775
3637.5999993600003,4805.115366910286,2.7327,2.5809978848205737,-0.15170211517942622,2.6861649819732922
3637.80000912,4931.4164231698915,2.7115,2.5977934241498044,-0.11370657585019561,2.709485151741911
3637.9999884000003,4880.954668613924,2.7108,2.5911221531109985,-0.1196778468890014,2.7002162420106917
3638.19999816,4710.522330163108,2.7078,2.5682007032461907,-0.13959929675380955,2.6684302671519733
3638.4000079200005,4609.786419278829,2.7218,2.5543587655204987,-0.16744123447950132,2.6492807706111345
3638.5999872,4509.0891876538535,2.7306,2.540293519044824,-0.19030648095517577,2.6298576700837564
3638.79999696,4465.534948524748,2.7212,2.534136866193173,-0.18706313380682715,2.6213670117154764
3639.00000672,4468.605408068121,2.7193,2.534572366045088,-0.1847276339549122,2.6219673855445755
3639.199986,4534.681835832021,2.7361,2.5438904161803215,-0.19220958381967845,2.634821331717364
3639.39999576,4699.627791945874,2.7525,2.566714474218237,-0.1857855257817631,2.666372508725553
3639.60000552,4931.424401814014,2.7621,2.5977944749055553,-0.16430552509444496,2.7094866122619874
3639.7999848000004,5066.413567616177,2.7538,2.615392375587698,-0.1384076244123018,2.7339747069901286
3639.9999945600002,5013.1578947368425,2.7657,2.6084921835693917,-0.1572078164306081,2.724366294529682
3640.20000432,4848.453998542918,2.7735,2.58679798330288,-0.18670201669712005,2.694212578469356
3640.4000140800003,4734.970585082668,2.7598,2.571526565291844,-0.18827343470815583,2.6730365245906382
3640.5999933600006,4754.350745674991,2.7484,2.5741538407084628,-0.17424615929153742,2.676676654024714
3640.8000031200004,4808.405243812018,2.7454,2.5814395488315767,-0.1639604511684234,2.6867775763022346
3641.00001288,4869.6085620755275,2.7446,2.5896150293812714,-0.15498497061872873,2.6981233775422013
3641.19999216,4888.963741789573,2.743,2.59218443144081,-0.1508155685591901,2.7016916161142595
3641.40000192,4958.46795053245,2.7346,2.601348699897981,-0.1332513001020188,2.7144280063960906
3641.6000116800005,5105.065873438584,2.729,2.6203664569402014,-0.10863354305979867,2.7409062735086454
3641.7999909600003,5044.177929735662,2.7196,2.612518011165908,-0.10708198883409192,2.729971172139669
3642.00000072,4988.543371522095,2.7326,2.605284357640699,-0.12731564235930115,2.7199023226878265
3642.20001048,5140.278330556324,2.736,2.6248733446470403,-0.11112665535295996,2.7471905695701975
3642.39998976,5333.995999503001,2.713,2.6492617258973556,-0.06373827410264443,2.781259324924942
3642.59999952,5392.056269857557,2.7027,2.6564417533528264,-0.046258246647173706,2.7913092288161176
3642.8000092800003,5345.436561523379,2.7009,2.650681144637858,-0.05021885536214166,2.7832453714414767
3642.9999885600005,5410.106675659846,2.7015,2.658662138898182,-0.042837861101817865,2.79441893942287
3643.1999983200003,5309.8917639188685,2.7203,2.6462636485365914,-0.07403635146340859,2.7770655874563595
3643.40000808,5248.340522251208,2.7173,2.638561341321247,-0.07873865867875285,2.7662987792091354
3643.59998736,4954.937380515782,2.7033,2.6008855176648615,-0.1024144823351385,2.713783922635344
3643.7999971199997,4710.041908246901,2.7071,2.5681352186243194,-0.1389647813756807,2.668339592072698
3644.0000068800005,4546.6953669353215,2.7161,2.545573598871561,-0.1705264011284391,2.6371448996825966
3644.19998616,4621.816246411952,2.704,2.556023618621173,-0.14797638137882707,2.651582173478113
3644.39999592,4817.532784669877,2.7014,2.5826637302250774,-0.11873626977492258,2.6884757157346715
3644.60000568,4958.46795053245,2.7016,2.601348699897981,-0.10025130010201888,2.7144280063960906
3644.79998496,5061.979353501535,2.7018,2.6148199283398874,-0.08698007166011257,2.7331772617637022
3644.9999947200004,4906.987788877173,2.7021,2.594570274451092,-0.10752972554890805,2.7050059921098155
3645.20000448,4803.487256102462,2.6958,2.5807792280212944,-0.11502077197870575,2.685861714756697
3645.40001424,4694.568132076314,2.6977,2.5660233583899936,-0.13167664161000658,2.665415759290799
3645.59999352,4701.2587589478935,2.702,2.5669371345068996,-0.13506286549310031,2.6666807677941353
3645.80000328,4633.197590372434,2.7205,2.557595736429255,-0.16290426357074494,2.653755841933104
3646.0000130400003,4643.085641166255,2.7242,2.558959234398821,-0.16524076560117917,2.6556414248260563
3646.1999923200005,4750.912228143545,2.7062,2.573688284253885,-0.13251171574611487,2.6760315284433616
3646.4000020800004,4729.651095128366,2.691,2.570804017167374,-0.12019598283262578,2.672035640189586
3646.60001184,4682.998778548547,2.6882,2.564440960091463,-0.1237590399085371,2.6632254816433063
3646.79999112,4652.085654542957,2.7382,2.560198385864994,-0.17800161413500604,2.6573553387315743
3647.00000088,4635.247958392262,2.7419,2.5578786480887525,-0.18402135191124724,2.6541470532999756
3647.2000106400005,4493.143092161029,2.7293,2.538044639486222,-0.1912553605137779,2.6267554390614203
3647.3999899200003,4622.727500223705,2.7127,2.55614959799538,-0.15655040200462,2.6517563408503615
3647.59999968,4630.410310866425,2.7029,2.5572109944223222,-0.14568900557767783,2.6532238422582988
3647.80000944,4686.426123443048,2.7089,2.564910040528179,-0.14398995947182103,2.6638747127658466
3647.99998872,4710.689772950317,2.7214,2.568223525606516,-0.15317647439348425,2.6684618689404322
3648.19999848,4686.36127417366,2.7167,2.5649011673804476,-0.1517988326195523,2.663862431512673
3648.4000082400003,4748.018543442501,2.7174,2.573296299320632,-0.14410370067936817,2.675488381654735
3648.5999875200005,4714.172367340438,2.7208,2.5686980634513557,-0.15210193654864446,2.6691189757175033
3648.7999972800003,4934.665865808821,2.7238,2.5982212574005454,-0.12557874259945478,2.7100798438257994
3649.00000704,4899.817382134315,2.7221,2.5936219162999383,-0.12847808370006186,2.703688426254785
3649.19998632,4965.139766729655,2.6963,2.602223313292978,-0.09407668670702174,2.715644314863683
3649.3999960800006,4989.580485632857,2.6928,2.605419756210086,-0.08738024378991405,2.720090704760179
3649.6000058400004,4958.556682582419,2.7109,2.6013603376385177,-0.10953966236148238,2.714444189890941
3649.79998512,4597.236529931056,2.7269,2.552618462583248,-0.17428153741675212,2.6468756033554195
3649.99999488,4472.88752184715,2.729,2.53517934676385,-0.19382065323615016,2.6228042176777793
3650.20000464,4439.485788693295,2.7276,2.530433108800826,-0.19716689119917374,2.6162624526834275
3650.4000144,4577.380711025811,2.7291,2.5498577481784666,-0.1792422518215333,2.643061306265278
3650.5999936800004,4597.943898446988,2.7225,2.5527166486209163,-0.16978335137908385,2.647011285813281
3650.80000344,4782.414271929205,2.7023,2.57794407844126,-0.12435592155873998,2.6819302630114796
3651.0000132,4782.42177570944,2.7098,2.577945089662442,-0.13185491033755792,2.6819316649976805
3651.19999248,4846.0643216463895,2.7233,2.586479183008989,-0.136820816991011,2.6937700892237526
3651.40000224,4916.129032258064,2.7,2.595777789555221,-0.10422221044477897,2.706683839840161
3651.6000120000003,4813.2801051089,2.669,2.5820935795161435,-0.08690642048385655,2.687684790305583
3651.7999912800005,4593.176841829254,2.6999,2.5520547397807856,-0.1478452602192144,2.6460966331673608
3652.0000010400004,4676.668518103679,2.7079,2.563573897373732,-0.14432610262626788,2.66202552685725
3652.2000108,4657.723064133851,2.7127,2.560973647433669,-0.15172635256633082,2.6584277705853543
3652.39999008,4651.716465061764,2.7273,2.5601475900223107,-0.16715240997768932,2.6572850757924082
3652.59999984,4662.974635131414,2.7045,2.561695215248821,-0.14280478475117908,2.6594260240482415
3652.8000096000005,4736.869097368459,2.6697,2.571784293444581,-0.09791570655541904,2.673393556097585
3652.9999888800003,4739.682870431564,2.6687,2.5721661282507022,-0.09653387174929762,2.673922534767664
3653.19999864,4744.094396271965,2.6953,2.5727644393202884,-0.12253556067971161,2.674751463533581
3653.4000084,4734.146898341651,2.7188,2.5714147234922557,-0.14738527650774413,2.6728815935468653
3653.59998768,4656.826421684189,2.6677,2.560850387450197,-0.10684961254980285,2.658257255837169
3653.7999974400004,4485.453180875016,2.6853,2.5369579905335224,-0.14834200946647735,2.6252567819416384
3654.0000072000003,4405.267242762312,2.7512,2.525542950827023,-0.2256570491729768,2.6095265901833518
3654.1999864800005,4441.782483813288,2.7373,2.530760314840653,-0.20653968515934684,2.6167133116007313
3654.3999962400003,4569.92068608783,2.7381,2.5488181995734904,-0.18928180042650977,2.6416253864333883
3654.600006,4722.681888329027,2.7522,2.5698564645332524,-0.18234353546674775,2.670723218028126
3654.79998528,4811.304671764208,2.7569,2.5818286074563526,-0.17507139254364734,2.6873172350909584
3654.9999950400006,5007.442163057301,2.765,2.607748350013384,-0.15725164998661612,2.7233310220049463
3655.2000048000004,4908.030781468641,2.7564,2.5947081340719236,-0.1616918659280766,2.7051975355466413
3655.4000145600003,4753.216374269006,2.7541,2.5740002809496536,-0.1800997190503466,2.6764638606565185
3655.59999384,4714.675510292472,2.7432,2.5687665999038614,-0.1744334000961385,2.6692138835352437
3655.8000036,4814.367285047504,2.7238,2.582239372121962,-0.14156062787803814,2.687887031442147
3656.00001336,4896.464200228117,2.7262,2.5931780671632487,-0.13302193283675123,2.70307183614338
3656.1999926400003,4935.536836787238,2.7347,2.598335896649005,-0.13636410335099525,2.7102391989512036
3656.4000024,4935.033394049788,2.7272,2.5982696341825307,-0.1289303658174692,2.7101470900400026
3656.60001216,4896.865395645197,2.7275,2.5932311840221116,-0.13426881597788842,2.7031456236230116
3656.79999144,4822.784810126582,2.7303,2.5833673411006135,-0.14693265889938667,2.6894518600764314
3657.0000012,4825.648129823868,2.7474,2.5837506963914216,-0.1636493036085782,2.6899837397030306
3657.2000109600003,4743.976255215962,2.7401,2.572748421935262,-0.16735157806473788,2.674729271446935
3657.3999902400005,4710.522330163108,2.7442,2.5682007032461907,-0.17599929675380954,2.6684302671519733
3657.6000000000004,4800.0,2.7501,2.5803106991784466,-0.16978930082155363,2.685211914955031
3657.80000976,4852.545038877674,2.7343,2.5873434844037684,-0.1469565155962318,2.694969766559139
3657.99998904,4949.056220824031,2.7211,2.600113407195198,-0.12098659280480195,2.7127103397304535
3658.1999988000002,5042.592368943058,2.7131,2.612312685612746,-0.10078731438725397,2.7296852421846136
3658.40000856,4980.587474018589,2.7163,2.6042449869473505,-0.11205501305264942,2.7184563390313787
3658.5999878400003,4926.068567383544,2.7311,2.5970888457561174,-0.13401115424388266,2.7085058524211276
3658.7999976,4919.104296953803,2.7282,2.596170444721811,-0.13202955527818938,2.7072294919331177
3659.00000736,4991.320865948318,2.7199,2.605646921013001,-0.11425307898699888,2.7204067698934975
3659.19998664,5126.94573309605,2.7052,2.623169620233745,-0.08203037976625493,2.7448145147971292
3659.3999964000004,5112.026848203998,2.7034,2.621259245880602,-0.08214075411939792,2.7421508715970004
3659.6000061600002,5143.305518760073,2.7151,2.6252597163033977,-0.08984028369660235,2.7477294840979094
3659.7999854400005,5094.383141736837,2.739,2.6189945517752977,-0.12000544822470216,2.738994035343375
3659.9999952000003,5023.634817349341,2.7346,2.609853978843377,-0.1247460211566227,2.726261904800517
3660.20000496,4972.527113976587,2.7146,2.6031906984944357,-0.11140930150556416,2.716989797754044
3660.4000147200004,4882.354166099355,2.7143,2.591307868782638,-0.1229921312173623,2.700474163752474
3660.5999940000006,4943.01264295491,2.7198,2.599319256338704,-0.12048074366129624,2.711606221351753
3660.8000037600004,4948.051948051949,2.7192,2.5999814920527324,-0.1192185079472674,2.712526928602325
3661.0000135200003,4879.118557138353,2.7146,2.5908784374483216,-0.12372156255167832,2.699877779269181
3661.1999928,4786.988437726746,2.7167,2.5785602795843494,-0.13813972041565048,2.6827846159518636
3661.40000256,4742.249114328967,2.7295,2.5725142246324078,-0.15698577536759206,2.6744047963376083
3661.60001232,4839.8698570428205,2.7141,2.5856522470477183,-0.12844775295228184,2.692622401110078
3661.7999916000003,4944.014870973864,2.716,2.5994510035505924,-0.11654899644940775,2.711789383469559
3662.00000136,5033.731616888104,2.7147,2.6111643515044882,-0.10353564849551189,2.7280862457998887
3662.20001112,5118.130069014156,2.713,2.622041272604547,-0.0909587273954533,2.743241176785649
3662.3999904,5218.8295644640175,2.7138,2.6348443949220903,-0.07895560507790966,2.7611067163043765
3662.6000001600005,5308.735726676746,2.7257,2.646119604681385,-0.07958039531861472,2.7768641373995075
3662.8000099200003,5281.397283060715,2.7211,2.642706319637962,-0.07839368036203798,2.772091614026748
3662.9999892000005,5222.433160394493,2.7201,2.635299116465788,-0.084800883534212,2.7617417690255586
3663.1999989600004,4987.8005076167055,2.7351,2.6051873614008003,-0.12991263859919977,2.7197673723581914
3663.40000872,4800.007559067023,2.7479,2.5803117150498007,-0.16758828495019928,2.6852133238183735
3663.599988,4845.309365372571,2.7272,2.586378441838259,-0.1408215581617407,2.693630266008959
3663.79999776,4940.4007430051515,2.7158,2.5989758166178807,-0.11682418338211953,2.7111287673483986
3664.00000752,4846.38024050639,2.7258,2.586521335646972,-0.13927866435302816,2.693828595308949
3664.1999868000003,4568.804121516999,2.7418,2.5486624976978605,-0.19313750230213955,2.64141033350259
3664.39999656,4537.652241359033,2.7493,2.544306902439962,-0.2049930975600378,2.635396227126415
3664.60000632,4728.719212128359,2.7514,2.570677376452207,-0.18072262354779278,2.6718602252263466
3664.7999856,4757.823951148013,2.745,2.574623837426513,-0.1703761625734872,2.6773279718905623
3664.9999953600004,4937.479649905478,2.7485,2.5985915596212172,-0.1499084403787827,2.710594593559334
3665.2000051200002,4890.312912640208,2.7331,2.5923632493864894,-0.14073675061351043,2.701939992055495
3665.40001488,4911.2494682702345,2.7264,2.5951334319218393,-0.13126656807816062,2.705788469659691
3665.5999941600003,4815.61472554314,2.7366,2.58240662551324,-0.15419337448676007,2.6881190473105385
3665.80000392,4747.426919530491,2.7489,2.57321613457652,-0.1756838654234798,2.6753773062259496
3666.0000136800004,4707.9684837962795,2.7527,2.567852539950302,-0.18484746004969788,2.667948182113727
3666.19999296,4749.809103800782,2.7452,2.573538873714379,-0.1716611262856209,2.675824497202658
3666.40000272,4835.4012288391705,2.7222,2.5850552102693234,-0.13714478973067656,2.6917938614385175
3666.60001248,4878.08000819415,2.7225,2.5907405555317693,-0.13175944446823085,2.699686298969202
3666.79999176,4909.018872665076,2.7465,2.5948387167254103,-0.15166128327458983,2.7053789714197554
3667.0000015200003,4865.310083706319,2.7508,2.589043366862456,-0.16175663313754374,2.697329645463303
3667.20001128,4800.294821256739,2.7497,2.580350319643129,-0.1693496803568708,2.685266862817268
3667.3999905600003,4792.452830188679,2.7551,2.5792958275173925,-0.1758041724826076,2.683804530219738
3667.60000032,4746.391932379487,2.7469,2.573075876314554,-0.17382412368544609,2.675182968618053
3667.80001008,4664.57311810185,2.7475,2.561914726408954,-0.18558527359104593,2.659729725464026
3667.99998936,4615.692141814416,2.7472,2.5551764873642444,-0.19202351263575546,2.6504110827178637
3668.1999991200005,4718.857937295545,2.7554,2.56933610392196,-0.18606389607803964,2.670002553135101
3668.4000088800003,4833.36927702437,2.7392,2.5847835918801274,-0.15441640811987245,2.691416943229786
3668.59998816,4958.371155554255,2.7327,2.6013360044779197,-0.13136399552208022,2.714410352114759
3668.79999792,4935.960447540036,2.7284,2.5983916478082527,-0.13000835219174744,2.710316697103027
3669.0000076799997,4985.434614422104,2.7249,2.604878372914863,-0.12002162708513708,2.7193374895381037
3669.19998696,4961.381634098105,2.7304,2.6017307653569404,-0.12866923464305957,2.7149593209426945
3669.39999672,4964.128956604589,2.7268,2.6020908621118752,-0.12470913788812465,2.7154601087473274
3669.60000648,5101.972494877941,2.7093,2.619969418579802,-0.08933058142019767,2.740352824975991
3669.7999857600003,5218.7134022313085,2.7264,2.6348297330156836,-0.09157026698431636,2.7610862404597567
3669.99999552,5158.722099234316,2.7338,2.627224751953775,-0.1065752480462252,2.750470741118279
3670.20000528,5020.738549322827,2.7252,2.60947773377064,-0.11572226622936022,2.7257381411720614
3670.40001504,4924.914444153603,2.7218,2.5969367151115055,-0.12486328488849452,2.708294416384434
3670.5999943200004,4931.312703145653,2.7237,2.597779764518424,-0.12592023548157583,2.709466165267586
3670.8000040800002,4987.784183422164,2.7243,2.60518522981808,-0.11911477018191974,2.7197644067177658
3671.00001384,4915.851524510713,2.7202,2.5957411568869557,-0.12445884311304445,2.7066329347611493
3671.1999931200003,4978.838303732006,2.7243,2.604016305691298,-0.12028369430870178,2.718138220978858
3671.4000028800006,4899.864642846808,2.7153,2.593628170409367,-0.12167182959063316,2.7036971146424214
3671.6000126400004,4874.6707438191,2.7005,2.590287773121179,-0.11021222687882082,2.6990575317891525
3671.79999192,4888.752020940797,2.7106,2.5921563667818206,-0.1184436332181793,2.701652635163377
3672.00000168,4915.94666649463,2.7182,2.5957537163677387,-0.12244628363226129,2.7066503874995274
3672.20001144,4995.1572540401285,2.7244,2.606147459505657,-0.11825254049434308,2.721103225121248
3672.39999072,4944.480042826205,2.718,2.5995121455985255,-0.11848785440147447,2.7118743875091416
3672.6000004800003,4872.629029550704,2.7151,2.5900165005241247,-0.12508349947587538,2.698680840089947
3672.80001024,4866.2499700649005,2.7146,2.58916839642055,-0.12543160357944982,2.697503239359064
3672.9999895200003,4801.845118439212,2.7064,2.5805586310903883,-0.12584136890961162,2.6855557653259674
3673.19999928,4772.410208072702,2.6975,2.5765948554801494,-0.12090514451985035,2.680059824385324
3673.40000904,4670.183605020141,2.6939,2.562684738482052,-0.13121526151794827,2.6607951327097674
3673.59998832,4471.903155714074,2.7031,2.5350398535027217,-0.1680601464972784,2.6226118952192254
3673.7999980800005,4499.085569714423,2.7223,2.5388834063871926,-0.1834165936128076,2.6279123744442674
3674.0000078400003,4496.357773181764,2.7424,2.5384984874733854,-0.2039015125266146,2.62738142889321
3674.19998712,4733.624888182089,2.7289,2.5713438363743704,-0.15755616362562952,2.67278339693889
3674.39999688,4872.418721086001,2.6911,2.5899885530235585,-0.10111144697644159,2.6986420326715237
3674.6000066399997,4655.688325494934,2.7259,2.560693909575182,-0.16520609042481826,2.658040792229937
3674.79998592,4805.30475375178,2.7174,2.581023316042071,-0.13637668395792923,2.6862002544967583
3674.99999568,4714.784903407237,2.7059,2.568781500342601,-0.13711849965739908,2.6692345174565073
3675.20000544,4757.979919076877,2.7214,2.5746449370833826,-0.14675506291661744,2.6773572125618412
3675.4000152,4821.121828230136,2.7073,2.5831446145580395,-0.12415538544196059,2.6891428540697824
3675.59999448,4934.713801170537,2.6837,2.5982275671601873,-0.08547243283981265,2.710088614692491
3675.8000042400004,4869.250713693491,2.6767,2.5895674529141552,-0.08713254708584461,2.698057317168741
3676.000014,4685.295121328853,2.6863,2.5647552754057346,-0.12154472459426557,2.6636605056180045
3676.1999932800004,4568.865758089951,2.7117,2.5486710934935584,-0.16302890650644164,2.64142220576362
3676.4000030400002,4408.210726356849,2.7128,2.52596472048846,-0.18683527951154,2.6101073785817874
3676.6000128,4469.824286631882,2.6938,2.5347451839432407,-0.1590548160567593,2.622205639323854
3676.79999208,4665.129989990174,2.6784,2.5619911854112085,-0.11640881458879138,2.6598355112174654
3677.0000018400006,4931.424401814014,2.7054,2.5977944749055553,-0.10760552509444476,2.7094866122619874
3677.2000116000004,4906.813999874433,2.7449,2.5945473014079203,-0.15035269859207956,2.7049740734794985
3677.39999088,4894.349178414122,2.747,2.5928979917566046,-0.15410200824339526,2.7026827766786736
3677.60000064,4796.578189102893,2.7088,2.5798507149811787,-0.1289492850188214,2.6845740038538706
3677.8000104,4761.346861307027,2.6715,2.5751002974198443,-0.09639970258015573,2.6779882868889238
3677.99998968,4816.253908860928,2.6944,2.5824923128645043,-0.11190768713549559,2.688237915747055
3678.1999994400003,4778.702789144443,2.7255,2.5774437672847035,-0.14805623271529633,2.6812366396373126
3678.4000092,4814.101146665825,2.704,2.582203684812825,-0.12179631518717526,2.687837526234998
3678.5999884800003,4864.238590264501,2.7045,2.5889008080081757,-0.11559919199182422,2.6971317168948574
3678.79999824,4728.191063594791,2.7037,2.5706055939940633,-0.1330944060059367,2.671760797837796
3679.000008,4674.129734703267,2.7113,2.5632259101164836,-0.14807408988351645,2.661543974543552
3679.19998728,4643.057349679495,2.7199,2.558955336294612,-0.16094466370538818,2.6556360336568035
3679.3999970400005,4807.153953521382,2.7179,2.581271590571852,-0.13662840942814825,2.6865446116739147
3679.6000068000003,4972.267536704731,2.7019,2.603156724704423,-0.09874327529557725,2.7169425426587255
3679.79998608,4999.589928647585,2.6752,2.6067254373754287,-0.06847456262457108,2.721907485781425
3679.99999584,4864.1299143989745,2.6798,2.588886347708373,-0.0909136522916274,2.697111640431841
3680.2000056000006,4758.678186581402,2.7263,2.574739393764306,-0.151560606235694,2.6774881150401977
3680.39998488,4627.387514859107,2.7542,2.556793546522892,-0.19740645347710783,2.652646648827597
3680.59999464,4430.2518760982975,2.7322,2.5291162870840904,-0.20308371291590976,2.6144481932374095
3680.8000044,4571.812555685217,2.7127,2.549081950499558,-0.163618049500442,2.641989684949795
3681.00001416,4602.442858286134,2.6872,2.553340860134851,-0.13385913986514897,2.6478739190452343
3681.19999344,4601.220047914279,2.6756,2.553171245708912,-0.12242875429108802,2.647639512324598
3681.4000032000004,4734.161604520442,2.6598,2.5714167204539806,-0.08838327954601954,2.6728843598575573
3681.60001296,4747.37515945293,2.6083,2.5732091207554797,-0.035090879244520146,2.6753675880038323
3681.7999922400004,4617.978906987421,2.5572,2.55549290812871,-0.001707091871289812,2.650848493839851
3682.000002,4379.310344827587,2.6213,2.521814424998589,-0.09948557500141098,2.6043937115977474
3682.20001176,4440.35889987486,2.6806,2.5305575143414405,-0.1500424856585596,2.6164338694448617
3682.39999104,4634.331762201613,2.6867,2.557752242100295,-0.12894775789970492,2.653972256817822
3682.6000008000005,4665.158551107057,2.6839,2.561995106693245,-0.12190489330675502,2.659840936581742
3682.8000105600004,4772.597025582248,2.6745,2.5766200705154865,-0.09787992948451363,2.680094777204122
3682.99998984,4838.041482078771,2.6432,2.5854080146691025,-0.05779198533089769,2.6922834591632965
3683.1999996,4853.835533324735,2.57,2.5875154879316367,0.01751548793163682,2.695208528736646
3683.40000936,4516.264776394515,2.5267,2.54130354751693,0.01460354751693016,2.631251257590421
3683.59998864,4360.521259687067,2.6128,2.5191051507191733,-0.09369484928082672,2.6006655698407433
3683.7999984000003,4354.808291280668,2.6902,2.518279639077559,-0.1719203609224409,2.5995298759133765
3684.00000816,4305.090826399473,2.6849,2.5110610606112322,-0.1738389393887676,2.5896042283081924
3684.1999874400003,4256.299616681678,2.6991,2.5039159222478435,-0.19518407775215652,2.579788905281721
3684.3999972,4220.747299372566,2.6797,2.498670742887275,-0.181029257112725,2.57258949516083
3684.6000069600004,4453.926410848409,2.7128,2.5324883322102605,-0.18031166778973962,2.6190946773936203
3684.7999862399997,4499.33130017094,2.7195,2.5389180727761227,-0.18058192722387734,2.62796019353112
3684.9999960000005,4557.8183482095465,2.6936,2.547129037861958,-0.146470962138042,2.6392925769139777
3685.2000057600003,4533.090220095807,2.6484,2.5436671684867687,-0.10473283151323143,2.634513185403454
3685.39998504,4606.901888708858,2.6465,2.553959080217443,-0.0925409197825573,2.648728341531282
3685.5999948,4524.83313935536,2.6638,2.542508046007876,-0.12129195399212422,2.6329134061464603
3685.8000045600006,4375.236848451443,2.6699,2.521227792271244,-0.14867220772875633,2.603586352841037
3686.0000143200004,4409.958287697693,2.7011,2.5262150273863164,-0.1748849726136834,2.610452073304341
3686.1999936,4497.299849499809,2.6993,2.5386314434988613,-0.16066855650113876,2.62756482140078
3686.40000336,4700.026368258169,2.6885,2.566768893371222,-0.12173110662877784,2.666447847775106
3686.60001312,4699.8596826669545,2.7045,2.5667461355690784,-0.13775386443092152,2.666416341318146
3686.7999924,4705.0179139543625,2.6979,2.5674501153379423,-0.13044988466205787,2.667390991121472
3687.0000021600003,4700.591737877239,2.6942,2.5668460795177124,-0.12735392048228755,2.666554706853037
3687.20001192,4748.58072275642,2.6825,2.5733724673950733,-0.1091275326049268,2.67559392040643
3687.3999912000004,4765.396467540427,2.6824,2.575647664487241,-0.10675233551275909,2.678746920546967
3687.60000096,4680.467493938273,2.691,2.564094352798035,-0.12690564720196473,2.662745784944512
3687.80001072,4646.341463414635,2.6931,2.5594077145214316,-0.13369228547856826,2.6562617015585066
3687.99999,4603.054507233049,2.698,2.553425688478771,-0.1445743115212288,2.647991153551708
3688.1999997600005,4583.024465351403,2.6996,2.5506433569489046,-0.14895664305109557,2.6441465903301604
3688.4000095200004,4696.463322747802,2.713,2.566282294215271,-0.1467177057847291,2.665774208272681
3688.5999888,4696.463322747802,2.7297,2.566282294215271,-0.1634177057847288,2.665774208272681
3688.79999856,4728.139722113205,2.7148,2.570598615678498,-0.14420138432150198,2.6717511320757827
3689.0000083200002,4888.940216345229,2.7033,2.5921813130703417,-0.11111868692965832,2.701687284786354
3689.1999876,4425.485453104083,2.7049,2.5284357555361066,-0.1764642444638933,2.613510709743815
3689.3999973600003,4472.900649656535,2.7438,2.5351812069332835,-0.20861879306671627,2.6228067823584946
3689.60000712,4495.9200410650965,2.7436,2.5384367028612265,-0.20516329713877335,2.6272962075553457
3689.7999864000003,4493.692907395723,2.723,2.53812227954523,-0.1848777204547698,2.6268625248933164
3689.99999616,4434.318834507381,2.7221,2.5296965177377086,-0.19240348226229154,2.6152475709714493
3690.2000059200004,4498.713704398496,2.7072,2.5388309428404368,-0.16836905715956307,2.627840006232422
3690.3999852000006,4662.204329364546,2.6857,2.5615894131050236,-0.12411058689497656,2.6592796461505457
3690.5999949600005,4794.043306820346,2.7041,2.5795097993312366,-0.12459020066876336,2.6841012427254696
3690.8000047200003,4873.914642531621,2.7113,2.5901873235753605,-0.12111267642463952,2.698918045067682
3691.00001448,4875.551858724167,2.7143,2.590404816230264,-0.12389518376973596,2.6992200630125622
3691.19999376,4865.34114852699,2.7258,2.5890474995885278,-0.13675250041147224,2.6973353833900604
3691.40000352,4843.099774528919,2.7122,2.5860835269397944,-0.1261164730602058,2.6932209507348794
3691.60001328,4867.493352709619,2.6963,2.589333771126356,-0.10696622887364393,2.6977328536636564
3691.79999256,4850.3442821474555,2.693,2.5870500774282195,-0.1059499225717806,2.6945624935620156
3692.00000232,4731.92731337375,2.6992,2.5711132712277025,-0.12808672877229732,2.6724640120564724
3692.20001208,4681.078490997217,2.714,2.5641780291307703,-0.14982197086922966,2.6628615891319565
3692.39999136,4653.435114503817,2.725,2.560384028913942,-0.1646159710860582,2.6576121319244113
3692.6000011200003,4634.810958104229,2.7246,2.557818358259773,-0.16678164174022703,2.654063683077926
3692.80001088,4659.510262235037,2.7118,2.561219277580894,-0.15058072241910603,2.658767577269009
3692.9999901600004,4638.902248223885,2.7036,2.558382637728862,-0.14521736227113768,2.654844007839186
3693.19999992,4721.38704685605,2.7069,2.5696802987979686,-0.13721970120203153,2.6704792347467943
3693.4000096800005,4730.172229171259,2.7142,2.570874829903392,-0.14332517009660783,2.672133726908107
3693.59998896,4767.535709593259,2.6966,2.5759366754082054,-0.12066332459179474,2.679147502292942
3693.7999987200005,4748.662101843846,2.6576,2.573383492655535,-0.08421650734446517,2.6756091971321823
3694.0000084800004,4768.811223603739,2.5905,2.5761089506636425,-0.014391049336357487,2.679386290426038
3694.19998776,4772.761437089744,2.5426,2.576642260767214,0.03404226076721395,2.680125537193588
3694.39999752,4659.2253579257285,2.585,2.5611801254436344,-0.023819874556365583,2.6587134131670838
3694.60000728,4463.448922211809,2.6194,2.5338408656841716,-0.08555913431582862,2.6209589692652253
3694.7999865600004,4443.355958295431,2.592,2.5309844116932867,-0.061015588306713386,2.617022107017661
3694.9999963200003,4476.599194564633,2.543,2.535705116149363,-0.007294883850637035,2.6235291392515485
3695.20000608,4434.873705040159,2.5205,2.5297756498573496,0.00927564985734941,2.615356595196264
3695.3999853600003,4352.544696407152,2.5072,2.5179523298159645,0.010752329815964412,2.5990796159537326
3695.59999512,4259.77946417341,2.4888,2.5044275506690883,0.015627550669088386,2.5804914232145104
3695.8000048800004,4080.1574233966508,2.4575,2.4775984676671228,0.020098467667122755,2.5437169108452133
3696.0000146400002,3896.7713561735964,2.4282,2.449277116336267,0.0210771163362673,2.505040449881968
3696.1999939200005,3761.416602804033,2.4152,2.4277253496699487,0.012525349669948671,2.475708164978276
3696.4000036800003,3657.0967834825924,2.4155,2.410714651083136,-0.004785348916864329,2.4526173982128463
3696.60001344,3616.6021974892615,2.4085,2.404013373404449,-0.004486626595550991,2.4435357600223924
3696.79999272,3609.23623445826,2.393,2.4027883690065748,0.009788369006574982,2.441876531458027
3697.00000248,3513.2004356921807,2.3974,2.386642806580667,-0.010757193419333344,2.4200342242167956
3697.20001224,3435.914778491715,2.4205,2.3734073867767984,-0.047092613223201685,2.402165478181903
3697.39999152,3395.3814791297664,2.4248,2.366376466717229,-0.05842353328277072,2.3926867043007465
3697.60000128,3428.579141910331,2.4096,2.3721395722555023,-0.03746042774449787,2.400455575776604
3697.8000110400003,3573.5054118441544,2.4201,2.396819364857276,-0.023280635142723938,2.433795737514974
3697.99999032,3709.2746469617546,2.4239,2.419267780591538,-0.004632219408462035,2.4642208882486787
3698.2000000800003,3745.654340498167,2.4505,2.4251779899425685,-0.0253220100574314,2.472246875552951
3698.40000984,3860.392599900958,2.474,2.443540617527276,-0.030459382472724172,2.4972245681957816
3698.5999891200004,3889.6503143113105,2.4788,2.448157383592427,-0.030642616407573264,2.5035143543155334
3698.79999888,3962.089768371137,2.4927,2.459477034104479,-0.033222965895521206,2.5189527041735866
3699.0000086400005,3958.888861468764,2.5047,2.4589801408208527,-0.04571985917914745,2.518274517366617
3699.1999879200002,4049.4059409886772,2.5143,2.472916901137366,-0.041383098862633805,2.5373134311225805
3699.39999768,4048.1259487795196,2.5102,2.472721459529152,-0.0374785404708482,2.537046192343979
3699.60000744,4078.4322121212936,2.5079,2.4773365256458773,-0.030563474354122544,2.5433585183107175
3699.79998672,4054.647280273503,2.5121,2.47371671660592,-0.03838328339408026,2.538407138952052
3699.99999648,4081.135326859039,2.5743,2.4777469076744203,-0.09655309232557974,2.5439200140203213
3700.20000624,4139.26845763361,2.6697,2.4865236389252265,-0.18317636107477364,2.555935974294837
3700.3999855200004,4068.795753928631,2.6929,2.4758718739039542,-0.2170281260960456,2.5413547947829183
3700.5999952800003,4058.950665372277,2.6561,2.4743728230831907,-0.18172717691680917,2.5393044197309913
3700.80000504,4073.4885125752926,2.6502,2.4765854540431307,-0.1736145459568692,2.5423309621178887
3701.0000148,4057.389160594338,2.632,2.4741348119054067,-0.15786518809459338,2.538978910281655
3701.19999408,4157.385975369399,2.6003,2.4892400537770882,-0.1110599462229116,2.5596577991373075
3701.4000038400004,4240.3770708009415,2.6054,2.501570882425224,-0.10382911757477586,2.5765695378920923
3701.6000136000002,4223.302988735088,2.65,2.4990488972933687,-0.15095110270663126,2.5731083729989463
3701.7999928800004,4405.216307972025,2.6838,2.525535650557185,-0.1582643494428151,2.609516537795506
3702.0000026400003,4696.557398772855,2.6831,2.5662951455784833,-0.11680485442151678,2.665791998932616
3702.2000124000006,4768.497876234953,2.6721,2.576066632105913,-0.09603336789408701,2.679327632819253
3702.39999168,4829.295189084019,2.6589,2.584238735625114,-0.07466126437488585,2.6906608992304757
3702.60000144,4736.0153143592315,2.6535,2.5716683996909353,-0.08183160030906489,2.673233006694398
3702.8000112,4609.598187617301,2.6564,2.55433268955334,-0.10206731044666029,2.6492447285727674
3702.99999048,4582.087465555421,2.6561,2.5505129771320525,-0.10558702286794741,2.643966468633512
3703.20000024,4594.921767235856,2.6631,2.5522970835360086,-0.11080291646399143,2.6464315045011038
3703.4000100000003,4600.220049896088,2.6695,2.5530325121627793,-0.11646748783722094,2.6474477867556256
3703.5999892800005,4690.601868238409,2.6716,2.5654812024645013,-0.10611879753549891,2.664665283192663
3703.7999990400003,4613.666017806814,2.6734,2.554896033388146,-0.11850396661185414,2.6500234061311074
3704.0000088,4641.480644507962,2.6815,2.558738063940073,-0.12276193605992702,2.655335545231126
3704.1999880800004,4579.0517396791065,2.6692,2.5500904304941896,-0.11910956950581042,2.643382735088043
3704.39999784,4501.8632219338815,2.6659,2.539275180610561,-0.12662481938943904,2.6284528035020496
3704.6000076000005,4583.4104001912765,2.6723,2.550697052442955,-0.12160294755704504,2.644220772360993
3704.7999868800002,4460.522618713122,2.6583,2.5334254576004254,-0.12487454239957474,2.620386347897249
3704.99999664,4544.383779770336,2.6466,2.5452499881507973,-0.10135001184920256,2.6366981280232618
3705.2000064,4653.669574192288,2.6626,2.5604162790412723,-0.10218372095872752,2.6576567429693556
3705.39998568,4744.160853201842,2.6845,2.5727734493184826,-0.11172655068151727,2.6747639469061046
3705.59999544,4791.2776111519825,2.6665,2.579137687393047,-0.08736231260695293,2.683585244203834
3705.8000052,4652.774491560741,2.6289,2.56029315311759,-0.06860684688240992,2.6574864260081044
3706.00001496,4652.937853969805,2.5914,2.5603156262758793,-0.031084373724120873,2.6575175123535835
3706.1999942400003,4629.559310912577,2.5698,2.5570934920688795,-0.012706507931120381,2.653061371899946
3706.400004,4546.125725433695,2.598,2.545493863350314,-0.05250613664968595,2.6370348163739608
3706.6000137600004,4494.958656113543,2.6349,2.5383009903407086,-0.09659900965929147,2.6271090176955436
3706.79999304,4444.204672538812,2.6491,2.5311052622786803,-0.11799473772131952,2.617188637481987
3707.0000028000004,4430.399986045984,2.6234,2.5291374248543237,-0.09426257514567649,2.614477313452802
3707.2000125600002,4558.1795994544555,2.5584,2.547179507522971,-0.01122049247702872,2.639362270365432
3707.39999184,4740.501112027,2.5264,2.5722771334136727,0.0458771334136725,2.67407632178254
3707.6000016,4596.023414387001,2.5697,2.5524500501257124,-0.01724994987428774,2.646642879642903
3707.8000113600006,4373.57944762036,2.6058,2.5209889892693536,-0.08481101073064634,2.603257715881257
3707.9999906400003,4213.774397173122,2.5764,2.49763811822458,-0.07876188177541987,2.5711727306811416
3708.2000004,4276.65825740207,2.5583,2.50690473575387,-0.05139526424613017,2.5838935257576594
3708.40001016,4373.008437553354,2.5665,2.520906700803341,-0.04559329919665922,2.6031444741792287
3708.59998944,4377.473818455476,2.5392,2.5215499936812904,-0.01765000631870972,2.6040297777985177
3708.7999992,4434.035000945579,2.4945,2.5296560363224723,0.03515603632247233,2.615191798167386
3709.0000089600003,4426.770926223389,2.4901,2.5286193445601444,0.038519344560144386,2.613763609193008
3709.1999882400005,4308.370791281487,2.5497,2.5115392061573876,-0.038160793842612506,2.590261391992527
3709.3999980000003,4004.4827083336077,2.6121,2.4660296813955713,-0.14607031860442854,2.527900373044272
3709.60000776,4009.455369157975,2.6046,2.466794887783579,-0.13780511221642122,2.5289457820072054
3709.79998704,4222.232380699079,2.5614,2.4988905049037724,-0.0625094950962275,2.5728910345212825
3709.9999967999997,4326.460393299097,2.5562,2.5141713719449728,-0.04202862805502727,2.5938797881948683
3710.2000065600005,4323.269344786404,2.565,2.5137076520644164,-0.05129234793558357,2.5932422283986636
3710.39998584,4240.282685512368,2.5401,2.5015569618789764,-0.03854303812102344,2.5765504301885507
3710.5999956,4268.471150708681,2.5378,2.5057040876108867,-0.032095912389113135,2.582244446618697
3710.80000536,4304.592271223208,2.5642,2.5109883584946853,-0.053211641505314766,2.5895043100972415
3711.0000151200006,4251.929619962866,2.5735,2.503272974101913,-0.07022702589808727,2.578906139702781
3711.1999944,4259.344916105719,2.5746,2.50436367789137,-0.0702363221086304,2.5804037167767184
3711.40000416,4374.025064541266,2.5827,2.5210532016864473,-0.061646798313552686,2.603346082988387
3711.60001392,4436.623101007411,2.6018,2.5300250890249663,-0.07177491097503363,2.6157002672667886
3711.7999932000002,4412.390595006819,2.6456,2.526563288095666,-0.11903671190433407,2.6109316779849543
3712.00000296,4428.507499985471,2.6804,2.528867295507706,-0.15153270449229428,2.614105178840111
3712.2000127200004,4415.234878037829,2.6228,2.5269703534070955,-0.09582964659290427,2.611492292868629
3712.3999920000006,4291.507096192836,2.538,2.509077942764995,-0.02892205723500485,2.5868790737125678
3712.6000017600004,4395.502973598141,2.5233,2.5241423204294136,0.0008423204294136788,2.607598115197321
3712.80001152,4596.765071824455,2.5814,2.552553015714048,-0.028846984285952004,2.6467851638428543
3712.9999908,4522.496750568281,2.6403,2.5421797776676818,-0.0981202223323181,2.6324603860417155
3713.20000056,4534.567148191679,2.6657,2.54387433150411,-0.12182566849589005,2.6347991299165443
3713.4000103200005,4775.094311245911,2.676,2.5769570617867315,-0.0990429382132687,2.680561921909456
3713.5999896000003,4839.477946079833,2.6723,2.5855999018264346,-0.08670009817356528,2.69254975631856
3713.79999936,4753.683402813844,2.6501,2.5740635058914667,-0.07603649410853341,2.676551473256921
3714.00000912,4667.244457647206,2.6279,2.5622814413629427,-0.06561855863705723,2.660237107820593
3714.1999884,4739.027006856664,2.6248,2.572077141409937,-0.052722858590063204,2.6737992536224375
3714.39999816,4694.8790698963985,2.6538,2.5660658465310973,-0.08773415346890268,2.665474575475188
3714.6000079200003,4604.34089041427,2.6801,2.5536040667535023,-0.12649593324649766,2.6482376802029846
3714.7999872000005,4599.782687432091,2.7045,2.5529718280873293,-0.15152817191267065,2.647363924286485
3714.9999969600003,4594.263802386366,2.6865,2.552205710274679,-0.1342942897253212,2.6463052434099943
3715.20000672,4637.547090578233,2.6491,2.5581957728480846,-0.09090422715191515,2.6545855917885217
3715.399986,4642.618875718555,2.6214,2.5588949194757324,-0.06250508052426751,2.6555524761331757
3715.5999957599997,4665.015749019704,2.6032,2.561975500583145,-0.04122449941685513,2.659813810203166
3715.8000055200005,4644.691748205287,2.6097,2.559180500477537,-0.05051949952246293,2.6559474454645167
3715.9999848,4626.607852482855,2.6387,2.5566858420303578,-0.08201415796964229,2.6524977339525755
3716.19999456,4614.210800402079,2.6587,2.554971450705892,-0.10372854929410824,2.650127655457371
3716.40000432,4678.922742511882,2.6769,2.563882761822832,-0.11301723817716791,2.6624529583971785
3716.6000140800006,4707.743063492751,2.6862,2.5678218018254313,-0.11837819817456863,2.6679056215491985
3716.7999933600004,4766.32050377881,2.6888,2.5757725134245266,-0.11302748657547346,2.678919964786717
3717.00000312,4819.185671460555,2.6951,2.5828852285431485,-0.11221477145685155,2.6887829986728655
3717.20001288,4842.19957869051,2.697,2.585963348540652,-0.11103665145934816,2.693054158411566
3717.3999921600002,4895.496881690553,2.6971,2.5930499841748813,-0.10405001582511852,2.7028939112575605
3717.60000192,4851.108529229203,2.6882,2.5871519788884045,-0.10104802111159561,2.694703939422461
3717.8000116800004,4931.169098006987,2.6907,2.5977608517755226,-0.09293914822447746,2.709439877182016
3717.9999909600006,4863.974671585963,2.7042,2.5888656908377436,-0.11533430916225651,2.6970829608076867
3718.2000007200004,4833.905853022619,2.6986,2.5848553262656817,-0.11374467373431818,2.6915164860052774
3718.40001048,4822.784810126582,2.6907,2.5833673411006135,-0.10733265889938659,2.6894518600764314
3718.59998976,4860.825383459799,2.6854,2.5884465344448464,-0.0969534655551536,2.6965010281270505
3718.79999952,4811.783185596225,2.6916,2.5818927997446433,-0.10970720025535696,2.6874062780833845
3719.0000092800005,4799.153535124514,2.7062,2.580196934239538,-0.12600306576046183,2.68505414097559
3719.1999885600003,4938.407622775651,2.6992,2.5987136488601794,-0.1004863511398204,2.7107643127253853
3719.39999832,4968.312338627651,2.6771,2.6026388989307474,-0.07446110106925241,2.716222309694762
3719.60000808,4925.909345814028,2.6757,2.5970678595696306,-0.07863214043036937,2.7084766849027844
3719.79998736,4853.503184713377,2.669,2.587471194132683,-0.08152880586731692,2.695147042958736
3719.99999712,4819.033284215452,2.6545,2.5828648099777234,-0.0716351900222767,2.6887546717849533
3720.2000068800003,4823.387733593282,2.659,2.583448077637663,-0.07555192236233665,2.689563874397199
3720.3999861600005,4689.237983443053,2.6577,2.5652946910904664,-0.0924053089095338,2.664407118134924
3720.5999959200003,4650.502812730293,2.6234,2.5599805853714583,-0.06341941462854184,2.6570540712268103
3720.80000568,4600.032598656211,2.597,2.5530065038187395,-0.04399349618126047,2.647411844395774
3720.99998496,4711.403358266055,2.5708,2.5683207800739067,-0.0024792199260934566,2.6685965368259357
3721.1999947200006,4693.729528455736,2.5407,2.5659087567598933,0.02520875675989309,2.6652571182725224
3721.4000044800005,4518.132564499751,2.5356,2.541566258009169,0.0059662580091690565,2.631613762779846
3721.6000142400003,4373.046081977397,2.5254,2.5209121260029392,-0.004487873997060632,2.60315194005811
3721.79999352,4182.78553206322,2.5041,2.49303337814601,-0.0110666218539901,2.5648573844233584
3722.00000328,4181.041282295732,2.5026,2.4927734345614216,-0.009826565438578516,2.5645009905218124
3722.20001304,4153.901505653013,2.5012,2.4887183071117764,-0.012481692888223428,2.5589428366895017
3722.3999923200004,4142.672105056426,2.5001,2.487034637512308,-0.013065362487692411,2.5566360024159818
3722.60000208,4074.3379535006825,2.4932,2.4767145539869735,-0.016485446013026372,2.542507578974933
3722.80001184,4034.59586533345,2.4925,2.4706527156950164,-0.021847284304983727,2.5342179084187406
3722.9999911200002,4028.2080289269747,2.5228,2.4696742097435465,-0.0531257902564537,2.53288041801744
3723.20000088,3995.9044601268256,2.5563,2.4647079607824702,-0.09159203921752956,2.526094920167556
3723.4000106400003,4056.649351375308,2.5777,2.4740220230627172,-0.10367797693728287,2.5388246613570065
3723.5999899200006,4262.013130020765,2.6097,2.504755792698971,-0.10494420730102894,2.580942158096265
3723.7999996800004,4391.646074822238,2.6215,2.523588426680587,-0.09791157331941314,2.606835578068055
3724.00000944,4454.4666696869745,2.5944,2.532565126079734,-0.061834873920265654,2.619200518909424
3724.19998872,4380.248070348393,2.553,2.5219494108581086,-0.031050589141891294,2.6045794959876876
3724.39999848,4504.338085449422,2.5271,2.539624095274597,0.01252409527459708,2.628934133720082
3724.6000082400005,4530.078652152976,2.5105,2.543244590547251,0.03274459054725121,2.633929930396296
3724.7999875200003,4430.142409892823,2.5201,2.529100664082498,0.009000664082498222,2.614426670434082
3724.99999728,4303.3281612449155,2.5238,2.510803990565464,-0.012996009434536049,2.5892509282039646
3725.20000704,4284.322724199536,2.4833,2.508027176886671,0.024727176886671032,2.585435425942736
3725.39998632,4271.055054292005,2.4333,2.506083206288176,0.07278320628817614,2.5827651342302413
3725.5999960800004,4157.680865255947,2.4109,2.4892841940251262,0.07838419402512642,2.559718287905758
3725.8000058400003,3983.4024896265564,2.4167,2.46277786428186,0.04607786428185978,2.523459012448478
3725.9999851200005,3835.2696327930657,2.4084,2.4395553118030917,0.031155311803091834,2.491798248631506
3726.1999948800003,3836.495799112621,2.3931,2.4397502747576403,0.046650274757640275,2.492063638073922
3726.40000464,3836.1529728926967,2.3864,2.439695769394062,0.05329576939406211,2.4919894430218092
3726.6000144000004,3796.8155579749327,2.3938,2.433417174895037,0.03961717489503691,2.483446441769871
3726.7999936800006,3809.028697682091,2.406,2.435371699752685,0.029371699752684943,2.4861050907420585
3727.0000034400005,3801.1859999625867,2.4193,2.43411713785155,0.014817137851550033,2.4843984871020615
3727.2000132000003,3843.2198314178186,2.444,2.4408185796300215,-0.0031814203699784827,2.4935179720616323
3727.39999248,3897.7779596513487,2.4902,2.4494352736829654,-0.04076472631703476,2.5052560229077394
3727.60000224,3933.8371948953045,2.5459,2.45508079720906,-0.09081920279094025,2.5129540655812983
3727.800012,4048.572240714717,2.5688,2.472789608966606,-0.09601039103339382,2.537139376270643
3727.9999912800004,4309.442882915491,2.5797,2.5116954339450532,-0.06800456605494665,2.590476120631259
3728.20000104,4500.84612363151,2.593,2.5391317449267836,-0.05386825507321635,2.628254939355019
3728.4000108,4610.713858916392,2.5962,2.554487233232485,-0.04171276676751523,2.6494583396643923
3728.59999008,4616.279351539972,2.5934,2.5552577510654095,-0.038142248934590395,2.650523417642069
3728.79999984,4648.006526728326,2.6051,2.5596369811041537,-0.045463018895846474,2.6565788058932958
3729.0000096000003,4593.585257123223,2.58,2.552111468678337,-0.027888531321663024,2.646175020381236
3729.1999888800005,4535.16763604387,2.5494,2.543958545152945,-0.005441454847054938,2.6349153711738817
3729.3999986400004,4559.311436272854,2.5512,2.5473376146726254,-0.0038623853273747066,2.6395806031780937
3729.6000084,4486.047333097846,2.5914,2.537041999010473,-0.054358000989527255,2.6253726350207462
3729.79998768,4457.652303120357,2.6573,2.5330177987555165,-0.12428220124448375,2.61982443887292
3729.9999974400002,4474.082468143447,2.6925,2.5353486501338933,-0.15715134986610657,2.623037644725148
3730.2000072,4491.659924755855,2.6865,2.5378351641218977,-0.14866483587810242,2.626466523495926
3730.3999864800003,4644.3732686453,2.6885,2.5591366295555154,-0.12936337044448454,2.6558867693661052
3730.59999624,4711.29412201139,2.6947,2.5683058929924587,-0.1263941070075414,2.668575922631765
3730.800006,4806.714260707477,2.6731,2.5812125636761363,-0.09188743632386354,2.6864627402749663
3730.99998528,4814.139164633136,2.64,2.582208782848863,-0.057791217151137,2.6878445981840726
3731.1999950400004,4771.767667516755,2.6035,2.576508125179701,-0.026991874820299078,2.6799396006169487
3731.4000048000003,4721.664975562906,2.5883,2.5697181146003185,-0.018581885399681308,2.670531607819824
3731.60001456,4589.822279912903,2.5884,2.5515886478148153,-0.03681135218518472,2.6454526156178364
3731.7999938400003,4509.60287975428,2.5733,2.5403658658600308,-0.03293413413996937,2.6299574845259097
3732.0000036,4547.048073695596,2.5458,2.5456229652149873,-0.0001770347850125198,2.6372130557086617
3732.2000133600004,4498.899629372147,2.5194,2.53885717393624,0.019457173936240135,2.6278761893415123
3732.39999264,4483.5925226386125,2.522,2.536694854008387,0.014694854008387104,2.6248939080520124
3732.6000024,4372.939424459193,2.5539,2.5208967547556935,-0.033003245244306534,2.6031307869571414
3732.80001216,4300.158998661139,2.574,2.5103415958672675,-0.06365840413273238,2.588615473738245
3732.99999144,4236.2751911049345,2.5746,2.5009656964364364,-0.07363430356356382,2.5757388765369695
3733.2000012,4317.671856938873,2.5411,2.51289361044227,-0.028206389557730027,2.5921231124191637
3733.40001096,4446.395983072186,2.4484,2.531417208553631,0.08301720855363115,2.6176185074354916
3733.5999902400004,4445.9873796972415,2.4103,2.5313590501448315,0.12105905014483165,2.6175383623226054
3733.8,4262.937062937063,2.4505,2.504891528919469,0.05439152891946897,2.58112855389238
3734.00000976,4073.1673419643153,2.4987,2.4765366365504913,-0.022163363449508644,2.5422641775102854
3734.19998904,3981.0664242500243,2.509,2.4624167109848316,-0.04658328901516828,2.52296586638818
3734.3999988000005,3978.109954019419,2.4914,2.4619594158025486,-0.029440584197451436,2.5223414754389637
3734.6000085600003,4208.497353810638,2.4781,2.496855782861203,0.018755782861203052,2.57009949368246
3734.7999878400005,4372.63830190141,2.4865,2.5208533561164854,0.03435335611648549,2.603071064266946
3734.9999976000004,4284.148089843421,2.5177,2.508001618914363,-0.009698381085637031,2.585400314337869
3735.20000736,4198.769297739305,2.5436,2.4954116429351796,-0.0481883570648205,2.5681186622096583
3735.39998664,4192.5145458797,2.5382,2.494481792651062,-0.04371820734893772,2.5668434497097192
3735.5999964000002,4272.12661641405,2.5255,2.5062403788829637,-0.019259621117036385,2.582981005251785
3735.80000616,4364.361153749228,2.5129,2.5196595514238105,0.0067595514238103505,2.6014283536167655
3735.9999854400003,4380.940608646034,2.5104,2.5220490880328774,0.01164908803287723,2.6047166862814772
3736.1999952,4380.846158710813,2.5052,2.5220354945309253,0.016835494530925477,2.6046979768114427
3736.40000496,4377.102926541357,2.5261,2.5214965808992518,-0.004603419100748241,2.6039562679384205
3736.60001472,4318.932169526591,2.5528,2.5130769664814707,-0.03972303351852924,2.592375173373639
3736.7999940000004,4297.454942284673,2.5596,2.5099468600858086,-0.04965313991419151,2.5880730315981793
3737.0000037600003,4286.956008067578,2.5732,2.5084124668297187,-0.06478753317028119,2.5859647526311833
3737.20001352,4244.1854798171435,2.6073,2.5021323771898163,-0.10516762281018366,2.5773402896851048
3737.3999928000003,4223.027972018283,2.6078,2.4990082124900033,-0.10879178750999685,2.5730525468160814
3737.60000256,4200.21579848886,2.5977,2.495626536176784,-0.10207346382321614,2.5684133929479103
3737.8000123200004,4288.222582387899,2.5801,2.508597722922272,-0.07150227707772805,2.5862192744683843
3737.9999916,4395.819932908943,2.5803,2.524187823116002,-0.05611217688399783,2.6076607605308553
3738.20000136,4542.061004886293,2.5782,2.5449246868252495,-0.0332753131747503,2.6362490413877135
3738.40001112,4532.0050553862175,2.5267,2.543514924347701,0.016814924347701155,2.634303049667592
3738.5999904,4502.322063741536,2.4681,2.539339880548507,0.07123988054850683,2.628542055857114
3738.8000001600003,4462.390306891817,2.4757,2.5336906118440976,0.05799061184409782,2.6207518474961926
3739.00000992,4299.770763533769,2.5412,2.5102849330910857,-0.030915066908914213,2.5885376065481314
3739.1999892000003,4068.9695681659205,2.5889,2.4758983150743705,-0.11300168492562968,2.5413909642529435
3739.39999896,4043.3144035116347,2.5989,2.471986371363203,-0.1269136286367969,2.5360411260815003
3739.60000872,4152.928032264218,2.5521,2.4885724855280538,-0.06352751447194604,2.558743022657169
3739.799988,4179.304217148311,2.489,2.4925144808493673,0.0035144808493674518,2.564145966071166
3739.9999977600005,4272.162544011123,2.4833,2.5062456480918742,0.022945648091874382,2.5829882424026076
3740.2000075200003,4263.145748393279,2.5445,2.5049221841243146,-0.03957781587568565,2.58117065072127
3740.3999868,4115.142997168815,2.5786,2.482892557088795,-0.09570744291120459,2.5509630546515485
3740.59999656,4082.9339255909413,2.5698,2.4780198547696157,-0.09178014523038414,2.5442934846964405
3740.8000063199997,4106.682116126946,2.5649,2.481615342963718,-0.08328465703628218,2.549214430979408
3740.9999856,4246.1602758332465,2.5719,2.502423383505404,-0.06947661649459569,2.577739770438469
3741.1999953600002,4311.869240584763,2.5771,2.5120489010485163,-0.06505109895148387,2.5909619629581826
3741.40000512,4376.424168544021,2.5715,2.52139882300251,-0.05010117699748973,2.603821729025153
3741.60001488,4514.9736256215865,2.5724,2.541121895309097,-0.031278104690902975,2.6310006092350613
3741.79999416,4423.809033104548,2.5612,2.528196272061756,-0.0330037279382438,2.6131808231756573
3742.00000392,4486.694477891842,2.5671,2.537133490728571,-0.029966509271428965,2.6254988094212655
3742.20001368,4503.000522986282,2.6047,2.539435539035705,-0.06526446096429472,2.628674016338326
3742.3999929600004,4534.83026374323,2.6268,2.5439112323985236,-0.08288876760147623,2.634850064570881
3742.6000027200002,4621.136544881727,2.6274,2.55592963884718,-0.07147036115282024,2.6514522476383484
3742.80001248,4611.195158850228,2.648,2.554553894624236,-0.09344610537576425,2.649550480720234
3742.9999917600003,4629.200718680375,2.664,2.557043974369834,-0.10695602563016626,2.6529929045827587
3743.2000015200006,4759.488136413676,2.6444,2.5748489450181715,-0.06955105498182856,2.6776399382834106
3743.4000112800004,4962.593313198578,2.6216,2.60188960085651,-0.01971039914348971,2.7151802111801357
3743.59999056,4668.366760861076,2.6259,2.5624354614410483,-0.06346453855895184,2.66045021533418
3743.80000032,4747.035049876574,2.6557,2.573163032309361,-0.0825369676906389,2.675303728915274
3744.00001008,4712.517857474165,2.6833,2.5684726529542954,-0.11482734704570463,2.668806838010124
3744.19998936,4671.966057737408,2.7079,2.562929226233073,-0.1449707737669268,2.661133434126408
3744.3999991200003,4534.641357178882,2.7108,2.5438847391777113,-0.16691526082228858,2.6348134957021827
3744.60000888,4474.9035429256,2.6914,2.5354649626744505,-0.15593503732554925,2.6231980136632953
3744.7999881600003,4710.66065161048,2.6724,2.568219556427528,-0.10418044357247203,2.6684563728696458
3744.99999792,4741.002516713279,2.6654,2.572345148409619,-0.09305485159038085,2.6741705511318905
3745.20000768,4733.022146444177,2.6728,2.571261978902578,-0.10153802109742216,2.672670004733307
3745.39998696,4832.196889828131,2.6721,2.584626835656007,-0.08747316434399277,2.6911994224402114
3745.5999967200005,4829.371706346315,2.617,2.5842489719893527,-0.03275102801064733,2.6906751027481834
3745.8000064800003,4796.374394158746,2.553,2.5798233116485996,0.026823311648599635,2.6845360018075506
3745.99998576,4777.025142072615,2.527,2.5772175233353667,0.050217523335366554,2.680922993355897
3746.19999552,4798.466002207169,2.5396,2.5801045186904483,0.040504518690448243,2.6849259769271585
3746.4000052799997,4801.187065148391,2.5441,2.580470215474451,0.036370215474451406,2.685433142728885
3746.6000150400005,4550.381139207624,2.552,2.5460893335420955,-0.005910666457904501,2.6378569535705103
3746.79999432,4423.051528260078,2.5596,2.5280880370601597,-0.03151196293984038,2.6130317337384383
3747.00000408,4361.107732810611,2.5644,2.5191898489049276,-0.045210151095072426,2.60078209999279
3747.20001384,4347.6214317196645,2.5786,2.5172399989620886,-0.06136000103791117,2.598099771900311
3747.39999312,4328.948994243691,2.6011,2.5145328348695473,-0.08656716513045293,2.594376783946065
3747.6000028800004,4278.819562403664,2.5997,2.507221405855554,-0.09247859414444592,2.5843285130138742
3747.80001264,4361.051574299557,2.5796,2.5191817388877706,-0.06041826111222948,2.600770941946095
3747.9999919200004,4473.90515555921,2.5492,2.535323530128535,-0.01387646987146507,2.6230030101862853
3748.2000016800002,4398.427071683684,2.538,2.5245620106902855,-0.013437989309714293,2.6081759334894454
3748.40001144,4386.880234427511,2.5211,2.5229034945969424,0.00180349459694229,2.605892719442088
3748.59999072,4276.826280592358,2.4653,2.506929358479159,0.04162935847915916,2.583927347593448
3748.8000004800006,4200.29683200053,2.4234,2.495638572934458,0.07223857293445812,2.5684299018716374
3749.0000102400004,4088.141840280805,2.418,2.4788096757596527,0.06080967575965257,2.545374265648865
3749.19998952,3810.4667821808175,2.4291,2.4356015335782004,0.00650153357820038,2.48641776962749
3749.39999928,3756.623081786664,2.4644,2.4269515110265987,-0.03744848897340125,2.4746565643301746
3749.60000904,3530.307013937069,2.5429,2.3895427944022987,-0.15335720559770127,2.423953822554369
3749.79998832,3758.7216400259467,2.6439,2.4272903813626927,-0.2166096186373072,2.475117055217067
3749.9999980800003,3816.5883857008157,2.6662,2.436579157438783,-0.22962084256121695,2.487747893877999
3750.20000784,3905.203991815472,2.6293,2.4506011048446203,-0.17869889515537984,2.5068452272709676
3750.3999871200003,3858.5550926470983,2.5715,2.4432497905473687,-0.12825020945263121,2.4968284838338204
3750.59999688,3833.07993254383,2.5224,2.4392070286655643,-0.08319297133443593,2.4913241727013746
3750.80000664,4055.828856796508,2.4944,2.473896915155677,-0.020503084844323283,2.5386535677363207
3750.9999859199997,3799.911235669298,2.4823,2.433913036032217,-0.04838696396778275,2.484120871311466
3751.1999956800005,4182.4182006545325,2.4736,2.4929786419172615,0.019378641917261685,2.5647823376579133
3751.4000054400003,4078.8797533401857,2.4619,2.4774044846390635,0.01550448463906351,2.543451499492128
3751.6000152,4175.411102648263,2.4617,2.491933819853506,0.030233819853505928,2.5633499268928253
3751.79999448,3962.306093345588,2.4665,2.459510604483031,-0.006989395516968866,2.5189985244843704
3752.0000042400006,4028.0855888894616,2.4559,2.469655442685869,0.01375544268586859,2.5328547676125974
3752.2000140000005,3988.8030842556136,2.4645,2.46361218294056,-0.000887817059440188,2.5245983463077346
3752.39999328,3994.7627716419033,2.4617,2.4645318911173537,0.002831891117353713,2.5258544356400483
3752.60000304,3996.648479818105,2.4598,2.464822682195786,0.0050226821957859435,2.5262516153386847
3752.8000128,4028.420985852947,2.489,2.4697068498032086,-0.01929315019679123,2.5329250298930774
3752.99999208,4026.675403460193,2.5399,2.469439264966138,-0.07046073503386197,2.5325593052989057
3753.2000018400004,3970.4508832559786,2.5738,2.4607735542397227,-0.1130264457602772,2.5207224795434247
3753.4000116,3956.622539767432,2.5628,2.458628145791752,-0.10417185420824815,2.517794123113912
3753.5999908800004,4071.382774097029,2.5354,2.476265332081463,-0.059134667918537165,2.5418930283188015
3753.8000006400002,4290.788178934877,2.525,2.5089728553958133,-0.01602714460418664,2.5867346850699824
3754.0000104,4350.308289563828,2.5325,2.517628826465725,-0.01487117353427525,2.598634610693289
3754.19998968,4298.994503549351,2.5464,2.5101716267203518,-0.03622837327964845,2.588381900281371
3754.3999994400006,4220.5018353921205,2.5589,2.498634413595367,-0.06026558640463309,2.5725396479448635
3754.6000092000004,4214.747467763682,2.5295,2.4977822982122713,-0.031717701787728814,2.571370534402558
3754.79998848,4217.11501185026,2.4873,2.4981329932700183,0.01083299327001841,2.5718516765824218
3754.99999824,4227.227338289138,2.4712,2.4996292325164986,0.028429232516498537,2.5739047204485255
3755.200008,4099.760847283909,2.4741,2.4805690729726004,0.006469072972600465,2.547782214139788
3755.39998728,4015.6303933684135,2.4946,2.467744126970018,-0.026855873029981936,2.5302427626561643
3755.5999970400003,3971.138888237456,2.5144,2.460880148837599,-0.0535198511624011,2.5208679970594154
3755.8000068,3925.3210250651327,2.5126,2.4537509963769812,-0.0588490036230187,2.5111402639401725
3755.9999860800003,4010.842961286418,2.5104,2.4670082871557346,-0.04339171284426557,2.5292373430062596
3756.19999584,4011.1438208250493,2.5068,2.4670545493819622,-0.039745450618037914,2.5293005507697783
3756.4000056000004,4018.007210793781,2.5111,2.4681092051297435,-0.042990794870256366,2.5307416266598386
3756.5999848799997,4039.590103534377,2.5139,2.4714169375032524,-0.0424830624967476,2.5352626228307673
3756.7999946400005,4103.740624204799,2.5091,2.481170847091319,-0.027929152908681143,2.54860594544285
3757.0000044000003,4112.516730711109,2.5184,2.4824963194251595,-0.035903680574840724,2.5504205368018265
3757.20001416,4103.243420069545,2.5692,2.4810956897792087,-0.08810431022079124,2.5485030636229236
3757.39999344,4118.117555502714,2.6463,2.4833411142631756,-0.1629588857368245,2.5515772417136358
3757.6000032000006,4188.009761030624,2.7117,2.4938114530326216,-0.21788854696737836,2.5659242326377387
3757.8000129600005,4338.9197399495215,2.7134,2.5159794990245437,-0.19742050097545638,2.5963661219378604
3757.99999224,4461.521572071578,2.6956,2.5335672885904055,-0.16203271140959474,2.6205818520291766
3758.200002,4711.490750917026,2.681,2.5683326900497243,-0.11266730995027574,2.668613028640064
3758.40001176,4891.081959321218,2.6896,2.592465161617337,-0.0971348383826629,2.702081549448526
3758.59999104,5033.823063101152,2.7003,2.611176210473295,-0.08912378952670474,2.728102757610822
3758.8000008000004,5020.00260223232,2.7148,2.6093821032623614,-0.10541789673763846,2.725605019759649
3759.00001056,4988.543371522095,2.7261,2.605284357640699,-0.1208156423593012,2.7199023226878265
3759.1999898400004,4966.887417218543,2.7155,2.6024522684132276,-0.1130477315867724,2.7159627409242937
3759.3999996000002,4956.097560975611,2.7073,2.6010377512557934,-0.10626224874420664,2.713995608721359
3759.60000936,4922.05137148892,2.7117,2.5965592039859637,-0.11514079601403626,2.707769757144559
3759.79998864,5015.154058029677,2.7195,2.608751810292421,-0.11074818970757905,2.724727667865629
3759.9999984000005,5093.412653320411,2.7123,2.6188698121650646,-0.09343018783493529,2.7388201828203145
3760.2000081600004,5154.630457980799,2.7079,2.626703651003946,-0.0811963489960541,2.74974373025191
3760.39998744,5118.662967615389,2.711,2.622109521533074,-0.08889047846692577,2.74333633488296
3760.5999972,4965.77072085135,2.7154,2.602305979912954,-0.11309402008704561,2.715759284819275
3760.8000069600002,4914.821055686794,2.7199,2.595605115317511,-0.12429488468248895,2.706443892287832
3760.99998624,4950.00462844921,2.7034,2.600237965801943,-0.10316203419805658,2.7128835253783676
3761.1999960000003,5055.581541156215,2.6869,2.6139933217473676,-0.07290667825263242,2.7320258634127996
3761.40000576,5090.214363489402,2.682,2.6184586007495905,-0.06354139925040947,2.738247087326888
3761.5999850400003,5073.860628639347,2.6718,2.6163529298182775,-0.05544707018172268,2.735312933474885
3761.7999948,4987.849480841455,2.6735,2.6051937562012846,-0.06830624379871564,2.7197762693571077
3762.0000045600004,4930.79416846233,2.685,2.597711471747916,-0.08728852825208389,2.7093712408810013
3762.2000143200003,4911.431485691911,2.6817,2.5951574763597427,-0.0865425236402575,2.7058218793932136
3762.3999936000005,4985.614017295894,2.6914,2.6049018069981456,-0.08649819300185424,2.7193700918083636
3762.6000033600003,4933.907013335146,2.6983,2.5981213630818027,-0.1001786369181974,2.709940986904855
3762.80001312,4987.2700259835465,2.6894,2.6051180894257815,-0.08428191057421852,2.71967099566737
3762.9999924,4939.976369798074,2.6907,2.598920002763435,-0.09177999723656516,2.711051176243683
3763.20000216,4895.221698295024,2.7078,2.5930135435765815,-0.11478645642341867,2.7028432907891555
3763.40001192,5058.501369180981,2.7115,2.614370665007877,-0.09712933499212317,2.7325514580463657
3763.5999912,5112.824332212806,2.6987,2.62136147001373,-0.07733852998627011,2.7422933867975314
3763.80000096,5061.48340653775,2.6987,2.61475587930086,-0.08394412069914026,2.73308804213208
3764.00001072,5039.365912856005,2.7082,2.6118947192849284,-0.09630528071507172,2.729103218425533
3764.19999,5030.5496964835675,2.7137,2.610751611613892,-0.10294838838610776,2.727511583802715
3764.3999997600004,5026.178010471205,2.7284,2.610184222942043,-0.11821577705795727,2.7267216520464594
3764.60000952,4934.458156669048,2.7357,2.5981939159940723,-0.13750608400592768,2.7100418380493014
3764.7999888000004,4891.081959321218,2.7317,2.592465161617337,-0.13923483838266293,2.702081549448526
3764.99999856,4877.5960236710625,2.7359,2.590676292287588,-0.1452237077124119,2.6995970560439497
3765.2000083200005,4839.72384357911,2.7321,2.585632745267557,-0.14646725473244304,2.692595336447581
3765.3999876,4901.007054041322,2.7241,2.593779334321423,-0.13032066567857692,2.7039071179912373
3765.5999973600005,5012.597275304735,2.7184,2.60841925385286,-0.10998074614713982,2.7242647861187734
3765.8000071200004,5104.2366168691005,2.7249,2.6202600387014723,-0.1046399612985276,2.7407579298961458
3765.9999864,4958.427618832265,2.7337,2.601343410101974,-0.13235658989802568,2.7144206503896986
3766.19999616,4957.58080466351,2.73,2.601232336808205,-0.1287676631917951,2.7142661926793332
3766.4000059200002,5070.889302220345,2.722,2.6159698021096385,-0.1060301978903615,2.7347791474006424
3766.5999852000004,5201.409568341028,2.7101,2.6326429174049237,-0.07745708259507644,2.7580327035435857
3766.7999949600003,5283.786852593095,2.6942,2.6430051922185394,-0.05119480778146057,2.7725094217685577
3767.00000472,5340.23873390088,2.6817,2.650036538235674,-0.03166346176432633,2.7823433961996007
3767.20001448,5199.2269390916035,2.6958,2.6323666947879714,-0.06343330521202883,2.7576470630103254
3767.39999376,5057.183672995337,2.7081,2.614200393094817,-0.09389960690518295,2.7323142862395366
3767.6000035200004,5013.1578947368425,2.7094,2.6084921835693917,-0.10090781643060831,2.724366294529682
3767.8000132800003,5135.099618910915,2.7083,2.6242119699137287,-0.08408803008627119,2.746268139621176
3767.9999925600005,4993.046102131382,2.7139,2.6058720504881845,-0.10802794951181571,2.7207200122232282
3768.2000023200003,4970.005495052008,2.7211,2.602860609615652,-0.11823939038434794,2.7165306765821313
3768.40001208,4989.629493817803,2.7329,2.605426153863323,-0.1274738461366769,2.720099605992229
3768.59999136,5030.068189769555,2.7202,2.610689136356229,-0.10951086364377138,2.7274246014920305
3768.80000112,5074.004218348651,2.7178,2.6163714402483667,-0.10142855975163334,2.7353387234710054
3769.00001088,5088.48080133556,2.7267,2.618235631722914,-0.10846436827708628,2.7379363532569716
3769.19999016,4984.073204392787,2.7354,2.60470052128153,-0.13069947871846965,2.7190900596549903
3769.39999992,4970.370201260857,2.747,2.602908358723014,-0.1440916412769857,2.7165970896969327
3769.6000096800003,5041.766603258623,2.7392,2.6122057321601764,-0.12699426783982348,2.729536305107128
3769.79998896,5113.210300904374,2.7381,2.62141094046051,-0.11668905953949027,2.7423623564066824
3769.9999987200003,5107.230048207024,2.7334,2.620644123762288,-0.1127558762377121,2.7412933415921104
3770.20000848,5109.541666736515,2.7273,2.6209406103856376,-0.10635938961436242,2.7417066595767
3770.3999877600004,5120.00430026608,2.7248,2.622281283943016,-0.10251871605698426,2.743575823374923
3770.59999752,5093.489257383304,2.7374,2.6188796589490386,-0.11852034105096143,2.7388339064141483
3770.8000072800005,5060.239763722664,2.7259,2.614595248426086,-0.11130475157391428,2.732864288226423
3770.9999865600003,5057.082985603573,2.713,2.614187380961909,-0.09881261903809113,2.7322961618464543
3771.19999632,5073.134358168612,2.7495,2.616259298852718,-0.13324070114728181,2.73518248134541
3771.40000608,5111.958259049492,2.773,2.621250453337773,-0.15174954666222717,2.7421386136091974
3771.59998536,5101.528450059251,2.7549,2.6199124101473403,-0.1349875898526598,2.7402733608058267
3771.79999512,4991.6151346819,2.7381,2.6056853248488214,-0.13241467515117877,2.7204602038723413
3772.0000048800002,5018.580933673395,2.7254,2.6091973388896004,-0.11620266111039967,2.725347825114564
3772.20001464,4965.940620514483,2.7206,2.6023282385542434,-0.11827176144575668,2.715790241596804
3772.3999939200003,5009.524341719247,2.72,2.6080193941574388,-0.11198060584256142,2.723708251684865
3772.60000368,5026.33549140345,2.7149,2.6102046683686813,-0.10469533163131883,2.7267501156547493
3772.80001344,4919.350413335184,2.715,2.5962029175079486,-0.11879708249205123,2.7072746188736994
3772.99999272,4876.807802892486,2.7197,2.590571622454703,-0.12912837754529694,2.6994517017146733
3773.2000024800004,4889.230379316375,2.7234,2.592219774283736,-0.13118022571626398,2.701740706439218
3773.4000122400003,4920.303354135929,2.7109,2.5963286377647186,-0.11457136223528153,2.707449332186994
3773.59999152,4922.258037427248,2.709,2.5965864594865025,-0.11241354051349761,2.707807635576195
3773.80000128,4956.1056196839345,2.6997,2.601038808589287,-0.09866119141071295,2.713997078994652
3774.0000110400006,4994.0769068181935,2.7137,2.6060065343852346,-0.10769346561476523,2.72090713572715
3774.19999032,4869.6474618080965,2.7311,2.5896202009997418,-0.1414797990002583,2.69813055840757
3774.40000008,4781.82154769114,2.7197,2.5778641982345794,-0.14183580176542065,2.6818195153678817
3774.60000984,4863.8504844701465,2.6973,2.5888491659345845,-0.10845083406541534,2.697060017986961
3774.79998912,4989.025126812574,2.6805,2.605347254962535,-0.07515274503746472,2.719989832275567
3774.99999888,5019.010655517701,2.6724,2.6092531909873737,-0.06314680901262637,2.7254255713932465
3775.2000086400003,5051.819268182324,2.6764,2.6135068642521775,-0.06289313574782263,2.7313483227697315
3775.3999879200005,4982.973206710011,2.6751,2.604556793371562,-0.07054320662843816,2.718890107318366
3775.5999976800003,4880.602965830976,2.6625,2.591075475280557,-0.07142452471944294,2.7001514168528495
3775.80000744,4839.477946079833,2.6549,2.5855999018264346,-0.06930009817356542,2.69254975631856
3775.9999867200004,4825.021726844883,2.6552,2.583666845068302,-0.07153315493169776,2.689867399400744
3776.19999648,4773.665902901004,2.6603,2.576764324234382,-0.08353567576561804,2.6802947423912076
3776.4000062400005,4675.499187770072,2.6582,2.5634136366122338,-0.09478636338776614,2.6618037518382773
3776.5999855200002,4549.817365434823,2.646,2.5460104673415893,-0.0999895326584106,2.637748063106478
3776.79999528,4597.153324414535,2.6463,2.5526069125260653,-0.09369308747393479,2.6468596425428834
3777.00000504,4674.8466257668715,2.649,2.5633241876662725,-0.08567581233372756,2.6616799709447294
3777.2000147999997,4680.424370760861,2.6561,2.564088446749235,-0.09201155325076504,2.662737611292712
3777.39999408,4595.919462844374,2.6461,2.552435617357059,-0.0936643826429413,2.646622935705675
3777.60000384,4552.630832124726,2.6171,2.5464039696858634,-0.07069603031413685,2.6382913824668757
3777.8000136,4704.734679513104,2.5889,2.5674114753832904,-0.021488524616709803,2.6673374923571562
3777.9999928800003,4679.116678564027,2.5631,2.563909328919573,0.0008093289195731934,2.6624897248888653
3778.20000264,4535.255361064655,2.5404,2.5439708471897924,0.003570847189792392,2.634932351951642
3778.4000124000004,4406.184270442571,2.5041,2.5256743737292076,0.02157437372920734,2.6097075596658725
3778.59999168,4278.465198868622,2.463,2.5071694934401183,0.044169493440118224,2.5842572033585256
3778.8000014400004,4201.9587083112765,2.4497,2.4958853904553875,0.0461853904553875,2.568768428411478
3779.0000112000002,4147.627225199286,2.4371,2.4877780002088197,0.05067800020881963,2.5576544366378453
3779.19999048,4079.7642089032024,2.4184,2.477538772492675,0.059138772492675074,2.5436352340097343
3779.40000024,4068.4590310980834,2.3937,2.4758206481537792,0.08212064815377929,2.541284722296014
3779.6000100000006,3848.2419039202073,2.3857,2.4416155653778175,0.05591556537781761,2.4946030844134786
3779.7999892800003,3807.429984760287,2.3825,2.4351161179842555,0.052616117984255695,2.4857573944321576
3779.99999904,3705.531794873042,2.387,2.4186572575988574,0.0316572575988574,2.4633921773505647
3780.2000088,3708.737556929974,2.3851,2.419180200451713,0.034080200451712894,2.4641020045587383
3780.39998808,3695.562294110016,2.3955,2.417028802311689,0.021528802311688633,2.461182087229846
3780.59999784,3685.610640870617,2.4036,2.41539997301796,0.011799973017959875,2.458971984994499
3780.8000076000003,3699.8777632248175,2.4005,2.417734110991366,0.01723411099136607,2.4621392499839874
3780.9999868800005,3683.2457031821164,2.4083,2.415012408648174,0.0067124086481737955,2.458446185286885
3781.1999966400003,3670.63073912389,2.4199,2.412941918111949,-0.0069580818880510265,2.4556376738035635
3781.4000064,3611.4471500018362,2.4761,2.40315625447583,-0.07294374552417038,2.4423747907866113
3781.59998568,3648.293931838666,2.5742,2.40926265604046,-0.16493734395953963,2.4506489265054086
3781.7999954399997,3706.094994218346,2.6678,2.4187491545671866,-0.24905084543281353,2.463516911888164
3782.0000052000005,3987.2898594898943,2.6816,2.463378495706351,-0.21822150429364884,2.524279213354836
3782.2000149600003,4273.078901953309,2.6771,2.5063800316373355,-0.17071996836266434,2.583172817168426
3782.39999424,4624.200284916277,2.6851,2.5563531687393675,-0.12874683126063236,2.652037784873288
3782.600004,4882.972076704956,2.6988,2.591389853854432,-0.10741014614556788,2.7005880264959963
3782.8000137600006,4864.62675800078,2.7164,2.58895245523293,-0.1274475447670702,2.6972034234303996
3782.99999304,4892.487271186333,2.7141,2.5926513591502602,-0.12144864084973994,2.7023401849858457
3783.2000028,4692.089334425281,2.6882,2.5656845672421738,-0.12251543275782639,2.664946783487223
3783.40001256,4902.646753685431,2.6563,2.5939962532892364,-0.06230374671076344,2.7042084781792113
3783.5999918400003,4917.945499224714,2.6356,2.596017535674092,-0.03958246432590817,2.707016999062227
3783.8000016,4873.52499120591,2.6201,2.5901355530655303,-0.029964446934469535,2.6988461559611965
3784.0000113600004,4835.056060000382,2.6146,2.5850090763318665,-0.029590923668133318,2.69172984157071
3784.1999906400006,4819.597165166077,2.618,2.582940362701472,-0.03505963729852768,2.6888594872355696
3784.4000004000004,4752.756848460656,2.5951,2.5739380671584655,-0.021161932841534448,2.676377649935133
3784.6000101600002,4636.919187078695,2.5635,2.5581091763343147,-0.005390823665685218,2.6544658393175973
3784.79998944,4596.099648506947,2.5563,2.5524606344154024,-0.0038393655845974095,2.6466575055790886
3784.9999992,4531.007970887382,2.5347,2.5433750133956616,0.00867501339566168,2.6341099405644735
3785.2000089600006,4361.931557172358,2.4765,2.5193088108233623,0.04280881082336219,2.6009457733552623
3785.3999882400003,4299.018757431252,2.4348,2.510175167157385,0.07537516715738501,2.58838676553493
3785.599998,4256.061886044223,2.4412,2.5038809581916133,0.06268095819161346,2.5797408978144563
3785.80000776,4109.145815358067,2.4394,2.4819874547229306,0.04258745472293057,2.5497238553213695
3785.99998704,3943.140126366775,2.4169,2.456530985710435,0.039630985710434885,2.5149324443623695
3786.1999968,3878.696564528506,2.4063,2.4464319798056167,0.04013197980561678,2.5011632378659825
3786.4000065600003,3900.586239683859,2.4168,2.449876348221379,0.03307634822137917,2.5058572446908434
3786.5999858400005,3776.82999060749,2.4165,2.430208596826284,0.013708596826283781,2.4790835030265788
3786.7999956000003,3770.4993066388256,2.408,2.429189583354467,0.02118958335446708,2.477698276505068
3787.00000536,3733.7978530662344,2.4269,2.4232565441343685,-0.0036434558656313065,2.4696368625254355
3787.2000151200004,3706.4284889129394,2.485,2.418803565800141,-0.06619643419985888,2.4635907666452272
3787.3999943999997,3705.8922227328767,2.5231,2.418716069647416,-0.10438393035258375,2.4634720045431737
3787.6000041600005,3807.567915993659,2.5151,2.4351381718373837,-0.07996182816261621,2.485787396263219
3787.8000139200003,3983.761727133234,2.4991,2.4628333879367665,-0.03626661206323334,2.5235348307852115
3787.9999932,4123.694603074101,2.4663,2.484181466881573,0.017881466881572994,2.5527279941574808
3788.20000296,4151.8362476553975,2.406,2.4884089109962155,0.08240891099621539,2.5585188870385087
3788.4000127200006,4071.8886055251046,2.365,2.4763422417301775,0.11134224173017726,2.541998240670518
3788.5999920000004,3927.4200406658065,2.3491,2.4540789586701757,0.1049789586701757,2.5115875626199395
3788.80000176,3816.6696301787374,2.3579,2.4365921243218556,0.07869212432185568,2.4877655374041594
3789.00001152,3720.5714153185495,2.3729,2.4211076787323873,0.048207678732387294,2.4667187475056376
3789.1999908000003,3678.3207162588296,2.3916,2.4142047057385776,0.022604705738577646,2.4573504834533777
3789.40000056,3640.968057911461,2.4295,2.4080522779163456,-0.02144772208365442,2.4490083167730323
3789.6000103200004,3564.8497394782553,2.4832,2.3953666628568997,-0.08783333714310038,2.4318300923235627
3789.7999896000006,3815.5181931868974,2.5187,2.436408331903603,-0.08229166809639699,2.487515461228944
3789.9999993600004,3840.7596841201976,2.5338,2.4404278775972674,-0.0933721224027324,2.4929860663259484
3790.2000091200002,3936.951936378444,2.5303,2.4555666251778003,-0.07473337482219966,2.5136167993995806
3790.3999884,4081.6927776267535,2.5182,2.477831513492527,-0.04036848650747338,2.5440357778190705
3790.59999816,4195.729111174433,2.4952,2.494959809480512,-0.00024019051948798165,2.5674989903748062
3790.8000079200006,4267.604568913132,2.4543,2.5055769013887255,0.05127690138872554,2.5820697729122664
3790.9999872000003,4171.77645409951,2.394,2.4913913426263017,0.09739134262630156,2.562606290319372
3791.19999696,4098.4984274298195,2.3419,2.4803780934599216,0.13847809345992168,2.5475208080143226
3791.40000672,4023.703946213323,2.3451,2.4689835624369163,0.12388356243691634,2.53193649907125
3791.599986,3843.7820393987668,2.3874,2.4409078389278607,0.05350783892786071,2.4936394945557514
3791.79999576,3641.7162902285395,2.4108,2.4081759842817396,-0.0026240157182604307,2.4491759822587307
3792.0000055200003,3496.7762659752657,2.4102,2.383848521487086,-0.026351478512914195,2.416258991287397
3792.1999848000005,3545.0681913871595,2.4418,2.3920367200832753,-0.04976327991672491,2.42732585676138
3792.3999945600003,3603.4204120525437,2.5275,2.401819837052873,-0.12568016294712692,2.4405648856501436
3792.60000432,3656.5922431777803,2.5703,2.410631500040911,-0.15966849995908916,2.452504659579183
3792.8000140800004,3776.034569051383,2.5804,2.430080632833118,-0.15031936716688188,2.47890954072418
3792.9999933600006,3893.1429337795294,2.5835,2.4487067648874636,-0.13479323511253627,2.5042630828678654
3793.2000031200005,4267.084788710706,2.5459,2.5055006051471578,-0.040399394852842274,2.58196499137972
3793.4000128800003,4457.117788988813,2.5002,2.532941862219754,0.03274186221975395,2.619719772752456
3793.59999216,4520.739336661595,2.4565,2.541932772886463,0.08543277288646278,2.6321195249034943
3793.80000192,4476.231036964152,2.3731,2.5356529801493326,0.16255298014933262,2.623457252818863
3794.00001168,4119.5312816770065,2.2944,2.483554216027308,0.18915421602730786,2.5518690443082903
3794.1999909600004,4089.6722358484994,2.2813,2.4790416287508226,0.19774162875082268,2.545691688923378
3794.40000072,3787.1116440015658,2.3457,2.4318608485256763,0.0861608485256764,2.4813299515831972
3794.60001048,3591.4512149426996,2.4292,2.3998228640482164,-0.029377135951783373,2.4378610168680095
3794.7999897600002,3511.4155566768745,2.4535,2.386339615760443,-0.06716038423955695,2.4196245255818947
3794.99999952,3711.3341808033438,2.4706,2.4196035286308044,-0.05099647136919572,2.464676655133937
3795.2000092800004,3956.3965638540085,2.5177,2.458593039925878,-0.05910696007412186,2.517746212736882
3795.3999885600006,4152.633816172384,2.5419,2.488528408342159,-0.05337159165784122,2.5586826260530735
3795.5999983200004,4139.223488192078,2.5321,2.4865168854350808,-0.045583114564919036,2.5559267228616473
3795.80000808,4068.708852378486,2.5082,2.4758586538481877,-0.03234134615181228,2.541336710820327
3795.99998736,4151.819281441041,2.5043,2.488406368811194,-0.015893631188806268,2.5585154036852056
3796.19999712,4203.216122257326,2.5283,2.4960720896354753,-0.03222791036452488,2.56902450607258
3796.40000688,4234.297812279464,2.5371,2.5006737995306296,-0.03642620046937051,2.575338250914046
3796.5999861600003,4184.686354462705,2.5496,2.493316563017774,-0.05628343698222604,2.5652456572050695
3796.79999592,4173.672996554803,2.5294,2.491674448887969,-0.037725551112030686,2.5629943702507045
3797.00000568,4178.284435890477,2.4873,2.4923624189248796,0.005062418924879797,2.5639374955300416
3797.19998496,4141.523803571114,2.4454,2.4868622751819767,0.04146227518197687,2.556399874148116
3797.3999947200004,3998.4677787514497,2.4499,2.4651031349320447,0.015203134932044726,2.526634689083712
3797.6000044800003,3712.9074696681773,2.4959,2.4198599142123793,-0.07604008578762045,2.465024704269142
3797.80001424,3662.5459019860423,2.5736,2.4116121482654496,-0.16198785173455033,2.4538343336744273
3797.9999935200003,3762.484523572929,2.6363,2.427897647942834,-0.20840235205716606,2.475942323253799
3798.20000328,3858.99476225022,2.6175,2.4433193876336774,-0.17418061236632276,2.4969232683767473
3798.4000130400004,3928.159023424613,2.5502,2.45419439030675,-0.09600560969325,2.5117450013605844
3798.5999923200006,4219.742246846616,2.4902,2.4985219825231373,0.008321982523137095,2.5723853834342325
3798.8000020800005,4520.544897701909,2.4614,2.541905440037836,0.080505440037836,2.6320818068536584
3799.0000118400003,4570.263299946021,2.4509,2.5488659704182774,0.09796597041827759,2.641691367633387
3799.19999112,4476.395385553051,2.4375,2.5356762544870604,0.09817625448706035,2.623489344002378
3799.40000088,4137.442360188249,2.4156,2.48624935218278,0.07064935218278023,2.5555602426356265
3799.60001064,3959.711751691777,2.41,2.459107911079298,0.04910791107929802,2.5184489007664794
3799.7999899200004,3763.69246878716,2.4179,2.428092493549871,0.010192493549871173,2.47620713066128
3799.99999968,3652.933012782869,2.4223,2.4100281809062256,-0.012271819093774283,2.451686700463406
3800.20000944,3680.328235048365,2.4272,2.4145340387468823,-0.012665961253117697,2.4577972305002027
3800.3999887200002,3730.868283702667,2.433,2.422781077322668,-0.010218922677331932,2.468991114180025
3800.59999848,3728.5179019013244,2.4401,2.4223994097125283,-0.01770059028747184,2.4684727883603346
3800.8000082400004,3685.610640870617,2.4427,2.41539997301796,-0.027300026982040038,2.458971984994499
3800.9999875200006,3652.219550158706,2.439,2.409910495270066,-0.029089504729934212,2.4515271543069526
3801.1999972800004,3668.386523734389,2.4419,2.412573016704323,-0.029326983295677067,2.4551373625732964
3801.40000704,3653.8569889005703,2.4441,2.4101805651195702,-0.03391943488042992,2.4518932912549047
3801.59998632,3722.2207296431898,2.4458,2.4213759509608836,-0.024424049039116547,2.467083008622499
3801.7999960800003,3762.809663310014,2.4406,2.4279500986850033,-0.012649901314996548,2.476013606408561
3802.00000584,3800.726228003671,2.4423,2.4340435299321874,-0.008256470067812494,2.484298365981017
3802.1999851200003,3761.6858473974885,2.4356,2.4277687930350913,-0.007831206964908688,2.4757672052314823
3802.39999488,3761.3191271962633,2.4247,2.4277096211340883,0.003009621134088203,2.475686789724035
3802.60000464,3692.0617039446197,2.4322,2.416456221352977,-0.01574377864702292,2.460405115403259
3802.8000144000002,3651.0645943760674,2.4467,2.409719948798612,-0.03698005120138781,2.451268836373121
3802.9999936800004,3682.186697013298,2.4451,2.4148387989407447,-0.030261201059255338,2.458210662074665
3803.2000034400003,3760.0941503889626,2.434,2.427511934421842,-0.006488065578158064,2.475418135223531
3803.4000132,3801.911433425388,2.4336,2.4342332636914104,0.0006332636914101464,2.4845564429322993
3803.5999924800003,3791.242826117783,2.4505,2.4325237780812037,-0.01797622191879622,2.482231432284291
3803.80000224,3816.722201978235,2.4604,2.436600514841823,-0.02379948515817709,2.487776954070258
3804.0000120000004,3782.7030689784847,2.4502,2.4311528073243607,-0.01904719267563948,2.4803672163696397
3804.19999128,3803.296689584607,2.4355,2.4344549663824764,-0.0010450336175238384,2.4848580126869506
3804.40000104,3771.3857244141545,2.4457,2.4293323421010338,-0.016367657898966215,2.477892328246432
3804.6000108,3829.785630011045,2.4635,2.4386827716000914,-0.02481722839990841,2.4906106070961527
3804.79999008,3779.644728276033,2.4641,2.4306612574445934,-0.0334387425554068,2.47969890280269
3804.99999984,3718.810127169154,2.4562,2.4208210946974935,-0.035378905302506425,2.4663296373772154
3805.2000096,3756.2480898344693,2.4481,2.4268909432417463,-0.021209056758253908,2.4745742610227484
3805.3999888800004,3794.0224230708436,2.4299,2.432969514336099,0.003069514336099033,2.4828376099583602
3805.59999864,3874.687914736527,2.427,2.4457996351522504,0.01879963515225036,2.5003017133644447
3805.8000084,3851.20792479531,2.4309,2.442085896423459,0.01118589642345924,2.495243505017184
3805.9999876800002,3797.8752831585166,2.4326,2.43358695425089,0.0009869542508900153,2.4836773565413104
3806.1999974400005,3731.6128084426523,2.443,2.4229019396355813,-0.020098060364418746,2.469155257579212
3806.4000072000003,3744.4763445655344,2.4447,2.42498728983143,-0.019712710168569902,2.471987805598626
3806.5999864800006,3691.1764171610644,2.4959,2.4163113531660523,-0.07958864683394751,2.4602085441764756
3806.7999962400004,3654.851551633172,2.6264,2.4103445583421936,-0.2160554416578062,2.4521156255024463
3807.000006,3732.9427297021243,2.7607,2.4231177872064626,-0.3375822127935373,2.4694484074629544
3807.19998528,3713.694614411767,2.7986,2.4199881579549425,-0.3786118420450575,2.465198802607856
3807.3999950400002,3768.8908233443717,2.7909,2.428930470716513,-0.361969529283487,2.477346074792846
3807.6000048,3947.3019647151614,2.7766,2.457178923680057,-0.319421076319943,2.515816501071507
3807.80001456,4146.397205262986,2.7645,2.4875935358913686,-0.2769064641086314,2.5574017042964305
3807.99999384,4321.436622474022,2.7675,2.51344120668023,-0.25405879331977,2.5928759153190843
3808.2000036,4274.1514799670185,2.7748,2.5065372973449924,-0.2682627026550075,2.5833888245888263
3808.4000133600002,4283.913259189401,2.7768,2.5079672499012835,-0.26883275009871666,2.5853530982912987
3808.5999926400004,4274.223403897285,2.7638,2.506547842062289,-0.2572521579377107,2.5834033081185277
3808.8000024000003,4368.458240950283,2.7453,2.5202506821972666,-0.2250493178027333,2.602241734731812
3809.00001216,4460.627063479055,2.745,2.5334402877407562,-0.21155971225924386,2.6204067900413577
3809.1999914400003,4523.939924215102,2.748,2.5423825621091294,-0.20561743789087084,2.632740232324308
3809.4000012,4330.708102033074,2.7501,2.514788246772864,-0.23531175322713604,2.594727978500721
3809.6000109600004,4239.227036477103,2.7584,2.5014012521678355,-0.2569987478321645,2.576336701403259
3809.79999024,4154.7225209678545,2.7557,2.488841271294648,-0.2668587287053521,2.55911133308064
3810.0,4124.498138698429,2.7511,2.4843024738094566,-0.26679752619054353,2.55289370790622
3810.20000976,4220.519367586744,2.7562,2.4986370084572043,-0.25756299154279594,2.5725432083321196
3810.39998904,4284.370901699833,2.7662,2.5080342275909655,-0.2581657724090345,2.58544511223849
3810.5999988000003,4371.070625487587,2.7643,2.5206273819163836,-0.2436726180836164,2.6027600972064775
3810.80000856,4475.777497470627,2.7607,2.5355887485191304,-0.22511125148086952,2.623368689302081
3810.9999878400004,4752.816137120618,2.7505,2.5739460943219523,-0.17655390567804785,2.6763887732748044
3811.1999976,4792.573398072908,2.7402,2.5793120497587965,-0.16088795024120373,2.6838270251475893
3811.40000736,4796.8952378854,2.7329,2.579893345280448,-0.15300665471955188,2.684633122427058
3811.59998664,4583.982530334294,2.7314,2.5507766472335094,-0.18062335276649044,2.6443307360485315
3811.7999964000005,4450.869584264249,2.7322,2.532053694873156,-0.2001463051268444,2.618495656539905
3812.0000061600003,4384.551647946971,2.7429,2.5225686342627482,-0.22033136573725187,2.6054317909270535
3812.19998544,4583.5827135170575,2.7428,2.550721025470544,-0.19207897452945577,2.644253892027934
3812.3999952,4718.164002637714,2.7432,2.569241639873421,-0.17395836012657906,2.6698717319075307
3812.6000049599998,4618.412738818759,2.7482,2.5555529243791066,-0.19264707562089356,2.6509314606411025
3812.8000147200005,4518.058894854335,2.7585,2.541555897676264,-0.21694410232373595,2.631599466676028
3812.9999940000002,4526.869375758378,2.7607,2.542794038542743,-0.21790596145725694,2.6333081002394305
3813.20000376,4562.744472836851,2.7513,2.5478169981864314,-0.2034830018135687,2.6402426194623474
3813.40001352,4620.351983507406,2.745,2.5558211476063235,-0.1891788523936766,2.651302261856904
3813.5999928,4620.828292567562,2.7532,2.555887014542142,-0.19731298545785814,2.651393320603744
3813.80000256,4917.2790410660555,2.7402,2.59592958100905,-0.14427041899095006,2.7068947731303616
3814.00001232,5146.614345005522,2.7278,2.625681839459469,-0.10211816054053058,2.7483182952882874
3814.1999916000004,5504.766101621451,2.7387,2.6702161080265947,-0.06848389197340543,2.81061452484784
3814.4000013600003,5478.21116994317,2.7257,2.66698999276722,-0.05871000723277975,2.80609002051759
3814.60001112,5081.9226607399805,2.7063,2.617391614467941,-0.08890838553205915,2.7367601937600585
3814.7999904,4726.966506464685,2.7014,2.5704391371431843,-0.13096086285681574,2.671530238516209
3815.0000001600006,4523.255140973302,2.7066,2.5422863473143664,-0.16431365268563347,2.632607453200854
3815.2000099200004,4422.6087006990865,2.7092,2.5280247578350687,-0.1811752421649313,2.612944570090318
3815.3999892,4697.078503468872,2.7224,2.5663663281862474,-0.1560336718137525,2.6658905404215374
3815.59999896,4955.348215635684,2.714,2.6009394286333176,-0.11306057136668235,2.7138588872346605
3815.80000872,5050.312579221809,2.6965,2.6133119749353155,-0.08318802506468437,2.7310768916403005
3815.999988,4909.327238551749,2.7107,2.594879465239242,-0.11582053476075815,2.705435589379243
3816.1999977600003,4870.760257280972,2.7265,2.5897681311500507,-0.13673186884994948,2.698335963532795
3816.40000752,4815.706027058328,2.7224,2.582418865693096,-0.13998113430690395,2.6881360272280825
3816.5999868000004,4714.974530165473,2.7062,2.5688073287935227,-0.13739267120647725,2.6692702844320677
3816.79999656,4604.883472879835,2.7104,2.5536792935666317,-0.15672070643336822,2.648341648697571
3817.00000632,4620.884335384028,2.7131,2.5558947641514287,-0.15720523584857116,2.6514040342202545
3817.1999856,4467.3086224332765,2.7033,2.534388463323779,-0.16891153667622083,2.621713855712846
3817.3999953600005,4487.513581795535,2.7057,2.537249279406497,-0.16845072059350308,2.6256584934436553
3817.6000051200003,4551.291623114828,2.7264,2.5462166854810317,-0.18018331451896819,2.6380327906016174
3817.80001488,4780.141710500316,2.7394,2.5776377697336312,-0.1617622302663686,2.6815055962089613
3817.99999416,4865.069344795828,2.7406,2.589011339353718,-0.15158866064628196,2.697285178186933
3818.2000039199997,5004.096200794285,2.7409,2.6073126178318593,-0.1335873821681406,2.7227246126623768
3818.4000136800005,4843.984908634944,2.735,2.5862016782258332,-0.14879832177416663,2.6933849321968952
3818.5999929600002,4840.361756695596,2.7285,2.585717942665971,-0.14278205733402904,2.692713574298667
3818.80000272,4847.783109420254,2.7233,2.586708493710474,-0.136591506289526,2.6940883666448827
3819.00001248,5049.6934233044685,2.7177,2.6132318748454044,-0.10446812515459536,2.7309653345899356
3819.19999176,4967.146433041302,2.7036,2.602486196257632,-0.101113803742368,2.71600992786362
3819.4000015200004,4999.991797913718,2.7178,2.6067778182345895,-0.11102218176541045,2.721980377082705
3819.60001128,4972.583900117626,2.7271,2.60319813055653,-0.12390186944347015,2.7170001352445543
3819.7999905600004,4845.124513977421,2.7321,2.5863537735215782,-0.14574622647842173,2.693596028015713
3820.0000003200003,4866.040211883484,2.7399,2.589140494646259,-0.15075950535374094,2.697464499656267
3820.20001008,4869.009584664536,2.7432,2.5895353929773166,-0.15366460702268325,2.6980128018716756
3820.39998936,4844.238963383721,2.7281,2.5862355874920655,-0.14186441250793447,2.6934319951246204
3820.5999991200006,4794.163954744854,2.7322,2.579526028302621,-0.15267397169737906,2.684123747606652
3820.8000088800004,4626.839616555222,2.742,2.5567178599153078,-0.18528214008469224,2.6525420024482176
3820.99998816,4675.979761966857,2.7307,2.5634795046040413,-0.16722049539595885,2.6618949019459226
3821.19999792,4576.7140154358995,2.7286,2.549764896399165,-0.17883510360083532,2.6429330429537723
3821.40000768,4575.230112459396,2.7395,2.549558194394951,-0.18994180560504903,2.6426475151409745
3821.59998696,4496.072574399824,2.7373,2.5384582330088765,-0.19884176699112333,2.6273259046446893
3821.7999967200003,4601.261723933354,2.7263,2.553177027091405,-0.17312297290859524,2.647647502095745
3822.00000648,4643.9557727204165,2.7257,2.559079115598804,-0.16662088440119582,2.655807224662224
3822.1999857600003,4632.225884841771,2.74,2.557461626813005,-0.18253837318699517,2.6535703996523368
3822.39999552,4678.721640622602,2.7425,2.5638552122133302,-0.17864478778666992,2.662414832329344
3822.60000528,4798.065661717481,2.7382,2.5800507018756518,-0.1581492981243482,2.684851343211275
3822.8000150400003,4837.872542375034,2.7252,2.585385444390136,-0.13981455560986422,2.6922521370141768
3822.9999943200005,4795.461303553645,2.7133,2.579700521994431,-0.1335994780055687,2.6843657227758206
3823.2000040800003,4780.329133816281,2.7054,2.5776630358420594,-0.12773696415794067,2.6815406245402778
3823.40001384,4819.399029795524,2.7018,2.5829138158907012,-0.11888618410929874,2.68882265832224
3823.59999312,4768.87837482633,2.7074,2.576118019378255,-0.13128198062174468,2.6793988605817645
3823.8000028800006,4746.598893706086,2.7049,2.5731039249089918,-0.1317960750910081,2.675221831620722
3824.0000126400005,4718.952912652926,2.699,2.5693490319320946,-0.12965096806790521,2.670020456982549
3824.1999919200002,4746.377150118193,2.6913,2.57307387290202,-0.11822612709798008,2.675180192775735
3824.40000168,4740.287309933608,2.6934,2.5722481297532704,-0.12115187024672958,2.674036139777608
3824.60001144,4787.988557838367,2.6969,2.578694950265441,-0.11820504973455881,2.6829713437226292
3824.79999072,4716.616168337392,2.7161,2.5690308984888297,-0.14706910151117025,2.669579886466866
3825.0000004800004,4779.077424817336,2.7185,2.577494281725358,-0.14100571827464226,2.6813066700160406
3825.20001024,4907.785796404178,2.7046,2.5946757546581307,-0.1099242453418694,2.7051525469843507
3825.3999895200004,5143.357593286637,2.7007,2.6252663612828417,-0.07543363871715814,2.7477387528035173
3825.5999992800002,5200.575339240287,2.7059,2.6325373518169837,-0.07336264818301652,2.757885319491338
3825.80000904,5124.945774441856,2.6997,2.622913766228988,-0.07678623377101212,2.74445773901655
3825.99998832,5096.989966555185,2.7062,2.619329526104735,-0.08687047389526503,2.7394609105607706
3826.1999980800006,4883.089419171894,2.7005,2.591405422105349,-0.10909457789465105,2.700609648174461
3826.4000078400004,4928.521880017658,2.6984,2.5974121401439327,-0.10098785985606717,2.7089551909855563
3826.59998712,5063.85474312733,2.6895,2.6150620828745037,-0.07443791712549608,2.73351458703087
3826.79999688,5120.658024716247,2.6868,2.622364983448796,-0.06443501655120398,2.7436925275667736
3827.00000664,5049.007508907822,2.7135,2.6131431296224523,-0.10035687037754748,2.730841738612476
3827.19998592,4975.692891354244,2.7449,2.6036049323053807,-0.1412950676946192,2.7175659836549406
3827.3999956800003,4900.32154340836,2.7523,2.593688630688282,-0.15861136931171815,2.703781108149955
3827.60000544,4810.067053723463,2.7199,2.581662559671353,-0.13823744032864704,2.687086908789511
3827.8000152,4649.282701709161,2.6898,2.559812659020165,-0.1299873409798349,2.6568217967994596
3827.99999448,4652.675059188805,2.6644,2.560279474286727,-0.1041205257132729,2.657467504597159
3828.2000042400005,4664.344696297294,2.6673,2.561883361913387,-0.10541663808661283,2.659686331050423
3828.4000140000003,4662.889033031857,2.6722,2.5616834583760286,-0.11051654162397151,2.6594097582452028
3828.5999932800005,4688.89893945967,2.6812,2.565248320479903,-0.115951679520097,2.6643429338960263
3828.8000030400003,4682.027649769586,2.7001,2.564308000623311,-0.13579199937668873,2.6630414661795148
3829.0000128,4643.701066314429,2.6892,2.5590440255116707,-0.13015597448832938,2.6557586935934356
3829.19999208,4681.136004816288,2.6674,2.564185905253337,-0.10321409474666332,2.662872489387275
3829.4000018400006,4701.577835947634,2.652,2.566980688254746,-0.08501931174525401,2.666741066239966
3829.6000116000005,4700.881723780016,2.6374,2.566885666659067,-0.07051433334093282,2.6666095130278036
3829.79999088,4757.861085441695,2.6544,2.5746288610759196,-0.07977113892408028,2.677334933839245
3830.00000064,4714.369236575339,2.6911,2.568724880974337,-0.122375119025663,2.6691561119510627
3830.2000104,4685.993828878207,2.6938,2.5648508891088664,-0.1289491108911336,2.6637928420239776
3830.39998968,4702.687690930972,2.6983,2.567132165282485,-0.13116783471751514,2.666950782859846
3830.5999994400004,4697.7083259482115,2.7337,2.566452353677071,-0.16724764632292866,2.666009630836919
3830.8000092,4714.237988591792,2.7423,2.568707002470141,-0.17359299752985935,2.6691313542323023
3830.9999884800004,4766.708109502921,2.7122,2.5758248784367233,-0.1363751215632769,2.6789925450394843
3831.1999982400002,4935.800585883417,2.6878,2.598370608932295,-0.08942939106770531,2.7102874514757014
3831.400008,5098.36260264051,2.7017,2.6195058568025598,-0.08219414319744045,2.739706681949151
3831.59998728,5113.493381649807,2.7269,2.6214472217551283,-0.10545277824487176,2.742412938531725
3831.7999970400006,5114.4801201433,2.7383,2.6215736761929582,-0.11672632380704195,2.7425892387520343
3832.0000068000004,5116.549216570368,2.7005,2.6218387796776543,-0.07866122032234557,2.7429588498523465
3832.19998608,5116.987289793055,2.6615,2.621894897602059,-0.03960510239794113,2.7430370918661215
3832.39999584,5182.465990066941,2.6707,2.630242609661925,-0.04045739033807516,2.754682030413867
3832.6000056000003,5398.129781807878,2.6901,2.6571894792453996,-0.03291052075460055,2.792356342824589
3832.79998488,5452.593917710197,2.6928,2.6638666607526202,-0.02893333924737984,2.8017114000750265
3832.9999946400003,5434.743846686019,2.6741,2.6616838145844883,-0.012416185415511816,2.79865226678378
3833.2000044,5409.424964638192,2.6699,2.6585783824659903,-0.011321617534009842,2.7943016205659337
3833.40001416,5389.510611925177,2.6602,2.6561281628948596,-0.0040718371051404745,2.7908701064788737
3833.59999344,5393.315685913679,2.6662,2.6565968552395858,-0.009603144760414128,2.7915264251631307
3833.8000032000004,5397.900344275534,2.7017,2.65716124406307,-0.04453875593693013,2.7923168005444654
3834.0000129600003,5409.242564066161,2.7193,2.658555971010394,-0.06074402898960596,2.794270228721519
3834.1999922400005,5404.255319148937,2.7066,2.657942971304463,-0.04865702869553701,2.79341163092748
3834.4000020000003,5432.15773218108,2.6886,2.6613671185287546,-0.027232881471245474,2.798208504794011
3834.60001176,5419.456703021597,2.6948,2.659810104675867,-0.03498989532413299,2.7960270357436907
3834.79999104,5427.940000605479,2.7025,2.66085037166397,-0.04164962833602992,2.797484464605316
3835.0000008,5413.065947766046,2.7097,2.659025629484482,-0.05067437051551815,2.7949281002384403
