depth_m,impedance_measured,impedance_gardner,rc_measured,rc_gardner
3614.1999852000004,13390096.78138181,12664664.824191656,0.005666690040613811,0.0013169600891101653
3614.39999496,13542716.687230103,12698066.52913481,0.014248132233682105,0.01686136558991783
3614.60000472,13934211.594767403,13133624.108786458,0.0077921356020200375,0.014836908143775014
3614.80001448,14153071.513438873,13529218.251741566,-0.008373478764685763,-0.01012542214439012
3614.99999376,13918018.834508758,13257986.495606456,-0.02796038494572807,-0.03339748619979108
3615.2000035200003,13160882.333931834,12401039.528080298,-0.01304444595183549,-0.012552470365834739
3615.40001328,12821950.67309609,12093571.647180196,0.009876078249183348,0.01023682734928173
3615.5999925600004,13077738.02531105,12343732.10658949,0.007099490588704515,0.006795983020506225
3615.80000232,13264756.315969976,12512655.696047328,0.008282408667892318,0.005311565694447787
3616.00001208,13486319.659504693,12646289.084049799,0.016583680054211715,0.021090376923944186
3616.19999136,13941168.345266549,13191211.714667454,0.021884174646401088,0.02778258734584133
3616.4000011200005,14565002.363558602,13945129.484273586,0.0050496231851125456,0.007127800171020007
3616.6000108800004,14712844.457677288,14145352.828909528,0.012732088819225764,0.01957516804562263
3616.79999016,15092326.542118905,14710205.226902263,-0.04315653670380716,-0.050528135075907935
3616.99999992,13843554.145180484,13295147.006409125,-0.023761180743711873,-0.030385380772990484
3617.20000968,13200944.91489098,12511016.890122803,-0.019078989385516703,-0.029521693958917735
3617.39998896,12706654.108126605,11793506.197706457,0.014349517966480693,0.019777163188827652
3617.5999987200003,13076631.832973327,12269402.26517468,0.023067620876232754,0.03970577279592332
3617.80000848,13694170.552964693,13284020.67041327,-0.012934276449095174,-0.006478540029287722
3617.9999877600003,13344445.61662623,13113006.473407831,-0.022241510602823044,-0.02951335279823762
3618.19999752,12763759.691446058,12361177.88324266,-0.018558170797616465,-0.03416655076569455
3618.4000072800004,12298647.26259362,11544406.52014086,-0.011285363681702245,-0.011264179769529602
3618.5999865600006,12024155.58668121,11287226.89689932,-0.023592163679448917,-0.031128072887262492
3618.7999963200004,11469880.443173995,10605740.996592218,0.007467163753177554,0.0031044107091272324
3619.0000060800003,11642464.104632325,10671795.207849128,0.03991384950313616,0.047281378528692214
3619.19998536,12610492.983868778,11731031.749324022,0.024157654067100385,0.029261361469327198
3619.39999512,13234855.98346512,12438258.075340461,0.012965157554182158,0.01575132489393149
3619.6000048800006,13582547.849351719,12836366.90497773,0.006951548048270888,0.011080139730054998
3619.8000146400004,13772709.233334817,13124011.525431773,-0.0035286434057007843,-0.0037259738128133948
3619.99999392,13675853.045055209,13026575.124384848,0.0009383613235402149,0.0011272727344115426
3620.20000368,13701542.934581745,13055977.274548026,-0.00296739667184247,-0.004028892992041762
3620.40001344,13620467.691182807,12951197.15175907,-0.006679922603354855,-0.005054239264405351
3620.59999272,13439707.813180462,12820938.611258043,-0.031040549152738312,-0.033546494539246505
3620.8000024800003,12630475.0214803,11988663.431799727,-0.012146333217234797,-0.015575681698465288
3621.00001224,12327329.214855254,11620927.951384421,-0.0039583894907391694,-0.008522209629162518
3621.1999915200004,12230121.26097239,11424529.73002347,0.00818166610471152,0.007908970631239997
3621.40000128,12431897.665295187,11606682.914430298,0.01041564610305177,0.01363805150096125
3621.6000110400005,12693595.914587747,11927645.294585379,0.004667758259006111,0.011732645641023384
3621.79999032,12812652.918233413,12210853.750183837,0.012137011291849801,0.01823326475190586
3622.0000000800005,13127488.71008854,12664411.038856165,0.002289800175168288,0.0017930425812904018
3622.2000098400003,13187745.337620579,12709908.273855116,0.0014645042372246951,0.0017377413964038452
3622.39998912,13226429.007872345,12754158.236350682,-0.006340252707120357,-0.008366258631594603
3622.59999888,13059767.876913682,12542519.68632939,0.0009427989444653642,0.0013177378339284582
3622.80000864,13084416.58642963,12575618.807740882,-0.005268372343443202,-0.006422952654222505
3622.9999879200004,12947271.958446676,12415104.574660944,0.0029389612931394714,0.0008940765087711394
3623.1999976800003,13023599.343953537,12437324.547725169,0.0016216689797051785,0.003415347171906406
3623.40000744,13065907.888528246,12522571.257273851,0.011693660914376711,0.019521989972443813
3623.5999867200003,13375100.069827596,13021237.230428807,-0.0030081620273902147,-0.004226937538020525
3623.79999648,13294872.471158262,12911620.65994384,0.004057789674715577,0.004582521433809437
3624.0000062400004,13403207.665069778,13030500.988436032,-0.0005995038365348042,0.003132174220303471
3624.1999855200006,13387146.744818922,13112385.062168065,-0.01338535031810557,-0.006278245605631383
3624.3999952800004,13033497.170384007,12948766.750323597,-0.02316029352294722,-0.028685253565983074
3624.6000050400003,12443443.740813881,12226604.83284263,-0.015223604713312166,-0.02779073745285699
3624.8000148,12070256.852914475,11565407.270989826,0.007830369829690447,0.00430646639845862
3624.99999408,12260777.853000825,11665450.178001288,-0.009345350524127678,-0.014682486553949178
3625.20000384,12033737.094998116,11327851.337666595,0.010321426293749141,0.013598143993344696
3625.4000136,12284738.44789038,11640173.851430709,-0.00814056019045105,-0.008477066806141275
3625.59999288,12086344.182828557,11444483.667446297,0.001398315000479417,-0.0043734394589175305
3625.80000264,12120192.546246478,11344816.04484347,0.020898505885674434,0.023451789777065572
3626.0000124000003,12637593.279032335,11889707.199541122,0.007166785805000819,0.0084761352278238
3626.19999168,12820042.70321881,12092987.76518983,0.029851411762966695,0.03742266896642558
3626.4000014400003,13608986.537581425,13033279.757035935,-0.007597111992222774,-0.005303422608724559
3626.6000112,13403767.619035227,12895767.06390309,-0.005498413206875567,-0.005345482623378808
3626.7999904800004,13257174.741452573,12758631.919921827,-0.0025505914114028264,-0.00545503393104093
3627.00000024,13189719.520090802,12620189.587469177,-0.027759535223010435,-0.03363264230033215
3627.2000100000005,12477217.283815969,11798910.721482283,-0.005430560760731745,-0.007389183692287012
3627.39998928,12342432.666699601,11625821.075293351,0.0036684163111087597,0.0007386660610728054
3627.59999904,12433320.443529168,11643008.970328923,0.005138186332524656,0.009622727793026089
3627.8000088,12561749.771689499,11869261.145449158,-0.0034338321387795603,0.0007367352892671631
3627.99998808,12475775.114061315,11886763.046804275,-0.008615725972185219,-0.0019826362975150164
3628.19999784,12262635.745111352,11839722.056226557,-0.00028393641936107266,0.006597805207152665
3628.4000076,12255674.104004009,11996992.052695815,0.0035301440123542385,0.002839763285205581
3628.5999868800004,12342509.233628143,12065323.332483685,0.006879675678917094,0.0051341793409394355
3628.7999966400002,12513510.588674318,12189853.761631116,-0.003517772604937428,-0.0053432928198279125
3629.0000064,12425779.836031709,12060278.205610674,0.0017124986973334458,0.002518892201721646
3629.1999856800003,12468411.105590407,12121188.714060824,0.003458236781890937,0.0047486074287650245
3629.39999544,12554947.80578418,12236855.503783869,-0.006732147229158283,-0.0072307997251919035
3629.6000052000004,12387034.70731888,12061161.409762688,0.0071679942188715845,0.009007324760784727
3629.80001496,12565897.178822638,12280413.883619273,1.6391904964948992e-05,-0.004233131016308458
3629.9999942400004,12566309.143560234,12176882.941852307,-0.005209368696045775,-0.008932603676218433
3630.2000040000003,12436062.571023382,11961266.420124404,0.008014385004809941,0.009853677826373867
3630.4000137600005,12637007.810312102,12199337.224529538,0.014269251958112126,0.016360462799721243
3630.59999304,13002869.682431184,12605150.116945904,0.022614353827266714,0.022284377513254492
3630.8000028,13604579.963157713,13179750.578177819,-0.008504247602299947,-0.013104699882465239
3631.00001256,13375137.763371151,12838785.471860958,-0.00949160474286727,-0.007765419592524836
3631.19999184,13123622.009431517,12640924.830268942,-0.01896731016829415,-0.010680731994425957
3631.4000016,12635049.30116038,12373749.794672178,-0.06339722585191888,-0.082712286317566
3631.6000113600003,11128505.829497535,10483199.278579371,0.043604850815074314,0.03780964338168026
3631.7999906400005,12143268.058066925,11307082.044595085,0.010107109005386897,0.01339194131760432
3632.0000004000003,12391241.015668826,11614040.370917251,0.012877641260179406,0.017892340914087684
3632.20001016,12714544.312682409,12037216.725940974,-0.00574006412184643,-0.005119153337314424
3632.3999894400004,12569412.777729431,11914603.684551844,0.005705835180487587,0.006438505973095232
3632.5999992,12713673.903184708,12069022.404381927,0.015444914911124602,0.019790657208505053
3632.8000089600005,13112557.855167441,12556375.20713459,0.00038099934891693736,0.0011474083487522197
3632.99998824,13122553.415480321,12585222.886688415,0.007330372938846785,0.01194746112344711
3633.199998,13316360.514686516,12889582.129243659,-0.002714702607811848,-0.0026020646123290653
3633.40000776,13244256.338849131,12822677.169220097,0.00023974420843636475,-0.0003055339241976623
3633.59998704,13250608.329206603,12814844.036759334,-0.0030524840022149915,-0.0056044930968176185
3633.7999968,13169959.967152538,12672003.177487442,0.0014611835990355814,-0.003762763037292669
3634.00000656,13208503.74569751,12576997.172242887,0.009709416670398333,0.011286504640919756
3634.1999858400004,13467512.300597217,12864138.669996593,-0.023626455376906226,-0.029484092702587845
3634.3999956000002,12845821.493884262,12127289.096946029,-0.007020759272499066,-0.007672717334569292
3634.60000536,12666704.192605965,11942607.5834451,0.00933164863233634,0.014846472141317704
3634.8000151200004,12905333.462819267,12302562.830558099,0.0014284768011069452,-0.002454358075626775
3634.9999944,12942256.144938482,12242320.89696613,-0.005414124034706052,-0.013868532347356159
3635.2000041600004,12802868.844954193,11907399.715472905,-0.01370224730972749,-0.01755833794413635
3635.40001392,12456755.228942908,11496466.719409805,-0.010613664074556403,-0.007775034554318241
3635.5999932,12195108.627162507,11319075.09343941,-0.014400596577134175,-0.011905837995000793
3635.80000296,11848861.11873896,11052720.123924145,0.000485553322569198,0.0012313514096899507
3636.0000127200005,11860373.216245884,11079973.2471068,0.01792457660894841,0.02326061219951317
3636.1999920000003,12293317.90310354,11607702.47375815,0.025562007027263342,0.030607513422262932
3636.40000176,12938288.400751833,12340703.635179255,0.022754165776751024,0.027539626091842934
3636.60001152,13540797.920523021,13039669.624831356,0.008382364454473332,0.009416840984174642
3636.7999908,13769724.674355421,13287589.235064195,0.0020362515322636713,0.00222273362039634
3637.00000056,13825916.340656037,13346790.366062017,-0.01875716830594849,-0.02771210255188892
3637.2000103200003,13316795.918530542,12627001.969205614,-0.00809678031286737,-0.011697302192970568
3637.3999896000005,13102881.59377659,12335013.728246838,0.001069503754977665,0.0027076384742452703
3637.5999993600003,13130938.763155738,12401992.598314283,0.009078279434867376,0.01621432997575702
3637.80000912,13371535.63142516,12810801.155855091,-0.0052717597593044205,-0.006428301561052375
3637.9999884000003,13231291.915678624,12647149.77017609,-0.01832261254786972,-0.022210115379672782
3638.19999816,12755152.365615664,12097566.760981778,-0.008229986618094588,-0.013509974179920135
3638.4000079200005,12546916.675993118,11775048.34726223,-0.009428924447272585,-0.013803090098872994
3638.5999872,12312518.935807612,11454410.040192176,-0.0065771894006938034,-0.006066277279775962
3638.79999696,12151613.701925546,11316276.740330596,-5.555497372489641e-06,0.00042959637872526916
3639.00000672,12151478.68615964,11326003.782049092,0.01041842676460618,0.009173838211498702
3639.199986,12407342.97101999,11535733.662600065,0.020849193023760506,0.022326532126800684
3639.39999576,12935725.49733102,12062602.677025769,0.02580738310395404,0.030081271268093714
3639.60000552,13621087.34025049,12810827.064446878,0.011997338625349562,0.016876717764935475
3639.7999848000004,13951889.682501428,13250659.416317418,-0.003127568739142659,-0.006604372309937538
3639.9999945600002,13864890.789473685,13076783.18342024,-0.015293732875682246,-0.020875806586450177
3640.20000432,13447187.164958784,12541971.025567604,-0.01431713350488325,-0.014801654247901894
3640.4000140800003,13067571.820711145,12176102.645415545,-2.7329133029509814e-05,0.0025528887630856065
3640.5999933600006,13066857.589413146,12238430.232054422,0.0051065523011207805,0.007065715986661908
3640.8000031200004,13200995.756361514,12412607.463185484,0.0061782406315689506,0.007904883759448195
3641.00001288,13365127.659472495,12610411.519554509,0.0016918373461360474,0.0024792516818683188
3641.19999216,13410427.543728799,12673095.697345538,0.005524646658832722,0.008822549079313954
3641.40000192,13559426.457526037,12898704.156603396,0.013542478015029807,0.018208326793097484
3641.6000116800005,13931724.768613897,13377143.375228597,-0.007724393014075428,-0.007499023325279471
3641.7999909600003,13718146.297709106,13178005.692959977,-0.003160994029850371,-0.006931598587552529
3642.00000072,13631693.61702128,12996574.01323871,0.01560210039075121,0.018724855026903294
3642.20001048,14063801.512402104,13492579.573944082,0.014274771176665035,0.023116785821995767
3642.39998976,14471131.146651642,14131151.447572911,0.0035111722041620956,0.006766230240201379
3642.59999952,14573110.48054402,14323683.411677508,-0.004674873015616109,-0.005427191464349165
3642.8000092800003,14437489.609018493,14169047.903487848,0.006123781770795849,0.007515854189563548
3642.9999885600005,14615403.184295073,14383645.785977138,-0.005881114822022313,-0.01168531765353565
3643.1999983200003,14444498.565388497,14051373.552522343,-0.006381385407661306,-0.007287068490741728
3643.40000808,14261315.701113207,13848068.4081018,-0.03133618547461041,-0.035939143215914064
3643.59998736,13394682.220748315,12887224.873919763,-0.02463652477310882,-0.03166923389868411
3643.7999971199997,12750554.449815184,12096024.50576536,-0.01598716421405801,-0.022056503206060212
3644.0000068800005,12349279.286133027,11573947.6881822,0.005961033880295993,0.01024156606516374
3644.19998616,12497391.13029792,11813471.486756006,0.020253315440097168,0.025915553297033194
3644.39999592,13014083.064507207,12442067.192137111,0.014453452628327581,0.01801985259967159
3644.60000568,13395797.015158467,12898704.156603396,0.010367027962873553,0.012912264390370978
3644.79998496,13676455.817290448,13236164.490380874,-0.015491902411799027,-0.019433374816589254
3644.9999947200004,13259171.704325013,12731524.654115206,-0.011825621164888205,-0.013323025857231949
3645.20000448,12949240.94500102,12396740.132614238,-0.011115287320151256,-0.01433404443926758
3645.40001424,12664536.449902274,12046371.484461103,0.001508424626710767,0.0008901060961784495
3645.59999352,12702801.166677209,12067835.68726917,-0.0038797767867346762,-0.009114147569737363
3645.80000328,12604614.044608207,11849846.403170835,0.001745508317056764,0.0013324367691774628
3646.0000130400003,12648693.903665114,11881466.87756696,0.008163880303632838,0.014347448875250496
3646.1999923200005,12856918.67180206,12227367.141091563,-0.005058845444599632,-0.0028032502185307206
3646.4000020800004,12727491.096990434,12159006.035156075,-0.005476851865390367,-0.006195399585331912
3646.60001184,12588837.316494206,12009273.883768186,0.005902892981822616,-0.0041393654050177605
3646.79999112,12738340.939269524,11910262.183666572,-0.001137805423399812,-0.0022662163430786936
3647.00000088,12709386.377115741,11856401.78136855,-0.01786967847793205,-0.01945830436486845
3647.2000106400005,12263135.441435095,11403797.739503847,0.011165388151514324,0.017768393180450783
3647.3999899200003,12540072.889856843,11816383.04133901,-0.0009792961206894198,0.0010378654525756597
3647.59999968,12515536.02924086,11840936.155634103,0.007120962086671494,0.007515350477424148
3647.80000944,12695059.72579487,12020261.418212624,0.00488390110512921,0.00322753537418108
3647.99998872,12819671.148106994,12098104.296725022,-0.0034532150904009054,-0.0032361838942654066
3648.19999848,12731437.67354758,12020053.502894541,0.006664191851137122,0.00816916118073169
3648.4000082400003,12902265.589950653,12218058.546946326,-0.0029517911935979043,-0.004471228601145991
3648.5999875200005,12826320.177059863,12109285.430763274,0.023402528330348914,0.028561976079583815
3648.7999972800003,13441042.885290068,12821353.750713345,-0.00385565639320067,-0.004429363591275941
3649.00000704,13337792.895907821,12708273.74817095,0.0018601646575507303,0.008277005994828094
3649.19998632,13387506.353033168,12920402.454741968,0.0018057327097740425,0.003068982686065411
3649.3999960800006,13435942.331712158,12999951.572468162,0.00023100518895053613,-0.003898185403168048
3649.6000058400004,13442151.31081268,12898992.686002329,-0.034873147136163136,-0.04725187225444073
3649.79998512,12536204.293468997,11734990.843164157,-0.013324902102889656,-0.017136566310695853
3649.99999488,12206510.047120873,11339572.065784633,-0.004004359494281572,-0.004684729311527274
3650.20000464,12109141.437239831,11233821.825760262,0.015567824081452979,0.019115409361430517
3650.4000144,12492129.698460542,11671669.672371823,0.0010304890893606056,0.0028014224197590093
3650.5999936800004,12517902.263521925,11737247.938990586,0.015943128092826712,0.024580217749527514
3650.80000344,12923518.08703429,12328796.552972864,0.0013865682227640363,9.806467406580194e-07
3651.0000132,12959406.527817441,12328820.733384889,0.009094438460581208,0.008262205494431237
3651.19999248,13197286.967139613,12534244.487460963,0.0028809600806555613,0.00897134887617469
3651.40000224,13273548.387096774,12761178.552523088,-0.016343822067595506,-0.013213388757806418
3651.6000120000003,12846644.600535654,12428339.65581448,-0.017646175211253935,-0.02924595692431438
3651.7999912800005,12401118.155254804,11722038.729841687,0.01048600850226489,0.011258333214782243
3652.0000010400004,12663950.680172954,11988985.339680085,-0.0011441311671352907,-0.002537047965251536
3652.2000108,12635005.356075896,11928306.024290795,0.0020386110878347534,-0.0008065199017074201
3652.39999008,12686626.315162951,11909080.697494978,-0.0029888721167644293,0.0015108078819902223
3652.59999984,12611014.90071291,11945119.811642759,0.0013859318586009843,0.009826440750092421
3652.8000096000005,12646019.429244576,12182205.544715213,0.00010959746109853535,0.00037114936769113175
3652.9999888800003,12648791.676320713,12191251.73797413,0.005424138803129832,0.0005814568311443083
3653.19999864,12786757.626271827,12205437.359507164,0.0032910244384577606,-0.001311885766396881
3653.4000084,12871198.58721128,12173455.037570916,-0.0177187847949678,-0.010291730583677808
3653.59998768,12423015.84512691,11925435.74625827,-0.015458209072664243,-0.0234298716576455
3653.7999974400004,12044787.42660368,11379406.288384879,0.0031030490862196366,-0.011273652655095391
3654.0000072000003,12119771.238287672,11125691.631467553,0.0015948404365476237,0.005159223349181462
3654.1999864800005,12158491.192942113,11241086.837189015,0.014365166410646259,0.017773186469989936
3654.3999962400003,12512899.83057709,11647897.015308034,0.0190063749390091,0.020547723394553387
3654.600006,12997765.093059149,12136614.58065646,0.010148512662230987,0.01161913580145287
3654.79998528,13264285.849586746,12421964.04074923,0.021442075234285016,0.024967903233875245
3654.9999950400006,13845577.580853436,13058149.038500126,-0.01158327909594565,-0.012532118806166934
3655.2000048000004,13528496.046040162,12734907.390952064,-0.01644154236011704,-0.02002936979845445
3655.4000145600003,13090833.216374272,12234780.282782916,-0.006053433871764674,-0.005088348164122028
3655.59999384,12933297.859834308,12110900.980223995,0.006913580162426421,0.013077091138527262
3655.8000036,13113373.611012392,12431848.75530558,0.008894493042374729,0.010567557360287591
3656.00001336,13348740.702661892,12697403.57068159,0.005530512673365715,0.004967518909867828
3656.1999926400003,13497212.58756206,12824182.532257762,-0.0014241528611238278,-6.375552848398195e-05
3656.4000024,13458823.072252579,12822547.411436316,-0.0038270600756413246,-0.004852558413427175
3656.60001216,13356200.366622275,12698704.0479459,-0.007108734268465805,-0.009527063354073394
3656.79999144,13167649.367088607,12459024.771637134,0.0034185102706624586,0.00037095656722504697
3657.0000012,13257985.671878092,12468271.715972379,-0.009864675278381358,-0.010667968240956897
3657.2000109600003,12998969.336917257,12205057.424305221,-0.0027908322715982305,-0.0044230064417701475
3657.3999902400005,12926615.378433602,12097566.760981778,0.010482015608687188,0.011760156500808699
3657.6000000000004,13200480.000000002,12385491.356056543,0.0025627877137132885,0.006804519781231802
3657.80000976,13268313.899803227,12555200.789115982,0.0074270269585132226,0.012307864927764752
3657.99998904,13466876.88248427,12868107.432727361,0.007889383840856213,0.011701598879301202
3658.1999988000002,13681057.35617941,13172828.01376398,-0.0055967867740093855,-0.0077326321325244226
3658.40000856,13528769.755676692,12970669.961265678,-0.0027864094727001903,-0.006879036278273484
3658.5999878400003,13453585.864381198,12793437.729781618,-0.001238582361145525,-0.0008842239075308981
3658.7999976,13420300.342949366,12770833.190255525,0.005763526537778905,0.00910857112726445
3659.00000736,13575893.62329283,13005619.846146181,0.01069472356497243,0.016754388831021164
3659.19998664,13869413.597171437,13448848.291644588,-0.001789870991349926,-0.0018213349575370151
3659.3999964000004,13819853.381434686,13399947.641044604,0.005209225779405618,0.0038124819947727845
3659.6000061600002,13964588.813985474,13502512.78704177,-0.00039663827720533116,-0.005973292553690441
3659.7999854400005,13953515.425217198,13342161.692864701,-0.0077961253161479985,-0.008740308144018813
3659.9999952000003,13737631.771523507,13110953.316315299,-0.008782831353595724,-0.006390884475469255
3660.20000496,13498422.103600843,12944436.331115233,-0.009205334729893344,-0.011437419914149592
3660.4000147200004,13252173.91304348,12651682.768796952,0.007185742507941675,0.007717020207189926
3660.5999940000006,13444005.786308765,12848467.947158368,0.0003991661833944341,0.0006368506652408958
3660.8000037600004,13454742.857142858,12864843.486650536,-0.007861077953649744,-0.008768133578348833
3661.0000135200003,13244855.235207772,12641203.063443726,-0.009144639776177901,-0.01191386436325142
3661.1999928,13004811.48877225,12343538.244351726,-0.0023447164053497127,-0.0058686671213919114
3661.40000256,12943968.957560915,12199503.303361705,0.007359005124170743,0.012734506222649601
3661.60001232,13135890.778999921,12514220.371281289,0.010994406820845815,0.013305400190905876
3661.7999916000003,13427944.389565015,12851724.417922063,0.008752323263498327,0.011239434922736328
3662.00000136,13665071.220366139,13143900.553059267,0.008000406238175436,0.010391857301782196
3662.20001112,13885486.877235405,13419948.279513476,0.00988909611194846,0.012176900557762669
3662.3999904,14162859.672042452,13750803.825981712,0.010727572331900293,0.010674943620682107
3662.6000001600005,14470020.970202805,14047549.682431817,-0.003426026540440366,-0.0032268727681166497
3662.8000099200003,14371210.146936512,13957181.976463314,-0.005797359879872723,-0.00701693712961878
3662.9999892000005,14205540.439589059,13762673.49338924,-0.020231753615689116,-0.02872233734423518
3663.1999989600004,13642133.168382451,12994154.843631538,-0.016852681527127007,-0.02398136353700606
3663.40000872,13189940.771560272,12385515.736988237,0.0009160304105677766,0.005870934475788634
3663.599988,13214127.701244075,12531803.686636634,0.0076230931366569644,0.012146498948369196
3663.79999776,13417140.33785339,12839982.055471398,-0.007769329725451468,-0.012008401390432345
3664.00000752,13210263.259572318,12535265.892727679,-0.026557712359567606,-0.03684618281282104
3664.1999868000003,12526747.140375309,11644339.723837793,-0.0020550195190379016,-0.004276061203723116
3664.39999656,12475367.307168387,11545179.918561952,0.02100099901202269,0.025772188786213995
3664.60000632,13010598.040249964,12156011.498213278,0.001903610877615744,0.0038349964724576947
3664.7999856,13060226.745901296,12249606.958904473,0.019167068026158498,0.02316123091172736
3664.9999953600004,13570662.817765206,12830492.944045898,-0.007608617741324974,-0.005999126108749474
3665.2000051200002,13365714.221536953,12677467.472728677,0.0009088264581077231,0.002670051072614756
3665.40001488,13390030.550291969,12745347.687616443,-0.007965062230529089,-0.012289804736956733
3665.5999941600003,13178411.257921359,12435875.373161728,-0.004888150137866018,-0.008912848876996044
3665.80000392,13050201.859097369,12216155.547058769,-0.0034824151187395885,-0.005216374515283787
3666.0000136800004,12959624.845346019,12089368.829122249,0.003059799066454009,0.005529901987876287
3666.19999296,13039175.951753909,12223818.37135377,0.004723027884842697,0.011161837142387644
3666.40000272,13162929.225145988,12499779.140353385,0.004448865999347018,0.005492189647073121
3666.60001248,13280572.822308572,12637839.710357329,0.0075494545918984675,0.003951478226227734
3666.79999176,13482620.33377463,12738112.231927067,-0.0036896050792608478,-0.005589721973628173
3667.0000015200003,13383494.978259342,12596498.799948867,-0.006926428124263474,-0.008407998197480053
3667.20001128,13199370.670009654,12386442.276411083,0.00016347055447321146,-0.0010218644295618665
3667.3999905600003,13203686.79245283,12361153.588479578,-0.006319092751686428,-0.006035937472013196
3667.60000032,13037863.999053214,12212826.580739679,-0.00858479374137122,-0.010867330592944124
3667.80001008,12815914.641984833,11950238.563676463,-0.005321792561735734,-0.0065839607820560465
3667.99998936,12680229.451992562,11793908.033676105,0.012542035347343635,0.01381473020160891
3668.1999991200005,13002341.160424141,12124332.067572152,0.009039890647929157,0.014984496754793401
3668.4000088800003,13239565.123625152,12493213.600750105,0.011578341498835411,0.01595707878617663
3668.59998816,13549740.856783113,12898389.410508072,-0.003052386456143153,-0.0028312532058606117
3668.79999792,13467274.485068234,12825558.400799915,0.004344814627606,0.006233238358007698
3669.0000076799997,13584810.780838791,12986450.806689285,-0.0014099682785232912,-0.0030226950703672825
3669.19998696,13546556.413741466,12908179.236109931,-0.0003828849528038483,0.000345992586717651
3669.39999672,13536186.838869391,12917114.596325759,0.01047507770303697,0.01711669263820064
3669.60000648,13822774.080372805,13367011.911015501,0.01445670618994827,0.014138850352529637
3669.7999857600003,14228300.21984344,13750421.240286486,-0.004425710168367306,-0.0072261262280232
3669.99999552,14102914.474886775,13553122.387559334,-0.015130151398681752,-0.01694328424856157
3670.20000528,13682516.694614569,13101505.45154182,-0.01025890773054491,-0.012043256156519501
3670.40001504,13404632.134097276,12789691.138805464,0.0009980707635465972,0.0008114487408414906
3670.5999943200004,13431416.409557816,12810464.352744428,0.005803336371580821,0.00711646656504565
3670.8000040800002,13588220.450896999,12994101.684171654,-0.008016267454680238,-0.009078982394509626
3671.00001384,13372099.316974042,12760278.123317942,0.007118734795149808,0.007957083767345085
3671.1999931200003,13563849.190857103,12964976.12631855,-0.009648740815376824,-0.00999279902578299
3671.4000028800006,13304602.464721939,12708426.968880313,-0.005310211013620109,-0.0032218753434344926
3671.6000126400004,13164048.34368348,12626800.025706138,0.0033087727166236196,0.0018028093181386414
3671.79999192,13251451.227962123,12672409.676699178,0.004173558840791909,0.0034670374880927117
3672.00000168,13362526.228865704,12760586.829019034,0.009131183735744557,0.009990012153303161
3672.20001144,13608806.422906926,13018116.387447935,-0.0062744111948436045,-0.006373090221974542
3672.39999072,13439096.756401626,12853235.924996238,-0.007852693013681203,-0.009148606158720965
3672.6000004800003,13229675.078133117,12620189.587469177,-0.000747095699321817,-0.0008187619659427513
3672.80001024,13209922.168738179,12599540.631574487,-0.00817414016783802,-0.008326913826776656
3672.9999895200003,12995713.628543882,12391442.865547555,-0.004721315949900488,-0.003842969661566072
3673.19999928,12873576.536276113,12296567.590361072,-0.011493761634059001,-0.013532345900100828
3673.40000904,12581007.613563757,11968208.250494208,-0.019984839791418716,-0.02710854839442841
3673.59998832,12088001.420210714,11336452.720739765,0.006568874600993529,0.0037875378120108497
3673.7999980800005,12247860.646433575,11422653.696864018,0.0033749142367389606,-0.0003790525354958434
3674.0000078400003,12330811.55717367,11413997.406361107,0.023240181089834458,0.03212867870002043
3674.19998712,12917588.957360104,12171777.179935332,0.007475178430274097,0.018060036705880092
3674.39999688,13112166.020314537,12619508.713150429,-0.016324592874634086,-0.028430275978147568
3674.6000066399997,12690940.806466643,11921792.739975154,0.01425282921756113,0.019766610575891477
3674.79998592,13057935.137845086,12402603.610121144,-0.011628543788212304,-0.011885171144007393
3674.99999568,12757736.470129643,12111252.237967089,0.007415751873542444,0.005699873278370843
3675.20000544,12948366.551775813,12250108.909395684,0.003994393014945127,0.00823947229276854
3675.4000152,13052223.125567447,12453654.886720885,0.007266193716925672,0.014553992324436599
3675.59999448,13243291.42820137,12821509.434247127,-0.007983008760630872,-0.008346437317082973
3675.8000042400004,13033523.385343367,12609253.168259686,-0.017463760083858384,-0.02406482868040197
3676.000014,12586108.2844257,12016635.37926093,-0.007876318629100406,-0.015726156757883837
3676.1999932800004,12389393.276212519,11644536.08769639,-0.017693422122746414,-0.022368833633761295
3676.4000030400002,11958594.05846086,11134984.77525621,0.0034258598898387624,0.008674921276720154
3676.6000128,12040812.663328966,11329865.583612695,0.018514566842028242,0.026722761615700537
3676.79999208,12495084.165189683,11952021.913152305,0.03275944707556125,0.0346811932694602
3677.0000018400006,13341475.576667635,12810827.064446878,0.0047458885890602305,-0.003126877503333636
3677.2000116000004,13468713.748255331,12730961.021884812,-0.0008893887160120207,-0.0015897115288077907
3677.39999088,13444777.193103595,12690548.155665567,-0.01708943557465086,-0.012610909108015213
3677.60000064,12992970.998641917,12374455.670620224,-0.010618512949593456,-0.004607594987220281
3677.8000104,12719938.139981722,12260945.718670767,0.010000306081569483,0.007166031258397177
3677.99998968,12976914.532034885,12437938.696436968,0.0018245232495292612,-0.0048920246668924415
3678.1999994400003,13024354.45181318,12316837.719586374,-0.0002697579481277447,0.004612606931841204
3678.4000092,13017329.50058439,12430989.719982138,0.005272821035042799,0.006475438024461245
3678.5999884800003,13155333.267370343,12593031.216680316,-0.014330695060991954,-0.017727833359168114
3678.79999824,12783610.178641235,12154314.39754951,-0.004346311919161007,-0.007187187469259314
3679.000008,12672967.949700968,11980850.4432373,-0.0017515188729752783,-0.004168683094117125
3679.19998728,12628651.685393259,11881376.38168426,0.016996644464383145,0.021704187536820588
3679.3999970400005,13065363.730275765,12408569.931729905,0.01393233415892816,0.021103594705952643
3679.6000068000003,13434569.657422515,12943591.675202418,-0.0022255820216180913,0.0034249328144413393
3679.79998608,13374902.977118019,13032558.243451664,-0.012874298711776198,-0.01716583933747649
3679.99999584,13034895.344606373,12592679.528867401,-0.0023573467297130614,-0.013697840626623492
3680.2000056000006,12973584.340076877,12252356.189238025,-0.00889768510884693,-0.017484143433467582
3680.39998488,12744750.693424951,11831274.535252368,-0.02577223752575172,-0.02720329785246406
3680.59999464,12104334.17587577,11204622.175725052,0.01214470826752952,0.019655785216979298
3680.8000044,12401955.919807289,11653924.866764443,-0.0013836079374105717,0.0041733957143010566
3681.00001416,12367684.448786497,11751605.40649782,-0.0022959097668196673,-0.00016607659095488531
3681.19999344,12311024.360199448,11747702.72151412,0.011279736130761737,0.017800089300265713
3681.4000032000004,12591923.035703473,12173502.30719511,-0.008382325706353682,0.0017420106109469302
3681.60001296,12382578.628401076,12215989.05995228,-0.023705798970074837,-0.01726998521747687
3681.7999922400004,11809095.660948234,11801212.346694328,-0.014153264287284929,-0.03315402376960256
3682.000002,11479486.206896555,11043807.999131756,0.018105132424414652,0.008652252839941815
3682.20001176,11902826.06700455,11236583.580451218,0.022511113677290143,0.02671664694094013
3682.39999104,12451059.145507075,11853472.455407787,0.0027935379671492496,0.004143604159087956
3682.6000008000005,12520819.03531623,11952113.37988443,0.009629838237722428,0.014229530394262137
3682.8000105600004,12764310.744919721,12297169.284597732,0.0009236183264140703,0.00851190681047503
3682.99998984,12787911.24543061,12508311.223068038,-0.012411946455478415,0.0020370207128676096
3683.1999996,12474357.320644569,12559374.618350666,-0.04450844663571672,-0.04502201130414099
3683.40000936,11411246.21051602,11477199.697777135,-0.0007926650294639308,-0.021930027232182008
3683.59998864,11393169.94731037,10984611.565098148,0.013940137327556756,-0.0008193849573778834
3683.7999984000003,11715305.26520325,10966625.05201824,-0.006727103718028079,-0.007176347690127053
3684.00000816,11558738.359799944,10810345.936566347,-0.0030615837020676238,-0.007123684073081655
3684.1999874400003,11488178.295385517,10657416.380066646,-0.007800585194059317,-0.005242421153619309
3684.3999972,11310336.538128665,10546257.790062709,0.033013155320942546,0.033596007296008965
3684.6000069600004,12082611.567349566,11279516.66799672,0.006304650045222403,0.006339127030233387
3684.7999862399997,12235931.470814873,11423433.55341129,0.0016729183605872216,0.008071881471238948
3684.9999960000005,12276939.502737233,11609351.46402456,-0.011181087379684871,-0.0034001130941302884
3685.2000057600003,12005436.138901737,11530672.764646165,0.00771686837661526,0.010094478906265731
3685.39998504,12192165.848467993,11765838.910338875,-0.005729550268860084,-0.01123383264884692
3685.5999948,12053250.516614808,11504424.66365408,-0.015665069595723797,-0.021009436803996456
3685.8000045600006,11681444.861680508,11030968.740085024,0.009761017296392154,0.004940319625100185
3686.0000143200004,11911738.330900237,11140502.89652874,0.009472384220822052,0.012256856408497847
3686.1999936,12139561.483754836,11416986.808782913,0.020038253785383278,0.02754986158641257
3686.40000336,12636020.891062086,12063881.480069583,0.0029490762567419564,-2.2165905828605292e-05
3686.60001312,12710770.511772778,12063346.678202322,-0.0006732162894206309,0.0006855792304948134
3686.7999924,12693667.830057476,12079898.785849214,-0.001156777642190567,-0.000588236177289602
3687.0000021600003,12664334.260188857,12065695.473783541,0.002902620329489335,0.00634827454452834
3687.20001192,12738067.788794097,12219866.891144369,0.001748838318940198,0.0022093461280583916
3687.3999912000004,12782699.484530441,12273982.28197625,-0.007390758107869981,-0.011238739864616801
3687.60000096,12595138.026187893,12001160.269661898,-0.003268885477354139,-0.004573636199807895
3687.80001072,12513062.195121953,11891882.185764214,-0.0037710871659386315,-0.00584994665520456
3687.99999,12419041.060514765,11753557.624236858,-0.001884051042390766,-0.002725594903621556
3688.1999997600005,12372332.846662648,11689660.907282861,0.014699949497378744,0.015280433761174606
3688.4000095200004,12741504.994614786,12052450.670599103,0.00306833005677327,0.0
3688.5999888,12819935.932104673,12052450.670599103,0.0006243317112350558,0.004201282022279317
3688.79999856,12835953.717592927,12154149.424398722,0.014598306191109743,0.02089928365760533
3689.0000083200002,13216272.086846057,12673019.469528176,-0.049461546639488346,-0.062166962557010895
3689.1999876,11970495.602101233,11189555.655233271,0.012467359782839041,0.0066606100786995364
3689.3999973600003,12272744.8025276,11339613.667488923,0.002530154912157283,0.00320824829847364
3689.60000712,12335006.224666199,11412608.445368994,-0.004016080112443344,-0.00030968152584977363
3689.7999864000003,12236325.786838552,11405542.085695464,-0.006815591766652874,-0.00831282236261445
3689.99999616,12070659.299412545,11217480.914192058,0.0044643434793384664,0.009010691804977017
3690.2000059200004,12178917.740547607,11421473.555707227,0.013860795787201292,0.022306833909033957
3690.3999852000006,12521282.167374361,11942653.251832627,0.01735502690784788,0.01742686125784662
3690.5999949600005,12963572.505972896,12366281.688361408,0.009590884729598898,0.010326678343688722
3690.8000047200003,13214644.770295985,12624351.92327374,0.0007208629689428877,0.00020991099662705554
3691.00001448,13233710.410135007,12629653.016619498,0.0010657026616294868,-0.0013102890163580972
3691.19999376,13261946.90265487,12596599.33523898,-0.0047918235910112865,-0.002863661669172992
3691.40000352,13135455.208477335,12524660.54623507,-0.0004277615957489443,0.0031400694322193863
3691.60001328,13124222.326910945,12603564.91890407,-0.002377022108091572,-0.002205874031996775
3691.79999256,13061977.151823098,12548083.550683096,-0.011208272675772507,-0.015446960667844161
3692.00000232,12772418.204258425,12166321.113900095,-0.0026679569515905073,-0.006752431849901546
3692.20001208,12704447.024566447,12003118.619251685,-0.0009389908746460323,-0.0037017637187230163
3692.39999136,12680610.687022902,11914580.946762895,-0.0020785312510257867,-0.002506412703500888
3692.6000011200003,12628005.936450781,11855004.555702565,0.00030296445175129893,0.003321822922812987
3692.80001088,12635659.929128975,11934027.507722383,-0.003730481526125821,-0.0027703647004467514
3692.9999901600004,12541736.118298095,11868086.969977371,0.009422080626135627,0.011015097267582182
3693.19999992,12780322.597134642,12132455.277305912,0.002276082879485433,0.0011618692529329951
3693.4000096800005,12838633.464416629,12160680.72508441,0.0006812020460266739,0.004917419582161548
3693.59998896,12856136.79448918,12280870.085659558,-0.009267181404048348,-0.002479140593149327
3693.7999987200005,12620044.401860205,12220128.665083889,-0.010668802054613197,0.0026463306145178686
3694.0000084800004,12353605.474745484,12284977.277150828,-0.008917627193793791,0.0005175002983694776
3694.19998776,12135223.229944384,12297698.819365496,-0.0037687443967021417,-0.015046272468719512
3694.39999752,12044097.550238008,11933115.38668238,-0.01485273667977414,-0.02682321049745572
3694.60000728,11691558.106841613,11309669.280994253,-0.0075135266866374955,-0.002819886734493241
3694.7999865600004,11517178.643901758,11246064.666050224,-0.005815724254382334,0.004658536551737097
3694.9999963200003,11383991.751777861,11351335.480607659,-0.009125598283666844,-0.005852752748880589
3695.20000608,11178099.17355372,11219235.509203238,-0.01201401125788924,-0.011711012535346165
3695.3999853600003,10912700.06283201,10959500.058946509,-0.014453592287664584,-0.013463731237473181
3695.59999512,10601739.130434781,10668309.049850294,-0.027861743012205262,-0.02691963091747028
3695.8000048800004,10026986.86799727,10108991.780048179,-0.028982655752674995,-0.028734099839184863
3696.0000146400002,9462140.207060726,9544272.910270631,-0.020357613558572307,-0.022091848953804855
3696.1999939200005,9084573.3790923,9131686.437296772,-0.014000001638313378,-0.017576963549397175
3696.4000036800003,8833717.280502202,8816216.796370495,-0.007018282979091453,-0.006959036723811629
3696.60001344,8710586.392652886,8694360.049048102,-0.004247536047508732,-0.001274239948964134
3696.79999272,8636902.309058616,8672230.845153393,-0.012565211461879795,-0.016853874855829596
3697.00000248,8422546.724528434,8384754.547920807,-0.006327371652781731,-0.013901745475389676
3697.20001224,8316631.721339196,8154825.515607803,-0.005046039786697466,-0.007416789996294361
3697.39999152,8233121.010593857,8034750.827740216,0.0017207598971315764,0.006081057121359343
3697.60000128,8261504.300347135,8133068.25913531,0.022870608198441864,0.025869908455399628
3697.8000110400003,8648240.447204039,8565046.971530344,0.01942669261340321,0.023301607832664287
3697.99999032,8990910.816770596,8973728.642759625,0.010336758346534605,0.006099912413369442
3698.2000000800003,9178725.961390758,9083878.464509001,0.01985576562212892,0.018855616574851422
3698.40000984,9550611.29215497,9433026.117459713,0.00474429945823918,0.004718947454694397
3698.5999891200004,9641665.199114878,9522476.136573838,0.012021537598702541,0.011532204517833433
3698.79999888,9876301.165618734,9744668.792369146,0.0019971456083037846,-0.0005051312082048828
3699.0000086400005,9915828.931320814,9734829.090068566,0.013215361419651924,0.014128305945983693
3699.1999879200002,10181421.357427832,10013844.39103696,-0.0009740733613726116,-0.00019758986759568092
3699.39999768,10161605.75662635,10009887.904423928,0.0032709512478938663,0.004661595923052615
3699.60000744,10228300.144778991,10103649.086458795,-0.002087819860992962,-0.0036555793117185958
3699.79998672,10185679.432775069,10030048.757153293,0.015483818404540209,0.004069675165284894
3699.99999648,10506066.671933224,10112020.435925817,0.02526077947767096,0.008839679167046631
3700.20000624,11050605.001344448,10292388.867763532,-0.004259687120666851,-0.010732087346873607
3700.3999855200004,10956860.085754408,10073816.967811732,-0.008091016953407132,-0.0015141167889617206
3700.5999952800003,10780978.862295303,10043357.216632597,0.0006757522291935369,0.002234544608030972
3700.80000504,10795559.25602704,10088342.397455757,-0.005425523386065055,-0.0024750311088086205
3701.0000148,10679048.270684298,10038527.767674109,0.0061147298469615636,0.015215577252414235
3701.19999408,10810450.751753047,10348731.688900635,0.010862114237700822,0.012352928875471837
3701.4000038400004,11047878.420264773,10607603.8108192,0.006469284390598995,-0.0025216674244001947
3701.6000136000002,11191752.920147981,10554240.676934209,0.02741607953982617,0.026351299734485585
3701.7999928800004,11822719.527335322,11125530.834199248,0.03187896944812672,0.04000389535743817
3702.0000026400003,12601333.156647446,12052752.453401485,0.005546648289111711,0.009500697054378122
3702.2000124000006,12741903.175087417,12283968.264236774,0.003858486889108527,0.007918077497013872
3702.39999168,12840612.978255497,12480051.693398932,-0.01076827495323479,-0.012189647608530826
3702.60000144,12567016.63665222,12179460.924389966,-0.012980840631994612,-0.01690803787193677
3702.8000112,12244936.6255866,11774447.3363367,-0.00304947082371326,-0.00374124465467643
3702.99999048,12170482.517261753,11686673.543253217,0.002714510077722337,0.00174815899278578
3703.20000024,12236736.158325808,11727605.425592199,0.001776368355929695,0.0007202556572497176
3703.4000100000003,12280287.423197608,11744511.350487797,0.01012121435935977,0.012159878775276894
3703.5999892800005,12531411.951185735,12033650.92121051,-0.00793213615644681,-0.010335964237530254
3703.7999990400003,12334174.732004737,11787437.008272313,0.004517927276552324,0.0037566367952309946
3704.0000088,12446130.3482481,11876333.198143626,-0.009069263432668085,-0.008463227180592994
3704.1999880800004,12222404.90355147,11676996.02209346,-0.00911857871685095,-0.010624958001222262
3704.39999784,12001517.163353534,11431469.5459602,0.01017455020116285,0.011219522633259114
3704.6000076000005,12248247.612431146,11690891.397904273,-0.016213636878711853,-0.016984248873222862
3704.7999868800002,11857407.277325094,11300401.556450339,0.007107467713625493,0.011640848003907182
3704.99999664,12027166.111540172,11566592.761613125,0.01489450809755778,0.014851362775572783
3705.2000064,12390860.608244386,11915331.335041,0.013724091018832868,0.012035983541148447
3705.39998568,12735699.810420344,12205651.082413817,0.0015773951519699294,0.006176504419330014
3705.59999544,12775941.750136761,12357364.657684607,-0.02176388140794614,-0.01833131750550543
3705.8000052,12231678.86086403,11912466.673743142,-0.007165941037523153,2.1943834467950465e-05
3706.00001496,12057623.154777352,11912989.495609445,-0.006703564411910903,-0.003148198544650642
3706.1999942400003,11897041.517183138,11838215.985081436,-0.0036362127908127935,-0.011365948660637813
3706.400004,11810834.63467674,11572135.136110464,0.0013921996841814734,-0.0070742014844141525
3706.6000137600004,11843766.562993575,11409558.008353546,-0.002990398298503299,-0.00709709551881872
3706.79999304,11773142.598022565,11248749.833306486,-0.006429826204882865,-0.0019444077737687374
3707.0000028000004,11622711.323393036,11205090.411782973,0.0016721682355791982,0.0177690438254132
3707.2000125600002,11661646.687244277,11610501.667339653,0.013315622038848209,0.024507289800845072
3707.39999184,11976402.009425014,12193882.61138914,-0.006978686410323953,-0.01934220951671172
3707.6000016,11810401.367950277,11731120.19443105,-0.017827668882101428,-0.030996120849497717
3707.8000113600006,11396673.324609132,11025745.63114567,-0.024280050137227793,-0.023260173746401474
3707.9999906400003,10856368.356876833,10524483.555978391,0.0038815034634578065,0.009257951862446599
3708.2000004,10940974.819911717,10721174.838682143,0.012739013758602775,0.013923649018189212
3708.40001016,11223326.154980684,11023946.272897799,-0.004836677233040245,0.0006378763697605283
3708.59998944,11115281.519822147,11038019.07926642,-0.002461275914753278,0.008023703243572038
3708.7999992,11060700.309858747,11216583.4054071,-0.0017025159644101491,-0.001024747899136985
3709.0000089600003,11023102.28338886,11193618.59798489,-0.0017288717003864076,-0.01694249219493844
3709.1999882400005,10985053.00653041,10820642.156966781,-0.024478421614100982,-0.04568406329873084
3709.3999980000003,10460109.282438217,9875173.217386002,-0.0008171896947486562,0.0007756268543159532
3709.60000776,10443027.454508862,9890504.007435314,0.01748993922932773,0.032306612308660256
3709.79998704,10814826.019922622,10550896.40562618,0.011176312092081598,0.015239918883715451
3709.9999967999997,11059298.05735115,10877462.862686375,0.001349429248740108,-0.0004611485745633003
3710.2000065600005,11089185.869377127,10867435.233925099,-0.014567468890535907,-0.012113139173296998
3710.39998584,10770742.049469965,10607308.672278345,0.0028599393578009518,0.004141089243424547
3710.5999956,10832526.08626849,10695525.610179888,0.009387563839520774,0.005266641354853242
3710.80000536,11037835.501870548,10808781.08110767,-0.0043445795543307145,-0.007693294935301725
3711.0000151200006,10942340.876974436,10643740.50543646,0.0010849030263697479,0.0010890400515334725
3711.1999944,10966109.421005785,10666948.699506424,0.014853637865502034,0.01660364878367873
3711.40000416,11296794.534190727,11027149.893218528,0.010788592137374521,0.008880936285689154
3711.60001392,11543205.98420108,11224767.756096497,0.005608677630724127,-0.0034230470141004238
3711.7999932000002,11673420.55815004,11148184.09008282,0.00835687877620034,0.002278741192737836
3712.00000296,11870171.502961058,11199107.78462385,-0.012361957681690914,-0.0018759897924152493
3712.2000127200004,11580278.038117616,11157167.640130587,-0.03063497945885688,-0.017762542152519666
3712.3999920000006,10891845.010137418,10767725.796276897,0.009067346721668442,0.014963877394012795
3712.6000017600004,11091172.653280187,11094875.0752324,0.033754752757556634,0.02797447674786083
3712.80001152,11866089.356407648,11733486.546614515,0.0031360240113084757,-0.010180017731345282
3712.9999908,11940748.17052543,11496999.783862485,0.006119699867217085,0.001665881147942208
3713.20000056,12087795.64693456,11535368.972766606,0.02776313733536079,0.032291327199135515
3713.4000103200005,12778152.376894057,12305213.0060628,0.0060046829807046615,0.008370509339137348
3713.5999896000003,12932536.915309135,12512953.702275211,-0.01311386390437362,-0.011178960395478808
3713.79999936,12597736.385796966,12236282.96574508,-0.013380827373851663,-0.011468825317416222
3714.00000912,12265051.710251093,11958793.856133489,0.007041208982724378,0.009539083266103848
3714.1999884,12438998.087597374,12189143.036860378,0.0008141926964855133,-0.005849612467171961
3714.39999816,12459270.075691061,12047368.834854832,-0.004805609322481206,-0.012169914613337633
3714.6000079200003,12340094.020399284,11757663.62248132,0.00403621570199037,-0.00061904356428046
3714.7999872000005,12440112.27816009,11743115.616337953,-0.0039391575232906,-0.0007503340176412431
3714.9999969600003,12342489.70511097,11725506.310958741,-0.002321103428338713,0.005860593102551221
3715.20000672,12285325.997650797,11863753.36350117,-0.004709163071842807,0.0006831484580536003
3715.399986,12170161.12080862,11879973.854138346,-0.0010772387427682184,0.00300785993012083
3715.5999957599997,12143968.997848095,11951656.058823012,-0.0009361935136304214,-0.0027288696581987256
3715.8000055200005,12121252.055291338,11886604.552735895,0.0035750076535030887,-0.0024381537110642203
3715.9999848,12208230.14034651,11828782.793069394,0.002433895891302825,-0.0016769412379722256
3716.19999456,12267802.25502901,11789176.862566095,0.010374218523544,0.008704189156057453
3716.40000432,12525008.289430054,11996209.363427022,0.004804393109622207,0.003837926937347841
3716.6000140800006,12645939.417154228,12088645.27582913,0.006666627659783016,0.007728602937336121
3716.7999933600004,12815682.570560466,12276957.343805201,0.006685227194104031,0.006893854276000678
3717.00000312,12988187.30315334,12447403.48442226,0.0027344155223241865,0.0029775599136999532
3717.20001288,13059412.263728306,12521750.636812646,0.00549183502933978,0.006841582587025687
3717.3999921600002,13203644.63960759,12694268.11159587,-0.006206837455830027,-0.005692774300110091
3717.60000192,13040749.948273944,12550555.031197751,0.008648992373029024,0.010230179302463399
3717.8000116800004,13268296.692007402,12809998.036287766,-0.004357684934233135,-0.008574891178871134
3717.9999909600006,13153160.306902763,12592177.148372682,-0.004137041979429098,-0.003875687616404778
3718.2000007200004,13044778.33496684,12494947.290852372,-0.002617504341151613,-0.0014395511514271359
3718.40001048,12976667.088607594,12459024.771637134,0.0029425128410179315,0.004910418545236976
3718.59998976,13053260.484742945,12581986.618358057,-0.003917177830486934,-0.006337737272018249
3718.79999952,12951395.6223508,12423508.360823235,0.0013907190817971273,-0.001642613871761145
3719.0000092800005,12987469.296753958,12382761.238273112,0.013005954643734358,0.01787520838426772
3719.1999885600003,13329749.855396038,12833507.292942239,-0.0010920178858486813,0.003773280267790648
3719.39999832,13300668.961740084,12930722.954549916,-0.004547172237069961,-0.0053570215198511
3719.60000808,13180255.636594594,12792920.841167275,-0.008657435656126913,-0.00925482699676352
3719.79998736,12954000.000000004,12558299.681077102,-0.006287398754649395,-0.004454599179861249
3719.99999712,12792123.852949917,12446911.487911468,0.0012984918631764853,0.0005644911691889229
3720.2000068800003,12825387.983624537,12460971.768052649,-0.014346747177228348,-0.01762719777136815
3720.3999861600005,12462587.788596604,12029277.304186229,-0.010641922018967633,-0.005184170341758945
3720.5999959200003,12200129.07891665,11905196.912804909,-0.01051271724922489,-0.006819866383243027
3720.80000568,11946284.65871018,11743913.142147524,0.006891205048060255,0.014950402496654521
3720.99998496,12112075.753430376,12100395.1483447,-0.007767764963471084,-0.002348959116407542
3721.1999947200006,11925358.61294749,12043681.698927056,-0.020066333176842702,-0.023825937527022167
3721.4000044800005,11456176.930545568,11483133.275145005,-0.018332834849377578,-0.020396513863493795
3721.6000142400003,11043690.57542572,11024064.895626463,-0.02647004913628625,-0.027794333403210164
3721.79999352,10474113.250839511,10427823.945059825,-0.0005081453599652187,-0.0002606835650681597
3722.00000328,10463473.913073301,10422388.637311423,-0.003535928463420546,-0.004070172312560504
3722.20001304,10389738.445939315,10337890.723057827,-0.001573440925939702,-0.0016918726431959363
3722.3999923200004,10357094.52985157,10302969.017131357,-0.00969792228560273,-0.010395092765114692
3722.60000208,10158139.385667901,10090972.10729664,-0.0050414231777501095,-0.006126253781701492
3722.80001184,10056230.194343625,9968085.231417973,0.005249278170969222,-0.00099032478937689
3722.9999911200002,10162363.215376973,9948361.480522834,0.002569912893032584,-0.005032249778212463
3723.20000088,10214730.571422203,9848737.533400767,0.01171147765800796,0.009429344488036518
3723.4000106400003,10456825.033040132,10036239.8351456,0.030851210451952667,0.030855367677369478
3723.5999899200006,11122575.665415192,10675302.075978585,0.017235244770459675,0.018724375341208115
3723.7999996800004,11512700.185146498,11082707.208498627,0.0019059101103979066,0.008876780493579846
3724.00000944,11556668.327835886,11281226.942933766,-0.01644257629398903,-0.010500850823568964
3724.19998872,11182773.323599448,11046764.040427497,0.008869194194173024,0.01745797077454762
3724.39999848,11382912.775739234,11439325.535070399,-0.00044605661689737966,0.0035614539753913038
3724.6000082400005,11372762.456230046,11521098.026841639,-0.009245198991511737,-0.013941328934001171
3724.7999875200003,11164401.887170902,11204276.110839976,-0.013787074821462677,-0.018149891593624415
3724.99999728,10860739.613349918,10804813.519966476,-0.010301442350414148,-0.002766388015369637
3725.20000704,10639258.621004708,10745197.826845575,-0.011720243414995888,-0.0019384976719051341
3725.39998632,10392758.263608735,10703619.344693428,-0.018073874838303288,-0.016813070199650264
3725.5999960800004,10023752.79804556,10349649.261682339,-0.020206365309959604,-0.02675678917435214
3725.8000058400003,9626688.7966805,9810235.475977534,-0.020665535808722463,-0.023680953225560335
3725.9999851200005,9236863.38361882,9356352.404877417,-0.0030266773164856434,0.00019978555206204559
3726.1999948800003,9181118.096856413,9360091.67999155,-0.0014465017830354993,-5.5851999417664415e-05
3726.40000464,9154595.454511132,9359046.178714767,-0.0036055958114546613,-0.006441992204607767
3726.6000144000004,9088817.082680395,9239236.188684884,0.004147512915796667,0.0020071956169598728
3726.7999936800006,9164523.04662311,9276400.69388079,0.0017257613969826268,-0.00128818575910382
3727.0000034400005,9196209.289709484,9252531.986670312,0.01057719998080678,0.006873260343885033
3727.2000132000003,9392829.267985148,9380602.37012717,0.016410082250692595,0.00880984944768853
3727.39999248,9706246.67512379,9547354.823354032,0.015663664631551805,0.005755372806057918
3727.60000224,10015156.114483956,9657888.156534215,0.018849563338274398,0.01796616082552089
3727.800012,10399972.371947965,10011267.36799,0.03332695206014321,0.03900791465716005
3727.9999912800004,11117069.805057092,10824008.011865845,0.02429480129292616,0.027153805980777015
3728.20000104,11670693.998576505,11428241.271543425,0.012674630951885382,0.015072163864208492
3728.4000108,11970335.32051874,11778009.688690009,6.36345087205755e-05,0.0007539688332075867
3728.59999008,11971858.870283764,11795783.594105715,0.005675281232122387,0.00428083527359864
3728.79999984,12108521.802779965,11897209.394227296,-0.01072922129921502,-0.007360868808197482
3729.0000096000003,11851449.963377913,11723341.617055904,-0.012364437190778427,-0.007999062579300406
3729.1999888800005,11561956.37133024,11537278.461414885,0.0030076723413463625,0.003318464990095858
3729.3999986400004,11631715.336219305,11614105.518624913,-0.0002825952292379007,-0.010124419030783396
3729.6000084,11625143.058989758,11381290.493618159,0.00938099987872642,-0.003968572496159424
3729.79998768,11845319.465081725,11291312.624467386,0.008419110069714453,0.0022994069768292277
3729.9999974400002,12046467.045476232,11343358.946195206,0.0008450661136572207,0.00245063977616861
3730.2000072,12066844.387856605,11399092.502322527,0.017087484669147546,0.020893277779453743
3730.3999864800003,12486397.53275289,11885585.753118666,0.008304637726398261,0.008941132760890043
3730.59999624,12695524.270584093,12100044.457182584,0.00600146829904077,0.012531290252657326
3730.800006,12848827.890297156,12407151.239739388,-0.005458159797156362,0.0009646887298125145
3730.99998528,12709327.394631479,12431112.432772372,-0.011380835776144448,-0.005525213033480308
3731.1999950400004,12423297.122379871,12294498.166826708,-0.00820518288438491,-0.0065969855395521925
3731.4000048000003,12221085.456249468,12133348.01877787,-0.01413983126620591,-0.017698265601485796
3731.60001456,11880295.989326557,11711338.424913276,-0.011740965589782307,-0.011019683903265472
3731.7999938400003,11604561.09047169,11456041.22431187,-0.0012375135809693653,0.00516817338352413
3732.0000036,11575874.986014247,11575070.000336079,-0.010534396221894775,-0.006653281411163499
3732.2000133600004,11334527.726240186,11422063.598850567,-0.0011883759466812538,-0.0021301296649988005
3732.39999264,11307620.342094582,11373506.07964785,-0.006209841302526248,-0.01561698475747828
3732.6000024,11168049.996126333,11023728.80386241,-0.004471927748487871,-0.010489253855523985
3732.80001216,11068609.262553772,10794868.003181996,-0.007367134162820563,-0.009354482107865032
3732.99999144,10906714.107018765,10594778.933618149,0.002967401493375542,0.011894404338089536
3733.2000012,10971635.955667373,10849850.021288106,-0.0038923636126033108,0.018358900473771686
3733.40001096,10886555.924953941,11255683.307592671,-0.007887550694623796,-5.7437269362113126e-05
3733.5999902400004,10716163.38128426,11254390.390426317,-0.01275067821498771,-0.026271205357211894
3733.8,10446327.272727273,10678194.93726789,-0.013028737400699965,-0.028453230702066543
3734.00000976,10177623.237366233,10087348.14917561,-0.00937848179414542,-0.014293516659544949
3734.19998904,9988495.658443311,9803044.490613889,-0.0038911676276738158,-0.00046431785363339255
3734.3999988000005,9911063.13944398,9793945.258395953,0.025467579969171733,0.03517226069822784
3734.6000085600003,10429077.29247814,10508010.95501816,0.02081942022329156,0.023908503220385825
3734.7999878400005,10872565.137677856,11022779.93843166,-0.003987553895269305,-0.012777327861581854
3734.9999976000004,10786199.645798782,10744650.344996177,-0.004947783648207571,-0.012580750015528368
3735.20000736,10679989.585729696,10477657.79157743,-0.0018080009345924177,-0.0009317333504293023
3735.39998664,10641440.420351854,10458151.200121647,0.006897365726740857,0.011756368132450944
3735.5999964000002,10789255.769753683,10706976.229757542,0.008179059570964523,0.013349258306408646
3735.80000616,10967203.143256435,10996704.266907284,0.0013981332975124077,0.0023697643852737425
3735.9999854400003,10997913.303945005,11048947.266761929,-0.0010475450379211267,-1.3474696675279588e-05
3736.1999952,10974895.796802329,11048649.508348132,0.003726592926855233,-0.0005342620750594208
3736.40000496,11056999.702736123,11036850.063518142,-0.001432349006639259,-0.008361607950217592
3736.60001472,11025370.042367483,10853808.955033122,-0.0011625068934735321,-0.0031157493772222193
3736.7999940000004,10999765.67027185,10786383.538747655,0.0014266073038199272,-0.0015287786391643544
3737.0000037600003,11031195.199959492,10753453.895387277,0.001568968974398068,-0.006266794241962504
3737.20001352,11065864.801527238,10619513.90384937,-0.0024028820089554087,-0.0031234424332622357
3737.3999928000003,11012812.34542928,10553381.583648693,-0.0046484720011907305,-0.0033852965049638553
3737.60000256,10910900.579734514,10482170.00437776,0.0069689600766316626,0.012959540700835142
3737.8000123200004,11064043.084819017,10757425.405562147,0.012428988366359053,0.015487351252921357
3737.9999916,11342534.172884945,11095875.147259355,0.015954951226713282,0.02045139842118178
3738.20000136,11710341.68279784,11559203.180401426,-0.011196428973060649,-0.001385259253908816
3738.40001112,11451017.173444355,11527222.495594075,-0.01501720119793925,-0.004106964909079074
3738.5999904,11112181.085520487,11432925.971532341,-0.0029170675670656403,-0.005567887546898267
3738.8000001600003,11047539.68277207,11306316.426955897,-0.005504758970315113,-0.02319762207302439
3739.00000992,10926577.464292014,10793649.763444375,-0.018285589467171733,-0.03446878976721332
3739.1999892000003,10534155.315024752,10074354.897910893,-0.0012349163693773995,-0.003953127848060443
3739.39999896,10508169.803286389,9995018.100617299,0.004288550682465669,0.016716494435386725
3739.60000872,10598687.63114151,10334862.435470894,-0.009351919466572095,0.003956943130078531
3739.799988,10402288.196482146,10416976.281116994,0.009841017095603862,0.013733744043085
3739.9999977600005,10609061.24554282,10707088.783868985,0.011116053591271434,-0.0013205137738104273
3740.2000075200003,10847574.356786698,10678848.35930558,-0.011010201897010881,-0.02207999988770641
3740.3999868,10611307.732499506,10217457.919026528,-0.005638087996803098,-0.004911056986408261
3740.59999656,10492323.6019836,10117591.333326802,0.0019455069040630205,0.003624735422952047
3740.8000063199997,10533228.959654005,10191205.348055338,0.01806059214012204,0.020871767527459128
3740.9999856,10920699.613415524,10625690.764356874,0.008687885859335378,0.009597454400458921
3741.1999953600002,11112118.219910994,10831626.387275854,0.006342481438064774,0.009287534487317084
3741.40000512,11253974.74941095,11034710.747526634,0.015757337316403785,0.01947713292043839
3741.60001488,11614318.15454897,11473098.336810112,-0.012380199837057121,-0.012748214443397942
3741.79999416,11330259.695587367,11184257.50580804,0.008207863395268274,0.008821731766861064
3742.00000392,11517793.394196147,11383342.822526332,0.009083935929757153,0.0022673231730595982
3742.20001368,11728965.462222368,11435079.56036773,0.007746128692056294,0.004402282401073113
3742.3999929600004,11912092.136800716,11536205.644957162,0.009540417598248816,0.011782595584134584
3742.6000027200002,12141574.15802225,11811299.860223057,0.0028281278355867887,-0.0013460012309456028
3742.80001248,12210444.780635403,11779546.551913273,0.004960589255091481,0.002435710987143446
3742.9999917600003,12332190.714564519,11837069.803850157,0.01018532259302677,0.01734570122431219
3743.2000015200006,12585990.427932326,12254963.006871257,0.01656295683752392,0.026111763907674806
3743.4000112800004,13009934.629881391,12912119.934891434,-0.029731381438859252,-0.038180911232728855
3743.59999056,12258664.277345099,11962388.535043102,0.013996846657296304,0.010443959385678176
3743.80000032,12606700.981957216,12214895.103419224,0.0015206117891305093,-0.0045611439790618595
3744.00001008,12645099.166960428,12103973.243481161,0.00024184236050298473,-0.005401423526393512
3744.19998936,12651216.887747128,11973918.353344116,-0.014380816421266053,-0.018644078894687135
3744.3999991200003,12292505.791040512,11535604.946171463,-0.010221389132232223,-0.008288060396953765
3744.60000888,12043755.395429958,11345961.144435622,0.022125792288301332,0.03207859428481885
3744.7999881600003,12588769.525363848,12098010.809159677,0.0018988206817187126,0.004012760232455531
3744.99999792,12636668.108047575,12195494.822465196,0.0005438935492780481,-0.0010529275428262015
3745.20000768,12650421.593015999,12169839.890455782,0.010237314777023186,0.012960072320943431
3745.39998696,12912113.309309749,12489425.756623283,-0.010710033346298723,-0.000365518213786914
3745.5999967200005,12638465.755508306,12480298.86747993,-0.015806465934795923,-0.00428502361497565
3745.8000064800003,12245143.82828728,12373798.473445162,-0.007139183837930024,-0.002526432380740483
3745.99998576,12071542.5340175,12311432.905563165,0.004725987977564977,0.0027989217022173257
3746.19999552,12186184.259205326,12380543.81507721,0.0011686360593016786,0.0003543178697625914
3746.4000052799997,12214700.012444023,12389320.220536618,-0.02527051053136729,-0.033520059877754506
3746.6000150400005,11612572.667257857,11585676.882087661,-0.012703074955608271,-0.01773635696482132
3746.79999432,11321242.691734497,11181863.655894961,-0.006115033672619652,-0.0088146195971806
3747.00000408,11183624.670019532,10986458.330477275,0.0012124438361408231,-0.0019357438341463878
3747.20001384,11210776.623832326,10944006.568269562,0.00219184863318521,-0.0026900636346809206
3747.39999312,11260029.228927268,10885284.386501264,-0.00609292279933087,-0.0072796324513394
3747.6000028800004,11123647.216380805,10727947.998651963,0.005637110823217004,0.011896967830527959
3747.80001264,11249768.641063137,10986281.488323208,0.006846735548110963,0.015966423518867172
3747.9999919200004,11404879.022551537,11342797.012452627,-0.010708533486367479,-0.01063376823251569
3748.2000016800002,11163207.907933189,11104101.891964346,-0.004654829717118405,-0.0016429182716378244
3748.40001144,11059763.759015197,11067675.47381542,-0.023889913899765747,-0.01587810943192513
3748.59999072,10543659.829544341,10721701.36393221,-0.017597185952042495,-0.011284529861307978
3748.8000004800006,10178999.342670085,10482422.791714927,-0.014646656838901019,-0.016913791867260653
3749.0000102400004,9885126.969798986,10133725.549565932,-0.032867550089413854,-0.04393348388345854
3749.19998952,9256004.860595424,9280778.73832839,9.814622232857277e-05,-0.008894302534551443
3749.39999928,9257821.922755055,9117142.064699542,-0.015388187946462491,-0.03881523740261794
3749.60000904,8977217.705740573,8435819.687181218,0.05077829353547089,0.039163752368028326
3749.79998832,9937684.144064602,9123508.883054785,0.011838026211016584,0.00954847266266145
3749.9999980800003,10175787.953955514,9299419.713121539,0.004508221004321563,0.014344697051209918
3750.20000784,10267952.855680421,9570097.216986617,-0.01712107695499207,-0.007510630946222048
3750.3999871200003,9922274.420742013,9427413.921925506,-0.012950626951416534,-0.004140067037412984
3750.59999688,9668560.821848558,9349675.512897838,0.022658031583018583,0.03528935895348458
3750.80000664,10116859.50039321,10033702.497228257,-0.03500570705934273,-0.040713334272813755
3750.9999859199997,9432519.660301898,9248653.492260797,0.046167615887461995,0.05987323158496251
3751.1999956800005,10345629.66113905,10426679.245797772,-0.014903089300343871,-0.015665728093855184
3751.4000054400003,10041794.064748203,10105034.993228452,0.011654072014550054,0.014617984087342047
3751.6000152,10278609.51138923,10404848.138481027,-0.02521397728183989,-0.03272994178960877
3751.79999448,9773027.979236893,9745333.854791204,0.006079010962694963,0.010290274603396474
3752.0000042400006,9892575.39775363,9947983.498205371,-0.003152170448777489,-0.006124933467466178
3752.2000140000005,9830405.20114796,9826863.873723011,0.00017810507051413738,0.000933117931129091
3752.39999328,9833907.514950873,9845220.24815982,-0.00015009431936624819,0.00029495856507364446
3752.60000304,9830955.930656575,9851029.825818973,0.009859346494871973,0.0049489310949090825
3752.8000128,10026739.833787985,9949018.902652018,0.009904814129212472,-0.0002708816712142824
3752.99999208,10227352.857248543,9943630.348577965,-0.00040135838353617026,-0.008788156692418935
3753.2000018400004,10219146.483324237,9770380.531924061,-0.003885924843251293,-0.0021805549886513994
3753.4000116,10140032.244915975,9727863.538546255,0.008921226854212937,0.01786804953834047
3753.5999908800004,10322583.885445608,10081824.017130127,0.02418398269343043,0.032793081751836595
3753.8000006400002,10834240.151810564,10765471.06920084,0.008370888175184653,0.008609957856654367
3754.0000104,11017155.743320394,10952461.553818697,-0.003195946587095674,-0.007415835790443834
3754.19998968,10946959.603838068,10791214.026236326,-0.0067650157913592005,-0.01151644060788871
3754.3999994400006,10799842.146584898,10545491.12855316,-0.006460003288768449,-0.000852726297635416
3754.6000092000004,10661203.719708234,10527521.616415119,-0.00813097034501495,0.000350981775572164
3754.79998848,10489230.16897515,10534914.147517418,-0.0020494308315014143,0.0014969081221028956
3754.99999824,10446324.198380118,10566501.027280439,-0.014721351188754552,-0.019133702346729446
3755.200008,10143218.312265119,10169739.96435641,-0.006241216592407567,-0.012958210538306947
3755.39998728,10017391.579296846,9909548.319317207,-0.0016178019227580127,-0.00696327336613447
3755.5999970400003,9985031.620584259,9772496.858340567,-0.006160383252688893,-0.007252866228543672
3755.8000068,9862761.607578652,9631760.376353083,0.010338294508388277,0.013469995427370538
3755.9999860800003,10068820.170013424,9894782.82397384,-0.0006800273419979798,4.688045909388818e-05
3756.19999584,10055135.330044234,9895710.611391785,0.0017117398547516918,0.001068511010905591
3756.4000056000004,10089617.907024262,9916880.583237818,0.0032357858400816307,0.00334821641983204
3756.5999848799997,10155125.56127507,9983511.402445376,0.006922123844106324,0.009846980365215844
3756.7999946400005,10296695.600192262,10182081.60080128,0.002917959385421886,0.0013351737065005781
3757.0000044000003,10356962.134622857,10209307.647564717,0.008856439362008878,-0.0014109023778975114
3757.20001416,10542052.994842675,10180539.563649448,0.01659162101856059,0.0022615060858936263
3757.39999344,10897774.487126833,10226690.638948856,0.02061846513020799,0.010518030092312202
3757.6000032000006,11356626.068986742,10444106.707470583,0.01801130302780309,0.022121256572239005
3757.8000129600005,11773224.822379032,10916633.1136259,0.010641003964590546,0.017413525963189406
3757.99999224,12026477.549676146,11303565.11234099,0.024536845645102535,0.03405838317958905
3758.200002,12631506.703208547,12100675.714447122,0.02030310826792022,0.023376473636558603
3758.40001176,13155054.037790349,12679959.582155323,0.016366840058067784,0.017976943795794294
3758.59999104,13592832.41729204,13144199.030101541,0.0013030553876760263,-0.0017183080888995045
3758.8000008000004,13628303.0645403,13099104.948595498,-0.0010663815466438113,-0.003929038807794318
3759.00001056,13599268.085106386,12996574.01323871,-0.004123229540400287,-0.0027191107483581613
3759.1999898400004,13487582.781456955,12926087.425893515,-0.002599489607929355,-0.001359199610126132
3759.3999996000002,13417642.926829271,12890996.855004326,-0.0026346657839851975,-0.004308260824843066
3759.60000936,13347126.704066504,12780397.791131293,0.010805102845562048,0.011711184151508566
3759.79998864,13638711.460811706,13083292.227780301,0.006416347647005332,0.009677152812846769
3759.9999984000005,13814863.13960095,13338984.638680387,0.005161856072694393,0.007466961546070592
3760.2000081600004,13958223.817166207,13539686.643554306,-0.002929001216150905,-0.0043763239075559355
3760.39998744,13876695.30520532,13421694.904903054,-0.014350538725194128,-0.018950699413572344
3760.5999972,13484053.815399755,12922454.84174813,-0.0043286371405887245,-0.006445642667717797
3760.8000069600002,13367821.789362513,12756934.673010854,0.0005241457623106481,0.004458199512778464
3760.99998624,13381842.512549592,12871189.965788977,0.00749098469825331,0.013189470719813162
3761.1999960000003,13583842.042932635,13215256.38613161,0.002500858705601404,0.004266883913557798
3761.40000576,13651954.922878576,13328515.579737926,-0.003514152306959262,-0.0020112168255133262
3761.5999850400003,13556340.827598607,13275010.121230163,-0.00823034870969102,-0.010685307018517783
3761.7999948,13335015.58702963,12994314.324359978,-0.0036062516341246378,-0.007190368009433038
3762.0000045600004,13239182.342321357,12808780.576242322,-0.002582207229225409,-0.0024591323903347412
3762.2000143200003,13170985.815179998,12745938.139722,0.00930058536113749,0.009369178678585723
3762.3999936000005,13418281.566150168,12987034.962649358,-0.003932457840662471,-0.00651578089929766
3762.6000033600003,13313161.294082226,12818889.214805176,0.0037268200323306157,0.006723335720680811
3762.80001312,13412764.007880151,12992427.361540724,-0.004522399631462552,-0.005955006685950017
3762.9999924,13291994.418215679,12838603.400646916,-0.0013829329962836729,-0.005688052420645381
3763.20000216,13255281.314643268,12693376.162488952,0.017086432851344074,0.020503814470336112
3763.40001192,13716126.46253423,13224797.588488938,0.002974930907513528,0.006675957747928811
3763.5999912,13797979.025342703,13402560.70741133,-0.005046134537440434,-0.006307638056480413
3763.80000096,13659425.269223427,13234543.495228326,-0.00043265420721241805,-0.002737080949688522
3764.00001072,13647610.765196634,13162293.216333073,0.0001389041458981911,-0.0010943754952129992
3764.19999,13651402.711347457,13133515.72739825,0.0022664631823376327,-0.0005433782718464705
3764.3999997600004,13713424.083769636,13119250.544630166,-0.00787233624059739,-0.01151010764597745
3764.60000952,13499197.179199513,12820679.161384845,-0.005146230001644749,-0.005518276645724007
3764.7999888000004,13360968.58827777,12679959.582155323,-0.0006123673383071777,-0.0017256596612226119
3764.99999856,13344614.96116166,12636272.381880831,-0.004592329478664124,-0.004871722957974838
3765.2000083200005,13222609.513042485,12513748.448010305,0.004825261208975011,0.007864239896814392
3765.3999876,13350833.315913964,12712130.814135898,0.010209078975709062,0.014070005030864002
3765.5999973600005,13626244.433188394,13074955.244715257,0.010252122461781508,0.011322456801038232
3765.8000071200004,13908534.357306613,13374427.235258901,-0.01287826456413919,-0.018111910329496956
3765.9999864,13554853.581601761,12898573.010716936,-0.0007625954212856232,-0.00010674836731574323
3766.19999616,13534195.596731383,12895819.501430362,0.009831493853471178,0.014123014798449119
3766.4000059200002,13802960.680643778,13265293.284449236,0.010515653891370866,0.015882072363586967
3766.5999852000004,14096340.07116102,13693454.060615208,0.004914544228890064,0.009820551704112805
3766.7999949600003,14235578.538256316,13965076.085979605,0.0029884504107742776,0.006641971773661139
3767.00000472,14320918.212701991,14151827.767738746,-0.01075774756489532,-0.016723696707207004
3767.20001448,14016075.982403146,13686271.833109146,-0.01157344888688681,-0.017310899889782606
3767.39999376,13695359.104838671,13220491.5458971,-0.00413186697040425,-0.005464762564032802
3767.6000035200004,13582650.000000002,13076783.18342024,0.011813016437130348,0.015019625634697433
3767.8000132800003,13907390.297896428,13475589.88664545,-0.01299301646006452,-0.017531377550126584
3767.9999925600005,13550627.81657436,13011239.284343142,-0.0009878614318921865,-0.0028907538706942986
3768.2000023200003,13523881.952586018,12936231.532644209,0.004133885275229489,0.0024629397190304063
3768.40001208,13636158.443654675,13000111.18128072,0.0017069853076360035,0.005044884302416038
3768.59999136,13682791.489811145,13131944.378162418,0.003907017317905213,0.005435416414196395
3768.80000112,13790128.664627966,13275479.724587148,0.0030591821843600187,0.0017806394610663915
3769.00001088,13874760.601001672,13322841.745394727,-0.008772904313815097,-0.012956680786475234
3769.19999016,13633433.843296029,12982018.0735872,0.000739292315558735,-0.0017207137688168286
3769.39999992,13653606.942863574,12937418.142809676,0.005709294229675645,0.008913646839299974
3769.6000096800003,13810407.07964602,13170131.621245917,0.006834519051036134,0.008794091223419436
3769.79998896,14000481.124906268,13403825.423666103,-0.0014441226089759898,-0.0007314083480227797
3769.9999987200003,13960102.61376908,13384232.414535925,-0.0008908158918497968,0.00028282154233731877
3770.20000848,13935252.987690499,13391805.25480725,0.0005642470722725881,0.0012784818983109286
3770.3999877600004,13950987.717365015,13426091.450295497,-0.0002893185498068488,-0.0032450954742585547
3770.59999752,13942917.493161056,13339235.409236578,-0.005379526920787174,-0.004093253170947572
3770.8000072800005,13793707.57193161,13230478.842126017,-0.002683818276840089,-0.00039002141916417657
3770.9999865600003,13719866.139942495,13220162.525442036,0.008266338939523235,0.0019806293962146126
3771.19999632,13948582.9177846,13272634.938887848,0.008067024118374741,0.004764781795374764
3771.40000608,14175460.252344241,13399722.903977253,-0.004295465162137224,-0.0012764748278413086
3771.59998536,14054200.72706823,13365557.697029958,-0.013947872576679602,-0.013612071213558875
3771.79999512,13667541.400272511,13006578.3037339,0.0003693183101293835,0.0033672869787794587
3772.0000048800002,13677640.47663347,13094468.017142707,-0.006153544085100449,-0.006590205465178531
3772.20001464,13510338.052171703,12923007.507748421,0.004258811801306713,0.005461345082139033
3772.3999939200003,13625906.209476352,13064936.638707573,0.0007367294859329605,0.00209388397195346
3772.60000368,13645998.225611227,13119764.364448475,-0.010738518697759554,-0.013445874668580556
3772.80001344,13356036.372205026,12771631.89534474,-0.003477985068551772,-0.005428462243076331
3772.99999272,13263454.181526693,12633719.902338943,0.0019517760150308257,0.0015900220262488746
3773.2000024800004,13315330.015030213,12673959.670292675,0.0008674322129618824,0.00395953023923837
3773.4000122400003,13338450.36272709,12774724.504832912,-0.00015196500313589744,0.00024824372425811186
3773.59999152,13334397.023390416,12781068.570082199,0.0017069942047163343,0.004283035748841146
3773.80000128,13379998.341460718,12891023.05626537,0.00640225161951845,0.0047701616717505755
3774.0000110400006,13552426.502032531,13014597.052390613,-0.009419524288627577,-0.015768097282901614
3774.19999032,13299494.182944093,12610537.438845366,-0.011190968889841406,-0.011374505586603903
3774.40000008,13005120.063255593,12326886.570139656,0.004369245552924382,0.010630133412109577
3774.60000984,13119263.911761325,12591775.269951064,0.00958080280693532,0.015879990163601698
3774.79998912,13373081.852421105,12998142.919080254,0.0014829535036039341,0.0037451752380135974
3774.99999888,13412804.075805504,13095869.568509191,0.0040056079208169474,0.004072224884277335
3775.2000086400003,13520689.089363173,13202964.334355915,-0.0071036466548551605,-0.008575844248854986
3775.3999879200005,13329951.625269951,12978436.716725037,-0.012738912509233586,-0.012973004359071613
3775.5999976800003,12994605.396524975,12646010.649346193,-0.005660169606843045,-0.005288649612574663
3775.80000744,12848329.999047348,12512953.702275211,-0.0014393102833218602,-0.0018697570566929634
3775.9999867200004,12811397.689118532,12466248.66238333,-0.004390860759345367,-0.0066878346137294
3776.19999648,12699383.40148754,12300611.994409418,-0.010783733983208267,-0.012985899760617786
3776.4000062400005,12428411.940930406,11985238.375899227,-0.015923143439254717,-0.01702888023663905
3776.5999855200002,12038816.748940542,11583882.636889594,0.00523172675672547,0.006468770220464236
3776.79999528,12165446.842398185,11734725.353842722,0.008889194756436522,0.010474045370142335
3777.00000504,12383668.711656442,11983147.429458281,0.001934547421472144,0.0007452676443442218
3777.2000147999997,12431675.171177924,12001022.05495148,-0.010995542064311498,-0.01138697456306236
3777.39999408,12161262.490632497,11730788.531468501,-0.01024143648858241,-0.005914659645181014
3777.60000384,11914690.150753623,11592837.22343666,0.011014729567267864,0.020537180370521883
3777.8000136,12180087.611791477,12078989.804815672,-0.007737667435333832,-0.003412506785888789
3777.9999928800003,11993043.958827458,11996830.903273476,-0.020059244787094133,-0.019514995409883315
3778.20000264,11521362.719248649,11537557.423109697,-0.021628866939754753,-0.01804324207694211
3778.4000124000004,11033526.031615242,11128586.697785527,-0.022977951023634754,-0.018382131143895426
3778.59999168,10537859.784813415,10726837.425348619,-0.011728523293605147,-0.011276753952111003
3778.8000014400004,10293538.247750133,10487607.351370906,-0.009085309088879655,-0.00813379432806586
3779.0000112000002,10108182.310533179,10318375.763917936,-0.012099342689689218,-0.010310398976871743
3779.19999048,9866501.762811504,10107774.01018559,-0.00652028858114519,-0.001734300440673582
3779.40000024,9738670.382739482,10072774.875360353,-0.02948925708756343,-0.03476593027117294
3779.6000100000006,9180750.710182438,9395927.331950745,-0.0060020302264927146,-0.006663638130874932
3779.7999892800003,9071201.938691383,9271534.123986324,-0.012619651624973019,-0.016953146820218295
3779.99999904,8845104.394361952,8962411.368933005,3.4229779367007e-05,0.0005404716554739863
3780.2000088,8845709.947033681,8972104.46639665,0.0003960537028173469,-0.002224257401634651
3780.39998808,8852719.475540543,8932280.505600968,0.0003395690226038594,-0.0016853096952230697
3780.59999784,8858733.736396614,8902223.842513593,0.0012864972235280164,0.002414720528756591
3780.8000076000003,8881556.570621174,8945320.674647078,-0.0006306892671400972,-0.0028158888803662234
3780.9999868800005,8870360.626973491,8895084.07728488,0.0006871375900413081,-0.002144269963759268
3781.1999966400003,8882559.325605903,8857018.776342282,0.003351776698456276,-0.010158991883962094
3781.4000064,8942304.288119549,8678871.806235824,0.024497668740949802,0.006344338497595772
3781.59998568,9391438.239339095,8789698.328237917,0.02571156900235591,0.009824132486712768
3781.7999954399997,9887120.225575704,8964114.134011306,0.039126253690520765,0.04567632420026769
3782.0000052000005,10692316.4872081,9822204.096015405,0.033758838002135146,0.043237310453376046
3782.2000149600003,11439459.528419202,10709959.633466564,0.040953419000950814,0.049315477202767015
3782.39999424,12416440.185028696,11821089.051231211,0.02976114883848879,0.03401850685914364
3782.600004,13178165.040611332,12653684.296227729,0.0013680845234118743,-0.002352541742778796
3782.8000137600006,13214272.125433318,12594287.388917927,0.002431874299017964,0.0035692509217422554
3782.99999304,13278699.702726828,12684513.773266593,-0.025700054675648978,-0.026133328453101654
3783.2000028,12613274.54880204,12038421.193456545,0.01597843754324901,0.027428894958871682
3783.40001256,13022900.571814608,12717447.310260644,-0.0023538297779823894,0.001947277998101629
3783.5999918400003,12961737.157756658,12767072.755476834,-0.007485732245006881,-0.005670794882708536
3783.8000016,12769122.829458604,12623090.348475805,-0.005013024075401873,-0.004952940310921088
3784.0000113600004,12641737.574476998,12498663.799674382,-0.00095141433312835,-0.0020014814414484536
3784.1999906400006,12617705.378404789,12448732.049869053,-0.011375072351188325,-0.008728222122462461
3784.4000004000004,12333879.29744025,12233301.776200982,-0.0184610026996692,-0.015420440939997664
3784.6000101600002,11886742.336076235,11861745.52238666,-0.005827307943057099,-0.0055262787966953485
3784.79998944,11749009.531478308,11731363.424664449,-0.011374124532132634,-0.008914524128619703
3784.9999992,11484745.903808245,11524052.458651543,-0.03061965618114616,-0.02376393007385355
3785.2000089600006,10802323.501337346,10989052.604192792,-0.01575361240824459,-0.009079860614512967
3785.3999882400003,10467250.870593613,10791290.128047727,-0.0037086849136478243,-0.006276485007110665
3785.599998,10389898.276211156,10656672.313351214,-0.017931443253772168,-0.021952170703501587
3785.80000776,10023850.301984468,10198848.36334595,-0.025246715884195844,-0.025767909446317044
3785.99998704,9530175.37141586,9686445.901418142,-0.010436451692498376,-0.010298530923963047
3786.1999968,9333307.543224942,9488967.315424716,0.004990834821226649,0.0035172976753627453
3786.4000065600003,9426936.824067948,9555953.972799253,-0.016181571198075458,-0.020148415825309247
3786.5999858400005,9126709.672302999,9178484.711925656,-0.0026006346624199085,-0.0010484972372644394
3786.7999956000003,9079362.330386292,9159257.639732275,-0.0009816660000018485,-0.006113378806697144
3787.00000536,9061554.009606443,9047950.081917608,0.008150205263746407,-0.0045981959172321845
3787.2000151200004,9210474.794948654,8965122.445365846,0.0075353317668282165,-9.043493266118843e-05
3787.3999943999997,9350336.667177321,8963501.07150539,0.011944860559071877,0.01691500989817249
3787.6000041600005,9576414.06551565,9271953.974099476,0.01942455155055025,0.02826489905148102
3787.8000139200003,9955818.932278665,9811341.391168367,0.010655278793600068,0.021573514271664634
3787.9999932,10170267.999561654,10244005.708036246,-0.008975878155447186,0.0042507218072955445
3788.20000296,9989318.011858886,10331466.315662783,-0.018313641506102096,-0.01215176620850739
3788.4000127200006,9630016.552066872,10083389.757481605,-0.02143168599687227,-0.022573783579250637
3788.5999920000004,9225902.417528046,9638198.883657522,-0.012432058451079737,-0.017875917001887183
3788.80000176,8999325.320998445,9299667.16203192,-0.009579462770492403,-0.015936747490136245
3789.00001152,8828543.911409387,9007904.022899967,-0.0017855879122424193,-0.00713796741149006
3789.1999908000003,8797071.825004617,8880219.182407761,0.0027580690948472582,-0.006379116383198147
3789.40000056,8845731.896695895,8767641.425674347,0.0003674420039943623,-0.013204040123226419
3789.6000103200004,8852234.873072404,8539122.224040318,0.04105162918772596,0.04244609473682561
3789.7999896000006,9610145.673179837,9296160.316410339,0.006285393356598612,0.004121036340476565
3789.9999993600004,9731716.887623755,9373097.004278606,0.011676640708107994,0.015459157233043096
3790.2000091200002,9961669.484618377,9667447.779900022,0.015654462512279026,0.02256179255230652
3790.3999884,10278518.752619691,10113746.992798414,0.009189669549885952,0.01722037924819423
3790.59999816,10469183.278202444,10468175.503847599,0.0002291255997704791,0.010615569536608721
3790.8000079200006,10473981.893483499,10692811.432129735,-0.02378886439152218,-0.014193250357733842
3790.9999872000003,9987232.831114227,10393527.741115771,-0.01985955113909169,-0.011075349529821542
3791.19999696,9598273.467197895,10165825.715476863,-0.0085259594733015,-0.01151062368277759
3791.40000672,9435988.124264864,9934458.903313247,-0.013933701820516092,-0.028583505583573334
3791.599986,9176645.240860617,9382317.711098569,-0.02212037813229102,-0.03373825839388158
3791.79999576,8779449.632482965,8769893.711695958,-0.020428413886667007,-0.025378050712381972
3792.0000055200003,8427930.156253586,8335784.931616271,0.013370032841973387,0.008572239109258712
3792.1999848000005,8656347.509729167,8479933.288997289,0.02540518856686274,0.010203466577751362
3792.3999945600003,9107645.091462804,8654766.626909038,0.01571874293852912,0.009154821567754799
3792.60000432,9398539.04263985,8814696.444209611,0.01803033210245677,0.020086529537242447
3792.8000140800004,9743679.601980189,9176068.475160116,0.015870179145247847,0.019086669454521733
3792.9999933600006,10057934.769419415,9533165.43861976,0.03850757190898475,0.05725860862367867
3793.2000031200005,10863571.163578587,10691183.520328905,0.012728289204444252,0.027225424464570592
3793.4000128800003,11143685.89602983,11289620.232574116,-0.0017299617746281632,0.008858036462031258
3793.59999216,11105196.180509208,11491415.477537118,-0.0222136451136997,-0.006183761534927578
3793.80000192,10622543.873819629,11350168.568715088,-0.05831763382076942,-0.05185470709369567
3794.00001168,9451852.572679725,10231079.282665309,-0.006500146901608477,-0.004546569544993453
3794.1999909600004,9329769.27164118,10138467.720614882,-0.024506487628693004,-0.04800133161002915
3794.40000072,8883427.783334471,9209728.536043117,-0.009034329273009654,-0.033142401237162694
3794.60001048,8724353.291338805,8618846.740733236,-0.0062916763685943984,-0.01408476243686414
3794.7999897600002,8615258.068306712,8379430.050295535,0.031148740339031995,0.034593803230787784
3794.99999952,9169222.227092741,8979957.279799886,0.041389827043821,0.0399426273123051
3795.2000092800004,9961019.628815237,9727169.055078126,0.028979474291327467,0.030246480682288787
3795.3999885600006,10555579.897328584,10333947.220987288,-0.003548692775968523,-0.0020216100131798176
3795.5999983200004,10480927.794451158,10292249.095979096,-0.013332273347968937,-0.010738645414198495
3795.80000808,10205135.543535719,10073548.022150002,0.009332126766205677,0.012637393073697276
3795.99998736,10397401.0265128,10331413.542091,0.01092018697071618,0.007689446191961918
3796.19999712,10626991.321903197,10491530.449472364,0.005420991502455733,0.00460467549739285
3796.40000688,10742836.979534227,10588597.598577121,-0.0034354689392398228,-0.007365962124352928
3796.5999861600003,10669276.329338113,10433747.79861633,-0.005294779008606584,-0.0016470568355798402
3796.79999592,10556888.477485718,10399434.363529287,-0.007839868393888233,0.0006901733978802205
3797.00000568,10392646.877390381,10413799.103592165,-0.012912296178467142,-0.005523038617453044
3797.19998496,10127682.3092528,10299399.308869174,-0.01665548839652505,-0.021966813299448117
3797.3999947200004,9795846.211163176,9856635.456324968,-0.027739781487371766,-0.04627690904140119
3797.6000044800003,9267045.753544802,8984715.951029738,0.00849957747589074,-0.008535259609210715
3797.80001424,9425928.133351278,8832640.190809377,0.025490342760604814,0.01682404332836045
3797.9999935200003,9919037.949495312,9134927.325204028,0.009084976708970611,0.015828183321425857
3798.20000328,10100918.790189952,9428756.719382776,-0.004141839973997947,0.01110213693740202
3798.4000130400004,10017591.141537448,9640465.839521527,0.023892659021316008,0.04472213150057424
3798.5999923200006,10508002.143097444,10543118.764327845,0.028605072707446666,0.04301000714113365
3798.8000020800005,11126869.211203476,11490797.667403763,0.003331632288652214,0.006836317839962842
3799.0000118400003,11201258.3218377,11648988.601083953,-0.013116786245331653,-0.012969708320577068
3799.19999112,10911213.75228556,11350689.48484232,-0.0438546193880981,-0.04917300395974502
3799.40000088,9994405.765270734,10286713.387711627,-0.023109651153453366,-0.027434724404357628
3799.60001064,9542905.321577182,9737358.494178914,-0.023744571162001533,-0.0317210525352266
3799.7999899200004,9100232.020280475,9138593.431492286,-0.014025079221479728,-0.018666647100092283
3799.99999968,8848499.636863943,8803671.503769396,0.004746144378578065,0.004669673841925143
3800.20000944,8932892.692109391,8886277.797285514,0.008012719551199175,0.008524198460832851
3800.3999887200002,9077202.534248589,9039077.079738121,0.001141888117990921,-0.0003938631308105725
3800.59999848,9097956.532429423,9031959.564668363,-0.005254764007687335,-0.0072339910443213066
3800.8000082400004,9002841.112454655,8902223.842513593,-0.005308454503125123,-0.005688153070645066
3800.9999875200006,8907763.482837085,8801522.224957984,0.0028025691373599355,0.0027605225968398523
3801.1999972800004,8957833.052307004,8850250.342003359,-0.001534036264613299,-0.0024803743692081294
3801.40000704,8930391.866571885,8806455.102374466,0.009615929758995124,0.011585195115045754
3801.59998632,9103807.460561315,9012895.758926092,0.004358528234530188,0.00677831413969009
3801.7999960800003,9183513.26427442,9135914.093366433,0.005361218347035662,0.006266312901471206
3802.00000584,9282513.666653365,9251133.084315903,-0.0065359199461392905,-0.006452998251844115
3802.1999851200003,9161962.049921323,9132503.509513386,-0.0022914061728261112,-6.093313149142787e-05
3802.39999488,9120070.48771278,9131390.63325004,-0.007747997967571553,-0.0116149140228879
3802.60000464,8979832.476334102,8921705.47411605,-0.0026111212361082828,-0.006978783337043349
3802.8000144000002,8933059.743059924,8798043.187420323,0.003916898036348252,0.005304945292626386
3802.9999936800004,9003314.692867214,8891887.30089118,0.008193408102426785,0.013085009524898302
3803.2000034400003,9152069.162046734,9127673.424618963,0.005447746073499104,0.006912359889713143
3803.4000132,9252331.664384026,9254739.27685277,0.002055187896742309,-0.001756286484181044
3803.5999924800003,9290440.545401627,9222288.323011288,0.005364927101963477,0.004186290647848977
3803.80000224,9390663.30574725,9299827.282348383,-0.006553618548141271,-0.005595654270508185
3804.0000120000004,9268379.059611084,9196329.185421519,-0.0002940953808826169,0.003393354996961487
3804.19999128,9262929.087483311,9258954.514585279,-0.0021232139005990455,-0.005266039094823918
3804.40000104,9223678.066199698,9161949.314857442,0.01130854428056679,0.009603661151611214
3804.6000108,9434676.89953221,9339632.234829538,-0.006467552871281986,-0.008236571460384508
3804.79999008,9313422.574944975,9187036.007925251,-0.009718418133783937,-0.010141064310254012
3804.99999984,9134141.434352875,9002574.003025757,0.003356800008913276,0.006260450671272157
3805.2000096,9195670.948723765,9116004.469788384,0.0012720301225732954,0.0062537752602856295
3805.3999888800004,9219095.085819844,9230740.89203894,0.009921755558975709,0.013148204626209461
3805.59999864,9403867.56906555,9476710.288191432,-0.0022363178867961454,-0.003798903998660481
3805.8000084,9361901.344384918,9404980.557336884,-0.006622896362337666,-0.00871544897064336
3805.9999876800002,9238711.413811408,9242459.742966471,-0.0066674500710750114,-0.011000334898924886
3806.1999974400005,9116330.091025399,9041331.91154468,0.002068434308747879,0.0021507784215506953
3806.4000072000003,9154121.319559364,9080307.542645875,0.0031951940090493907,-0.008960110095604027
3806.5999864800006,9212807.2195923,8919031.483325073,0.020534592674355725,-0.006181010191202591
3806.7999962400004,9599102.115209362,8809451.54902754,0.0354908695299145,0.01321259416566426
3807.000006,10305534.993888654,9045359.926964264,0.004232673333004745,-0.00323100385587049
3807.19998528,10393145.74789277,8987096.989137521,0.00599910060574965,0.009220684187385413
3807.3999950400002,10518597.398871807,9154373.761624992,0.02055439709856451,0.028899170656174554
3807.6000048,10960078.635228118,9699227.193098975,0.02241631641625808,0.030745004244004594
3807.80001456,11462715.073949525,10314550.885050239,0.0212131588794364,0.025836801531869857
3807.99999384,11959575.852696856,10861676.878983244,-0.004183982121924935,-0.006876329118133147
3808.2000036,11859915.526612481,10713320.099039631,0.0015009085357242313,0.0014258154644899794
3808.4000133600002,11895570.33811713,10743914.155464888,-0.003478545948281444,-0.0014152982922054486
3808.5999926400004,11813098.643691314,10713545.44953087,0.007545621699796675,0.013628978301254834
3808.8000024000003,11992728.40888081,11009609.86190522,0.010384590742062723,0.013048766667964666
3809.00001216,12244421.289250007,11300732.311204582,0.007592966511181941,0.008808475595553441
3809.1999914400003,12431786.9117431,11501585.975353774,-0.021440871518778843,-0.02727586794289037
3809.4000012,11909880.35140116,10890813.835196793,-0.009168036050634716,-0.01334302850083626
3809.6000109600004,11693483.85741844,10604007.817267569,-0.010556914519057003,-0.01258390181414036
3809.79999024,11449168.851031115,10340444.880962139,-0.004485948506732339,-0.004563277750738578
3810.0,11346906.829373248,10246500.929191006,0.012432325457331026,0.014382660842326016
3810.20000976,11632595.480942585,10545545.886762632,0.009318306073413385,0.009384433144938316
3810.39998904,11851426.788282076,10745348.865157949,0.009673271991750219,0.01252074958234344
3810.5999988000003,12082950.530035337,11017840.306894384,0.011184002654319014,0.01479398657434826
3810.80000856,12356278.93726716,11348731.063461633,0.028170383135043484,0.037518152861404926
3810.9999878400004,13072620.78515026,12233492.533171963,0.002289193390376554,0.005206326505386259
3811.1999976,13132609.625399385,12361542.315002915,-0.0008831106766663732,0.0005633575503456338
3811.40000736,13109434.99561701,12375478.102228016,-0.02297082495859977,-0.028367833550958337
3811.59998664,12520689.883355089,11692715.589703089,-0.014586881235680116,-0.01841584215316424
3811.7999964000005,12160665.878126783,11269840.77623484,-0.0055516959933489965,-0.009382296840229317
3812.0000061600003,12026386.715153746,11060332.462416071,0.022174920219473933,0.027738863677748873
3812.19998544,12571850.666634584,11691440.799351288,0.014541286448626222,0.01808477629464122
3812.3999952,12942867.492035775,12122103.419328662,-0.00977350311291823,-0.01335461749920316
3812.6000049599998,12692321.888821715,11802598.180677999,-0.009113611496962427,-0.013729530650352614
3812.8000147200005,12463065.461455684,11482899.23026574,0.0013726876485845776,0.0012175993928596825
3812.9999940000002,12497328.285656152,11510896.46194011,0.002241467994033122,0.004933514351291891
3813.20000376,12553478.868116029,11625037.926274916,0.005127023199658991,0.007841457110215756
3813.40001352,12682866.194727829,11808793.30883305,0.0015429390817666181,6.442751976612978e-05
3813.5999928,12722064.455097014,11810315.02940237,0.028716304113558012,0.038843798400348246
3813.80000256,13474328.028329207,12764910.12077919,0.020521251492144413,0.028482139786734896
3814.00001232,14038934.610306062,13513371.820382591,0.035616489737776834,0.04202223300016244
3814.1999916000004,15075902.922510669,14698915.115468359,-0.004796833952370273,-0.0030222796053771504
3814.4000013600003,14931960.185914097,14610334.368504038,-0.04109276649214031,-0.046896170948250646
3814.60001112,13753207.29676061,13301381.757595433,-0.03709209097780635,-0.04522288372697769
3814.7999904,12769427.3205637,12150379.708181817,-0.02106123014356981,-0.02752540008473311
3815.0000001600006,12242642.36455834,11499409.790315947,-0.010770593046905405,-0.014062930843806365
3815.2000099200004,11981731.491933966,11180464.289584076,0.03252424963402654,0.03761411750532285
3815.3999892,12787326.517843658,12054424.112149963,0.02521287429017081,0.03344172542221348
3815.59999896,13448815.057235247,12888560.556654606,0.006256804206528621,0.01186362919744498
3815.80000872,13618167.869871607,13198042.340446811,-0.011529967091723565,-0.017693918430281043
3815.999988,13307713.345542228,12739112.439457608,-0.0010375232750797886,-0.004929259175391665
3816.1999977600003,13280127.84147657,12614139.688778482,-0.006436041714040366,-0.007104486706983087
3816.40000752,13110278.088063592,12436170.095907373,-0.013552949300762616,-0.01321120071843075
3816.5999868000004,12759664.073533801,12111861.128163863,-0.011037232110022116,-0.014765270156546387
3816.79999656,12481076.164893504,11759395.573980434,0.002232198062089148,0.0021679568861051844
3817.00000632,12536921.290330406,11810494.078557393,-0.018707125112304372,-0.02112184058951111
3817.1999856,12076475.399023877,11321895.434801742,0.002700023899970181,0.0028203993913287276
3817.3999953600005,12141865.49826418,11385940.60173759,0.010866414417371639,0.00881994971905013
3817.6000051200003,12408641.481260268,11588574.671265023,0.026901501418202824,0.030652348812217785
3817.80001488,13094720.201744562,12321473.817664739,0.00902412150282658,0.011006290999618184
3817.99999416,13333209.046347449,12595719.700418564,0.014141710632919488,0.01760808480375217
3818.2000039199997,13715727.276757058,13047243.16517541,-0.01733526557228533,-0.02032164377027063
3818.4000136800005,13248298.725116571,12527521.900012303,-0.0015638374179604683,-0.0004676556882809331
3818.5999929600002,13206927.053143935,12515810.243281983,-0.00018778942845769508,0.0009575300548623502
3818.80000272,13201967.741884178,12539801.744803544,0.01937136527668901,0.025498236600883798
3819.00001248,13723551.816514554,13196019.811976446,-0.01084144142890909,-0.010300895835159252
3819.19999176,13429177.096370464,12926930.026780322,0.005914564231136978,0.004119198664835041
3819.4000015200004,13588977.708369903,13033867.710156364,-0.0010403114083301654,-0.003435403727399326
3819.60001128,13560733.554010779,12944621.112821704,-0.012066858867869231,-0.01622773776682575
3819.7999905600004,13237364.684637712,12531206.069907404,0.0035792061193259447,0.0026922207974915094
3820.0000003200003,13332463.576539557,12598861.761164589,0.0009068679085953369,0.0003812734386713927
3820.20001008,13356667.092651755,12608472.6482346,-0.0053100077759602425,-0.0031877325789874964
3820.39998936,13215568.31600713,12528343.201418651,-0.004444506543413268,-0.006494171757059967
3820.5999991200006,13098614.757153891,12366670.705214579,-0.01597106831957124,-0.02219965745168423
3820.8000088800004,12686794.228594419,11829523.48261043,0.003217525981382813,0.006602821994682599
3820.99998816,12768697.936002897,11986778.283745322,-0.01111292660818661,-0.013410095307077914
3821.19999792,12488021.862518396,11669544.73741652,0.00183123963827922,-0.0002026759217019811
3821.40000768,12533842.893082514,11664815.424463386,-0.009127811335581921,-0.010907530406211901
3821.59998696,12307099.457904637,11413092.442690646,0.009549532051924181,0.01445293055644955
3821.7999967200003,12544419.837959504,11747835.729181632,0.0045079113875577765,0.005772427485974247
3822.00000648,12658030.249704039,11884250.231733324,0.0013518039362317707,-0.0015806455709485977
3822.1999857600003,12692298.924466453,11846739.947212748,0.005449649265524651,0.006242052467922204
3822.39999552,12831394.099407485,11995564.86480556,0.011808844893058251,0.01574115632569417
3822.60000528,13138063.394914806,12379252.678159649,0.0017516316503861837,0.00516383984082024
3822.8000150400003,13184170.252480444,12507765.252871113,-0.006590590357051046,-0.00550316813582378
3822.9999943200005,13011525.154932104,12370854.027981434,-0.0030381600693753915,-0.001975315086399153
3823.2000040800003,12932702.438626567,12322077.707397116,0.0034041263381406786,0.005087354294268333
3823.40001384,13021052.298701549,12448092.3383491,-0.004233752080316362,-0.006586218495621989
3823.59999312,12911261.312004805,12285193.5136134,-0.0028033017732345318,-0.0029267394570001238
3823.8000028800006,12839075.347585589,12213492.243363807,-0.0040124853447515004,-0.003650861751128038
3824.0000126400005,12736453.911250247,12124637.097857933,0.001468849727852264,0.0036216637610944776
3824.1999919200002,12773924.824113093,12212779.03590827,-0.00025194311366037665,-0.0008024210906391405
3824.40000168,12767489.840575181,12193195.167469885,0.005655579377860732,0.006257824658540327
3824.60001144,12912726.34163429,12346761.91602651,-0.003962332411365342,-0.009386454900803596
3824.79999072,12810801.17482119,12117132.672770752,0.0070194453299532635,0.008222246897205146
3825.0000004800004,12991921.979365926,12318044.734389432,0.01072415438750134,0.01660807376674091
3825.20001024,13273597.46495474,12734112.814985465,0.02271618339250289,0.0292936242825965
3825.3999895200004,13890665.85218922,13502683.673704084,0.00649328005935746,0.006914369281006376
3825.5999992800002,14072236.810450291,13690708.831488336,-0.008471415182088047,-0.009155567452601146
3825.80000904,13835816.107260678,13442290.822960624,-0.001532498997454492,-0.0034186001298026104
3825.99998832,13793474.247491641,13350696.313657582,-0.02248648950904161,-0.02678863012541605
3826.1999980800006,13186782.9764737,12654064.397467306,0.0042415185946464845,0.005788075578337576
3826.4000078400004,13299123.44103965,12801402.564122865,0.011892027649996738,0.016928931640828246
3826.59998712,13619237.331640955,13242294.53193649,0.005075227779158198,0.0069717314378518296
3826.79999688,13758183.980807612,13428234.296231966,-0.0021014169329405708,-0.008806809906274271
3827.00000664,13700481.875421375,13193779.283314647,-0.0015608615432806206,-0.00914165503525247
3827.19998592,13657779.417478265,12954738.553566732,-0.006285682294617249,-0.009539592785279322
3827.3999956800003,13487154.983922832,12709908.273855116,-0.015214631048283097,-0.011618101946771838
3827.60000544,13082901.379422447,12417970.022106558,-0.02255934584236622,-0.021245599115774273
3827.8000152,12505640.611057304,11901292.715198586,-0.004379254064532373,0.0004558660502236945
3827.99999448,12396587.427702652,11912148.454566881,0.00179642284923553,0.0015656339127444073
3828.2000042400005,12441206.608433774,11949507.071672987,0.0007616231163651985,-0.00019508239273157484
3828.4000140000003,12460172.07406773,11944845.704160705,0.0044624300341192386,0.0034765903562249028
3828.5999932800005,12571875.836479267,12028190.129348919,0.002778913480539727,-0.0009165701134178177
3828.8000030400003,12641942.857142858,12006160.961443707,-0.006132243359241044,-0.0051371939991413365
3829.0000128,12487840.907532763,11883435.470014114,-5.5205876256333936e-05,0.005018160785752889
3829.19999208,12486462.179246966,12003302.964123841,-0.0007163985145077325,0.002723334272644308
3829.4000018400006,12468584.420933126,12068859.509204118,-0.0028342719910854374,-9.254389270168118e-05
3829.6000116000005,12398105.458297415,12066625.917430492,0.0092363276338265,0.0075299348865604365
3829.79999088,12629266.465196434,12249726.46756819,0.0022741486565184725,-0.0057393659505590045
3830.00000064,12686839.052547893,12109917.556091063,-0.002517145546085242,-0.00377317331020582
3830.2000104,12623130.176232114,12018875.43835693,0.002612634129294255,0.002222603371074812
3830.39998968,12689262.196439043,12072420.834666915,0.005987259976466433,-0.0006621216691113074
3830.5999994400004,12842125.250644624,12056444.59001816,0.003326723000251474,0.0021953021898567055
3830.8000092,12927854.83611527,12109496.132606486,1.5891729674952947e-05,0.006917798477627124
3830.9999884800004,12928265.734593824,12278205.336703705,0.012910204886851035,0.021783392858853695
3831.1999982400002,13266444.814737448,12825039.173910271,0.01877915870277713,0.020250071386278247
3831.400008,13774246.243553868,13355190.697719958,0.006123726176765645,0.001852108569218985
3831.59998728,13943985.102420859,13404753.018789122,0.0021823995397150606,0.00012059310815557219
3831.7999970400006,14004980.9129884,13407986.450379875,-0.006747834632043584,0.0002527967058719945
3832.0000068000004,13817241.15934828,13414767.154133512,-0.007230600088688839,5.350951040542804e-05
3832.19998608,13618861.671784217,13416202.866203003,0.008082770800182566,0.007946805800820923
3832.39999584,13840811.919671781,13631142.870197842,0.024000046049562934,0.025476707128689897
3832.6000056000003,14521508.926041376,14343853.663821159,0.005520975694848331,0.006274221900420294
3832.79998488,14682744.90161002,14524983.15201071,-0.005123817074707291,-0.002049406201712415
3832.9999946400003,14533048.520423086,14465569.733136818,-0.0031207147363780234,-0.002918487415870414
3833.2000044,14442623.71308751,14381380.272558952,-0.0036639442879952875,-0.0023051276528307965
3833.40001416,14337176.129843356,14315230.92055517,0.00147934662054862,0.0004411034957992516
3833.59999344,14379658.28178305,14327865.490512608,0.007038218158417516,0.0005310636671840896
3833.8000032000004,14583507.360129211,14343091.594123652,0.004296130233808456,0.0013118889914240889
3834.0000129600003,14709353.304465113,14380774.117341667,-0.002801828014022879,-0.0005765068773513
3834.1999922400005,14627157.446808511,14364202.440666674,-0.0007614301065243101,0.0032185902076039873
3834.4000020000003,14604899.27874205,14456965.971088454,-1.8739112333561027e-05,-0.0014630341380288936
3834.60001176,14604351.923302596,14414725.700550202,0.002208695169628708,0.0009775728733373537
3834.79999104,14669007.851636307,14442936.16798082,-4.169007120961046e-05,-0.0017150216110456775
