status,scenario_id,realisation_id,schedule_id,seed,k_median_mD,V_DP,phi_mean,h_total_m,r_e_m,n_g,n_a,krg0,S_ar,mu_g_cP,rho_g,n_layers,k_geom_mean_m2,k_arith_mean_m2,k_harm_mean_m2,k_min_layer_m2,k_max_layer_m2,V_DP_layers,CV_k_layers,kh_total,q_ref_kg_s,endpoint_mobility_ratio,q1_kg_s,q2_kg_s,q3_kg_s,q4_kg_s,planned_mass_kg,rom_dp_bh_max_Pa,rom_r_fill_max_m,rom_max_layer_share,r_plume_m95_m,r_plume_m50_m,dp_bh_max_Pa,p_bh_max_Pa,dp_cell_max_Pa,r_plume_max_m,r_plume_end_m,r_plume_layer_max_m,r_plume_layer_min_m,r_plume_spread_m,mass_injected_kg,mass_retained_kg,mass_lost_kg,retention_fraction,sweep_efficiency,storage_efficiency,sg_max,sg_min,mass_balance_error,n_steps,n_clipped,max_clip,wall_time_s,max_bhp_spread_Pa,max_rate_rel_err,n_steps_layer_closed,sg_threshold,p_limit_Pa,p_limit_exceeded,p_margin_Pa,final_Sg_profile,log10_k_mD,kh_mD_m,log10_kh,pore_volume_m3,log10_pv,q_mean_kg_s,q_max_kg_s,q_cv,q_front_load,q_ramp,mobility_ratio,log10_mobility_ratio,dimensionless_mass,injectivity_index,log10_injectivity,aspect_ratio,log10_q_ref,q_mult_mean,q_mult_max,log10_q_mult_mean,r_fill_est_m,r_fill_over_re,log10_k_arith_mD,log10_k_harm_mD,log10_k_min_layer_mD,log10_k_max_layer_mD,log10_kh_realised,log10_rom_dp_MPa,dp_bh_max_MPa,p_bh_max_MPa,mass_retained_Mt,mass_injected_Mt,mass_lost_Mt,set
ok,R0000_S+00,0,0,20261909,996.5680183028808,0.42196225222106043,0.11861496483347449,35.97528765733168,3331.477586632316,1.7053489669965316,2.4957389260913536,0.2229166545623809,0.2635047344200388,0.04198506046671802,674.4589307372736,4,1.325792528420181e-12,1.334289178565927e-12,1.3172545874409787e-12,1.135404114916047e-12,1.5224766293618363e-12,0.12277847233066286,0.12956264077574445,4.8001437016974016e-11,2.79781185109316,3.1856567848331077,7.800269251104289,7.993542293288172,7.762123356259539,7.106012440018389,1209521836.7474248,12800528.037536968,426.6278630458806,0.2526000640615411,551.9348777502757,359.4282978782484,12819072.555475362,27819072.55547536,12788229.887021773,597.5934175544846,597.5934175544846,597.5934175544846,596.9283612593383,0.6650562951463144,1209521836.747419,1209521836.7474217,0.0,1.0000000000000022,0.028029027753988012,0.010637307687256639,0.4900617695287011,0.0,2.168298488243713e-15,3372,0,0.0,1.8985881139997218,0.0,1.3023757032949223e-13,0,0.05,24000000.0,True,-3819072.5554753616,0.42160;0.42160;0.42162;0.42164;0.42167;0.42171;0.42176;0.42184;0.42193;0.42207;0.42232;0.42275;0.42358;0.42520;0.42859;0.43701;0.47029;0.47692;0.39757;0.18900;0.00000;0.00000;0.00000;0.00000,2.9985069457515063,35851.82112854312,4.554511220979812,148787834.8260527,8.172567423925614,7.665486835167598,7.993542293288172,0.04366521618419877,0.515094862335875,-0.09056917401524972,3.1856567848331077,0.5031989841197598,0.01205287853562865,853918.5303058743,5.9314164379883225,92.60461287662196,0.4468185054454927,2.739814985118653,2.8570692808256344,0.43772123666894386,426.18416177108935,0.12792646826776502,3.130966561564441,3.125386317478731,3.0608670616235107,3.188267232525531,4.686970836792747,1.1072278851993163,12.819072555475362,27.819072555475362,1.2095218367474216,1.2095218367474192,0.0,dev
ok,R0000_S+01,0,1,20261909,996.5680183028808,0.42196225222106043,0.11861496483347449,35.97528765733168,3331.477586632316,1.7053489669965316,2.4957389260913536,0.2229166545623809,0.2635047344200388,0.04198506046671802,674.4589307372736,4,1.325792528420181e-12,1.334289178565927e-12,1.3172545874409787e-12,1.135404114916047e-12,1.5224766293618363e-12,0.12277847233066286,0.12956264077574445,4.8001437016974016e-11,2.79781185109316,3.1856567848331077,0.2732382824332719,0.30846453573003013,0.5681958577047673,1.0524322483574835,86875347.96792538,986593.5179887245,114.43879170631224,0.2530455524882897,154.86372953455438,96.19285381272805,975864.328845989,15975864.328845989,973203.1232644748,170.41192755994064,170.41192755994064,170.41192755994064,169.9530262964675,0.45890126347313753,86875347.9679253,86875347.96792546,0.0,1.0000000000000018,0.0025863051663266236,0.0008571312293175811,0.6250370007465277,0.0,1.8867581767021116e-15,235,0,0.0,0.12405334899995069,0.0,1.6845560819788128e-12,0,0.05,24000000.0,False,8024135.671154011,0.59430;0.59432;0.59439;0.59449;0.59462;0.59482;0.59508;0.59545;0.59896;0.61100;0.62345;0.59508;0.54751;0.48752;0.40724;0.22222;0.00044;0.00000;0.00000;0.00000;0.00000;0.00000;0.00000;0.00000,2.9985069457515063,35851.82112854312,4.554511220979812,148787834.8260527,8.172567423925614,0.5505827310563882,1.0524322483574835,0.5654545993577276,0.26413052269511095,1.4152168638293343,3.1856567848331077,0.5031989841197598,0.0008657123707775897,853918.5303058743,5.9314164379883225,92.60461287662196,0.4468185054454927,0.1967904778304748,0.3761626243545568,-0.7059959197549317,114.21909843669425,0.034284816711660566,3.130966561564441,3.125386317478731,3.0608670616235107,3.188267232525531,4.686970836792747,-0.005861742219687726,0.975864328845989,15.975864328845988,0.08687534796792545,0.0868753479679253,0.0,dev
ok,R0000_S+02,0,2,20261909,996.5680183028808,0.42196225222106043,0.11861496483347449,35.97528765733168,3331.477586632316,1.7053489669965316,2.4957389260913536,0.2229166545623809,0.2635047344200388,0.04198506046671802,674.4589307372736,4,1.325792528420181e-12,1.334289178565927e-12,1.3172545874409787e-12,1.135404114916047e-12,1.5224766293618363e-12,0.12277847233066286,0.12956264077574445,4.8001437016974016e-11,2.79781185109316,3.1856567848331077,0.7911971834270877,0.5900652600104034,0.3421189925388919,0.04735838101255314,69850373.56076257,771874.2060225888,102.42866669272871,0.25212914111543766,138.44190892458846,86.20674314917359,771463.5893287882,15771463.589328788,771348.0466358997,151.16572269291558,151.16572269291558,151.16572269291558,151.1494179974316,0.01630469548396718,69850373.56076251,69850373.56076396,0.0,1.0000000000000207,0.001920054935077714,0.0006904960197024158,0.630018957738242,0.0,2.0692983617988314e-14,217,0,0.0,0.11894214600033592,0.0,8.879021404534189e-12,0,0.05,24000000.0,False,8228536.410671212,0.60655;0.60658;0.60667;0.60680;0.60698;0.60723;0.60758;0.60806;0.61390;0.62903;0.61885;0.58080;0.52930;0.46476;0.36999;0.11098;0.00000;0.00000;0.00000;0.00000;0.00000;0.00000;0.00000;0.00000,2.9985069457515063,35851.82112854312,4.554511220979812,148787834.8260527,8.172567423925614,0.44268495424723403,0.7911971834270877,0.6284352345294697,0.7800482206280684,-1.6802893237684102,3.1856567848331077,0.5031989841197598,0.0006960585932537944,853918.5303058743,5.9314164379883225,92.60461287662196,0.4468185054454927,0.158225419652243,0.28279141898621646,-0.80072374379744,102.41765217004617,0.030742410689179177,3.130966561564441,3.125386317478731,3.0608670616235107,3.188267232525531,4.686970836792747,-0.11245347179084536,0.7714635893287882,15.771463589328787,0.06985037356076396,0.06985037356076251,0.0,dev
ok,R0001_S+00,1,0,20262909,79.09025937559902,0.5198406441228567,0.2061340267994943,62.7916895904353,2305.4434206796054,2.1450898707522033,3.295497243582039,0.4518536663201028,0.3107800812603696,0.0562714269700054,771.108454250146,4,1.2622018546233691e-13,1.8418907607262626e-13,8.186728173107901e-14,3.1578884869279994e-14,4.2394050852365586e-13,0.6597889754194805,0.9202816803836801,1.1565543290701418e-11,3.8593681374843474,4.8179371732757685,2.1274715121540435,5.819978008931237,11.01579209530486,17.714913771274915,1446843195.5772235,12188100.270591823,288.12286166984734,0.33252539091586275,365.648007809029,232.4807650128461,11843208.898995064,26843208.898995064,11659179.878696326,414.604512794329,414.604512794329,414.604512794329,303.7892765882226,110.81523620610642,1446843195.5772305,1446843195.5772326,0.0,1.0000000000000016,0.02628503127840059,0.00788568924324054,0.42724856851146503,0.0,1.4830682540259591e-15,1944,0,0.0,1.114990530999421,0.0,6.696248696871101e-14,0,0.05,24000000.0,True,-2843208.898995064,0.35821;0.35828;0.35851;0.35884;0.35928;0.35991;0.36078;0.36199;0.36298;0.36382;0.36486;0.36631;0.36866;0.37354;0.38825;0.40794;0.38310;0.29120;0.06769;0.00000;0.00000;0.00000;0.00000;0.00000,1.8981229998072182,4966.211016339628,3.696025168960971,216127816.48792398,8.334710665864137,9.169538846916264,17.714913771274915,0.6388024727004786,0.2166807309987575,1.699915614007455,4.8179371732757685,0.6828611324249747,0.008681511315646805,88254.57756716902,4.945737240525631,36.71574113894812,0.5865162070379604,2.3759171243231663,4.59010727668546,0.3758312877077831,258.74575061360986,0.11223253118800722,2.270980467156419,1.9188269683595756,1.5051133876677643,2.633021514188539,4.068882636310172,1.085936018473642,11.843208898995064,26.843208898995066,1.4468431955772325,1.4468431955772305,0.0,dev
ok,R0001_S+01,1,1,20262909,79.09025937559902,0.5198406441228567,0.2061340267994943,62.7916895904353,2305.4434206796054,2.1450898707522033,3.295497243582039,0.4518536663201028,0.3107800812603696,0.0562714269700054,771.108454250146,4,1.2622018546233691e-13,1.8418907607262626e-13,8.186728173107901e-14,3.1578884869279994e-14,4.2394050852365586e-13,0.6597889754194805,0.9202816803836801,1.1565543290701418e-11,3.8593681374843474,4.8179371732757685,0.25162906887209935,1.9102943088915239,3.0356020209312082,3.627552204991152,348122836.232601,2932482.0986238956,139.3802088509443,0.32341529025981075,180.53008864140926,113.63185700812035,2750001.858087573,17750001.858087573,2726922.042478528,199.6499072466525,199.6499072466525,199.6499072466525,162.75596636223972,36.893940884412785,348122836.23260134,348122836.2326019,0.0,1.0000000000000016,0.006223825840061712,0.0020385543415748536,0.48430576567680017,0.0,1.5409555109452438e-15,330,0,0.0,0.21431725399997958,0.0,4.433875613546722e-13,0,0.05,24000000.0,False,6249998.141912427,0.44143;0.44147;0.44161;0.44181;0.44208;0.44246;0.44299;0.44373;0.44520;0.44820;0.45638;0.47779;0.46704;0.42721;0.37753;0.28094;0.03039;0.00000;0.00000;0.00000;0.00000;0.00000;0.00000;0.00000,1.8981229998072182,4966.211016339628,3.696025168960971,216127816.48792398,8.334710665864137,2.206269400921496,3.627552204991152,0.5829228742848249,0.2449749990709033,1.5301500055745803,4.8179371732757685,0.6828611324249747,0.002088845806668534,88254.57756716902,4.945737240525631,36.71574113894812,0.5865162070379604,0.5716659624908467,0.9399342264756583,-0.2428576653027296,126.91961603957527,0.055052149578306085,2.270980467156419,1.9188269683595756,1.5051133876677643,2.633021514188539,4.068882636310172,0.4672353696391985,2.750001858087573,17.750001858087572,0.3481228362326019,0.3481228362326013,0.0,dev
ok,R0001_S+02,1,2,20262909,79.09025937559902,0.5198406441228567,0.2061340267994943,62.7916895904353,2305.4434206796054,2.1450898707522033,3.295497243582039,0.4518536663201028,0.3107800812603696,0.0562714269700054,771.108454250146,4,1.2622018546233691e-13,1.8418907607262626e-13,8.186728173107901e-14,3.1578884869279994e-14,4.2394050852365586e-13,0.6597889754194805,0.9202816803836801,1.1565543290701418e-11,3.8593681374843474,4.8179371732757685,0.07322547231678363,1.4046959076331595,2.1446152811833765,2.264242358588402,232215771.99096277,1941293.0499838337,113.39053910368807,0.32088747538432255,148.39646881415368,92.8454652018968,1816019.9147977978,16816019.914797798,1803339.2772262953,166.96149508314898,166.96149508314898,166.96149508314898,130.29236146855945,36.669133614589526,232215771.9909629,232215771.99096256,0.0,0.9999999999999986,0.0044980462558510525,0.0013707912360538363,0.49979195148198746,0.0,1.4117281675312147e-15,284,0,0.0,0.1801436180012388,0.0,9.395013841733451e-13,0,0.05,24000000.0,False,7183980.085202202,0.46389;0.46393;0.46407;0.46427;0.46454;0.46492;0.46545;0.46619;0.46891;0.47691;0.49497;0.48192;0.44407;0.39875;0.33549;0.14027;0.00010;0.00000;0.00000;0.00000;0.00000;0.00000;0.00000;0.00000,1.8981229998072182,4966.211016339628,3.696025168960971,216127816.48792398,8.334710665864137,1.4716947549304304,2.264242358588402,0.5924774422913229,0.2510577303816998,1.4887712814979701,4.8179371732757685,0.6828611324249747,0.001393367199965935,88254.57756716902,4.945737240525631,36.71574113894812,0.5865162070379604,0.3813304931023568,0.586687322361609,-0.41869846496869056,103.65931861471637,0.04496285516482524,2.270980467156419,1.9188269683595756,1.5051133876677643,2.633021514188539,4.068882636310172,0.2880910997285628,1.8160199147977978,16.8160199147978,0.23221577199096258,0.23221577199096288,0.0,dev
ok,R0002_S+00,2,0,20263909,200.61549052649679,0.3397376907136136,0.12300143653034849,36.224232327154155,1653.1243757158813,2.9574631428466684,2.648631484277698,0.2419174879772874,0.2580793121930385,0.06814968326906441,685.3418637370638,4,2.458716170981873e-13,2.653497283028681e-13,2.267029423165693e-13,1.4135980304420535e-13,3.790336294122671e-13,0.3706166158721075,0.4257018642397769,9.612090205990325e-12,0.7279959701762765,2.12987773124782,0.33676779853358313,0.22349242046460574,0.1438805784271115,0.09793227242110042,31639376.386230975,1346400.8784541374,66.80477751397744,0.25750480289480154,78.88679460952486,53.059109292739606,1346165.7875835318,16346165.787583532,1344279.1879068892,85.89278264053118,85.89278264053118,85.89278264053118,85.69601647897814,0.19676616155304316,31639376.38623098,31639376.386230722,0.0,0.9999999999999919,0.0024184415331888437,0.0011902552064497521,0.6260045154178637,0.0,8.12421292556621e-15,240,0,0.0,0.15138542300155677,0.0,4.888168067968127e-13,0,0.05,24000000.0,False,7653834.212416468,0.60647;0.60650;0.60660;0.60673;0.60692;0.60718;0.60754;0.60804;0.61307;0.62556;0.61498;0.58377;0.54143;0.46429;0.01464;0.00000;0.00000;0.00000;0.00000;0.00000;0.00000;0.00000;0.00000;0.00000,2.302364464030574,7267.142137257813,3.8613636545957726,38253423.30036355,7.5826703062591125,0.20051826746160023,0.33676779853358313,0.4517604886663316,0.6985151852878942,-1.191091111727366,2.12987773124782,0.3283546728431922,0.0012068418096916164,106635.00971187389,5.027899812837658,45.635870507507704,-0.137871024718625,0.27543870526240255,0.4625956905393836,-0.5599750317596552,66.67330180148852,0.04033169117878128,2.429535245049586,2.3611737545216234,2.156042529166293,2.5843943418255844,3.9885344356147847,0.1291743863216444,1.3461657875835318,16.346165787583534,0.031639376386230725,0.03163937638623098,0.0,dev
ok,R0002_S+01,2,1,20263909,200.61549052649679,0.3397376907136136,0.12300143653034849,36.224232327154155,1653.1243757158813,2.9574631428466684,2.648631484277698,0.2419174879772874,0.2580793121930385,0.06814968326906441,685.3418637370638,4,2.458716170981873e-13,2.653497283028681e-13,2.267029423165693e-13,1.4135980304420535e-13,3.790336294122671e-13,0.3706166158721075,0.4257018642397769,9.612090205990325e-12,0.7279959701762765,2.12987773124782,0.22336563701390946,0.17282374791999353,0.18613503281431967,0.263299491696888,33357326.355881277,1441822.8005265286,68.80337916314518,0.25907559703647215,80.3385472137904,54.51894108242538,1440859.4789654557,16440859.478965456,1435686.982665062,89.98348994524447,89.98348994524447,89.98348994524447,86.66914016899722,3.314349776247255,33357326.35588128,33357326.35588146,0.0,1.0000000000000053,0.0029676061107427104,0.0012539521505822277,0.625840438673921,0.0,5.360559549001292e-15,258,0,0.0,0.16500433900000644,0.0,3.1622543038913686e-13,0,0.05,24000000.0,False,7559140.521034544,0.60332;0.60335;0.60345;0.60359;0.60378;0.60405;0.60441;0.60491;0.60955;0.62353;0.61692;0.58680;0.54542;0.47503;0.03863;0.00000;0.00000;0.00000;0.00000;0.00000;0.00000;0.00000;0.00000;0.00000,2.302364464030574,7267.142137257813,3.8613636545957726,38253423.30036355,7.5826703062591125,0.21140597736127764,0.263299491696888,0.166622147162655,0.46851724567943953,0.18889652592336326,2.12987773124782,0.3283546728431922,0.0012723707197757827,106635.00971187389,5.027899812837658,45.635870507507704,-0.137871024718625,0.29039443351600963,0.36167712801093227,-0.5370117127531098,68.45948414645075,0.04141217996184016,2.429535245049586,2.3611737545216234,2.156042529166293,2.5843943418255844,3.9885344356147847,0.15891188903645534,1.4408594789654556,16.440859478965457,0.03335732635588146,0.03335732635588128,0.0,dev
ok,R0002_S+02,2,2,20263909,200.61549052649679,0.3397376907136136,0.12300143653034849,36.224232327154155,1653.1243757158813,2.9574631428466684,2.648631484277698,0.2419174879772874,0.2580793121930385,0.06814968326906441,685.3418637370638,4,2.458716170981873e-13,2.653497283028681e-13,2.267029423165693e-13,1.4135980304420535e-13,3.790336294122671e-13,0.3706166158721075,0.4257018642397769,9.612090205990325e-12,0.7279959701762765,2.12987773124782,0.03353967716455876,0.6424804092301623,0.9903151845460139,1.0469414526680398,107030626.91619533,4590090.856304223,123.41307402916465,0.25978404553246776,146.52627057535557,97.462757469707,4617506.604258124,19617506.604258124,4589741.650158908,162.0380395512053,162.0380395512053,162.0380395512053,160.27868050924712,1.759359041958163,107030626.91619533,107030626.91619536,0.0,1.0000000000000002,0.008960514804785883,0.00390094997563907,0.5880976412598804,0.0,2.784466768659633e-16,412,0,0.0,0.178043821000756,0.0,8.278796877776318e-13,0,0.05,24000000.0,False,4382493.395741876,0.54506;0.54508;0.54512;0.54517;0.54525;0.54535;0.54550;0.54570;0.54625;0.54745;0.54990;0.55568;0.57956;0.57836;0.53463;0.43533;0.00067;0.00000;0.00000;0.00000;0.00000;0.00000;0.00000;0.00000,2.302364464030574,7267.142137257813,3.8613636545957726,38253423.30036355,7.5826703062591125,0.6783191809021937,1.0469414526680398,0.5943957882463166,0.2491526501932266,1.4939895613089005,2.12987773124782,0.3283546728431922,0.004082540499634563,106635.00971187389,5.027899812837658,45.635870507507704,-0.137871024718625,0.9317622743680104,1.438114351669466,-0.030694877452379487,122.6286761965023,0.07417994556120332,2.429535245049586,2.3611737545216234,2.156042529166293,2.5843943418255844,3.9885344356147847,0.6618212820516507,4.617506604258124,19.617506604258125,0.10703062691619536,0.10703062691619533,0.0,dev
ok,R0003_S+00,3,0,20264909,497.710293741777,0.32878511233747204,0.21653429071133803,20.953224624381523,2177.4687461041303,1.8100457017693383,2.439033632396228,0.6475940210475093,0.32551615593221633,0.07654063331376618,740.89534709588,4,4.3184553186767745e-13,4.584753189645344e-13,4.047171357052655e-13,2.526939621491501e-13,6.745805735655036e-13,0.33640369326794417,0.3820326155504624,9.606536342998855e-12,1.3806739394517786,5.07647240173308,0.4983385493856043,0.325522145571459,0.3247697925139987,0.49608149021322356,64878953.383712016,1495489.7687542054,96.25895073554301,0.2611221971378859,131.8936418277344,82.75688529490237,1464239.4810631257,16464239.481063126,1460932.886816442,142.827451248044,142.827451248044,142.827451248044,141.83575047232384,0.9917007757201759,64878953.38371202,64878953.38371355,0.0,1.0000000000000235,0.004000369167487958,0.0012766388588135403,0.5423587935089809,0.0,2.3541825857394818e-14,234,0,0.0,0.1001338530004432,0.0,6.032212646162539e-13,0,0.05,24000000.0,False,7535760.518936874,0.50861;0.50863;0.50872;0.50885;0.50902;0.50927;0.50960;0.51007;0.51502;0.53252;0.53653;0.49985;0.44895;0.38803;0.30041;0.05190;0.00000;0.00000;0.00000;0.00000;0.00000;0.00000;0.00000;0.00000,2.6969766230004457,10428.635582638362,4.018227491773335,67582037.88840972,7.829831283478342,0.4111779944210714,0.4983385493856043,0.2092430493447557,0.5009148751485589,-0.005489250891353295,5.07647240173308,0.7055620294825091,0.001295733491780007,136249.66414751008,5.134335440423448,103.9204602221651,0.14009112751675976,0.29780962953812035,0.36093862218003375,-0.526061263643427,95.43858607975257,0.04383006013312878,2.6670325590904893,2.6128681905567697,2.4083114628107927,2.834750428076033,3.9882834278633785,0.17478344619462485,1.4642394810631256,16.464239481063125,0.06487895338371355,0.06487895338371202,0.0,dev
ok,R0003_S+01,3,1,20264909,497.710293741777,0.32878511233747204,0.21653429071133803,20.953224624381523,2177.4687461041303,1.8100457017693383,2.439033632396228,0.6475940210475093,0.32551615593221633,0.07654063331376618,740.89534709588,4,4.3184553186767745e-13,4.584753189645344e-13,4.047171357052655e-13,2.526939621491501e-13,6.745805735655036e-13,0.33640369326794417,0.3820326155504624,9.606536342998855e-12,1.3806739394517786,5.07647240173308,1.1445274562238774,0.7074882628878598,0.4082320313673603,0.2467587616623789,98893885.88444482,2204550.609153352,118.16530346230437,0.25815223357068356,162.31005102365455,102.1998661171922,2189897.312063046,17189897.312063046,2188085.727106143,177.0348111117591,177.0348111117591,177.0348111117591,175.88182346446848,1.1529876472906153,98893885.88444485,98893885.88444234,0.0,0.9999999999999747,0.006948486714267729,0.0019311711860155894,0.5257464049630686,0.0,2.5313952001962626e-14,274,0,0.0,0.11986915200031945,0.0,9.70575606799882e-13,0,0.05,24000000.0,False,6810102.687936954,0.48357;0.48358;0.48362;0.48368;0.48376;0.48387;0.48402;0.48423;0.48624;0.49153;0.51016;0.52187;0.48242;0.42788;0.36098;0.24167;0.00008;0.00000;0.00000;0.00000;0.00000;0.00000;0.00000;0.00000,2.6969766230004457,10428.635582638362,4.018227491773335,67582037.88840972,7.829831283478342,0.6267516280353691,1.1445274562238774,0.5450286155312041,0.7387359028157258,-1.4324154168943544,5.07647240173308,0.7055620294825091,0.0019750645377228765,136249.66414751008,5.134335440423448,103.9204602221651,0.14009112751675976,0.4539461563852158,0.828962887992463,-0.3429956567718525,117.83025026064621,0.0541134059772224,2.6670325590904893,2.6128681905567697,2.4083114628107927,2.834750428076033,3.9882834278633785,0.3433200732343519,2.189897312063046,17.189897312063046,0.09889388588444234,0.09889388588444485,0.0,dev
ok,R0003_S+02,3,2,20264909,497.710293741777,0.32878511233747204,0.21653429071133803,20.953224624381523,2177.4687461041303,1.8100457017693383,2.439033632396228,0.6475940210475093,0.32551615593221633,0.07654063331376618,740.89534709588,4,4.3184553186767745e-13,4.584753189645344e-13,4.047171357052655e-13,2.526939621491501e-13,6.745805735655036e-13,0.33640369326794417,0.3820326155504624,9.606536342998855e-12,1.3806739394517786,5.07647240173308,0.8039284149637458,0.7120374174516977,0.7339507308221387,0.8696683550750689,123058266.27267914,2810776.726809382,132.49740620103265,0.2608370866038544,179.2104057486208,113.96262895562538,2757430.376446612,17757430.376446612,2750674.7182423323,193.3888199033326,193.3888199033326,193.3888199033326,191.89979446463857,1.4890254386940285,123058266.27267918,123058266.27267912,0.0,0.9999999999999996,0.006948486714267729,0.002390211390285175,0.5173913720391651,0.0,4.843611614299475e-16,299,0,0.0,0.13356185699922207,0.0,2.898453999854548e-13,0,0.05,24000000.0,False,6242569.623553388,0.46913;0.46914;0.46918;0.46924;0.46931;0.46942;0.46957;0.46978;0.47118;0.47457;0.48372;0.51370;0.49727;0.44685;0.38495;0.29530;0.03482;0.00000;0.00000;0.00000;0.00000;0.00000;0.00000;0.00000,2.6969766230004457,10428.635582638362,4.018227491773335,67582037.88840972,7.829831283478342,0.7798962295781627,0.8696683550750689,0.07943669156970319,0.48595113520276045,0.0842931887834374,5.07647240173308,0.7055620294825091,0.002457664754652513,136249.66414751008,5.134335440423448,103.9204602221651,0.14009112751675976,0.5648663361371437,0.6298868474481284,-0.24805430677459187,131.4399771968708,0.06036365731174776,2.6670325590904893,2.6128681905567697,2.4083114628107927,2.834750428076033,3.9882834278633785,0.4488263489280437,2.7574303764466124,17.757430376446614,0.12305826627267911,0.12305826627267918,0.0,dev
ok,R0004_S+00,4,0,20265909,48.65036792506731,0.6847170203394658,0.18996837797187963,76.12671701784953,3626.696327214705,1.9930089050608069,3.3210972482709815,0.5102737692114997,0.2265072532189052,0.07267652644619679,655.7811583168261,4,1.3584069969936219e-13,1.3680673330525923e-13,1.3486331958457222e-13,1.1521190322603014e-13,1.544863313017032e-13,0.12912140368395641,0.13584408867738526,1.0414647472465878e-11,5.885912744516915,4.212698053938453,3.149476181277044,2.041074920475999,1.8198523920628267,2.485808596037526,374597078.3084469,1385166.1771975367,129.58791295754494,0.2602716257143078,176.49005342325694,114.40671886996256,1275541.6937858034,16275541.693785803,1242081.063029062,198.79597428306013,198.79597428306013,198.79597428306013,189.0169304765709,9.779043806489227,374597078.308447,374597078.3084465,0.0,0.9999999999999988,0.002791724221342672,0.0009454435251789829,0.5753722990834862,0.0,1.2729334685586962e-15,244,0,0.0,0.10224382900014461,0.0,5.485297054370414e-14,0,0.05,24000000.0,False,7724458.306214197,0.54034;0.54038;0.54052;0.54072;0.54100;0.54139;0.54192;0.54267;0.54516;0.55216;0.57120;0.56444;0.52681;0.47925;0.42290;0.33515;0.04242;0.00000;0.00000;0.00000;0.00000;0.00000;0.00000;0.00000,1.6870861290282613,3703.5927918458624,3.5686232301761605,597572596.498057,8.776390673374683,2.374053022463349,3.149476181277044,0.21393104036543836,0.5465917412795669,-0.2795504476774018,4.212698053938453,0.6245603320896388,0.0009559050981882353,50959.95877826758,4.7072290680247395,47.64025652602816,0.7698138196297658,0.40334492295607394,0.5350871339727168,-0.3943234053034853,127.49420893974464,0.035154365691725815,2.1418240706289944,2.135610443153142,2.067213948714815,2.194606657561325,4.023361171776894,0.14150187846231455,1.2755416937858033,16.275541693785804,0.3745970783084465,0.374597078308447,0.0,dev
ok,R0004_S+01,4,1,20265909,48.65036792506731,0.6847170203394658,0.18996837797187963,76.12671701784953,3626.696327214705,1.9930089050608069,3.3210972482709815,0.5102737692114997,0.2265072532189052,0.07267652644619679,655.7811583168261,4,1.3584069969936219e-13,1.3680673330525923e-13,1.3486331958457222e-13,1.1521190322603014e-13,1.544863313017032e-13,0.12912140368395641,0.13584408867738526,1.0414647472465878e-11,5.885912744516915,4.212698053938453,7.566235785940176,4.499427959196975,2.917859698899863,2.8215310050488402,702355982.8530897,2346578.024287271,176.75973468330423,0.25826860414593994,245.65361656586316,156.875964831527,2234247.0571548045,17234247.057154804,2191610.3485499956,273.1392826345835,273.1392826345835,273.1392826345835,262.19243722919805,10.946845405385432,702355982.8530902,702355982.8530898,0.0,0.9999999999999994,0.005869905941935987,0.0017559728838453647,0.5420202518642457,0.0,5.091832025116354e-16,368,0,0.0,0.15145131399913225,0.0,5.6244307112620184e-14,0,0.05,24000000.0,False,6765752.9428451955,0.50663;0.50666;0.50675;0.50688;0.50707;0.50733;0.50768;0.50818;0.50917;0.51104;0.51492;0.52432;0.54009;0.52186;0.47623;0.41881;0.32323;0.04008;0.00000;0.00000;0.00000;0.00000;0.00000;0.00000,1.6870861290282613,3703.5927918458624,3.5686232301761605,597572596.498057,8.776390673374683,4.451263612271464,7.566235785940176,0.43085712921179176,0.677653852710157,-1.065923116260942,4.212698053938453,0.6245603320896388,0.0017922875100468661,50959.95877826758,4.7072290680247395,47.64025652602816,0.7698138196297658,0.7562571525407145,1.2854821527873623,-0.12133050484291354,174.57695285946934,0.04813663375933768,2.1418240706289944,2.135610443153142,2.067213948714815,2.194606657561325,4.023361171776894,0.37043499918523165,2.2342470571548043,17.234247057154803,0.7023559828530898,0.7023559828530902,0.0,dev
ok,R0004_S+02,4,2,20265909,48.65036792506731,0.6847170203394658,0.18996837797187963,76.12671701784953,3626.696327214705,1.9930089050608069,3.3210972482709815,0.5102737692114997,0.2265072532189052,0.07267652644619679,655.7811583168261,4,1.3584069969936219e-13,1.3680673330525923e-13,1.3486331958457222e-13,1.1521190322603014e-13,1.544863313017032e-13,0.12912140368395641,0.13584408867738526,1.0414647472465878e-11,5.885912744516915,4.212698053938453,11.92782759367694,8.968791327031406,9.4267767876236,13.301783975453523,1720882462.9862854,6525296.796573359,278.3715671937003,0.26143321252633994,377.9391731799998,246.0964771742522,6159263.308194101,21159263.3081941,5892008.545349054,426.04933790425304,426.04933790425304,426.04933790425304,401.5735776675063,24.475760236746737,1720882462.9862843,1720882462.9862833,0.0,0.9999999999999994,0.012651955132720182,0.004181617835621217,0.5005304220656761,0.0,5.541774856321788e-16,1016,0,0.0,0.5215086549997068,0.0,1.8772278391293063e-14,0,0.05,24000000.0,False,2840736.691805899,0.44350;0.44356;0.44378;0.44407;0.44448;0.44506;0.44586;0.44697;0.44783;0.44870;0.44987;0.45167;0.45488;0.46250;0.49030;0.48955;0.44004;0.36509;0.13144;0.00000;0.00000;0.00000;0.00000;0.00000,1.6870861290282613,3703.5927918458624,3.5686232301761605,597572596.498057,8.776390673374683,10.906294920946367,13.301783975453523,0.16353777853871707,0.4790036183730646,0.12597828976161243,4.212698053938453,0.6245603320896388,0.004391385878340482,50959.95877826758,4.7072290680247395,47.64025652602816,0.7698138196297658,1.8529487938988296,2.259935638333229,0.2678634177892401,273.2649117263308,0.07534816457494738,2.1418240706289944,2.135610443153142,2.067213948714815,2.194606657561325,4.023361171776894,0.8146002699080404,6.159263308194101,21.159263308194102,1.7208824629862833,1.7208824629862842,0.0,dev
ok,R0005_S+00,5,0,20266909,134.11204468250142,0.29445983898370515,0.10012545472580203,55.675951880028805,3920.709078583676,2.582539068367288,3.632732783908552,0.25205453271261846,0.19487009431677832,0.06197832761930318,682.3460699232359,4,1.419316641300524e-13,1.4488112088875953e-13,1.3925776958172746e-13,1.168602635954932e-13,1.9349615688673478e-13,0.2056333813117298,0.24218535354839898,8.066394314927213e-12,4.357027263076754,2.4400903579797393,8.195902233696023,7.218004110518992,9.78176307101935,15.887179115197098,1620595125.97993,12049852.553341672,424.6849926949244,0.27266751876976697,524.5159034222482,352.92000989680963,13804688.530289821,28804688.53028982,12936007.079749845,609.6301596558541,609.6301596558541,609.6301596558541,562.1848260834828,47.44533357237128,1620595125.979926,1620595125.979918,0.0,0.999999999999995,0.020370885625523482,0.00802596053156896,0.5186327045027849,0.0,5.002009175210573e-15,4597,0,0.0,2.766720786001315,0.0,9.18344971467042e-15,0,0.05,24000000.0,True,-4804688.530289821,0.45308;0.45318;0.45350;0.45396;0.45459;0.45548;0.45670;0.45841;0.45975;0.46074;0.46179;0.46295;0.46435;0.46622;0.46914;0.47472;0.49582;0.51137;0.45268;0.16603;0.00000;0.00000;0.00000;0.00000,2.127467783848935,7466.815746275222,3.873135434659816,269210045.6037616,8.430091261602763,10.270712132607866,15.887179115197098,0.3280453517926933,0.37519078874965084,0.748855267502095,2.4400903579797393,0.3874059088163569,0.00882223399034968,120474.62448711958,5.080895581302975,70.42015351676548,0.6391902774401721,2.3572751586032332,3.6463345661918636,0.37241027954948575,410.41282660464185,0.1046782146746017,2.166728395053273,2.149536032796677,2.073383459357512,2.2923889414918,3.9123960458641545,1.0809817327480769,13.804688530289821,28.80468853028982,1.620595125979918,1.620595125979926,0.0,dev
ok,R0005_S+01,5,1,20266909,134.11204468250142,0.29445983898370515,0.10012545472580203,55.675951880028805,3920.709078583676,2.582539068367288,3.632732783908552,0.25205453271261846,0.19487009431677832,0.06197832761930318,682.3460699232359,4,1.419316641300524e-13,1.4488112088875953e-13,1.3925776958172746e-13,1.168602635954932e-13,1.9349615688673478e-13,0.2056333813117298,0.24218535354839898,8.066394314927213e-12,4.357027263076754,2.4400903579797393,6.177711169966697,6.924430667379376,6.5958268801454745,5.191899808264989,981830643.7355181,6657390.368941666,326.28117686435166,0.2656571831273525,419.3606991373082,274.2652728111272,7045922.739723008,22045922.739723008,6825325.244639408,475.14934864146187,475.14934864146187,475.14934864146187,450.22059917103655,24.928749470425316,981830643.7355157,981830643.7355177,0.0,1.000000000000002,0.013743493820007622,0.005038570214344851,0.539743072879824,0.0,2.0640605742890144e-15,1865,0,0.0,1.0731010249983228,0.0,1.2425250400091786e-14,0,0.05,24000000.0,False,1954077.2602769919,0.49111;0.49116;0.49132;0.49155;0.49186;0.49230;0.49291;0.49376;0.49439;0.49497;0.49570;0.49672;0.49835;0.50135;0.50806;0.53225;0.52817;0.47506;0.28912;0.00016;0.00000;0.00000;0.00000;0.00000,2.127467783848935,7466.815746275222,3.873135434659816,269210045.6037616,8.430091261602763,6.222467131439134,6.924430667379376,0.10465230340198421,0.5264046221774017,-0.15842773306441058,2.4400903579797393,0.3874059088163569,0.005344912828053061,120474.62448711958,5.080895581302975,70.42015351676548,0.6391902774401721,1.4281450988775966,1.5892557584066223,0.15477233379910668,319.4493085360256,0.08147743230452184,2.166728395053273,2.149536032796677,2.073383459357512,2.2923889414918,3.9123960458641545,0.8233040233940121,7.045922739723008,22.045922739723007,0.9818306437355178,0.9818306437355158,0.0,dev
ok,R0005_S+02,5,2,20266909,134.11204468250142,0.29445983898370515,0.10012545472580203,55.675951880028805,3920.709078583676,2.582539068367288,3.632732783908552,0.25205453271261846,0.19487009431677832,0.06197832761930318,682.3460699232359,4,1.419316641300524e-13,1.4488112088875953e-13,1.3925776958172746e-13,1.168602635954932e-13,1.9349615688673478e-13,0.2056333813117298,0.24218535354839898,8.066394314927213e-12,4.357027263076754,2.4400903579797393,1.4255497079889572,0.9829783932974971,1.0155586661509108,1.523290526549199,195159192.115888,1431122.3365814404,146.24110401560324,0.2684874611655583,182.70792413305122,121.9574710563771,1449434.6194051392,16449434.61940514,1404550.6582554933,214.61549442302444,214.61549442302444,214.61549442302444,196.4230964414657,18.19239798155874,195159192.11588788,195159192.11588782,0.0,0.9999999999999997,0.002584610014001048,0.0010495044260003853,0.6131311115660598,0.0,3.0541551299308856e-16,317,0,0.0,0.16237198399903718,0.0,4.356233346248608e-14,0,0.05,24000000.0,False,7550565.380594861,0.57614;0.57618;0.57633;0.57653;0.57682;0.57722;0.57777;0.57854;0.58005;0.58313;0.59282;0.61184;0.59270;0.55553;0.51025;0.44023;0.06133;0.00000;0.00000;0.00000;0.00000;0.00000;0.00000;0.00000,2.127467783848935,7466.815746275222,3.873135434659816,269210045.6037616,8.430091261602763,1.236844323496641,1.523290526549199,0.1943268283488875,0.4868292750209229,0.07902434987446275,2.4400903579797393,0.3874059088163569,0.0010624122154957616,120474.62448711958,5.080895581302975,70.42015351676548,0.6391902774401721,0.2838734414122606,0.34961693709336894,-0.5468752372298499,142.42235638024349,0.03632566291597754,2.166728395053273,2.149536032796677,2.073383459357512,2.2923889414918,3.9123960458641545,0.15567676012688358,1.4494346194051393,16.44943461940514,0.1951591921158878,0.1951591921158879,0.0,dev
ok,R0006_S+00,6,0,20267909,41.59852950009306,0.34283637461408245,0.26132570046123493,23.260928817051052,1814.1408440546224,1.8895993744726307,2.6581374215033255,0.5753741174726967,0.33158197295994063,0.07640059809518564,654.9226945623739,4,2.8357162623139068e-14,3.1818317635001415e-14,2.5293272638187314e-14,1.4365553792084947e-14,5.6402229744906195e-14,0.42792797997504095,0.5547573944140518,7.40123621586088e-13,0.8780212576708032,4.518609527814315,1.0270626876815812,1.6415305960527986,3.260911355167503,5.885204965025695,466054849.7461311,23099249.869859606,274.3757237276865,0.35151982990033387,329.33450312827364,208.01722340648917,20883011.876082122,35883011.87608212,19469874.862566166,380.93656663654104,380.93656663654104,380.93656663654104,288.5210491766277,92.41551745991336,466054849.7461312,466054849.7461319,0.0,1.0000000000000016,0.03193575340237167,0.01001041908302423,0.42031612582732697,0.0,1.5347029168225601e-15,2262,0,0.0,1.2958485999988625,0.0,1.1891367692022824e-14,0,0.05,24000000.0,True,-11883011.876082122,0.33217;0.33233;0.33283;0.33353;0.33449;0.33584;0.33769;0.34027;0.34334;0.34512;0.34709;0.34946;0.35266;0.35775;0.37194;0.40013;0.37848;0.27326;0.04293;0.00000;0.00000;0.00000;0.00000;0.00000,1.6190779786728289,967.6204335956629,2.985705030942572,62849387.64798667,7.798301050639385,2.9536774009818942,5.885204965025695,0.6361393792724775,0.22587040843113537,1.6447775494131878,4.518609527814315,0.6550048137272123,0.011322594158665333,12665.089773120993,4.102608272518426,77.99090304273643,-0.05649496931329547,3.3640158198644863,6.7028046457984924,0.5268580294753681,236.11299747882632,0.13015141478823192,1.5083938107536672,1.4087216231081305,1.163038970469689,1.7570128710194173,2.87502086302341,1.3635978767462436,20.883011876082122,35.88301187608212,0.46605484974613187,0.4660548497461312,0.0,dev
ok,R0006_S+01,6,1,20267909,41.59852950009306,0.34283637461408245,0.26132570046123493,23.260928817051052,1814.1408440546224,1.8895993744726307,2.6581374215033255,0.5753741174726967,0.33158197295994063,0.07640059809518564,654.9226945623739,4,2.8357162623139068e-14,3.1818317635001415e-14,2.5293272638187314e-14,1.4365553792084947e-14,5.6402229744906195e-14,0.42792797997504095,0.5547573944140518,7.40123621586088e-13,0.8780212576708032,4.518609527814315,1.2148367497984518,1.0622968411840656,0.8520132771770056,0.5839860577772709,146471954.5294287,5126079.451847974,144.6452098039743,0.3108487529226889,181.92354539637915,115.38810925324294,4679142.099151693,19679142.099151693,4610912.83087983,202.93773459260973,202.93773459260973,202.93773459260973,174.37753334465117,28.56020124795856,146471954.52942872,146471954.52942866,0.0,0.9999999999999996,0.01098904268829967,0.003417458297175869,0.4688224434014451,0.0,4.0693554589943724e-16,403,0,0.0,0.22309039699939603,0.0,2.1521428805924722e-14,0,0.05,24000000.0,False,4320857.900848307,0.42894;0.42899;0.42914;0.42936;0.42966;0.43007;0.43064;0.43143;0.43259;0.43456;0.43783;0.44488;0.46405;0.44989;0.39902;0.32410;0.10325;0.00000;0.00000;0.00000;0.00000;0.00000;0.00000;0.00000,1.6190779786728289,967.6204335956629,2.985705030942572,62849387.64798667,7.798301050639385,0.9282832314841984,1.2148367497984518,0.25517032268351797,0.6132647649310897,-0.6795885895865388,4.518609527814315,0.6550048137272123,0.003558470634232405,12665.089773120993,4.102608272518426,77.99090304273643,-0.05649496931329547,1.0572445978662626,1.3836074459303478,0.024175474738430493,132.36666207627775,0.07296382886151054,1.5083938107536672,1.4087216231081305,1.163038970469689,1.7570128710194173,2.87502086302341,0.709785333262923,4.679142099151694,19.679142099151694,0.14647195452942866,0.1464719545294287,0.0,dev
ok,R0006_S+02,6,2,20267909,41.59852950009306,0.34283637461408245,0.26132570046123493,23.260928817051052,1814.1408440546224,1.8895993744726307,2.6581374215033255,0.5753741174726967,0.33158197295994063,0.07640059809518564,654.9226945623739,4,2.8357162623139068e-14,3.1818317635001415e-14,2.5293272638187314e-14,1.4365553792084947e-14,5.6402229744906195e-14,0.42792797997504095,0.5547573944140518,7.40123621586088e-13,0.8780212576708032,4.518609527814315,0.5843736970644573,0.6395392556623031,0.592279889317844,0.4425955980310803,89102427.59566554,3299977.983937537,113.75383416772867,0.3160370838811852,141.61492715367092,89.7914928466773,2944642.19354593,17944642.19354593,2896718.6102447584,163.25631358697956,163.25631358697956,163.25631358697956,134.77111985477185,28.485193732207705,89102427.59566551,89102427.59566541,0.0,0.9999999999999988,0.006799748271007144,0.00211134834257986,0.49443626440898575,0.0,1.1706541692698817e-15,254,0,0.0,0.14261712500046997,0.0,2.775487821716137e-14,0,0.05,24000000.0,False,6055357.80645407,0.45788;0.45793;0.45810;0.45833;0.45865;0.45910;0.45972;0.46058;0.46257;0.46644;0.47631;0.49151;0.46306;0.41306;0.34659;0.17779;0.00006;0.00000;0.00000;0.00000;0.00000;0.00000;0.00000;0.00000,1.6190779786728289,967.6204335956629,2.985705030942572,62849387.64798667,7.798301050639385,0.5646971100189212,0.6395392556623031,0.13030607231151875,0.5418448806501556,-0.25106928390093314,4.518609527814315,0.6550048137272123,0.0021647036325598465,12665.089773120993,4.102608272518426,77.99090304273643,-0.05649496931329547,0.6431474239210769,0.7283869838856291,-0.19168946555660238,103.23956052143339,0.05690823888331182,1.5083938107536672,1.4087216231081305,1.163038970469689,1.7570128710194173,2.87502086302341,0.5185110424577857,2.94464219354593,17.94464219354593,0.0891024275956654,0.08910242759566551,0.0,dev
ok,R0007_S+00,7,0,20268909,948.3815137238638,0.4781028204642682,0.1495033996558545,67.78683142382238,1926.514994301726,2.9000085873955763,2.878041074604824,0.2828985696313752,0.24957406081538153,0.04488111758204975,744.6692022213524,4,6.110175969557294e-13,6.88725671453664e-13,5.460768155325051e-13,3.3825507125618403e-13,1.211463028315207e-12,0.43113070777985274,0.5666184075633162,4.668653098808841e-11,2.4856783458865737,3.7819722619098166,7.240482808708732,6.091306573070677,3.7574575792123026,0.23893582713361053,683544826.4431796,8302047.209353087,196.0528925894725,0.2603849682967619,243.79826013187972,163.17768214177184,8322013.300772585,23322013.300772585,8321138.786247149,265.7920412192564,265.7920412192564,265.7920412192564,265.7451776793622,0.04686353989421832,683544826.4431795,683544826.4431779,0.0,0.9999999999999978,0.01747763342359659,0.00714501329496673,0.5233352332851418,0.0,2.267182347387686e-15,974,0,0.0,0.5464512219987228,0.0,1.6619772206199322e-12,22,0.05,24000000.0,False,677986.699227415,0.47045;0.47045;0.47045;0.47046;0.47046;0.47047;0.47049;0.47050;0.47064;0.47090;0.47145;0.47288;0.47605;0.48487;0.51786;0.49862;0.42353;0.03663;0.00000;0.00000;0.00000;0.00000;0.00000;0.00000,2.976983079926602,64287.777796269045,4.808128413978978,118165599.3991525,8.072491062284739,4.33204569703133,7.240482808708732,0.6176551714770099,0.769370311058551,-1.6162218663513062,3.7819722619098166,0.5777183392780105,0.007768059537252257,1432401.4476408898,6.156064751255065,28.420195395424386,0.3954449289538679,1.7428022029480277,2.912880027575028,0.241248100223762,196.00842887926072,0.10174248809846656,2.8437628688792063,2.742970336104487,2.534960914203306,3.0890267625521073,4.674908202931583,0.9191851986526242,8.322013300772586,23.322013300772586,0.6835448264431779,0.6835448264431795,0.0,dev
ok,R0007_S+01,7,1,20268909,948.3815137238638,0.4781028204642682,0.1495033996558545,67.78683142382238,1926.514994301726,2.9000085873955763,2.878041074604824,0.2828985696313752,0.24957406081538153,0.04488111758204975,744.6692022213524,4,6.110175969557294e-13,6.88725671453664e-13,5.460768155325051e-13,3.3825507125618403e-13,1.211463028315207e-12,0.43113070777985274,0.5666184075633162,4.668653098808841e-11,2.4856783458865737,3.7819722619098166,0.12538518041656826,1.1910005282150293,1.8616225263277175,2.137251174754633,209671037.9349861,2677595.850610286,109.2407246464861,0.2635524761749986,137.79837784075085,90.40426496282507,2667210.40025983,17667210.40025983,2661733.3166257814,152.4442966335395,152.4442966335395,152.4442966335395,151.1978662593259,1.2464303742135883,209671037.93498603,209671037.9349865,0.0,1.0000000000000022,0.005940336861446441,0.0023193072736890615,0.5763142374238833,0.0,2.274215661349379e-15,317,0,0.0,0.18716829999902984,0.0,1.9816434603107417e-12,0,0.05,24000000.0,False,6332789.59974017,0.53473;0.53474;0.53478;0.53483;0.53490;0.53500;0.53514;0.53533;0.53663;0.53991;0.55015;0.57561;0.55259;0.50996;0.44970;0.14420;0.00000;0.00000;0.00000;0.00000;0.00000;0.00000;0.00000;0.00000,2.976983079926602,64287.777796269045,4.808128413978978,118165599.3991525,8.072491062284739,1.328814852428487,2.137251174754633,0.5834921198282464,0.24766161106376586,1.5140303336174046,3.7819722619098166,0.5777183392780105,0.0023827802404585083,1432401.4476408898,6.156064751255065,28.420195395424386,0.3954449289538679,0.5345884171326821,0.8598261228334166,-0.2719804552874065,108.55765910859456,0.05634924172907452,2.8437628688792063,2.742970336104487,2.534960914203306,3.0890267625521073,4.674908202931583,0.4277450263371526,2.66721040025983,17.66721040025983,0.2096710379349865,0.20967103793498604,0.0,dev
ok,R0007_S+02,7,2,20268909,948.3815137238638,0.4781028204642682,0.1495033996558545,67.78683142382238,1926.514994301726,2.9000085873955763,2.878041074604824,0.2828985696313752,0.24957406081538153,0.04488111758204975,744.6692022213524,4,6.110175969557294e-13,6.88725671453664e-13,5.460768155325051e-13,3.3825507125618403e-13,1.211463028315207e-12,0.43113070777985274,0.5666184075633162,4.668653098808841e-11,2.4856783458865737,3.7819722619098166,0.8333965846517748,0.5270613410181229,0.4323778496947438,0.5493461106816375,92392048.85886757,1176369.6654722472,72.32364945321001,0.26215760956112993,91.71763543504102,60.06111586216262,1172379.36911593,16172379.36911593,1171279.6352610886,101.44087484830747,101.44087484830747,101.44087484830747,100.97950536818689,0.461369480120581,92392048.85886759,92392048.85887045,0.0,1.0000000000000309,0.0026442777811276977,0.0010373919953812346,0.6016913301254713,0.0,3.096611650629236e-14,244,0,0.0,0.14239196400012588,0.0,8.828515757395982e-13,0,0.05,24000000.0,False,7827620.63088407,0.57984;0.57989;0.58002;0.58021;0.58047;0.58084;0.58135;0.58205;0.59091;0.60036;0.57928;0.54284;0.49825;0.42803;0.06428;0.00000;0.00000;0.00000;0.00000;0.00000;0.00000;0.00000;0.00000;0.00000,2.976983079926602,64287.777796269045,4.808128413978978,118165599.3991525,8.072491062284739,0.5855454715115698,0.8333965846517748,0.2556318444241201,0.580850673372092,-0.48510404023255216,3.7819722619098166,0.5777183392780105,0.0010499778632500015,1432401.4476408898,6.156064751255065,28.420195395424386,0.3954449289538679,0.23556767611568089,0.335279335731802,-0.6278843023725471,72.06237084497714,0.03740555929132359,2.8437628688792063,2.742970336104487,2.534960914203306,3.0890267625521073,4.674908202931583,0.07054381701841292,1.17237936911593,16.17237936911593,0.09239204885887045,0.09239204885886759,0.0,dev
ok,R0008_S+00,8,0,20269909,923.9753823409752,0.7247812231880454,0.2739776535603043,76.53272354970706,1804.5901036108457,1.570120734971625,2.9623975141997305,0.4283930104554789,0.15773107234370212,0.04351156662800763,668.4313962591284,4,1.1158484613219755e-12,2.899666830295477e-12,6.152087353379886e-13,2.7343368784863374e-13,9.727023599575205e-12,0.7861900983582955,1.5734157322978886,2.2191939990925912e-10,4.026117926632549,5.9072983620828285,0.2806466544721512,0.8624973178424716,1.1356984009870068,1.1002499039057563,133295053.05899975,1053508.2994167681,60.63951718737906,0.2890041057197728,91.43133266474577,56.28646587800319,1041129.8256913181,16041129.825691318,1040983.4041598421,99.2786755853252,99.2786755853252,99.2786755853252,98.33722595664815,0.9414496286770486,133295053.05899976,133295053.05905446,0.0,1.0000000000004103,0.0028466958848850756,0.0009196969064051335,0.6162101949870067,0.0,4.103840426726278e-13,188,0,0.0,0.09492608599975938,0.0,7.962661230888883e-12,0,0.05,24000000.0,False,7958870.174308682,0.60610;0.60619;0.60648;0.60688;0.60744;0.60821;0.60929;0.61077;0.61562;0.59060;0.53885;0.47558;0.40387;0.31114;0.07861;0.00000;0.00000;0.00000;0.00000;0.00000;0.00000;0.00000;0.00000;0.00000,2.9656604003803926,70714.35250343673,4.849507569107236,214520759.5786204,8.33146932605077,0.8447730693018465,1.1356984009870068,0.40510313935778697,0.3382991284450396,0.9702052293297622,5.9072983620828285,0.7713889064822651,0.0009295823416823029,1625185.163016382,6.210902848819568,23.579326854071603,0.6048864914010524,0.20982323039117137,0.2820827461298201,-0.6781464309556657,59.95109423980762,0.03322144686477561,3.468064698398347,2.794739091143997,2.4425686176751578,3.993696567323402,5.351911867125191,0.022637961279389898,1.0411298256913182,16.041129825691318,0.13329505305905445,0.13329505305899977,0.0,dev
ok,R0008_S+01,8,1,20269909,923.9753823409752,0.7247812231880454,0.2739776535603043,76.53272354970706,1804.5901036108457,1.570120734971625,2.9623975141997305,0.4283930104554789,0.15773107234370212,0.04351156662800763,668.4313962591284,4,1.1158484613219755e-12,2.899666830295477e-12,6.152087353379886e-13,2.7343368784863374e-13,9.727023599575205e-12,0.7861900983582955,1.5734157322978886,2.2191939990925912e-10,4.026117926632549,5.9072983620828285,7.498486996942683,6.529445715102983,4.020727074960688,0.2252623857940269,720851407.9504567,5470742.680324761,139.69012229836164,0.28359085305185117,209.57318373110337,130.86048080367425,5451844.315560408,20451844.315560408,5451798.486735191,225.39562727991432,225.39562727991432,225.39562727991432,225.31006789481071,0.08555938510360761,720851407.9504569,720851407.9504554,0.0,0.999999999999998,0.014080310894101658,0.0047556886270690504,0.5359108211638882,0.0,1.9844748291144244e-15,485,0,0.0,0.29226530000050843,0.0,2.6539349105969037e-11,14,0.05,24000000.0,False,3548155.684439592,0.46153;0.46154;0.46155;0.46157;0.46160;0.46164;0.46169;0.46176;0.46242;0.46431;0.46859;0.47981;0.52472;0.51157;0.44542;0.36477;0.23223;0.00631;0.00000;0.00000;0.00000;0.00000;0.00000;0.00000,2.9656604003803926,70714.35250343673,4.849507569107236,214520759.5786204,8.33146932605077,4.568480543200096,7.498486996942683,0.6151766526537279,0.7676476116837898,-1.592044563257341,5.9072983620828285,0.7713889064822651,0.005027123846156328,1625185.163016382,6.210902848819568,23.579326854071603,0.6048864914010524,1.1347110607416262,1.8624608453072384,0.054885288224578416,139.4161141994981,0.07725638853972279,3.468064698398347,2.794739091143997,2.4425686176751578,3.993696567323402,5.351911867125191,0.7380462879554672,5.4518443155604075,20.451844315560407,0.7208514079504554,0.7208514079504569,0.0,dev
ok,R0008_S+02,8,2,20269909,923.9753823409752,0.7247812231880454,0.2739776535603043,76.53272354970706,1804.5901036108457,1.570120734971625,2.9623975141997305,0.4283930104554789,0.15773107234370212,0.04351156662800763,668.4313962591284,4,1.1158484613219755e-12,2.899666830295477e-12,6.152087353379886e-13,2.7343368784863374e-13,9.727023599575205e-12,0.7861900983582955,1.5734157322978886,2.2191939990925912e-10,4.026117926632549,5.9072983620828285,0.7479531103787049,1.2954956606881352,1.5948991103844024,1.6461634594675059,208458118.8652219,1641413.3708546655,75.8003200418699,0.2887552167832243,114.72556930179638,70.34953871721929,1622851.2349387947,16622851.234938795,1622607.8335087094,125.62102910668898,125.62102910668898,125.62102910668898,123.71662517486706,1.9044039318219177,208458118.8652217,208458118.86521196,0.0,0.9999999999999533,0.004850259245479127,0.0014297848389409056,0.6049709068010236,0.0,4.6749723511979e-14,242,0,0.0,0.13651331799883337,0.0,4.469483786897301e-12,0,0.05,24000000.0,False,7377148.765061205,0.56824;0.56830;0.56850;0.56878;0.56917;0.56972;0.57046;0.57150;0.58375;0.60400;0.57593;0.51963;0.45346;0.37663;0.25850;0.00824;0.00000;0.00000;0.00000;0.00000;0.00000;0.00000;0.00000;0.00000,2.9656604003803926,70714.35250343673,4.849507569107236,214520759.5786204,8.33146932605077,1.3211278352296871,1.6461634594675059,0.2702207829820279,0.38668641984815433,0.6798814809110739,5.9072983620828285,0.7713889064822651,0.0014537597745030294,1625185.163016382,6.210902848819568,23.579326854071603,0.6048864914010524,0.3281393787525445,0.40887114820413606,-0.4839416484657599,74.97207061807114,0.0415452076724004,3.468064698398347,2.794739091143997,2.4425686176751578,3.993696567323402,5.351911867125191,0.21521796683838396,1.6228512349387947,16.622851234938796,0.20845811886521196,0.2084581188652217,0.0,dev
ok,R0009_S+00,9,0,20270909,567.919290903968,0.1744125634875665,0.10309709264307862,59.44421586436817,2446.918230277363,1.6254534395496347,2.0365729968853836,0.4965406384435858,0.3344879910858556,0.07517462088647407,613.1247158758584,4,6.477317667987971e-13,6.529539918277756e-13,6.429880998707475e-13,5.906263683903088e-13,8.008901080724066e-13,0.13348142368096105,0.15248267132239587,3.8814338039711186e-11,1.97954411446459,3.96309791194113,1.7768534308280541,1.474168864132791,0.8408904506631113,0.049611636700537136,163370712.30955428,2539179.5289872503,144.21510434105988,0.25321746739897144,191.09873128351967,119.71827039781041,2539268.0244334154,17539268.024433415,2539131.1803878546,206.1113907082463,206.1113907082463,206.1113907082463,206.10182060452428,0.00957010372201239,163370712.30955425,163370712.3095673,0.0,1.00000000000008,0.006239075507693627,0.002251638142135287,0.5536103010599627,0.0,7.99005955307153e-14,312,0,0.0,0.16983596499994746,0.0,1.2945705376161713e-11,10,0.05,24000000.0,False,6460731.975566585,0.50905;0.50905;0.50907;0.50910;0.50913;0.50918;0.50926;0.50935;0.51048;0.51328;0.51992;0.54291;0.54379;0.49402;0.42491;0.32812;0.09573;0.00000;0.00000;0.00000;0.00000;0.00000;0.00000;0.00000,2.7542866209124663,33759.516922034374,4.5283962235106126,115277568.2940799,8.06174480674069,1.0353810955811233,1.7768534308280541,0.639178917865689,0.784982048840712,-1.6682183994851445,3.96309791194113,0.5980348021072053,0.0023114290777722273,449081.3059505381,5.65232497692532,41.16326869985824,0.29656518451967834,0.5230401727425833,0.8976073924518939,-0.2814649533308171,144.2054899752066,0.058933514079406175,2.8205991790433678,2.813919533042393,2.777029429815064,2.9092895274195913,4.594708781641514,0.404693408117565,2.5392680244334156,17.539268024433415,0.1633707123095673,0.16337071230955424,0.0,dev
ok,R0009_S+01,9,1,20270909,567.919290903968,0.1744125634875665,0.10309709264307862,59.44421586436817,2446.918230277363,1.6254534395496347,2.0365729968853836,0.4965406384435858,0.3344879910858556,0.07517462088647407,613.1247158758584,4,6.477317667987971e-13,6.529539918277756e-13,6.429880998707475e-13,5.906263683903088e-13,8.008901080724066e-13,0.13348142368096105,0.15248267132239587,3.8814338039711186e-11,1.97954411446459,3.96309791194113,3.4233601614780955,3.241817555573447,2.6247152030823644,1.572053104004846,428471184.81420135,6585746.781233088,233.73263164263957,0.253608288836939,312.24307200687355,194.09998909233394,6569986.257900529,21569986.25790053,6564626.4476533085,339.57287536391505,339.57287536391505,339.57287536391505,339.3536555064087,0.21921985750634576,428471184.8142015,428471184.81420314,0.0,1.000000000000004,0.019279405615102576,0.005673436919123623,0.5047521089171138,0.0,3.895081192996999e-15,753,0,0.0,0.39469768300114083,0.0,4.456895948463395e-13,0,0.05,24000000.0,False,2430013.7420994714,0.44354;0.44355;0.44356;0.44357;0.44359;0.44361;0.44365;0.44370;0.44399;0.44460;0.44582;0.44829;0.45387;0.47262;0.50452;0.45725;0.37564;0.23151;0.00103;0.00000;0.00000;0.00000;0.00000;0.00000,2.7542866209124663,33759.516922034374,4.5283962235106126,115277568.2940799,8.06174480674069,2.715486506034688,3.4233601614780955,0.2664334802575834,0.6136264811332486,-0.6817588867994915,3.96309791194113,0.5980348021072053,0.0060621683138070235,449081.3059505381,5.65232497692532,41.16326869985824,0.29656518451967834,1.371773675662262,1.7293679572298981,0.13728246449103956,233.53689590780453,0.09544123420966653,2.8205991790433678,2.813919533042393,2.777029429815064,2.9092895274195913,4.594708781641514,0.818605028284888,6.569986257900529,21.569986257900528,0.42847118481420315,0.4284711848142015,0.0,dev
ok,R0009_S+02,9,2,20270909,567.919290903968,0.1744125634875665,0.10309709264307862,59.44421586436817,2446.918230277363,1.6254534395496347,2.0365729968853836,0.4965406384435858,0.3344879910858556,0.07517462088647407,613.1247158758584,4,6.477317667987971e-13,6.529539918277756e-13,6.429880998707475e-13,5.906263683903088e-13,8.008901080724066e-13,0.13348142368096105,0.15248267132239587,3.8814338039711186e-11,1.97954411446459,3.96309791194113,0.12828961248869392,2.084777870198982,3.6774874955254626,4.6395162546752555,415379719.9237485,6504004.443542812,230.52617062175713,0.2544729060033404,306.3305299409055,191.08768805457217,6437437.944369514,21437437.944369514,6421702.6845352985,334.13160131094514,334.13160131094514,334.13160131094514,333.24635852585214,0.8852427850929985,415379719.92374814,415379719.92375183,0.0,1.0000000000000089,0.019279405615102576,0.0055106117176806114,0.5053777165790075,0.0,8.896649977886751e-15,722,0,0.0,0.40450330700150516,0.0,2.538487579443072e-12,0,0.05,24000000.0,False,2562562.0556304865,0.44521;0.44522;0.44524;0.44526;0.44530;0.44535;0.44542;0.44553;0.44585;0.44652;0.44781;0.45042;0.45641;0.47739;0.50524;0.45413;0.37108;0.22031;0.00028;0.00000;0.00000;0.00000;0.00000;0.00000,2.7542866209124663,33759.516922034374,4.5283962235106126,115277568.2940799,8.06174480674069,2.6325178082220986,4.6395162546752555,0.6494233550258612,0.21016643038231686,1.713654748354113,3.96309791194113,0.5980348021072053,0.00587694544129429,449081.3059505381,5.65232497692532,41.16326869985824,0.29656518451967834,1.329860642653129,2.3437296601647657,0.1238061332244292,229.94148817935994,0.0939718725922834,2.8205991790433678,2.813919533042393,2.777029429815064,2.9092895274195913,4.594708781641514,0.813180829296569,6.437437944369513,21.437437944369513,0.41537971992375183,0.4153797199237481,0.0,dev
ok,R0010_S+00,10,0,20271909,626.0196213685866,0.31493347425610313,0.1089741777131755,79.63229263099706,2932.6314618432393,2.968069040257711,2.6144358463292283,0.5416629205715742,0.1857942309732976,0.06374638799262788,671.3573993329984,4,4.119127251564285e-13,4.606084440661544e-13,3.701790809342346e-13,2.4520246563922895e-13,7.671699962031107e-13,0.4221489345474062,0.5361427363522333,3.667930640618426e-11,4.376952087898494,5.098292822183582,1.0782137011764492,1.7532130225770965,1.839185952498877,1.3361324909417902,236948076.6103101,1716834.904344648,127.16402915210797,0.26374011459070096,158.19724284230136,105.45041729144663,1696617.8649372198,16696617.86493722,1693281.9075927995,178.9976519910149,178.9976519910149,178.9976519910149,173.05891336263426,5.938738628380634,236948076.61031023,236948076.6103083,0.0,0.9999999999999918,0.00394462057989265,0.0014796099287477254,0.6489088026396925,0.0,8.17542384353714e-15,330,0,0.0,0.2697527070013166,0.0,3.901998024551345e-13,0,0.05,24000000.0,False,7303382.13506278,0.60730;0.60731;0.60736;0.60742;0.60751;0.60763;0.60779;0.60802;0.60972;0.61399;0.62916;0.64620;0.61487;0.56791;0.50926;0.37505;0.00055;0.00000;0.00000;0.00000;0.00000;0.00000;0.00000;0.00000,2.796587945540396,49851.37768156927,4.697677164879084,234464810.74688736,8.37007767159176,1.5016862917985532,1.839185952498877,0.20630266068899653,0.47137453728141465,0.1717527763115121,5.098292822183582,0.7074247757009973,0.0015052954063153594,782026.7038084489,5.893221583134843,36.82716351559249,0.6411717926548809,0.34308949735832217,0.4201978718441776,-0.4645925763452828,126.09598833711343,0.04299755696471272,2.6690484931359633,2.574128470607794,2.395241430693982,2.8906082071301853,4.570137712474652,0.23472853419444129,1.6966178649372197,16.69661786493722,0.23694807661030828,0.23694807661031023,0.0,dev
ok,R0010_S+01,10,1,20271909,626.0196213685866,0.31493347425610313,0.1089741777131755,79.63229263099706,2932.6314618432393,2.968069040257711,2.6144358463292283,0.5416629205715742,0.1857942309732976,0.06374638799262788,671.3573993329984,4,4.119127251564285e-13,4.606084440661544e-13,3.701790809342346e-13,2.4520246563922895e-13,7.671699962031107e-13,0.4221489345474062,0.5361427363522333,3.667930640618426e-11,4.376952087898494,5.098292822183582,1.0546846620193568,0.6511366692244966,0.5113289096865904,0.6352613834056381,112519081.34518543,818569.9016768989,87.62388337186175,0.2637057708619222,112.16726913267517,72.64213724492497,808109.8671294153,15808109.867129415,806831.3122909032,123.96276751944647,123.96276751944647,123.96276751944647,123.32246513040135,0.640302389045118,112519081.34518549,112519081.34517947,0.0,0.9999999999999465,0.001645988356130892,0.0007089513579355177,0.6735411201593747,0.0,5.3502650842359036e-14,261,0,0.0,0.17888289499933308,0.0,8.293430042072154e-13,0,0.05,24000000.0,False,8191890.132870585,0.65100;0.65105;0.65120;0.65142;0.65171;0.65213;0.65271;0.65351;0.66294;0.67245;0.64926;0.60939;0.56148;0.50115;0.31529;0.00055;0.00000;0.00000;0.00000;0.00000;0.00000;0.00000;0.00000;0.00000,2.796587945540396,49851.37768156927,4.697677164879084,234464810.74688736,8.37007767159176,0.7131029060840205,1.0546846620193568,0.286782558596805,0.5980277589286906,-0.5881665535721442,5.098292822183582,0.7074247757009973,0.0007148167594130285,782026.7038084489,5.893221583134843,36.82716351559249,0.6411717926548809,0.16292225543332428,0.2409632641251375,-0.7880195863379001,86.89359491592138,0.029629906125779055,2.6690484931359633,2.574128470607794,2.395241430693982,2.8906082071301853,4.570137712474652,-0.0869442281441461,0.8081098671294152,15.808109867129415,0.11251908134517948,0.11251908134518548,0.0,dev
ok,R0010_S+02,10,2,20271909,626.0196213685866,0.31493347425610313,0.1089741777131755,79.63229263099706,2932.6314618432393,2.968069040257711,2.6144358463292283,0.5416629205715742,0.1857942309732976,0.06374638799262788,671.3573993329984,4,4.119127251564285e-13,4.606084440661544e-13,3.701790809342346e-13,2.4520246563922895e-13,7.671699962031107e-13,0.4221489345474062,0.5361427363522333,3.667930640618426e-11,4.376952087898494,5.098292822183582,0.0590372043839357,0.9251842060260121,1.4844694412466732,1.736892910045919,165897662.6478801,1239231.7810851214,107.15422753163693,0.2674725208528809,133.7490118357596,88.29140416866107,1211643.1823529303,16211643.18235293,1207701.3093502559,146.7875926640781,146.7875926640781,146.7875926640781,145.37599901296088,1.4115936511172151,165897662.6478801,165897662.64787954,0.0,0.9999999999999966,0.0022026878599845064,0.0010412384015173598,0.662294227177699,0.0,3.413213401131945e-15,295,0,0.0,0.16832121399966127,0.0,3.3628154055021887e-12,0,0.05,24000000.0,False,7788356.81764707,0.62705;0.62707;0.62715;0.62727;0.62742;0.62764;0.62794;0.62836;0.63185;0.64430;0.66042;0.63402;0.59057;0.53888;0.46225;0.10326;0.00000;0.00000;0.00000;0.00000;0.00000;0.00000;0.00000;0.00000,2.796587945540396,49851.37768156927,4.697677164879084,234464810.74688736,8.37007767159176,1.051395940425635,1.736892910045919,0.6123749987162412,0.23402729946139678,1.5958362032316193,5.098292822183582,0.7074247757009973,0.0010539228386015227,782026.7038084489,5.893221583134843,36.82716351559249,0.6411717926548809,0.2402118915883408,0.39682703286794563,-0.6194054968358464,105.51028830677963,0.03597802508756539,2.6690484931359633,2.574128470607794,2.395241430693982,2.8906082071301853,4.570137712474652,0.09315254272154137,1.2116431823529303,16.21164318235293,0.16589766264787953,0.1658976626478801,0.0,dev
ok,R0011_S+00,11,0,20272909,578.6194071130252,0.6309761875393256,0.12387307372832575,73.17521422879025,3552.443401548099,1.7087621383331706,3.0499191494851017,0.29286309781983133,0.21590992420140004,0.053320328056454806,670.9157498990284,4,4.328925710226748e-13,4.5406867751364567e-13,4.1360228861022207e-13,3.02538739757588e-13,6.656454006324542e-13,0.2987286468356759,0.36052854165560144,3.3226572751644505e-11,6.5664283948497415,3.295513457941429,21.13936566657585,25.52137744710397,28.450826087423703,29.927711587535043,4143484509.2694254,18840213.962418787,533.3118278431447,0.26371263839862275,716.317448557779,463.07887028394293,18938331.908645205,33938331.908645205,18750125.876300246,791.0816786256862,791.0816786256862,791.0816786256862,767.1350365239125,23.946642101773705,4143484509.2694383,4143484509.269424,0.0,0.9999999999999966,0.049208183679390415,0.014482618179124215,0.45543922613522697,0.0,3.4524359181485073e-15,7259,0,0.0,4.143618310999955,0.0,2.5986529922027134e-14,0,0.05,24000000.0,True,-9938331.908645205,0.38218;0.38220;0.38228;0.38239;0.38255;0.38276;0.38306;0.38348;0.38378;0.38404;0.38435;0.38474;0.38531;0.38622;0.38784;0.39102;0.39842;0.42777;0.44468;0.35892;0.07763;0.00000;0.00000;0.00000,2.762392995956881,42340.59907243122,4.626756998511229,359372734.3737452,8.555545124080085,26.25982019715964,29.927711587535043,0.1277534790472746,0.4442218450407251,0.3346689297556491,3.295513457941429,0.5179230895151891,0.01718512155250637,794079.8681433767,5.89986418573884,48.54708577198009,0.8173292127597904,3.999102498057552,4.55768490691352,0.6019625353589126,525.9209763569105,0.1480448572742137,2.662838142275122,2.622299530967254,2.4864975912539102,2.8289595333030064,4.527202144829469,1.2750858306314958,18.938331908645207,33.9383319086452,4.143484509269424,4.143484509269438,0.0,dev
ok,R0011_S+01,11,1,20272909,578.6194071130252,0.6309761875393256,0.12387307372832575,73.17521422879025,3552.443401548099,1.7087621383331706,3.0499191494851017,0.29286309781983133,0.21590992420140004,0.053320328056454806,670.9157498990284,4,4.328925710226748e-13,4.5406867751364567e-13,4.1360228861022207e-13,3.02538739757588e-13,6.656454006324542e-13,0.2987286468356759,0.36052854165560144,3.3226572751644505e-11,6.5664283948497415,3.295513457941429,4.775512031621457,7.43150661920199,9.11576452356503,9.828285744710573,1228816215.6517003,5941547.666041492,290.40590508155793,0.26366846107396846,401.7191653535245,251.9559748261046,5852090.555733185,20852090.555733185,5806107.246381998,442.22838302329484,442.22838302329484,442.22838302329484,435.04533603719153,7.183046986103307,1228816215.651699,1228816215.6516979,0.0,0.999999999999999,0.01475204533598344,0.004817679521048663,0.5333413850115662,0.0,9.701148799339286e-16,1047,0,0.0,0.5581007609998778,0.0,7.219752327496197e-14,0,0.05,24000000.0,False,3147909.4442668147,0.47171;0.47173;0.47179;0.47187;0.47198;0.47214;0.47235;0.47266;0.47300;0.47349;0.47432;0.47586;0.47896;0.48635;0.51695;0.52280;0.46736;0.38466;0.16909;0.00027;0.00000;0.00000;0.00000;0.00000,2.762392995956881,42340.59907243122,4.626756998511229,359372734.3737452,8.555545124080085,7.787767229774762,9.828285744710573,0.2497159609049299,0.3918651614339691,0.6488090313961852,3.295513457941429,0.5179230895151891,0.005096521052371145,794079.8681433767,5.89986418573884,48.54708577198009,0.8173292127597904,1.1859974344474624,1.4967475701736441,0.07408374956237936,286.40533274903913,0.08062206779261513,2.662838142275122,2.622299530967254,2.4864975912539102,2.8289595333030064,4.527202144829469,0.7738995855996285,5.852090555733185,20.852090555733184,1.228816215651698,1.228816215651699,0.0,dev
ok,R0011_S+02,11,2,20272909,578.6194071130252,0.6309761875393256,0.12387307372832575,73.17521422879025,3552.443401548099,1.7087621383331706,3.0499191494851017,0.29286309781983133,0.21590992420140004,0.053320328056454806,670.9157498990284,4,4.328925710226748e-13,4.5406867751364567e-13,4.1360228861022207e-13,3.02538739757588e-13,6.656454006324542e-13,0.2987286468356759,0.36052854165560144,3.3226572751644505e-11,6.5664283948497415,3.295513457941429,26.47631753525791,20.895296779671906,13.514361019779704,4.3335102555813,2572713048.0802016,11422141.031891346,415.752536468623,0.25811467564393914,565.6318669474646,365.19074407970464,11452402.915250696,26452402.915250696,11428631.605411112,614.1430443888705,614.1430443888705,614.1430443888705,612.4181454776694,1.7248989112010804,2572713048.0802064,2572713048.080201,0.0,0.999999999999998,0.026942928098137697,0.009539339694879117,0.48332621324667363,0.0,2.0387849877577373e-15,3403,0,0.0,1.8617114360004052,0.0,1.1024821730929185e-13,0,0.05,24000000.0,True,-2452402.9152506962,0.42074;0.42075;0.42076;0.42079;0.42082;0.42086;0.42093;0.42101;0.42112;0.42126;0.42151;0.42196;0.42279;0.42435;0.42726;0.43558;0.46823;0.46907;0.39462;0.20262;0.00000;0.00000;0.00000;0.00000,2.762392995956881,42340.59907243122,4.626756998511229,359372734.3737452,8.555545124080085,16.304871397572704,26.47631753525791,0.5091156718691742,0.7263414282737305,-1.3580485696423827,3.295513457941429,0.5179230895151891,0.01067033950581196,794079.8681433767,5.89986418573884,48.54708577198009,0.8173292127597904,2.483065437881137,4.032072832169178,0.3949881649577884,414.4129400427568,0.11665574738281888,2.662838142275122,2.622299530967254,2.4864975912539102,2.8289595333030064,4.527202144829469,1.0577475181990954,11.452402915250696,26.452402915250698,2.572713048080201,2.5727130480802063,0.0,dev
ok,R0012_S+00,12,0,20273909,161.71877407650032,0.25366864690984625,0.23133254552871435,41.19871988396544,1840.3479112548175,2.7765730780943754,3.6543641491968746,0.6360020253525487,0.16178308834355326,0.07476364527230045,616.2061394548141,4,1.7671970573196432e-13,1.786235365091219e-13,1.7477826678791128e-13,1.4344416880178593e-13,2.0371836716501598e-13,0.1568317295475623,0.16587260675338594,7.359061045322588e-12,1.6515017476767764,5.104101248965057,0.6751549282780577,0.49483516442286196,0.6065028855364423,1.0101580916187984,109925024.75261596,2124463.5684469296,84.84665073268978,0.25536102630912155,113.21767068728835,75.1290624321107,2088457.3047477007,17088457.3047477,2060726.5358806364,127.1167618626186,127.1167618626186,127.1167618626186,124.35169347266259,2.7650683899560136,109925024.75261593,109925024.7526159,0.0,0.9999999999999998,0.004753627053586332,0.0017241931889534167,0.5848289713855136,0.0,2.711149936492154e-16,269,0,0.0,0.15523064999979397,0.0,1.0679532049367312e-13,0,0.05,24000000.0,False,6911542.695252299,0.54399;0.54402;0.54413;0.54428;0.54448;0.54477;0.54516;0.54571;0.54887;0.56101;0.58397;0.56023;0.51918;0.46995;0.37484;0.00522;0.00000;0.00000;0.00000;0.00000;0.00000;0.00000;0.00000;0.00000,2.2087604404663046,6662.606473156028,3.823644162422569,101407528.11854564,8.006070196604671,0.6966627674640401,1.0101580916187984,0.2757389212522265,0.4198552539846015,0.4808684760923911,5.104101248965057,0.7079192808053256,0.001759139799870554,89115.59152700237,4.949953694180058,44.67002655514745,0.2178790376132511,0.4218359250567305,0.6116603225154452,-0.3748564369495009,84.30860443021095,0.04581123162344136,2.257655281337393,2.2482040260604244,2.1623994960537294,2.3147467843461706,3.8725390032936575,0.32724928795171465,2.088457304747701,17.0884573047477,0.1099250247526159,0.10992502475261592,0.0,dev
ok,R0012_S+01,12,1,20273909,161.71877407650032,0.25366864690984625,0.23133254552871435,41.19871988396544,1840.3479112548175,2.7765730780943754,3.6543641491968746,0.6360020253525487,0.16178308834355326,0.07476364527230045,616.2061394548141,4,1.7671970573196432e-13,1.786235365091219e-13,1.7477826678791128e-13,1.4344416880178593e-13,2.0371836716501598e-13,0.1568317295475623,0.16587260675338594,7.359061045322588e-12,1.6515017476767764,5.104101248965057,0.044413281226226634,0.6394737950693157,1.2181912921775144,1.715774951087948,142713459.89672297,2826515.6132193375,96.86986575089585,0.25638596104645217,128.14880249083285,85.62337867056148,2777018.250127014,17777018.250127014,2725337.229564272,144.78743441654535,144.78743441654535,144.78743441654535,139.72299847320926,5.064435943336093,142713459.89672297,142713459.89672273,0.0,0.9999999999999983,0.0062111778223679906,0.0022254168106329393,0.5725503904052992,0.0,1.6706103213677123e-15,315,0,0.0,0.26727369999935036,0.0,5.879783411811281e-13,0,0.05,24000000.0,False,6222981.749872986,0.52706;0.52709;0.52720;0.52735;0.52755;0.52784;0.52823;0.52878;0.53064;0.53527;0.55348;0.57056;0.53649;0.49095;0.42744;0.09638;0.00000;0.00000;0.00000;0.00000;0.00000;0.00000;0.00000;0.00000,2.2087604404663046,6662.606473156028,3.823644162422569,101407528.11854564,8.006070196604671,0.9044633298902512,1.715774951087948,0.691914107934148,0.18903117840568676,1.8479042926643878,5.104101248965057,0.7079192808053256,0.0022838559995464647,89115.59152700237,4.949953694180058,44.67002655514745,0.2178790376132511,0.5476611400276086,1.03891803535878,-0.261488073879166,96.06298598833429,0.05219827479404966,2.257655281337393,2.2482040260604244,2.1623994960537294,2.3147467843461706,3.8725390032936575,0.45125138877589166,2.7770182501270138,17.777018250127014,0.14271345989672274,0.14271345989672296,0.0,dev
ok,R0012_S+02,12,2,20273909,161.71877407650032,0.25366864690984625,0.23133254552871435,41.19871988396544,1840.3479112548175,2.7765730780943754,3.6543641491968746,0.6360020253525487,0.16178308834355326,0.07476364527230045,616.2061394548141,4,1.7671970573196432e-13,1.786235365091219e-13,1.7477826678791128e-13,1.4344416880178593e-13,2.0371836716501598e-13,0.1568317295475623,0.16587260675338594,7.359061045322588e-12,1.6515017476767764,5.104101248965057,0.3296716912720966,0.30353864035972566,0.25055988062134493,0.17073541205695442,41597083.36216137,768818.3620451769,52.0129193359932,0.2535953932626557,70.57964611733506,46.24226028211332,760558.8326470628,15760558.832647063,757103.3896825872,77.22036200672207,77.22036200672207,77.22036200672207,77.02028850111869,0.20007350560338466,41597083.36216136,41597083.36216122,0.0,0.9999999999999966,0.0016309065841562794,0.0006605908213377528,0.606254695535829,0.0,3.403148007014435e-15,214,0,0.0,0.12175938799919095,0.0,3.0149862107669194e-13,0,0.05,24000000.0,False,8239441.167352937,0.60372;0.60376;0.60390;0.60408;0.60434;0.60470;0.60520;0.60589;0.60255;0.57779;0.54039;0.49665;0.43982;0.19215;0.00000;0.00000;0.00000;0.00000;0.00000;0.00000;0.00000;0.00000;0.00000;0.00000,2.2087604404663046,6662.606473156028,3.823644162422569,101407528.11854564,8.006070196604671,0.2636264060775304,0.3296716912720966,0.23037874939460534,0.6004807532876659,-0.6028845197259955,5.104101248965057,0.7079192808053256,0.0006656817686927099,89115.59152700237,4.949953694180058,44.67002655514745,0.2178790376132511,0.15962829373228496,0.19961934144838597,-0.7968901285069255,51.862691883291774,0.02818091707884183,2.257655281337393,2.2482040260604244,2.1623994960537294,2.3147467843461706,3.8725390032936575,-0.11417625275929995,0.7605588326470628,15.760558832647062,0.04159708336216122,0.04159708336216136,0.0,dev
ok,R0013_S+00,13,0,20274909,114.01031082239277,0.5346457564432717,0.20989549404438276,27.56277957191698,1644.8510396901715,2.875798544939535,3.3815580301533408,0.6148997571266472,0.15086294682749737,0.04952693437988596,644.8851759903554,4,9.025202157982704e-14,1.0703673257174957e-13,7.700435490057724e-14,4.795210708340041e-14,1.9885318042323967e-13,0.4924116802371582,0.6602514078497334,2.9502298659733596e-12,0.8371254655030345,7.449277022601735,0.5678372470629813,0.835392918893223,1.008821771690016,1.0881238054533602,138071432.53804916,5353618.782963134,122.2728934276186,0.28219176525838674,159.53543378488914,105.85502385283111,5210947.191087011,20210947.19108701,5163976.719412103,181.8529525576832,181.8529525576832,181.8529525576832,165.8579447335117,15.995007824171523,138071432.53804922,138071432.5380497,0.0,1.0000000000000036,0.01104715230021074,0.0041477658395089965,0.5457466241273571,0.0,3.4535540729739294e-15,438,0,0.0,0.2530163289993652,0.0,6.310637345873444e-14,0,0.05,24000000.0,False,3789052.8089129888,0.48925;0.48928;0.48938;0.48951;0.48969;0.48994;0.49028;0.49076;0.49162;0.49325;0.49654;0.50490;0.53843;0.52675;0.47925;0.40785;0.06634;0.00000;0.00000;0.00000;0.00000;0.00000;0.00000;0.00000,2.056944129676614,3142.441066123353,3.4972671416014554,49173276.53808277,7.691729147379029,0.8750439357748951,1.0881238054533602,0.22802198375038674,0.40090277430286225,0.5945833541828264,7.449277022601735,0.8721141250528875,0.004354038746964773,63449.13339517278,4.8024256947638255,59.67652991594755,-0.07720944655617565,1.045296042032451,1.2998335975832476,0.01923930596198479,117.78332828120728,0.07160729174806811,2.035249441018647,1.892231884703377,1.6865242932068483,2.3042491391752304,3.475572452943488,0.7286474429902602,5.210947191087011,20.210947191087012,0.1380714325380497,0.1380714325380492,0.0,dev
ok,R0013_S+01,13,1,20274909,114.01031082239277,0.5346457564432717,0.20989549404438276,27.56277957191698,1644.8510396901715,2.875798544939535,3.3815580301533408,0.6148997571266472,0.15086294682749737,0.04952693437988596,644.8851759903554,4,9.025202157982704e-14,1.0703673257174957e-13,7.700435490057724e-14,4.795210708340041e-14,1.9885318042323967e-13,0.4924116802371582,0.6602514078497334,2.9502298659733596e-12,0.8371254655030345,7.449277022601735,1.2755351361386462,0.9878199413778934,0.6055091912763712,0.12860288583407897,118241086.84857087,4246182.214711854,109.86504789231972,0.26603481456603917,148.64030301555917,97.88716708346075,4155010.2492733,19155010.2492733,4131380.161213707,162.3613938410132,162.3613938410132,162.3613938410132,161.60936100002644,0.7520328409867716,118241086.84857081,118241086.84857085,0.0,1.0000000000000004,0.00900210975531332,0.003576259203777111,0.5538689931714817,0.0,3.7807064171182647e-16,387,0,0.0,0.2074122210015048,0.0,1.7003537017296417e-13,9,0.05,24000000.0,False,4844989.7507267,0.50281;0.50282;0.50284;0.50287;0.50292;0.50298;0.50306;0.50318;0.50370;0.50517;0.50931;0.52362;0.54816;0.51675;0.46622;0.37775;0.00376;0.00000;0.00000;0.00000;0.00000;0.00000;0.00000;0.00000,2.056944129676614,3142.441066123353,3.4972671416014554,49173276.53808277,7.691729147379029,0.7493667886567474,1.2755351361386462,0.5738782587994119,0.7550892005681362,-1.5305352034088175,7.449277022601735,0.8721141250528875,0.0037286950975903774,63449.13339517278,4.8024256947638255,59.67652991594755,-0.07720944655617565,0.8951666381412108,1.5237084388206592,-0.04809611184740839,108.99739370022368,0.06626581439298887,2.035249441018647,1.892231884703377,1.6865242932068483,2.3042491391752304,3.475572452943488,0.6279986269345289,4.1550102492733005,19.1550102492733,0.11824108684857085,0.1182410868485708,0.0,dev
ok,R0013_S+02,13,2,20274909,114.01031082239277,0.5346457564432717,0.20989549404438276,27.56277957191698,1644.8510396901715,2.875798544939535,3.3815580301533408,0.6148997571266472,0.15086294682749737,0.04952693437988596,644.8851759903554,4,9.025202157982704e-14,1.0703673257174957e-13,7.700435490057724e-14,4.795210708340041e-14,1.9885318042323967e-13,0.4924116802371582,0.6602514078497334,2.9502298659733596e-12,0.8371254655030345,7.449277022601735,0.7427257285749672,1.0118761653234383,0.934751659928126,0.5113522123890312,126258240.35990532,4633528.89931955,115.00710899468031,0.27300929219301634,151.95039459721275,101.12919030773593,4561202.748904109,19561202.74890411,4540594.851240415,165.9148749521056,165.9148749521056,165.9148749521056,163.21410252586017,2.700772426245436,126258240.3599054,126258240.35990506,0.0,0.9999999999999973,0.00900210975531332,0.003808322758812645,0.5496266518913865,0.0,2.7144898145383346e-15,414,0,0.0,0.22248554799989506,0.0,7.739073280605405e-14,0,0.05,24000000.0,False,4438797.251095891,0.49719;0.49720;0.49726;0.49734;0.49745;0.49760;0.49780;0.49809;0.49891;0.50076;0.50445;0.51518;0.54695;0.52125;0.47182;0.39216;0.01935;0.00000;0.00000;0.00000;0.00000;0.00000;0.00000;0.00000,2.056944129676614,3142.441066123353,3.4972671416014554,49173276.53808277,7.691729147379029,0.8001764415538908,1.0118761653234383,0.24172338113941205,0.5481921869916223,-0.2891531219497336,7.449277022601735,0.8721141250528875,0.003981513485775749,63449.13339517278,4.8024256947638255,59.67652991594755,-0.07720944655617565,0.9558620237087869,1.2087509065506625,-0.019604792521514248,112.63199407056635,0.0684754979951145,2.035249441018647,1.892231884703377,1.6865242932068483,2.3042491391752304,3.475572452943488,0.6659118760602443,4.561202748904109,19.56120274890411,0.12625824035990507,0.1262582403599054,0.0,dev
ok,R0014_S+00,14,0,20275909,71.05113448157928,0.6929866482988492,0.27791549069287985,60.33673912111651,3377.14977422864,1.5438178438427008,2.042951282415184,0.21998797391108368,0.15299450951719118,0.045807519753960316,714.5706297521784,4,2.2522725523772402e-13,2.9020606109254096e-13,1.510795224287441e-13,5.6084856564864964e-14,4.448097913983738e-13,0.6165757664477521,0.6077846690086153,1.751008739950744e-11,6.897439504860925,2.8814654243583813,1.1930342892022565,20.8296640389893,34.566474847854955,40.62851833796661,3834946277.153276,13548484.730309635,381.35967140975396,0.31463485177623385,473.2907394546013,287.3155608140306,12556533.87204083,27556533.87204083,12224507.439917661,533.3623995044535,533.3623995044535,533.3623995044535,379.9180671137551,153.44433239069838,3834946277.153287,3834946277.1532784,0.0,0.9999999999999978,0.022219882624266392,0.008081889400609738,0.6229879871779995,0.0,2.238119709470229e-15,2427,0,0.0,1.2745877750003274,0.0,1.493586381566859e-13,0,0.05,24000000.0,True,-3556533.8720408306,0.52667;0.52679;0.52717;0.52771;0.52845;0.52948;0.53092;0.53292;0.53455;0.53588;0.53744;0.53948;0.54253;0.54783;0.56019;0.58175;0.58776;0.49698;0.29277;0.02856;0.00000;0.00000;0.00000;0.00000,1.8515710167484456,4286.993765474414,3.6321528519216364,600821002.8209738,8.778745105836697,24.30442287850328,40.62851833796661,0.6233114344956269,0.22652973944580002,1.622564100612492,2.8814654243583813,0.45961341270777784,0.00893241756049231,93587.11819588923,4.9712160743636185,55.97169856079798,0.8386879001160225,3.523687719388463,5.89037690136085,0.5469974128626444,346.81008445476004,0.10269313108388076,2.4684230764117894,2.184922201094407,1.7545622112849346,2.653890936375955,4.24900491158498,1.131890726202057,12.55653387204083,27.55653387204083,3.8349462771532785,3.834946277153287,0.0,dev
ok,R0014_S+01,14,1,20275909,71.05113448157928,0.6929866482988492,0.27791549069287985,60.33673912111651,3377.14977422864,1.5438178438427008,2.042951282415184,0.21998797391108368,0.15299450951719118,0.045807519753960316,714.5706297521784,4,2.2522725523772402e-13,2.9020606109254096e-13,1.510795224287441e-13,5.6084856564864964e-14,4.448097913983738e-13,0.6165757664477521,0.6077846690086153,1.751008739950744e-11,6.897439504860925,2.8814654243583813,2.541383763134093,3.034801654696955,3.409945717460737,3.666815951425438,499120803.7297343,1682070.6638911916,135.0047794833925,0.30296272465868157,169.56972457495382,102.44531617222269,1548631.9673615303,16548631.96736153,1529332.411999179,196.40760717876304,196.40760717876304,196.40760717876304,151.84160781570932,44.56599936305372,499120803.7297344,499120803.7297332,0.0,0.9999999999999976,0.003083630800850611,0.0011466699967299457,0.7400135573026925,0.0,2.3883855102808153e-15,274,0,0.0,0.14230231399960758,0.0,8.304094588457532e-14,0,0.05,24000000.0,False,7451368.03263847,0.70185;0.70190;0.70206;0.70228;0.70258;0.70301;0.70360;0.70443;0.70684;0.71237;0.72622;0.73120;0.68671;0.61041;0.50215;0.29906;0.02950;0.00000;0.00000;0.00000;0.00000;0.00000;0.00000;0.00000,1.8515710167484456,4286.993765474414,3.6321528519216364,600821002.8209738,8.778745105836697,3.1632367716793057,3.666815951425438,0.13390471519506159,0.4407025003435604,0.3557849979386378,2.8814654243583813,0.45961341270777784,0.0011625600751184453,93587.11819588923,4.9712160743636185,55.97169856079798,0.8386879001160225,0.45861029581340085,0.5316198784840771,-0.33855619957390676,125.11659337337858,0.03704798476163406,2.4684230764117894,2.184922201094407,1.7545622112849346,2.653890936375955,4.24900491158498,0.22584423658281083,1.5486319673615303,16.54863196736153,0.4991208037297332,0.49912080372973444,0.0,dev
ok,R0014_S+02,14,2,20275909,71.05113448157928,0.6929866482988492,0.27791549069287985,60.33673912111651,3377.14977422864,1.5438178438427008,2.042951282415184,0.21998797391108368,0.15299450951719118,0.045807519753960316,714.5706297521784,4,2.2522725523772402e-13,2.9020606109254096e-13,1.510795224287441e-13,5.6084856564864964e-14,4.448097913983738e-13,0.6165757664477521,0.6077846690086153,1.751008739950744e-11,6.897439504860925,2.8814654243583813,0.2411423613072909,1.5841510308544482,2.4060616104217805,2.706874100009288,273692323.4099785,986159.261959048,101.29382706406847,0.3110283136076745,127.00576666121303,76.02297430955308,895283.5629822295,15895283.56298223,881765.5448364876,147.66776545138535,147.66776545138535,147.66776545138535,106.36683070521708,41.30093474616827,273692323.4099785,273692323.4099797,0.0,1.0000000000000044,0.0016971633843383058,0.0006325962066433405,0.7591488662769634,0.0,4.355594927381694e-15,206,0,0.0,0.12458308600071177,0.0,5.368566977313911e-13,0,0.05,24000000.0,False,8104716.4370177705,0.73490;0.73496;0.73517;0.73546;0.73586;0.73642;0.73720;0.73828;0.74360;0.75282;0.74026;0.69087;0.61629;0.51024;0.31255;0.04677;0.00000;0.00000;0.00000;0.00000;0.00000;0.00000;0.00000;0.00000,1.8515710167484456,4286.993765474414,3.6321528519216364,600821002.8209738,8.778745105836697,1.734557275648202,2.706874100009288,0.5506578970981465,0.2630777054449858,1.421533767330085,2.8814654243583813,0.45961341270777784,0.0006374884911331761,93587.11819588923,4.9712160743636185,55.97169856079798,0.8386879001160225,0.25147843260180597,0.39244622560323095,-0.5994992551554272,92.649564719152,0.027434248082856695,2.4684230764117894,2.184922201094407,1.7545622112849346,2.653890936375955,4.24900491158498,-0.006052942052109599,0.8952835629822296,15.895283562982229,0.2736923234099797,0.2736923234099785,0.0,dev
ok,R0015_S+00,15,0,20276909,59.916919541357494,0.6530639106142764,0.11612497537961959,71.73318389686091,3075.609238196297,2.2027410233831723,2.911382080102502,0.3614483769475822,0.23604598852353875,0.07021935377763941,604.3731511125267,4,6.412651127969387e-14,2.2804891015696517e-13,1.534525003479762e-14,5.015805370724656e-15,5.275951899709913e-13,0.8977038578522261,1.1368998440782265,1.6358674409768292e-11,3.2432549054162076,3.0884508971030846,2.10409505516203,1.996528110249177,1.887031006067187,1.7756037426160598,306237234.93728393,3314116.339633647,190.92896846882195,0.4050465323689157,240.46908577534793,142.13834614707278,3199030.134128865,18199030.134128865,3183333.032266587,266.6774910336904,266.6774910336904,266.6774910336904,125.69455508470458,140.9829359489858,306237234.9372841,306237234.93728364,0.0,0.9999999999999984,0.004977585746609129,0.001990508846201085,0.5747898174541831,0.0,1.5570841942221002e-15,466,0,0.0,0.27076771700012614,0.0,1.2570280543261551e-13,0,0.05,24000000.0,False,5800969.865871135,0.53118;0.53128;0.53159;0.53203;0.53264;0.53349;0.53468;0.53632;0.53818;0.54107;0.54658;0.54911;0.54904;0.53242;0.45944;0.33391;0.19907;0.00724;0.00000;0.00000;0.00000;0.00000;0.00000;0.00000,1.7775494772451508,4298.031407993616,3.633269584786992,247547148.81629598,8.393657928605371,1.9408144785236134,2.10409505516203,0.06307933572458203,0.528209060008993,-0.16925436005395794,3.0884508971030846,0.48974070093461675,0.0020468918809127675,61208.64372526136,4.786812756412099,42.87568278885343,0.5109810836298432,0.5984156457398615,0.6487603091721867,-0.22299706024777344,159.20071010649556,0.05176233317593344,2.3637445988608916,1.191690566966937,0.7060572739031618,2.7280174252431095,4.219464706402733,0.5203677499415182,3.199030134128865,18.199030134128865,0.3062372349372836,0.3062372349372841,0.0,dev
ok,R0015_S+01,15,1,20276909,59.916919541357494,0.6530639106142764,0.11612497537961959,71.73318389686091,3075.609238196297,2.2027410233831723,2.911382080102502,0.3614483769475822,0.23604598852353875,0.07021935377763941,604.3731511125267,4,6.412651127969387e-14,2.2804891015696517e-13,1.534525003479762e-14,5.015805370724656e-15,5.275951899709913e-13,0.8977038578522261,1.1368998440782265,1.6358674409768292e-11,3.2432549054162076,3.0884508971030846,1.4732835293460642,0.9331274525388971,0.5980547837760681,0.4680655230575774,136980941.74608287,1418232.5870342732,125.27122033525482,0.3898178568838278,156.6143862845926,93.46166179064001,1358895.1656621974,16358895.165662197,1356295.7709996495,173.35926260464691,173.35926260464691,173.35926260464691,91.0908968782316,82.26836572641531,136980941.74608287,136980941.74608392,0.0,1.0000000000000075,0.0022314600522592024,0.0009044908303351457,0.6087994644783071,0.0,7.614791300696866e-15,292,0,0.0,0.1640033659987239,0.0,2.3896940610047746e-13,0,0.05,24000000.0,False,7641104.834337803,0.57844;0.57851;0.57874;0.57907;0.57953;0.58017;0.58105;0.58228;0.58508;0.58806;0.59098;0.57421;0.53051;0.45765;0.32382;0.16666;0.00282;0.00000;0.00000;0.00000;0.00000;0.00000;0.00000;0.00000,1.7775494772451508,4298.031407993616,3.633269584786992,247547148.81629598,8.393657928605371,0.8681328221796517,1.4732835293460642,0.44740047292085366,0.6929846794189569,-1.157908076513742,3.0884508971030846,0.48974070093461675,0.0009155815998575859,61208.64372526136,4.786812756412099,42.87568278885343,0.5109810836298432,0.26767332432917235,0.4542607881007729,-0.5723949073856993,106.47461465564001,0.034619032006186344,2.3637445988608916,1.191690566966937,0.7060572739031618,2.7280174252431095,4.219464706402733,0.1517474600306029,1.3588951656621975,16.358895165662197,0.1369809417460839,0.13698094174608288,0.0,dev
ok,R0015_S+02,15,2,20276909,59.916919541357494,0.6530639106142764,0.11612497537961959,71.73318389686091,3075.609238196297,2.2027410233831723,2.911382080102502,0.3614483769475822,0.23604598852353875,0.07021935377763941,604.3731511125267,4,6.412651127969387e-14,2.2804891015696517e-13,1.534525003479762e-14,5.015805370724656e-15,5.275951899709913e-13,0.8977038578522261,1.1368998440782265,1.6358674409768292e-11,3.2432549054162076,3.0884508971030846,5.957185285985816,8.63450731747185,8.870326472070088,6.664642749780532,1188406429.022936,12472952.967991533,378.51366026256994,0.4102205223189009,474.5162947195364,284.52309846720357,12467472.572114456,27467472.572114456,12379994.905907229,535.9526566341301,535.9526566341301,535.9526566341301,228.60330503635987,307.34935159777024,1188406429.0229394,1188406429.022937,0.0,0.999999999999998,0.020298761044082358,0.0071569713984812895,0.5204599548528891,0.0,2.006204050053657e-15,3184,0,0.0,1.7249364830004197,0.0,3.4670534472449595e-14,0,0.05,24000000.0,True,-3467472.5721144564,0.44454;0.44468;0.44511;0.44572;0.44657;0.44775;0.44939;0.45168;0.45402;0.45561;0.45745;0.45978;0.46328;0.47061;0.47265;0.46527;0.42025;0.32862;0.19405;0.02586;0.00000;0.00000;0.00000;0.00000,1.7775494772451508,4298.031407993616,3.633269584786992,247547148.81629598,8.393657928605371,7.531665456327072,8.870326472070088,0.16581969665637597,0.48434482014863417,0.09393107910819466,3.0884508971030846,0.48974070093461675,0.007943317119127453,61208.64372526136,4.786812756412099,42.87568278885343,0.5109810836298432,2.322255165250581,2.735007494248053,0.3659099375265423,313.6162080538206,0.10196880805239812,2.3637445988608916,1.191690566966937,0.7060572739031618,2.7280174252431095,4.219464706402733,1.0959692847440785,12.467472572114456,27.467472572114456,1.188406429022937,1.1884064290229395,0.0,dev
ok,R0016_S+00,16,0,20277909,86.63339621775204,0.3016481649140139,0.2736924733894722,60.72450683954236,3913.995313378143,1.6291472482813394,2.603073842837297,0.36579554341239123,0.17028811616895456,0.07655050399564581,708.2204540150826,4,1.0417574516396231e-13,1.0948816000071926e-13,1.000310537954885e-13,8.020948667301275e-14,1.7399879730305032e-13,0.2939510274948689,0.39609821593408884,6.648614520812586e-12,8.717051481444637,2.867091849061093,3.596888814520078,2.8124952947934707,3.371470361974299,5.273814016062563,593861507.8205116,2223130.958641553,156.10487082091137,0.32443331275986415,194.33233474656708,118.44327370564702,1899934.8080777116,16899934.80807771,1807780.5520766973,226.44149292929023,226.44149292929023,226.44149292929023,194.52849295492916,31.91299997436107,593861507.820511,593861507.8205111,0.0,1.0000000000000002,0.0027843083360421265,0.0010355753842853685,0.6713111959648843,0.0,2.0073584157404445e-16,297,0,0.0,0.1714376549989538,0.0,2.0312335891188294e-14,0,0.05,24000000.0,False,7100065.191922288,0.62576;0.62586;0.62619;0.62665;0.62729;0.62818;0.62942;0.63114;0.63342;0.63734;0.64925;0.66840;0.64145;0.58430;0.50915;0.39410;0.08779;0.00000;0.00000;0.00000;0.00000;0.00000;0.00000;0.00000,1.937685340021975,5260.770261157667,3.721049336488272,799866164.9323311,8.903017326124699,3.7636671218376025,5.273814016062563,0.24376660947359818,0.4257406341892545,0.4455561948644729,2.867091849061093,0.4574416060617446,0.0010483333092919196,68722.86904155326,4.837101282122741,64.45495430239447,0.9403696108636398,0.43175919401750135,0.6049997556270664,-0.3647584056573099,139.1253720108688,0.03554561538061492,2.0450837550768703,2.0058514417513735,1.909942334705765,2.246262844173578,3.8284477515431674,0.3469650465677202,1.8999348080777116,16.899934808077713,0.5938615078205111,0.593861507820511,0.0,dev
ok,R0016_S+01,16,1,20277909,86.63339621775204,0.3016481649140139,0.2736924733894722,60.72450683954236,3913.995313378143,1.6291472482813394,2.603073842837297,0.36579554341239123,0.17028811616895456,0.07655050399564581,708.2204540150826,4,1.0417574516396231e-13,1.0948816000071926e-13,1.000310537954885e-13,8.020948667301275e-14,1.7399879730305032e-13,0.2939510274948689,0.39609821593408884,6.648614520812586e-12,8.717051481444637,2.867091849061093,29.25110231526446,21.503727525487047,18.25018434839757,19.490472783996026,3490881474.629655,10629014.924381007,373.11189131945366,0.3152976884232029,456.67077673165693,290.3135142208304,9881055.289965682,24881055.28996568,9437098.64437883,549.3928580537219,549.3928580537219,549.3928580537219,478.13833678041925,71.2545212733026,3490881474.6296487,3490881474.6296515,0.0,1.0000000000000009,0.015030488528360121,0.005753987955192063,0.5619478596108756,0.0,8.19570349211664e-16,2372,0,0.0,1.354024127998855,0.0,6.462531880893561e-15,0,0.05,24000000.0,True,-881055.2899656817,0.49839;0.49852;0.49894;0.49952;0.50033;0.50146;0.50303;0.50522;0.50687;0.50823;0.50980;0.51178;0.51462;0.51938;0.52957;0.55246;0.54826;0.47542;0.31755;0.02738;0.00000;0.00000;0.00000;0.00000,1.937685340021975,5260.770261157667,3.721049336488272,799866164.9323311,8.903017326124699,22.123871743286276,29.25110231526446,0.193256278213232,0.5735301491267414,-0.44118089476044814,2.867091849061093,0.4574416060617446,0.006162391871591785,68722.86904155326,4.837101282122741,64.45495430239447,0.9403696108636398,2.537999435976692,3.355618855472999,0.40449152124480203,337.3116197442499,0.08618089515623834,2.0450837550768703,2.0058514417513735,1.909942334705765,2.246262844173578,3.8284477515431674,1.0264930168535515,9.881055289965682,24.881055289965683,3.4908814746296515,3.490881474629649,0.0,dev
ok,R0016_S+02,16,2,20277909,86.63339621775204,0.3016481649140139,0.2736924733894722,60.72450683954236,3913.995313378143,1.6291472482813394,2.603073842837297,0.36579554341239123,0.17028811616895456,0.07655050399564581,708.2204540150826,4,1.0417574516396231e-13,1.0948816000071926e-13,1.000310537954885e-13,8.020948667301275e-14,1.7399879730305032e-13,0.2939510274948689,0.39609821593408884,6.648614520812586e-12,8.717051481444637,2.867091849061093,41.59523902113981,32.715766504133974,25.961871342930547,21.33355353752955,4797008860.214985,13437261.574533688,435.8610688083117,0.3131146210012195,532.617460422934,341.4164831441078,12796259.691243842,27796259.691243842,12318544.343287453,639.5087555098432,639.5087555098432,639.5087555098432,558.0455220583189,81.46323345152439,4797008860.21497,4797008860.214981,0.0,1.0000000000000024,0.020413994569642137,0.007720792771875156,0.5389692512911369,0.0,2.385672432625474e-15,3978,0,0.0,2.4261942739994993,0.0,5.528492849361553e-15,0,0.05,24000000.0,True,-3796259.6912438422,0.47486;0.47497;0.47536;0.47590;0.47664;0.47768;0.47913;0.48114;0.48273;0.48394;0.48528;0.48688;0.48899;0.49218;0.49753;0.50800;0.53209;0.51143;0.41084;0.14490;0.00041;0.00000;0.00000;0.00000,1.937685340021975,5260.770261157667,3.721049336488272,799866164.9323311,8.903017326124699,30.401607601433472,41.59523902113981,0.2508258630235586,0.6110779280120201,-0.6664675680721206,2.867091849061093,0.4574416060617446,0.008468075648795469,68722.86904155326,4.837101282122741,64.45495430239447,0.9403696108636398,3.4876021629730185,4.771709689873992,0.5425269383363002,395.4112401457471,0.10102496515369365,2.0450837550768703,2.0058514417513735,1.909942334705765,2.246262844173578,3.8284477515431674,1.1283107713781544,12.796259691243842,27.796259691243844,4.797008860214981,4.797008860214969,0.0,dev
ok,R0017_S+00,17,0,20278909,107.52835736510842,0.11166367306650642,0.22501523145280894,35.25548718348679,1368.4483262557876,2.8701935739483098,2.4094707696968554,0.5425826057890473,0.23756138076663524,0.045956661817911734,718.121512748269,4,1.186324295113067e-13,1.1891198762288305e-13,1.1834256842168667e-13,1.0587980195958891e-13,1.2622447536227997e-13,0.07689849053755737,0.07765821883787132,4.192300055601494e-12,0.9000685444032455,7.083838351081986,1.7847346713549108,1.0625862538808857,0.5317369816886558,0.19218685477822128,140874892.11488536,4620778.896497406,101.641028753218,0.25110147159737006,130.94199979741504,85.94163552378426,4606848.396323852,19606848.396323852,4600871.390984323,143.98765427611764,143.98765427611764,143.98765427611764,143.92511104660105,0.06254322951659219,140874892.1148853,140874892.11488524,0.0,0.9999999999999996,0.010668328378657565,0.00401108266761959,0.5547744953326155,0.0,4.231033925249239e-16,331,0,0.0,0.20371030400019663,0.0,2.754821371563268e-13,0,0.05,24000000.0,False,4393151.603676148,0.50341;0.50342;0.50344;0.50348;0.50352;0.50359;0.50367;0.50379;0.50444;0.50637;0.51098;0.52684;0.55370;0.52026;0.46696;0.36957;0.00046;0.00000;0.00000;0.00000;0.00000;0.00000;0.00000;0.00000,2.0315230114435407,3790.9646249469674,3.5787497318645753,46670807.53107564,7.669045315418176,0.8928111904256684,1.7847346713549108,0.6733400794321813,0.7972908930157647,-1.7837453580945883,7.083838351081986,0.8502686422930102,0.004203299575901899,82489.99111309317,4.9164012568159645,38.81518695611022,-0.04572441575782742,0.9919368874485123,1.9828875061267783,-0.0035159592014683996,101.60641577167462,0.0742493624510324,2.0809422362045265,2.078857588424394,2.030529718081215,2.1068601720426527,3.628168956625561,0.6647151880970568,4.606848396323852,19.60684839632385,0.14087489211488524,0.1408748921148853,0.0,dev
ok,R0017_S+01,17,1,20278909,107.52835736510842,0.11166367306650642,0.22501523145280894,35.25548718348679,1368.4483262557876,2.8701935739483098,2.4094707696968554,0.5425826057890473,0.23756138076663524,0.045956661817911734,718.121512748269,4,1.186324295113067e-13,1.1891198762288305e-13,1.1834256842168667e-13,1.0587980195958891e-13,1.2622447536227997e-13,0.07689849053755737,0.07765821883787132,4.192300055601494e-12,0.9000685444032455,7.083838351081986,0.692726975857118,1.1309945212305903,2.550749968947939,4.951993319009164,367901056.3756627,12859422.552039543,164.7661980143783,0.25266783337382687,204.27945431934228,138.85362643963654,12549386.425239123,27549386.425239123,12323393.674231946,224.25632164297062,224.25632164297062,224.25632164297062,219.68569203326726,4.57062960970336,367901056.3756622,367901056.3756623,0.0,1.0000000000000002,0.027641727420198464,0.00978510137339747,0.5023042487970525,0.0,3.2402540706231936e-16,897,0,0.0,0.4777823940003145,0.0,8.171099915302593e-14,0,0.05,24000000.0,True,-3549386.4252391234,0.43698;0.43701;0.43709;0.43720;0.43735;0.43756;0.43785;0.43824;0.43872;0.43928;0.44018;0.44173;0.44469;0.45153;0.48305;0.49286;0.43038;0.16434;0.00000;0.00000;0.00000;0.00000;0.00000;0.00000,2.0315230114435407,3790.9646249469674,3.5787497318645753,46670807.53107564,7.669045315418176,2.3316161962612028,4.951993319009164,0.7125802593871116,0.19554263476253997,1.8267441914247602,7.083838351081986,0.8502686422930102,0.010977104088758237,82489.99111309317,4.9164012568159645,38.81518695611022,-0.04572441575782742,2.5904873698336917,5.501795779667409,0.4133814791844583,164.19875158537502,0.11998900392142635,2.0809422362045265,2.078857588424394,2.030529718081215,2.1068601720426527,3.628168956625561,1.1092214671812533,12.549386425239124,27.549386425239124,0.36790105637566234,0.3679010563756622,0.0,dev
ok,R0017_S+02,17,2,20278909,107.52835736510842,0.11166367306650642,0.22501523145280894,35.25548718348679,1368.4483262557876,2.8701935739483098,2.4094707696968554,0.5425826057890473,0.23756138076663524,0.045956661817911734,718.121512748269,4,1.186324295113067e-13,1.1891198762288305e-13,1.1834256842168667e-13,1.0587980195958891e-13,1.2622447536227997e-13,0.07689849053755737,0.07765821883787132,4.192300055601494e-12,0.9000685444032455,7.083838351081986,2.4275487779503564,2.218944070236536,1.4250468250669097,0.076467458946191,242520437.34389317,8034335.688336427,133.3277838577277,0.2509791986738133,170.7001324715095,112.71017600098251,7922884.031164605,22922884.031164605,7868429.482331708,186.7075862407728,186.7075862407728,186.7075862407728,186.69346926708437,0.01411697368843079,242520437.34389287,242520437.34389395,0.0,1.0000000000000044,0.017668387594964533,0.0066909732313884945,0.5257235987761288,0.0,4.423889457347824e-15,512,0,0.0,0.34562250999988464,0.0,7.603381520014541e-13,0,0.05,24000000.0,False,1077115.9688353948,0.46803;0.46803;0.46804;0.46804;0.46805;0.46806;0.46807;0.46809;0.46808;0.46840;0.47002;0.47329;0.48111;0.51449;0.51198;0.45724;0.33590;0.00067;0.00000;0.00000;0.00000;0.00000;0.00000;0.00000,2.0315230114435407,3790.9646249469674,3.5787497318645753,46670807.53107564,7.669045315418176,1.5370017830499985,2.4275487779503564,0.6001758570210943,0.7557721954893372,-1.529654256053446,7.083838351081986,0.8502686422930102,0.007236108834807882,82489.99111309317,4.9164012568159645,38.81518695611022,-0.04572441575782742,1.707649703577905,2.6970710098083095,0.2323987870756117,133.31484275789398,0.09742044343220238,2.0809422362045265,2.078857588424394,2.030529718081215,2.1068601720426527,3.628168956625561,0.9049499733436833,7.922884031164605,22.922884031164607,0.24252043734389395,0.24252043734389286,0.0,dev
ok,R0018_S+00,18,0,20279909,117.28388267979783,0.2915550012682801,0.2713194632652053,46.944478392896244,3516.289832622964,2.109250192870049,2.8410174384466007,0.5437916143675865,0.32857408741410093,0.047071950432081,643.4346767706916,4,1.149041444712087e-13,1.2874968285684186e-13,1.0022902390658325e-13,5.2430605411101894e-14,1.9127848280979215e-13,0.44311048895064997,0.4884621713661139,6.044086704965258e-12,6.05649405197142,6.931409589482091,5.312437118634198,4.276112308540315,3.437789491400353,2.797468667214311,624201737.8366256,2944734.348665829,205.15110254227264,0.30030425350772055,270.62162135453826,171.696620683189,2586079.374326352,17586079.374326352,2549107.871206019,304.46911791731895,304.46911791731895,304.46911791731895,262.18921904466043,42.27989887265852,624201737.8366252,624201737.8366255,0.0,1.0000000000000004,0.007115894281573727,0.0019169126648483537,0.47130503203520707,0.0,3.819575702045942e-16,414,0,0.0,0.1725006199994823,0.0,5.1869592956409877e-14,0,0.05,24000000.0,False,6413920.625673648,0.43597;0.43600;0.43611;0.43627;0.43648;0.43678;0.43720;0.43778;0.43863;0.44009;0.44286;0.44874;0.46399;0.46007;0.42137;0.37119;0.30079;0.09953;0.00000;0.00000;0.00000;0.00000;0.00000;0.00000,2.0692383348422405,5505.830696296747,3.740822852753904,494748709.03697,8.694384669661957,3.955951896447294,5.312437118634198,0.2382454321501665,0.6059571550772435,-0.6357429304634604,6.931409589482091,0.840821562848842,0.0019608114806088377,116966.2749420375,5.0680606590289745,74.9031612023419,0.7822212950411095,0.6531752301745614,0.8771472526923347,-0.18497029301448015,190.02184755949207,0.054040439384868896,2.1154627657041205,2.006710098712104,1.7253014702659735,2.2873827161344433,3.7870472836157836,0.4690461221749631,2.586079374326352,17.586079374326353,0.6242017378366255,0.6242017378366252,0.0,dev
ok,R0018_S+01,18,1,20279909,117.28388267979783,0.2915550012682801,0.2713194632652053,46.944478392896244,3516.289832622964,2.109250192870049,2.8410174384466007,0.5437916143675865,0.32857408741410093,0.047071950432081,643.4346767706916,4,1.149041444712087e-13,1.2874968285684186e-13,1.0022902390658325e-13,5.2430605411101894e-14,1.9127848280979215e-13,0.44311048895064997,0.4884621713661139,6.044086704965258e-12,6.05649405197142,6.931409589482091,6.7001737266093615,16.850854982131484,23.080202076168312,25.388215008719847,2840951078.2212834,16089459.592420002,449.27270577694685,0.316442685476653,578.51025364348,369.5666963601169,14067175.214083161,29067175.21408316,13405166.034542069,665.5897276817427,665.5897276817427,665.5897276817427,516.7115920881993,148.87813559354345,2840951078.2212763,2840951078.2212753,0.0,0.9999999999999997,0.030317055404451346,0.008088532007052443,0.40111158638723915,0.0,3.356883980569447e-16,4133,0,0.0,1.6843912559997989,0.0,1.6658989521701753e-14,0,0.05,24000000.0,True,-5067175.214083161,0.33355;0.33365;0.33397;0.33442;0.33504;0.33591;0.33712;0.33880;0.34018;0.34118;0.34225;0.34349;0.34503;0.34724;0.35091;0.35982;0.38161;0.37925;0.32041;0.16236;0.00006;0.00000;0.00000;0.00000,2.0692383348422405,5505.830696296747,3.740822852753904,494748709.03697,8.694384669661957,18.00486144840725,25.388215008719847,0.4018549038632775,0.3270093021296787,1.0379441872219277,6.931409589482091,0.840821562848842,0.008924309485793763,116966.2749420375,5.0680606590289745,74.9031612023419,0.7822212950411095,2.97281914155378,4.191899602453312,0.4731684886820954,405.38990267194765,0.11528910356332843,2.1154627657041205,2.006710098712104,1.7253014702659735,2.2873827161344433,3.7870472836157836,1.2065414574009952,14.06717521408316,29.06717521408316,2.8409510782212752,2.840951078221276,0.0,dev
ok,R0018_S+02,18,2,20279909,117.28388267979783,0.2915550012682801,0.2713194632652053,46.944478392896244,3516.289832622964,2.109250192870049,2.8410174384466007,0.5437916143675865,0.32857408741410093,0.047071950432081,643.4346767706916,4,1.149041444712087e-13,1.2874968285684186e-13,1.0022902390658325e-13,5.2430605411101894e-14,1.9127848280979215e-13,0.44311048895064997,0.4884621713661139,6.044086704965258e-12,6.05649405197142,6.931409589482091,18.57865200492418,15.011867224271743,14.043753017251017,15.674309383862003,2497333619.570797,12571927.121001907,414.3379344612036,0.30617630386625194,548.1933432121336,345.40442371833745,11169040.827371527,26169040.827371527,10803825.648529828,604.9897246241487,604.9897246241487,604.9897246241487,508.622837905775,96.36688671837373,2497333619.57079,2497333619.5707955,0.0,1.0000000000000022,0.025435882123066206,0.007195592805550844,0.40312987691937124,0.0,2.291262109954269e-15,3107,0,0.0,1.5908460579994426,0.0,9.07109749439644e-15,0,0.05,24000000.0,True,-2169040.8273715265,0.34741;0.34748;0.34772;0.34805;0.34850;0.34913;0.35001;0.35124;0.35216;0.35291;0.35376;0.35482;0.35629;0.35863;0.36310;0.37555;0.39649;0.37308;0.30573;0.11307;0.00000;0.00000;0.00000;0.00000,2.0692383348422405,5505.830696296747,3.740822852753904,494748709.03697,8.694384669661957,15.827145407577236,18.57865200492418,0.10684824889590688,0.5305839803100956,-0.18350388186057387,6.931409589482091,0.840821562848842,0.007844900350864608,116966.2749420375,5.0680606590289745,74.9031612023419,0.7822212950411095,2.6132520352142374,3.0675588625199315,0.4171812972988151,380.0837755873513,0.10809227728074655,2.1154627657041205,2.006710098712104,1.7253014702659735,2.2873827161344433,3.7870472836157836,1.099401854763737,11.169040827371527,26.169040827371525,2.4973336195707954,2.49733361957079,0.0,dev
ok,R0019_S+00,19,0,20280909,650.6832099480721,0.3636525157696077,0.1965886641393097,45.3140869723964,1659.448134582689,2.599847180252163,2.775668207645987,0.5150664153300815,0.2905536670592798,0.07135835261506948,649.503055681771,4,4.717266255925453e-13,5.048734270720125e-13,4.384921974547219e-13,2.745899571132654e-13,7.222166113756503e-13,0.35423545022344904,0.4025364162131191,2.287787838439301e-11,1.408620931116491,4.330815354792618,2.9354329123571516,3.575710023392581,3.2321345535606616,1.9047065028613928,459478024.5392005,9852463.977910874,189.2009923338275,0.2575867907703883,236.36819526355802,158.9316007701027,9870338.53102266,24870338.53102266,9853425.671124484,262.1658464195149,262.1658464195149,262.1658464195149,259.9088414698752,2.257004949639679,459478024.5392014,459478024.53920156,0.0,1.0000000000000004,0.02547884776940274,0.008326226770611272,0.4782647570905018,0.0,3.891675439875492e-16,963,0,0.0,0.5275593180012947,0.0,1.592718783529693e-13,0,0.05,24000000.0,True,-870338.5310226604,0.42432;0.42432;0.42434;0.42435;0.42438;0.42441;0.42446;0.42453;0.42470;0.42505;0.42573;0.42703;0.42978;0.43629;0.46676;0.46656;0.40631;0.14028;0.00000;0.00000;0.00000;0.00000;0.00000;0.00000,2.8133696004621784,29485.115567065008,4.469602834336659,77067087.15974824,7.88686894463082,2.9119959980429466,3.575710023392581,0.2143329481972629,0.5589931219106801,-0.35395873146407997,4.330815354792618,0.6365696678895932,0.009179406487845694,413197.8175858047,5.616158019011801,36.62102108762692,0.148794137414863,2.0672673064249167,2.5384473170922055,0.31539663637549803,188.76053957909394,0.11374898416247439,2.7088991109072946,2.64767846768698,2.444401247018758,2.864384070982598,4.365132344781776,0.9935448556946432,9.87033853102266,24.87033853102266,0.45947802453920156,0.4594780245392014,0.0,dev
ok,R0019_S+01,19,1,20280909,650.6832099480721,0.3636525157696077,0.1965886641393097,45.3140869723964,1659.448134582689,2.599847180252163,2.775668207645987,0.5150664153300815,0.2905536670592798,0.07135835261506948,649.503055681771,4,4.717266255925453e-13,5.048734270720125e-13,4.384921974547219e-13,2.745899571132654e-13,7.222166113756503e-13,0.35423545022344904,0.4025364162131191,2.287787838439301e-11,1.408620931116491,4.330815354792618,1.2831714820886295,0.8047864957149455,0.6542792853030924,0.8316498508530702,140979124.98436978,3135465.2407081146,104.88371499345261,0.25798997266354534,133.16720010848437,88.02493401555091,3122640.1685665734,18122640.168566573,3117524.072387278,144.4543034880869,144.4543034880869,144.4543034880869,144.0362873953842,0.41801609270271456,140979124.98436978,140979124.98436797,0.0,0.9999999999999871,0.006870019179506541,0.0027283826114700145,0.5343314347630952,0.0,1.2895112420728725e-14,309,0,0.0,0.16670728500139376,0.0,4.950922554315168e-13,0,0.05,24000000.0,False,5877359.831433427,0.49140;0.49141;0.49144;0.49149;0.49155;0.49163;0.49174;0.49190;0.49298;0.49588;0.50411;0.53264;0.51821;0.47699;0.42239;0.26092;0.00000;0.00000;0.00000;0.00000;0.00000;0.00000;0.00000;0.00000,2.8133696004621784,29485.115567065008,4.469602834336659,77067087.15974824,7.88686894463082,0.8934717784899345,1.2831714820886295,0.26293911593552977,0.5842260572942924,-0.5053563437657544,4.330815354792618,0.6365696678895932,0.002816467002595303,413197.8175858047,5.616158019011801,36.62102108762692,0.148794137414863,0.6342883019505875,0.9109416548791245,-0.1977132981329745,104.5577533382618,0.06300754519487019,2.7088991109072946,2.64767846768698,2.444401247018758,2.864384070982598,4.365132344781776,0.49630199061532815,3.1226401685665732,18.122640168566573,0.14097912498436796,0.1409791249843698,0.0,dev
ok,R0019_S+02,19,2,20280909,650.6832099480721,0.3636525157696077,0.1965886641393097,45.3140869723964,1659.448134582689,2.599847180252163,2.775668207645987,0.5150664153300815,0.2905536670592798,0.07135835261506948,649.503055681771,4,4.717266255925453e-13,5.048734270720125e-13,4.384921974547219e-13,2.745899571132654e-13,7.222166113756503e-13,0.35423545022344904,0.4025364162131191,2.287787838439301e-11,1.408620931116491,4.330815354792618,2.7137233357214887,3.0842081301620605,2.5691410077348795,1.1685219684399453,376150593.95587665,8107079.217549639,171.08296803230294,0.2572724686908972,217.88556273317474,143.73479265803155,8114669.055206738,23114669.05520674,8104941.263009947,238.1699465965287,238.1699465965287,238.1699465965287,237.61712382388018,0.5528227726485113,376150593.9558766,376150593.95587534,0.0,0.9999999999999967,0.019603582775081473,0.0069295611532392,0.4903388399621588,0.0,3.327650043349474e-15,743,0,0.0,0.37632434900115186,0.0,2.126097450106586e-13,0,0.05,24000000.0,False,885330.9447932616,0.43603;0.43603;0.43605;0.43606;0.43608;0.43611;0.43615;0.43621;0.43642;0.43690;0.43785;0.43972;0.44383;0.45844;0.48832;0.45261;0.37440;0.04081;0.00000;0.00000;0.00000;0.00000;0.00000;0.00000,2.8133696004621784,29485.115567065008,4.469602834336659,77067087.15974824,7.88686894463082,2.3838986105145934,3.0842081301620605,0.3047141983439145,0.6080304170981494,-0.648182502588897,4.330815354792618,0.6365696678895932,0.007514699328718398,413197.8175858047,5.616158019011801,36.62102108762692,0.148794137414863,1.6923634725668066,2.1895231442553373,0.22849364308689185,170.78892835200966,0.10291911195824083,2.7088991109072946,2.64767846768698,2.444401247018758,2.864384070982598,4.365132344781776,0.9088644167050267,8.114669055206738,23.11466905520674,0.37615059395587536,0.3761505939558766,0.0,dev
ok,R0020_S+00,20,0,20281909,668.5392793861829,0.8351556222682872,0.23309435147026875,38.99558747016508,2568.8639268697816,2.4606844513762676,3.046696098014067,0.6169805293755043,0.17333919925884103,0.0424460860667504,776.9783867346846,4,1.4455708585317464e-12,3.4681631832033293e-12,3.6805750906723845e-13,1.0417778802163482e-13,7.1480211980283956e-12,0.8575216506929215,0.9861910868229408,1.3524306077141155e-10,4.019367580339142,8.721376973206603,0.7502696978436318,0.8180128388583238,0.7633221243018335,0.5861975541741609,115098543.9821246,904990.3038436602,80.69580447207264,0.284299659624708,111.2083485564504,72.35547642889237,887567.0484387893,15887567.04843879,887403.214921236,122.9308590882792,122.9308590882792,122.9308590882792,117.99935936299728,4.931499725281924,115098543.98212467,115098543.98216423,0.0,1.0000000000003437,0.0024078942986396376,0.0007790147911156446,0.6131670365462073,0.0,3.4372791871120263e-13,241,0,0.0,0.10890541599837888,0.0,4.6467368067854836e-12,0,0.05,24000000.0,False,8112432.951561211,0.59052;0.59059;0.59083;0.59117;0.59163;0.59228;0.59319;0.59445;0.60735;0.60501;0.56993;0.52311;0.47095;0.40912;0.27087;0.00000;0.00000;0.00000;0.00000;0.00000;0.00000;0.00000;0.00000;0.00000,2.8251269289046967,26070.081946545022,4.416142396295923,188442687.78568056,8.275179290016233,0.7294505537944875,0.8180128388583238,0.11861492877013177,0.5374876091820054,-0.22492565509203247,8.721376973206603,0.9405850588608204,0.0007861068878594133,614192.8352486353,5.788304745955746,65.87575911852026,0.6041577252298771,0.18148391238527598,0.2035177978893143,-0.7411618668921262,79.21697035147993,0.03083735558076351,3.5458161213745085,2.571632280351582,2.0234917297062482,3.8599024295376765,5.136831588765735,-0.04335607384424689,0.8875670484387893,15.88756704843879,0.11509854398216424,0.11509854398212467,0.0,dev
ok,R0020_S+01,20,1,20281909,668.5392793861829,0.8351556222682872,0.23309435147026875,38.99558747016508,2568.8639268697816,2.4606844513762676,3.046696098014067,0.6169805293755043,0.17333919925884103,0.0424460860667504,776.9783867346846,4,1.4455708585317464e-12,3.4681631832033293e-12,3.6805750906723845e-13,1.0417778802163482e-13,7.1480211980283956e-12,0.8575216506929215,0.9861910868229408,1.3524306077141155e-10,4.019367580339142,8.721376973206603,0.9412721905819761,0.724735210217189,0.8233928369940182,1.2372450709124638,147004977.49251166,1176909.1287931434,91.99637058526774,0.28930344590704377,126.65705520436941,81.74066620997867,1146131.033744095,16146131.033744095,1145748.5806237385,138.21066589158315,138.21066589158315,138.21066589158315,133.23010373040643,4.980562161176721,147004977.49251172,147004977.49251714,0.0,1.0000000000000369,0.0025403503633322335,0.0009924771083694318,0.6048138058033943,0.0,3.689686408636633e-14,296,0,0.0,0.15359458700004325,0.0,4.10486671854819e-12,0,0.05,24000000.0,False,7853868.966255905,0.57157;0.57162;0.57178;0.57200;0.57231;0.57274;0.57333;0.57416;0.58409;0.60385;0.58447;0.54090;0.49054;0.43343;0.34642;0.02513;0.00000;0.00000;0.00000;0.00000;0.00000;0.00000;0.00000;0.00000,2.8251269289046967,26070.081946545022,4.416142396295923,188442687.78568056,8.275179290016233,0.9316613271764118,1.2372450709124638,0.20647322432587625,0.4470528485518277,0.3176829086890334,8.721376973206603,0.9405850588608204,0.0010040233469367672,614192.8352486353,5.788304745955746,65.87575911852026,0.6041577252298771,0.2317930143372956,0.30782083155680645,-0.6348996567265238,89.52603156988603,0.03485043743791268,3.5458161213745085,2.571632280351582,2.0234917297062482,3.8599024295376765,5.136831588765735,0.07074293150338544,1.1461310337440949,16.146131033744094,0.14700497749251715,0.1470049774925117,0.0,dev
ok,R0020_S+02,20,2,20281909,668.5392793861829,0.8351556222682872,0.23309435147026875,38.99558747016508,2568.8639268697816,2.4606844513762676,3.046696098014067,0.6169805293755043,0.17333919925884103,0.0424460860667504,776.9783867346846,4,1.4455708585317464e-12,3.4681631832033293e-12,3.6805750906723845e-13,1.0417778802163482e-13,7.1480211980283956e-12,0.8575216506929215,0.9861910868229408,1.3524306077141155e-10,4.019367580339142,8.721376973206603,18.231303350258898,10.896849890915943,5.864683856776218,3.1348052478397306,1504021107.6144092,11052133.621418793,289.18151534260477,0.2794032062648413,395.13570810996015,261.71939160234706,11015723.47369431,26015723.47369431,11013629.671161663,428.76998719484607,428.76998719484607,428.76998719484607,423.232864154305,5.537123040541076,1504021107.6144087,1504021107.614407,0.0,0.9999999999999989,0.024746049357861476,0.009218485020429216,0.4787708427642783,0.0,1.1096453668513321e-15,2139,0,0.0,1.2301017419995333,0.0,1.0061077312583723e-12,0,0.05,24000000.0,True,-2015723.4736943096,0.41272;0.41272;0.41274;0.41276;0.41279;0.41283;0.41289;0.41298;0.41311;0.41333;0.41372;0.41446;0.41591;0.41891;0.42648;0.46168;0.46036;0.39522;0.20487;0.00000;0.00000;0.00000;0.00000;0.00000,2.8251269289046967,26070.081946545022,4.416142396295923,188442687.78568056,8.275179290016233,9.531910586447697,18.231303350258898,0.6024700930847926,0.7639641857999785,-1.5837851147998705,8.721376973206603,0.9405850588608204,0.010272252899786914,614192.8352486353,5.788304745955746,65.87575911852026,0.6041577252298771,2.3714951160658524,4.535863661596384,0.3750222345886348,286.3586323500042,0.11147286913672326,3.5458161213745085,2.571632280351582,2.0234917297062482,3.8599024295376765,5.136831588765735,1.0434461269406414,11.01572347369431,26.015723473694308,1.504021107614407,1.5040211076144088,0.0,dev
ok,R0021_S+00,21,0,20282909,394.40173613129394,0.8283158357098157,0.24002592510524295,64.87746739080868,2009.4498186947196,2.4884893993956383,3.5292112940991007,0.334139573355294,0.19443574008206588,0.07791913200548722,639.1484528061768,4,3.185487853044002e-13,1.1622763860262112e-12,1.2885234151546802e-13,5.6086575729936854e-14,3.997684988577441e-12,0.8551050986284237,1.635753722197344,7.540554833352247e-11,3.460663386735673,2.5729719884335713,1.3319314482405342,0.8164147553731004,0.4414997704277017,0.2071864934043383,110334539.74332951,997630.7879171132,67.2088031041322,0.29693053734367286,85.67202362601572,56.73204443755021,997091.8752041832,15997091.875204183,996874.7196827289,93.82254753237653,93.82254753237653,93.82254753237653,91.82155922218138,2.0009883101951544,110334539.74332954,110334539.74332464,0.0,0.9999999999999556,0.0019210946079197676,0.0008651282900572736,0.6185528687333324,0.0,4.4432886058894056e-14,297,0,0.0,0.1497713910011953,0.0,1.676170950589414e-12,10,0.05,24000000.0,False,8002908.124795817,0.60033;0.60038;0.60054;0.60077;0.60110;0.60154;0.60217;0.60303;0.61165;0.60939;0.58144;0.54177;0.49238;0.39036;0.01071;0.00000;0.00000;0.00000;0.00000;0.00000;0.00000;0.00000;0.00000;0.00000,2.5959388180099983,25587.785774736352,4.408032706074001,197540543.04782993,8.295656243329274,0.6992581168614186,1.3319314482405342,0.6078185845483165,0.7680805384342079,-1.608483230605247,2.5729719884335713,0.4104350581361336,0.0008738834255732134,328388.99916049384,5.5163886000798135,30.973000326757553,0.5391593582098161,0.20205898081321488,0.3848774929528469,-0.6945218419254003,66.18412346190424,0.03293644003754994,3.0710260120978665,2.1158089127612314,1.7545755234784046,3.6075251671609205,4.883119900161869,-0.0010301565461661496,0.9970918752041832,15.997091875204184,0.11033453974332463,0.11033453974332955,0.0,dev
ok,R0021_S+01,21,1,20282909,394.40173613129394,0.8283158357098157,0.24002592510524295,64.87746739080868,2009.4498186947196,2.4884893993956383,3.5292112940991007,0.334139573355294,0.19443574008206588,0.07791913200548722,639.1484528061768,4,3.185487853044002e-13,1.1622763860262112e-12,1.2885234151546802e-13,5.6086575729936854e-14,3.997684988577441e-12,0.8551050986284237,1.635753722197344,7.540554833352247e-11,3.460663386735673,2.5729719884335713,1.1311798776838562,6.512940344961835,13.216923900327082,21.243130543779603,1660883378.0793808,16270955.54391981,280.54003994120507,0.34368818258742234,342.1896191911114,220.89349874720673,17468046.6893071,32468046.6893071,17407301.493842945,402.5106128910809,402.5106128910809,402.5106128910809,297.280738600469,105.22987429061186,1660883378.079366,1660883378.079367,0.0,1.0000000000000007,0.03095255837772547,0.011418082968222623,0.5141309845111872,0.0,5.741970381503079e-16,3119,0,0.0,1.6902086190002592,0.0,4.2490263920934586e-13,0,0.05,24000000.0,True,-8468046.689307101,0.43590;0.43598;0.43625;0.43663;0.43715;0.43789;0.43890;0.44032;0.44168;0.44263;0.44374;0.44517;0.44724;0.45085;0.46087;0.48205;0.47647;0.32386;0.03746;0.00000;0.00000;0.00000;0.00000;0.00000,2.5959388180099983,25587.785774736352,4.408032706074001,197540543.04782993,8.295656243329274,10.526043666688093,21.243130543779603,0.7148346963119917,0.1815525487234377,1.9106847076593745,2.5729719884335713,0.4104350581361336,0.013154706217020024,328388.99916049384,5.5163886000798135,30.973000326757553,0.5391593582098161,3.0416259804502266,6.138456177275748,0.48310580912091494,256.78381510019733,0.12778812026617148,3.0710260120978665,2.1158089127612314,1.7545755234784046,3.6075251671609205,4.883119900161869,1.2114130584848535,17.4680466893071,32.4680466893071,1.6608833780793668,1.660883378079366,0.0,dev
ok,R0021_S+02,21,2,20282909,394.40173613129394,0.8283158357098157,0.24002592510524295,64.87746739080868,2009.4498186947196,2.4884893993956383,3.5292112940991007,0.334139573355294,0.19443574008206588,0.07791913200548722,639.1484528061768,4,3.185487853044002e-13,1.1622763860262112e-12,1.2885234151546802e-13,5.6086575729936854e-14,3.997684988577441e-12,0.8551050986284237,1.635753722197344,7.540554833352247e-11,3.460663386735673,2.5729719884335713,0.8236156186258218,0.6974164659939706,0.5408625414659592,0.3539538450417881,95297974.64056808,884449.076865334,63.228366894666316,0.3042666045582255,80.82713290767772,52.737934648727304,882227.5104252193,15882227.51042522,881842.7156904675,91.0402234779972,91.0402234779972,91.0402234779972,81.86694364302654,9.173279834970657,95297974.64056806,95297974.64056554,0.0,0.9999999999999736,0.0018186548184926088,0.0007482328648693764,0.6204412706479083,0.0,2.6425495937961127e-14,271,0,0.0,0.1517576709993591,0.0,1.318960920415773e-12,0,0.05,24000000.0,False,8117772.489574781,0.60818;0.60825;0.60846;0.60876;0.60917;0.60975;0.61056;0.61168;0.61825;0.60548;0.57304;0.53158;0.47845;0.32238;0.00030;0.00000;0.00000;0.00000;0.00000;0.00000;0.00000;0.00000;0.00000;0.00000,2.5959388180099983,25587.785774736352,4.408032706074001,197540543.04782993,8.295656243329274,0.603962117781885,0.8236156186258218,0.29089474351576317,0.6296057483729046,-0.777634490237428,2.5729719884335713,0.4104350581361336,0.000754789213992472,328388.99916049384,5.5163886000798135,30.973000326757553,0.5391593582098161,0.17452206420792116,0.2379935655639454,-0.758149658916893,61.50917654948985,0.03060995899337483,3.0710260120978665,2.1158089127612314,1.7545755234784046,3.6075251671609205,4.883119900161869,-0.0533271670199908,0.8822275104252193,15.882227510425219,0.09529797464056554,0.09529797464056806,0.0,dev
ok,R0022_S+00,22,0,20283909,175.35477355482016,0.7006741466604726,0.21474101533283058,39.00412138341328,2923.463485576328,1.627625722762565,2.7269575015282315,0.23876757223156617,0.26802535260074434,0.04092085115017468,728.099148994,4,7.84470303219055e-14,9.900473448585982e-14,5.4184071097360905e-14,2.0415112012146277e-14,1.6075195095933515e-13,0.6004214251467536,0.5869892229501331,3.861592681419079e-12,3.9599974939783635,3.5009179748776593,22.668095091906896,16.34113257945936,9.501486889178912,2.149158021065545,1998379993.7267978,16675041.870345159,408.9443044138137,0.30602422056423806,537.8336407368723,333.90137949452003,16081327.968563184,31081327.968563184,15736379.264827043,597.8630192951053,597.8630192951053,597.8630192951053,452.244188699089,145.61883059601632,1998379993.726793,1998379993.726796,0.0,1.0000000000000013,0.036519708022065715,0.010698940191718326,0.4441356787457032,0.0,1.4316711327174608e-15,4810,0,0.0,2.5739795159988716,0.0,2.027549778124187e-14,500,0.05,24000000.0,True,-7081327.968563184,0.38452;0.38457;0.38475;0.38500;0.38534;0.38582;0.38648;0.38741;0.38818;0.38879;0.38952;0.39046;0.39121;0.39212;0.39579;0.40457;0.42293;0.41572;0.31591;0.09858;0.00000;0.00000;0.00000;0.00000,2.2439175928596633,6839.558872893154,3.835028092181188,224890298.99268842,8.35197072184376,12.664968145402678,22.668095091906896,0.6041271959978455,0.770022222391582,-1.6201333343494926,3.5009179748776593,0.544181935536434,0.012204411091722841,167141.1683934135,5.22308343375935,74.95268145738946,0.5976949110892212,3.1982263030876243,5.724270059861494,0.5049091907125735,377.49227461410766,0.12912501780048377,2.0013725611719635,1.7395882302231847,1.3156683648879621,2.2118728501922247,3.592483060493488,1.2220669330855598,16.081327968563183,31.081327968563183,1.9983799937267959,1.998379993726793,0.0,dev
ok,R0022_S+01,22,1,20283909,175.35477355482016,0.7006741466604726,0.21474101533283058,39.00412138341328,2923.463485576328,1.627625722762565,2.7269575015282315,0.23876757223156617,0.26802535260074434,0.04092085115017468,728.099148994,4,7.84470303219055e-14,9.900473448585982e-14,5.4184071097360905e-14,2.0415112012146277e-14,1.6075195095933515e-13,0.6004214251467536,0.5869892229501331,3.861592681419079e-12,3.9599974939783635,3.5009179748776593,0.0331871915430246,0.5635005368811894,0.9593056604215549,1.15979224838016,107129596.03165121,1189517.7326133791,98.61445979604453,0.3319535203271072,130.0407134137663,76.8552789837565,1041288.5043762662,16041288.504376266,1015218.8682750165,144.55241104811248,144.55241104811248,144.55241104811248,92.27644861790084,52.275962430211635,107129596.03165121,107129596.03165148,0.0,1.0000000000000024,0.001914260604341273,0.0006489457558203082,0.593830596222411,0.0,2.5037049650594453e-15,227,0,0.0,0.11263231600059953,0.0,4.972862305640882e-13,0,0.05,24000000.0,False,7958711.495623734,0.56861;0.56869;0.56898;0.56937;0.56992;0.57069;0.57176;0.57324;0.57853;0.58478;0.56520;0.52068;0.46280;0.38071;0.23997;0.03797;0.00000;0.00000;0.00000;0.00000;0.00000;0.00000;0.00000;0.00000,2.2439175928596633,6839.558872893154,3.835028092181188,224890298.99268842,8.35197072184376,0.6789464093064822,1.15979224838016,0.6335682801269055,0.21971090805005794,1.659343125458045,3.5009179748776593,0.544181935536434,0.0006542567650620784,167141.1683934135,5.22308343375935,74.95268145738946,0.5976949110892212,0.17145122196135204,0.29287701574148944,-0.7658594152490596,87.40248192025749,0.029896895361094983,2.0013725611719635,1.7395882302231847,1.3156683648879621,2.2118728501922247,3.592483060493488,0.07537092062190866,1.041288504376266,16.041288504376265,0.10712959603165148,0.10712959603165122,0.0,dev
ok,R0022_S+02,22,2,20283909,175.35477355482016,0.7006741466604726,0.21474101533283058,39.00412138341328,2923.463485576328,1.627625722762565,2.7269575015282315,0.23876757223156617,0.26802535260074434,0.04092085115017468,728.099148994,4,7.84470303219055e-14,9.900473448585982e-14,5.4184071097360905e-14,2.0415112012146277e-14,1.6075195095933515e-13,0.6004214251467536,0.5869892229501331,3.861592681419079e-12,3.9599974939783635,3.5009179748776593,5.80468036284349,5.648851426063812,4.249971532830425,1.6080406831433303,682888476.360543,5980834.489317697,238.81000598557483,0.3053942112408256,317.05667157197087,193.48452881143592,5495907.5985388085,20495907.59853881,5370071.868626017,347.63236016370513,347.63236016370513,347.63236016370513,262.45928693842524,85.1730732252799,682888476.3605429,682888476.3605433,0.0,1.0000000000000004,0.011394678176323714,0.003973921332791008,0.5087922499920864,0.0,5.236987898204448e-16,835,0,0.0,0.43129654999938793,0.0,4.850211858135767e-14,0,0.05,24000000.0,False,3504092.4014611915,0.46294;0.46298;0.46313;0.46334;0.46362;0.46402;0.46458;0.46535;0.46612;0.46713;0.46853;0.47009;0.47443;0.48973;0.49847;0.45320;0.37282;0.20477;0.00842;0.00000;0.00000;0.00000;0.00000;0.00000,2.2439175928596633,6839.558872893154,3.835028092181188,224890298.99268842,8.35197072184376,4.327886001220264,5.80468036284349,0.3888656413706427,0.6616123775948543,-0.9696742655691256,3.5009179748776593,0.544181935536434,0.004170503968948217,167141.1683934135,5.22308343375935,74.95268145738946,0.5976949110892212,1.0929011969834117,1.4658293020816757,0.038580901616264,220.67031942645718,0.0754824955109554,2.0013725611719635,1.7395882302231847,1.3156683648879621,2.2118728501922247,3.592483060493488,0.7767617841257666,5.495907598538809,20.495907598538807,0.6828884763605433,0.6828884763605428,0.0,dev
ok,R0023_S+00,23,0,20284909,66.35510998894713,0.5994494833706848,0.11118644712404446,79.13986806020552,2071.816205939689,1.5992600153444838,3.1008374286918974,0.4512806469875014,0.2718619360799341,0.051976973100480356,677.9061649491415,4,1.2905753807418492e-13,1.3609539915444013e-13,1.2104998979580727e-13,7.31846040067031e-14,1.8176582773914822e-13,0.3276520672385702,0.3385356036507254,1.0770571932683398e-11,2.0503211957562586,5.209391236943701,2.0032656153554536,1.6507240566473498,1.3654219505331757,1.1473592970129316,243260612.46344587,3453532.6013814867,134.44787433562016,0.25869601971407774,196.99957848582352,123.57489396987324,3391843.36556476,18391843.36556476,3380966.6216833666,211.8383145024435,211.8383145024435,211.8383145024435,210.2471770558072,1.5911374466362815,243260612.463446,243260612.4634466,0.0,1.0000000000000024,0.009563495201071243,0.0029228803808228846,0.4921898006416664,0.0,2.4502382104438393e-15,318,0,0.0,0.18059090600036143,0.0,2.1703202331569045e-13,0,0.05,24000000.0,False,5608156.63443524,0.43900;0.43901;0.43905;0.43911;0.43919;0.43930;0.43945;0.43966;0.44090;0.44378;0.45059;0.47822;0.48294;0.43545;0.37621;0.29979;0.11514;0.00000;0.00000;0.00000;0.00000;0.00000;0.00000;0.00000,1.8218743733880745,5251.334649645702,3.7202696952749643,118658676.27943826,8.074299499169628,1.5416927298872276,2.0032656153554536,0.20804683418961656,0.5925288485128433,-0.5551730910770593,5.209391236943701,0.716786975145352,0.0030241457143716922,101031.94427066724,5.004458710683942,26.179171847539077,0.3118219013570768,0.7519274214587515,0.9770496542209092,-0.12382407693648251,133.5198129023557,0.06444578072107353,2.139560041445042,2.088681354935031,1.8701363250250198,2.265228836283,4.037955363331932,0.5382635601056674,3.39184336556476,18.39184336556476,0.24326061246344657,0.243260612463446,0.0,dev
ok,R0023_S+01,23,1,20284909,66.35510998894713,0.5994494833706848,0.11118644712404446,79.13986806020552,2071.816205939689,1.5992600153444838,3.1008374286918974,0.4512806469875014,0.2718619360799341,0.051976973100480356,677.9061649491415,4,1.2905753807418492e-13,1.3609539915444013e-13,1.2104998979580727e-13,7.31846040067031e-14,1.8176582773914822e-13,0.3276520672385702,0.3385356036507254,1.0770571932683398e-11,2.0503211957562586,5.209391236943701,7.122359559651361,8.686225566390698,8.531561679213645,6.658367898120205,1222798409.5040696,16508938.652646212,302.0476833167949,0.2597465662111894,433.4784864709016,277.3836929081992,16373747.264050595,31373747.264050595,16275579.82706739,467.18634095926484,467.18634095926484,467.18634095926484,460.9529861868362,6.2333547724286404,1222798409.5040708,1222798409.5040708,0.0,1.0,0.04935603804183237,0.013035618045372446,0.3968817408964636,0.0,0.0,2395,0,0.0,1.2481120749998809,0.0,3.65596809407284e-14,0,0.05,24000000.0,True,-7373747.264050595,0.32475;0.32477;0.32481;0.32487;0.32496;0.32508;0.32524;0.32547;0.32568;0.32596;0.32637;0.32709;0.32842;0.33104;0.33702;0.36017;0.39235;0.33379;0.20641;0.00187;0.00000;0.00000;0.00000;0.00000,1.8218743733880745,5251.334649645702,3.7202696952749643,118658676.27943826,8.074299499169628,7.749628675843978,8.686225566390698,0.11310109986824236,0.5099787934136217,-0.05987276048173042,5.209391236943701,0.716786975145352,0.015201476853133921,101031.94427066724,5.004458710683942,26.179171847539077,0.3118219013570768,3.7797144622433345,4.236519421624958,0.5774589923885385,299.35550551895153,0.14448941207271637,2.139560041445042,2.088681354935031,1.8701363250250198,2.265228836283,4.037955363331932,1.2177191536918988,16.373747264050596,31.373747264050596,1.2227984095040707,1.2227984095040707,0.0,dev
ok,R0023_S+02,23,2,20284909,66.35510998894713,0.5994494833706848,0.11118644712404446,79.13986806020552,2071.816205939689,1.5992600153444838,3.1008374286918974,0.4512806469875014,0.2718619360799341,0.051976973100480356,677.9061649491415,4,1.2905753807418492e-13,1.3609539915444013e-13,1.2104998979580727e-13,7.31846040067031e-14,1.8176582773914822e-13,0.3276520672385702,0.3385356036507254,1.0770571932683398e-11,2.0503211957562586,5.209391236943701,2.6608468519490085,2.628092212379839,4.318442549192913,7.731897862388228,683982557.4862214,10026203.879571363,227.68900106310863,0.26387165364045423,329.54029413522005,207.43514125034667,9692173.460789252,24692173.460789252,9594217.694784023,356.7986572370903,356.7986572370903,356.7986572370903,347.6841500444404,9.11450719264991,683982557.4862212,683982557.4862218,0.0,1.0000000000000009,0.0285604977494531,0.007763389314866003,0.43515284207000204,0.0,8.714351575638149e-16,1008,0,0.0,0.6043392219999077,0.0,9.340835505233201e-14,0,0.05,24000000.0,True,-692173.4607892521,0.36405;0.36407;0.36414;0.36424;0.36438;0.36458;0.36485;0.36523;0.36565;0.36625;0.36725;0.36910;0.37290;0.38291;0.42479;0.40921;0.34446;0.23897;0.00405;0.00000;0.00000;0.00000;0.00000;0.00000,1.8218743733880745,5251.334649645702,3.7202696952749643,118658676.27943826,8.074299499169628,4.3348198689774975,7.731897862388228,0.47914049242138135,0.3050264615480094,1.1698412307119432,5.209391236943701,0.716786975145352,0.008503073715798396,101031.94427066724,5.004458710683942,26.179171847539077,0.3118219013570768,2.11421502052931,3.7710666398960613,0.3251491539650785,223.88878038141917,0.10806401636378386,2.139560041445042,2.088681354935031,1.8701363250250198,2.265228836283,4.037955363331932,1.0011365316028435,9.692173460789252,24.692173460789252,0.6839825574862218,0.6839825574862212,0.0,dev
ok,R0024_S+00,24,0,20285909,123.77074026481682,0.7742970915287549,0.17154721155991334,34.01058327215263,2452.543304125762,2.9644799388374414,2.9864091314223242,0.26001801975875866,0.22758482170324199,0.06895769333750316,608.8980394797112,4,2.8763099923094844e-13,3.6327850780530836e-13,2.341306847861021e-13,1.4206510884589912e-13,7.537705611531933e-13,0.5450497064634316,0.7837452649757078,1.2355313940695791e-11,1.6790686980660001,2.2624134350272347,0.27637817835439715,0.2694179528736791,0.2630627685756095,0.2573126254601885,42057268.157084055,737180.8613390909,71.27070386910657,0.2753401075567764,85.73065743756698,56.891828431933526,735165.7726192027,15735165.772619203,732268.2920345888,98.04071892617097,98.04071892617097,98.04071892617097,92.25696556180081,5.783753364370156,42057268.15708404,42057268.15708345,0.0,0.999999999999986,0.0015187164212679615,0.0006219754299028402,0.6461598892057638,0.0,1.399510460257606e-14,252,0,0.0,0.1944253599995136,0.0,2.3131314385482116e-13,0,0.05,24000000.0,False,8264834.227380797,0.63349;0.63355;0.63374;0.63400;0.63436;0.63487;0.63558;0.63656;0.64420;0.63890;0.61268;0.57668;0.53114;0.42991;0.00311;0.00000;0.00000;0.00000;0.00000;0.00000;0.00000;0.00000;0.00000;0.00000,2.0926179884366154,4209.515068432527,3.6242320684641687,110250605.83552219,8.04238098462787,0.2665428813159686,0.27637817835439715,0.026681445251803403,0.5119215044624206,-0.0715290267745238,2.2624134350272347,0.35457197112178584,0.0006264919560719808,61044.893828302556,4.785649342729134,72.11118034937874,0.22506846539393244,0.1587444764011028,0.16460206701056218,-0.7993013772816924,69.84720535911428,0.02847949931877437,2.5659563027654015,2.3751749331211305,2.158204026177858,2.8829557696464785,4.097570382792955,-0.13242594844308644,0.7351657726192027,15.735165772619203,0.04205726815708345,0.04205726815708404,0.0,dev
ok,R0024_S+01,24,1,20285909,123.77074026481682,0.7742970915287549,0.17154721155991334,34.01058327215263,2452.543304125762,2.9644799388374414,2.9864091314223242,0.26001801975875866,0.22758482170324199,0.06895769333750316,608.8980394797112,4,2.8763099923094844e-13,3.6327850780530836e-13,2.341306847861021e-13,1.4206510884589912e-13,7.537705611531933e-13,0.5450497064634316,0.7837452649757078,1.2355313940695791e-11,1.6790686980660001,2.2624134350272347,2.0216465181965826,4.693885727186933,6.609551556737082,7.768644006847033,832084280.8803462,14241408.250682745,321.33112154603305,0.28289593266817087,375.8139937626795,253.23986846478138,15130367.588052392,30130367.588052392,14926591.051219944,417.750082423005,417.750082423005,417.750082423005,395.26965462564164,22.480427797363348,832084280.8803514,832084280.8803499,0.0,0.9999999999999981,0.025522437465210494,0.010894773740748154,0.5341339641667269,0.0,1.8624564840000823e-15,3410,0,0.0,1.7587236760009546,0.0,3.7487934702432016e-14,0,0.05,24000000.0,True,-6130367.588052392,0.47640;0.47645;0.47659;0.47680;0.47708;0.47748;0.47803;0.47880;0.47939;0.47988;0.48047;0.48123;0.48236;0.48425;0.48789;0.49873;0.52746;0.49091;0.15238;0.00000;0.00000;0.00000;0.00000;0.00000,2.0926179884366154,4209.515068432527,3.6242320684641687,110250605.83552219,8.04238098462787,5.273431952241908,7.768644006847033,0.41243159457195805,0.31836630804198224,1.0898021517481067,2.2624134350272347,0.35457197112178584,0.012394863755735158,61044.893828302556,4.785649342729134,72.11118034937874,0.22506846539393244,3.14068862001656,4.626757687636713,0.49702488090280156,310.6791894531385,0.12667633184315324,2.5659563027654015,2.3751749331211305,2.158204026177858,2.8829557696464785,4.097570382792955,1.153552936299509,15.130367588052392,30.13036758805239,0.8320842808803499,0.8320842808803515,0.0,dev
ok,R0024_S+02,24,2,20285909,123.77074026481682,0.7742970915287549,0.17154721155991334,34.01058327215263,2452.543304125762,2.9644799388374414,2.9864091314223242,0.26001801975875866,0.22758482170324199,0.06895769333750316,608.8980394797112,4,2.8763099923094844e-13,3.6327850780530836e-13,2.341306847861021e-13,1.4206510884589912e-13,7.537705611531933e-13,0.5450497064634316,0.7837452649757078,1.2355313940695791e-11,1.6790686980660001,2.2624134350272347,0.4768254973976583,0.503391178826074,0.4155546573908277,0.21331593309191968,63473665.4097705,1081564.4803693416,86.79088020079202,0.2705472033079014,105.39430481116183,69.88649792065097,1081703.3670411296,16081703.36704113,1079096.5404964648,115.99313027220116,115.99313027220116,115.99313027220116,114.9358227943813,1.0573074778198617,63473665.40977052,63473665.40977052,0.0,1.0,0.0020138234660568,0.0009352855739884506,0.6383540248687668,0.0,0.0,277,0,0.0,0.14783741399878636,0.0,2.0379209457178254e-13,0,0.05,24000000.0,False,7918296.63295887,0.61383;0.61386;0.61394;0.61406;0.61422;0.61445;0.61477;0.61521;0.61934;0.63316;0.62976;0.60030;0.56121;0.50735;0.26851;0.00000;0.00000;0.00000;0.00000;0.00000;0.00000;0.00000;0.00000;0.00000,2.0926179884366154,4209.515068432527,3.6242320684641687,110250605.83552219,8.04238098462787,0.40227181667661993,0.503391178826074,0.28251725970832925,0.6091755845101332,-0.6550535070607987,2.2624134350272347,0.35457197112178584,0.0009455141178713833,61044.893828302556,4.785649342729134,72.11118034937874,0.22506846539393244,0.23958032041212385,0.29980380159900216,-0.6205488586008974,85.80750882882924,0.03498715341110616,2.5659563027654015,2.3751749331211305,2.158204026177858,2.8829557696464785,4.097570382792955,0.03405241617809556,1.0817033670411296,16.08170336704113,0.06347366540977052,0.06347366540977052,0.0,dev
ok,R0025_S+00,25,0,20286909,111.12319168879787,0.6085875112438404,0.1614088745967437,54.42491363985051,3018.412862084284,1.6844511923538008,3.605434580701115,0.6207214079469612,0.3426973003199866,0.047354173040855874,645.79484851058,4,1.9458378925814117e-13,2.908549166873163e-13,1.3405382019051487e-13,6.492627857378069e-14,6.743407998401061e-13,0.6566962439812862,0.9622346399863818,1.5829753722433104e-11,3.773011670988953,7.86483684229586,0.41525711778329044,1.7572249395943969,2.9647473538746016,4.037824360623904,361928346.1392002,3105528.002067635,192.76880052207736,0.323118326813154,279.597346389812,172.83572139045094,2790980.2638730407,17790980.26387304,2777042.372561626,304.78637154693075,304.78637154693075,304.78637154693075,267.0759483008205,37.710423246110224,361928346.1392,361928346.13920045,0.0,1.0000000000000013,0.008684998086619287,0.002172669140999089,0.412772956125502,0.0,1.3174905013373292e-15,387,0,0.0,0.26182552899990696,0.0,5.606339762210204e-13,0,0.05,24000000.0,False,6209019.736126959,0.36584;0.36587;0.36596;0.36608;0.36626;0.36650;0.36684;0.36731;0.36817;0.36978;0.37315;0.38391;0.41052;0.38956;0.34750;0.30025;0.24061;0.09217;0.00000;0.00000;0.00000;0.00000;0.00000;0.00000,2.045804706747975,6047.8701110473785,3.781602455333571,251438812.18202057,8.400432316370912,2.2937634429690483,4.037824360623904,0.589303866421555,0.2367813978417087,1.5793116129497473,7.86483684229586,0.8956897175218523,0.00222892628411431,127715.67367102881,5.106244198525235,55.460131403390406,0.5766881485983614,0.607939662791402,1.0701860245148778,-0.21613952174217713,175.76960938432953,0.0582324610368101,2.4693930073906984,2.1329957925427454,1.8181371085840103,2.834596034485724,4.205190755976295,0.4921354495656713,2.7909802638730405,17.790980263873042,0.36192834613920044,0.3619283461392,0.0,dev
ok,R0025_S+01,25,1,20286909,111.12319168879787,0.6085875112438404,0.1614088745967437,54.42491363985051,3018.412862084284,1.6844511923538008,3.605434580701115,0.6207214079469612,0.3426973003199866,0.047354173040855874,645.79484851058,4,1.9458378925814117e-13,2.908549166873163e-13,1.3405382019051487e-13,6.492627857378069e-14,6.743407998401061e-13,0.6566962439812862,0.9622346399863818,1.5829753722433104e-11,3.773011670988953,7.86483684229586,23.964602593962187,21.307017509684446,12.604120790600351,0.696645666636961,2310504932.667189,16832308.246916223,470.0018418368813,0.30088665009911886,677.6150461430212,437.81909863935,16112637.707295936,31112637.707295936,16039497.861558512,730.5721994406007,730.5721994406007,730.5721994406007,697.5079665159702,33.06423292463046,2310504932.667178,2310504932.6671877,0.0,1.0000000000000042,0.053495669331869375,0.01229948078364771,0.3181519549232727,0.0,4.1275580195596325e-15,6255,0,0.0,3.392229981998753,0.0,7.41735852119778e-14,382,0.05,24000000.0,True,-7112637.707295936,0.26495;0.26496;0.26498;0.26501;0.26506;0.26512;0.26521;0.26533;0.26538;0.26506;0.26480;0.26510;0.26564;0.26652;0.26779;0.27112;0.28131;0.31442;0.28930;0.21792;0.02303;0.00000;0.00000;0.00000,2.045804706747975,6047.8701110473785,3.781602455333571,251438812.18202057,8.400432316370912,14.643096640220987,23.964602593962187,0.6202506351797068,0.7729174575563583,-1.5890052151546872,7.86483684229586,0.8956897175218523,0.014229184392252483,127715.67367102881,5.106244198525235,55.460131403390406,0.5766881485983614,3.8810101629987406,6.351584538746144,0.5889447800057953,444.10528194235724,0.14713205324592085,2.4693930073906984,2.1329957925427454,1.8181371085840103,2.834596034485724,4.205190755976295,1.226143675700178,16.112637707295935,31.112637707295935,2.310504932667188,2.310504932667178,0.0,dev
ok,R0025_S+02,25,2,20286909,111.12319168879787,0.6085875112438404,0.1614088745967437,54.42491363985051,3018.412862084284,1.6844511923538008,3.605434580701115,0.6207214079469612,0.3426973003199866,0.047354173040855874,645.79484851058,4,1.9458378925814117e-13,2.908549166873163e-13,1.3405382019051487e-13,6.492627857378069e-14,6.743407998401061e-13,0.6566962439812862,0.9622346399863818,1.5829753722433104e-11,3.773011670988953,7.86483684229586,9.61198186141396,7.5934021628463775,4.3136711525224145,0.26614805009031034,859360911.6904618,6446579.453305565,284.36459280687933,0.2961325481387653,425.8164422867302,266.5895063795736,6077463.894508094,21077463.894508094,6059360.586285081,458.7429445436248,458.7429445436248,458.7429445436248,440.8013070006062,17.9416375430186,859360911.6904622,859360911.6904616,0.0,0.9999999999999993,0.022223588705712356,0.004991744006586148,0.3692662778715079,0.0,6.935926915519278e-16,1149,0,0.0,0.5575883069996053,0.0,2.05725588747718e-13,68,0.05,24000000.0,False,2922536.1054919064,0.32160;0.32160;0.32162;0.32164;0.32166;0.32170;0.32175;0.32182;0.32171;0.32174;0.32239;0.32336;0.32545;0.33142;0.35510;0.35728;0.31581;0.26160;0.15429;0.00144;0.00000;0.00000;0.00000;0.00000,2.045804706747975,6047.8701110473785,3.781602455333571,251438812.18202057,8.400432316370912,5.446300806718266,9.61198186141396,0.6496801028140352,0.789773859122723,-1.715996626516686,7.86483684229586,0.8956897175218523,0.005292351770840879,127715.67367102881,5.106244198525235,55.460131403390406,0.5766881485983614,1.4434889901336359,2.5475621862824878,0.1594134757522825,270.84466556347445,0.08973082144118943,2.4693930073906984,2.1329957925427454,1.8181371085840103,2.834596034485724,4.205190755976295,0.8093293396595312,6.077463894508093,21.077463894508092,0.8593609116904616,0.8593609116904622,0.0,dev
ok,R0026_S+00,26,0,20287909,149.72380762674317,0.052682924915144196,0.19922614613946182,35.364454977009316,2613.6838053932906,2.960430713755817,3.576185210542528,0.42936149867378326,0.3162829267839016,0.0424817082675353,687.5601460266201,4,1.5161702107688227e-13,1.5193556705213058e-13,1.513081894723907e-13,1.419128472104413e-13,1.6797553906076136e-13,0.07159808981439342,0.07586195984760352,5.3731185204214515e-12,2.5694865625581818,6.064184085580708,0.1064802646909795,1.5296653281762556,2.891465274042617,4.0913452053292865,339991960.1816173,4528982.4237043,182.9030601240022,0.25752850837686475,244.67135620538127,160.21961693217258,4400869.1571289785,19400869.15712898,4231626.620445769,269.72429873418554,269.72429873418554,269.72429873418554,264.65344926593986,5.070849468245683,339991960.18161756,339991960.18161786,0.0,1.0000000000000009,0.010389933031495017,0.0031522027999877004,0.45400643068831376,0.0,8.765596213444415e-16,568,0,0.0,0.3115785939990019,0.0,3.24665221414705e-13,0,0.05,24000000.0,False,4599130.8428710215,0.41161;0.41165;0.41178;0.41197;0.41223;0.41259;0.41310;0.41380;0.41449;0.41540;0.41690;0.41977;0.42854;0.45260;0.43388;0.39537;0.32722;0.02816;0.00000;0.00000;0.00000;0.00000;0.00000;0.00000,2.1752908631275085,5294.900853802363,3.7238578324227927,151206085.34782022,8.17956926986755,2.154739018059785,4.0913452053292865,0.691455844763169,0.18983106296795138,1.8493492284863537,6.064184085580708,0.7827723763539507,0.0032703081926975675,124639.54651863065,5.095655860219257,73.90708571904939,0.4098463508314303,0.8385873853002469,1.592281222617464,-0.07645167488701698,180.76284819383827,0.06916018219986568,2.1873760488278906,2.185579032376037,2.1577383111953297,2.2309626412526216,3.7359430181231748,0.6560006352550379,4.400869157128978,19.40086915712898,0.33999196018161787,0.33999196018161754,0.0,dev
ok,R0026_S+01,26,1,20287909,149.72380762674317,0.052682924915144196,0.19922614613946182,35.364454977009316,2613.6838053932906,2.960430713755817,3.576185210542528,0.42936149867378326,0.3162829267839016,0.0424817082675353,687.5601460266201,4,1.5161702107688227e-13,1.5193556705213058e-13,1.513081894723907e-13,1.419128472104413e-13,1.6797553906076136e-13,0.07159808981439342,0.07586195984760352,5.3731185204214515e-12,2.5694865625581818,6.064184085580708,0.3581363056723699,0.42776072590020786,0.509438769164439,0.6031704354650633,74890375.49946345,938421.272519581,85.51719293949697,0.25558354062104577,112.11510788732464,75.1443400587707,894813.5507034697,15894813.55070347,880006.9229542557,121.75386480103887,121.75386480103887,121.75386480103887,120.75336248644722,1.0005023145916567,74890375.49946345,74890375.49946295,0.0,0.9999999999999932,0.002030052866314613,0.0007143966637768558,0.5065861423376793,0.0,6.76508132335977e-15,220,0,0.0,0.08760962300038955,0.0,1.1066079490280649e-13,0,0.05,24000000.0,False,8105186.44929653,0.48559;0.48564;0.48580;0.48602;0.48633;0.48676;0.48736;0.48819;0.49624;0.50568;0.48785;0.45798;0.42392;0.38328;0.28517;0.00000;0.00000;0.00000;0.00000;0.00000;0.00000;0.00000;0.00000;0.00000,2.1752908631275085,5294.900853802363,3.7238578324227927,151206085.34782022,8.17956926986755,0.47462655905052004,0.6031704354650633,0.1928199925196615,0.41395546487366164,0.51626721075803,6.064184085580708,0.7827723763539507,0.0007203541178422682,124639.54651863065,5.095655860219257,73.90708571904939,0.4098463508314303,0.184716497827481,0.23474356482508577,-0.7334943141132826,84.83749880274338,0.032458975576036664,2.1873760488278906,2.185579032376037,2.1577383111953297,2.2309626412526216,3.7359430181231748,-0.027602156014907862,0.8948135507034697,15.89481355070347,0.07489037549946295,0.07489037549946345,0.0,dev
ok,R0026_S+02,26,2,20287909,149.72380762674317,0.052682924915144196,0.19922614613946182,35.364454977009316,2613.6838053932906,2.960430713755817,3.576185210542528,0.42936149867378326,0.3162829267839016,0.0424817082675353,687.5601460266201,4,1.5161702107688227e-13,1.5193556705213058e-13,1.513081894723907e-13,1.419128472104413e-13,1.6797553906076136e-13,0.07159808981439342,0.07586195984760352,5.3731185204214515e-12,2.5694865625581818,6.064184085580708,1.3737166144979875,1.486564494792829,1.5522400482487906,1.5707432748658734,236021832.065099,2860040.727389604,151.64576157188534,0.25501186784290425,198.63285720232668,133.43802160684106,2786045.0681578964,17786045.068157896,2730258.6578875817,215.89312036405303,215.89312036405303,215.89312036405303,213.86210120358504,2.0310191604679915,236021832.0650989,236021832.06509876,0.0,0.9999999999999993,0.0063584989865832,0.0022124822517910095,0.4701706789674665,0.0,6.313467302354326e-16,361,0,0.0,0.13724036600069667,0.0,4.594001330796477e-14,0,0.05,24000000.0,False,6213954.931842104,0.43225;0.43227;0.43234;0.43245;0.43259;0.43279;0.43306;0.43345;0.43418;0.43557;0.43853;0.44789;0.46962;0.44917;0.41392;0.36760;0.17750;0.00000;0.00000;0.00000;0.00000;0.00000;0.00000;0.00000,2.1752908631275085,5294.900853802363,3.7238578324227927,151206085.34782022,8.17956926986755,1.4958161081013701,1.5707432748658734,0.051558919353128195,0.478046915961039,0.1317185042337661,6.064184085580708,0.7827723763539507,0.0022702423040993893,124639.54651863065,5.095655860219257,73.90708571904939,0.4098463508314303,0.5821459158020017,0.6113062810891063,-0.23496814510093827,150.60900542174315,0.057623269161695884,2.1873760488278906,2.185579032376037,2.1577383111953297,2.2309626412526216,3.7359430181231748,0.45637221758870355,2.7860450681578963,17.786045068157897,0.23602183206509877,0.2360218320650989,0.0,dev
ok,R0027_S+00,27,0,20288909,60.130405851663006,0.3210286383442435,0.17442678010563578,29.133463959190706,3741.1405138668806,2.41804569925698,3.172485640571372,0.4495459177261696,0.1555839731815119,0.06788124398647084,740.9729899412202,4,7.807034452115456e-14,8.52988246261388e-14,7.231021847713938e-14,5.1626313099948485e-14,1.4662883215056453e-13,0.37714533450582666,0.510062357800412,2.485050233006943e-12,2.7569372800779637,3.973521031663181,0.022050437319305324,0.33161850862808623,0.618039587381195,0.8368200628972354,71341027.53532,927726.8377177559,97.55067917571016,0.3456975504808126,119.18275604035559,73.67041264446523,803533.0444487203,15803533.04444872,771989.8834976219,139.9066467349328,139.9066467349328,139.9066467349328,114.3047866742603,25.601860060672493,71341027.53531992,71341027.53532,0.0,1.000000000000001,0.0010903296145367075,0.00042868003591442423,0.6639050824220238,0.0,1.0443612678882642e-15,245,0,0.0,0.09828129199922842,0.0,5.583363800998988e-13,0,0.05,24000000.0,False,8196466.95555128,0.64094;0.64105;0.64142;0.64194;0.64265;0.64365;0.64503;0.64696;0.65503;0.65774;0.63084;0.58839;0.53792;0.47276;0.28117;0.00630;0.00000;0.00000;0.00000;0.00000;0.00000;0.00000;0.00000;0.00000,1.7790941351367495,1751.8070117309342,3.2434862603041856,223441172.75416318,8.34916320213855,0.4521321490564555,0.8368200628972354,0.6772086539515927,0.19555618124339058,1.8020608073950386,3.973521031663181,0.5991755160596172,0.0004308973079432436,25806.93736373011,4.411736467738255,128.41385834198636,0.4404268860818767,0.1639979815005692,0.3035324992498817,-0.7851614972483952,84.51089029097312,0.022589606024613552,1.9366596446216713,1.8649162714746228,1.7185877087233143,2.171935973343221,3.4010517697891074,-0.032579879746022784,0.8035330444487203,15.80353304444872,0.07134102753532,0.07134102753531993,0.0,dev
ok,R0027_S+01,27,1,20288909,60.130405851663006,0.3210286383442435,0.17442678010563578,29.133463959190706,3741.1405138668806,2.41804569925698,3.172485640571372,0.4495459177261696,0.1555839731815119,0.06788124398647084,740.9729899412202,4,7.807034452115456e-14,8.52988246261388e-14,7.231021847713938e-14,5.1626313099948485e-14,1.4662883215056453e-13,0.37714533450582666,0.510062357800412,2.485050233006943e-12,2.7569372800779637,3.973521031663181,2.720678725183519,3.5564017661016716,4.548390000741829,5.696643429103992,651747827.846855,7374687.214478037,288.9375785879437,0.33197358852472914,356.89072972341154,223.68705211130234,7105119.505223174,22105119.505223174,6711640.282747306,410.4919937483113,410.4919937483113,410.4919937483113,343.7027422324318,66.78925151587953,651747827.8468559,651747827.8468554,0.0,0.9999999999999992,0.00914536073957162,0.003762336304540021,0.5712098697303515,0.0,7.316283044293775e-16,1280,0,0.0,0.7803266959999746,0.0,1.120426855086919e-14,0,0.05,24000000.0,False,1894880.4947768264,0.50486;0.50499;0.50541;0.50601;0.50684;0.50799;0.50960;0.51183;0.51351;0.51499;0.51679;0.51924;0.52318;0.53241;0.55771;0.55157;0.49696;0.38175;0.06181;0.00000;0.00000;0.00000;0.00000;0.00000,1.7790941351367495,1751.8070117309342,3.2434862603041856,223441172.75416318,8.34916320213855,4.130528480282753,5.696643429103992,0.2691726536866341,0.37991993768164845,0.7204803739101092,3.973521031663181,0.5991755160596172,0.003936534055919338,25806.93736373011,4.411736467738255,128.41385834198636,0.4404268860818767,1.4982308484601963,2.0662941700809734,0.17557873491768572,255.4364047706847,0.0682776826542297,1.9366596446216713,1.8649162714746228,1.7185877087233143,2.171935973343221,3.4010517697891074,0.8677436051373997,7.105119505223174,22.105119505223172,0.6517478278468554,0.6517478278468559,0.0,dev
ok,R0027_S+02,27,2,20288909,60.130405851663006,0.3210286383442435,0.17442678010563578,29.133463959190706,3741.1405138668806,2.41804569925698,3.172485640571372,0.4495459177261696,0.1555839731815119,0.06788124398647084,740.9729899412202,4,7.807034452115456e-14,8.52988246261388e-14,7.231021847713938e-14,5.1626313099948485e-14,1.4662883215056453e-13,0.37714533450582666,0.510062357800412,2.485050233006943e-12,2.7569372800779637,3.973521031663181,0.928698693255525,0.5031793530374424,0.2516709575332247,0.1741735067428719,73281579.87441787,728392.8459219437,91.86918663972739,0.2984832650612587,114.03478465256161,74.50758833340852,601497.8073769119,15601497.807376912,564917.7881248258,135.55734929478888,135.55734929478888,135.55734929478888,119.99930773304278,15.558041561746094,73281579.87441783,73281579.87441793,0.0,1.0000000000000013,0.0010903296145367075,0.00044034404341925003,0.6596101997728382,0.0,1.4233880947393024e-15,239,0,0.0,0.13898517599955085,0.0,1.1173631393718574e-13,0,0.05,24000000.0,False,8398502.192623088,0.65442;0.65445;0.65457;0.65473;0.65495;0.65526;0.65569;0.65629;0.65856;0.65606;0.63188;0.59125;0.54183;0.47987;0.32983;0.00206;0.00000;0.00000;0.00000;0.00000;0.00000;0.00000;0.00000;0.00000,1.7790941351367495,1751.8070117309342,3.2434862603041856,223441172.75416318,8.34916320213855,0.46443062764226606,0.928698693255525,0.6337817533782558,0.7707706819218924,-1.6246240915313541,3.973521031663181,0.5991755160596172,0.00044261817611305316,25806.93736373011,4.411736467738255,128.41385834198636,0.4404268860818767,0.16845890220220475,0.3368588396865025,-0.7735060338064078,85.6525719932285,0.022894775450360495,1.9366596446216713,1.8649162714746228,1.7185877087233143,2.171935973343221,3.4010517697891074,-0.1376343283794252,0.6014978073769118,15.601497807376912,0.07328157987441793,0.07328157987441783,0.0,dev
ok,R0028_S+00,28,0,20289909,413.6315258047636,0.6569532301838439,0.2713340752378194,60.65625744127601,3856.000748391347,2.10613859909634,2.396046793904366,0.4150891863843164,0.16572418179232037,0.051139796505757375,677.5917124484835,4,3.251870582826297e-13,3.685045606072676e-13,2.8918458012542696e-13,1.765510045020387e-13,6.561031907213749e-13,0.43824220694059446,0.5793426015240352,2.2352107496478722e-11,12.679013731271333,4.870052852137398,9.02781409152681,8.155098115231135,8.726676613498537,10.742549586329016,1445816903.7245781,3817259.809514975,236.51117075401172,0.29461391562206607,303.96566320485533,190.15768621237785,3494608.8858944513,18494608.88589445,3455244.8088406175,346.00899431370516,346.00899431370516,346.00899431370516,308.9083498910065,37.10064442269868,1445816903.7245777,1445816903.724579,0.0,1.0000000000000009,0.0070730380257142044,0.002689479510526153,0.6322064015316555,0.0,9.894139921342915e-16,528,0,0.0,0.28662843799975235,0.0,5.630224867477007e-14,0,0.05,24000000.0,False,5505391.114105549,0.57435;0.57439;0.57451;0.57467;0.57490;0.57523;0.57567;0.57630;0.57709;0.57831;0.58052;0.58508;0.59843;0.62783;0.60279;0.53927;0.45475;0.26147;0.00081;0.00000;0.00000;0.00000;0.00000;0.00000,2.616613632023194,25089.340315041543,4.3994892423706595,768783475.243416,8.885804039738886,9.163034601646375,10.742549586329016,0.10523803993855836,0.46881063298807674,0.1871362020715396,4.870052852137398,0.6875336744111595,0.002775499623124937,490603.05338166445,5.690730246811014,63.571359511003635,1.1030854721793493,0.7226930103440776,0.8472701279464466,-0.14104614561917,222.40926151599723,0.05767873919858089,2.572159464817889,2.4668917295951136,2.2525867906288903,2.8226887475642553,4.355035075165356,0.5817517198125455,3.4946088858944515,18.49460888589445,1.4458169037245792,1.4458169037245776,0.0,dev
ok,R0028_S+01,28,1,20289909,413.6315258047636,0.6569532301838439,0.2713340752378194,60.65625744127601,3856.000748391347,2.10613859909634,2.396046793904366,0.4150891863843164,0.16572418179232037,0.051139796505757375,677.5917124484835,4,3.251870582826297e-13,3.685045606072676e-13,2.8918458012542696e-13,1.765510045020387e-13,6.561031907213749e-13,0.43824220694059446,0.5793426015240352,2.2352107496478722e-11,12.679013731271333,4.870052852137398,2.418413588999618,1.7536236998979364,2.2140827571396593,3.7997907607247865,401803623.59434056,1125302.341398026,125.95135830825427,0.3006457716966012,157.83732057033953,100.14503524937248,1005532.322324682,16005532.322324682,995168.2997675445,185.46753748492304,185.46753748492304,185.46753748492304,164.45813468958647,21.00940279533657,401803623.59434074,401803623.5943411,0.0,1.0000000000000009,0.001941216451065711,0.0007644700215277191,0.6971551786863803,0.0,8.900563550253179e-16,266,0,0.0,0.1541984389987192,0.0,1.45567557050397e-13,0,0.05,24000000.0,False,7994467.677675318,0.66084;0.66089;0.66104;0.66124;0.66153;0.66192;0.66248;0.66325;0.66732;0.68149;0.69496;0.66228;0.60912;0.54477;0.46318;0.29096;0.00029;0.00000;0.00000;0.00000;0.00000;0.00000;0.00000;0.00000,2.616613632023194,25089.340315041543,4.3994892423706595,768783475.243416,8.885804039738886,2.5464777016905,3.7997907607247865,0.2994765296155182,0.4095890262584975,0.542465842449015,4.870052852137398,0.6875336744111595,0.0007713326652797028,490603.05338166445,5.690730246811014,63.571359511003635,1.1030854721793493,0.2008419389443443,0.2996913514931401,-0.6971455945633513,117.24737914116959,0.030406472091605026,2.572159464817889,2.4668917295951136,2.2525867906288903,2.8226887475642553,4.355035075165356,0.05126922250069249,1.005532322324682,16.005532322324683,0.4018036235943411,0.40180362359434074,0.0,dev
ok,R0028_S+02,28,2,20289909,413.6315258047636,0.6569532301838439,0.2713340752378194,60.65625744127601,3856.000748391347,2.10613859909634,2.396046793904366,0.4150891863843164,0.16572418179232037,0.051139796505757375,677.5917124484835,4,3.251870582826297e-13,3.685045606072676e-13,2.8918458012542696e-13,1.765510045020387e-13,6.561031907213749e-13,0.43824220694059446,0.5793426015240352,2.2352107496478722e-11,12.679013731271333,4.870052852137398,3.6791973535609994,2.604601274257014,1.5378327056468628,0.47889164773054665,327430730.03921586,773318.239529313,108.39268305968618,0.27323965929389465,144.82974958189652,90.27949889917828,719791.9522591401,15719791.95225914,716388.7185485773,161.04112168377088,161.04112168377088,161.04112168377088,157.95101520393115,3.090106479839733,327430730.0392158,327430730.0392152,0.0,0.9999999999999982,0.0016403210821436202,0.0006240156063356728,0.7021322118023973,0.0,1.820374183212794e-15,231,0,0.0,0.12373165099961625,0.0,3.63877984704505e-13,2,0.05,24000000.0,False,8280208.04774086,0.67897;0.67899;0.67908;0.67919;0.67935;0.67958;0.67989;0.68033;0.68516;0.69745;0.68899;0.64737;0.59099;0.52329;0.43157;0.15930;0.00000;0.00000;0.00000;0.00000;0.00000;0.00000;0.00000;0.00000,2.616613632023194,25089.340315041543,4.3994892423706595,768783475.243416,8.885804039738886,2.0751307452988557,3.6791973535609994,0.5747541170389316,0.7570364713228027,-1.542218827936816,4.870052852137398,0.6875336744111595,0.00062856082639665,490603.05338166445,5.690730246811014,63.571359511003635,1.1030854721793493,0.16366657448921154,0.29018009062382205,-0.7860400071924458,105.84148810437107,0.02744851337192458,2.572159464817889,2.4668917295951136,2.2525867906288903,2.8226887475642553,4.355035075165356,-0.11164174640605035,0.71979195225914,15.71979195225914,0.3274307300392152,0.3274307300392158,0.0,dev
ok,R0029_S+00,29,0,20290909,53.745529088206155,0.29243006100521673,0.11090082779536084,39.43428493431021,1910.9438746808141,2.293500502239719,2.066985718857627,0.5926654886702412,0.26619101871543943,0.054465959163627654,687.7494669934376,4,5.226210791552764e-14,5.654901974156657e-14,4.8131881817318306e-14,2.891454230504035e-14,9.023780784694227e-14,0.37295024934481913,0.448267472354003,2.22997015724487e-12,0.8758972683074303,6.528835600486657,0.4163219493898254,0.2797727127148211,0.14144964931695184,0.0104862133827227,33452260.111956052,1148935.8257891366,70.42820146470488,0.2654504877761225,92.34418421891691,58.58145548556522,1102097.9395724442,16102097.939572444,1099099.2899254132,101.25990551059927,101.25990551059927,101.25990551059927,100.86021581069522,0.39968969990404446,33452260.11195605,33452260.111955807,0.0,0.9999999999999928,0.0026685994032001363,0.0009587339190769616,0.6124592488284004,0.0,7.238490571029629e-15,221,0,0.0,0.12122396300037508,0.0,1.9995947482625635e-12,15,0.05,24000000.0,False,7897902.060427556,0.59551;0.59556;0.59573;0.59597;0.59630;0.59675;0.59739;0.59826;0.60687;0.60494;0.57046;0.51846;0.45589;0.36678;0.06766;0.00000;0.00000;0.00000;0.00000;0.00000;0.00000;0.00000;0.00000;0.00000,1.7303423425768454,2119.4165080095795,3.3262163127065865,50171200.6525786,7.700454494301625,0.21200763120108027,0.4163219493898254,0.7150511664770156,0.8208367997900394,-1.9142506036595668,6.528835600486657,0.8148357329787347,0.0009694841388676693,38912.681251832706,4.590091156600625,48.458945759104594,-0.057546828105358536,0.24204622947478804,0.4753091081038753,-0.6161016782825328,69.45871979311312,0.03634785966946038,1.7581416787435957,1.6881494394341356,1.466832919913642,1.9611051341898789,3.354015648873337,0.06029577169611603,1.1020979395724442,16.102097939572445,0.0334522601119558,0.033452260111956046,0.0,dev
ok,R0029_S+01,29,1,20290909,53.745529088206155,0.29243006100521673,0.11090082779536084,39.43428493431021,1910.9438746808141,2.293500502239719,2.066985718857627,0.5926654886702412,0.26619101871543943,0.054465959163627654,687.7494669934376,4,5.226210791552764e-14,5.654901974156657e-14,4.8131881817318306e-14,2.891454230504035e-14,9.023780784694227e-14,0.37295024934481913,0.448267472354003,2.22997015724487e-12,0.8758972683074303,6.528835600486657,0.605633274261212,0.39455457061307936,0.24526162027267845,0.15775442324000954,55352183.785201184,1867740.9818890544,90.53230948283722,0.2650868815290021,118.58467361087786,75.35438109979137,1816327.263406407,16816327.263406407,1812455.9189406,131.08171155433263,131.08171155433263,131.08171155433263,129.1143918157297,1.9673197386029244,55352183.78520115,55352183.78520106,0.0,0.9999999999999983,0.004573597576484515,0.0015750250466881393,0.597870573673495,0.0,1.6152382986376342e-15,253,0,0.0,0.10849607100135472,0.0,2.9931893337666153e-13,0,0.05,24000000.0,False,7183672.736593593,0.56251;0.56253;0.56262;0.56274;0.56291;0.56314;0.56347;0.56392;0.56808;0.58198;0.59381;0.55950;0.50480;0.43816;0.32554;0.00202;0.00000;0.00000;0.00000;0.00000;0.00000;0.00000;0.00000;0.00000,1.7303423425768454,2119.4165080095795,3.3262163127065865,50171200.6525786,7.700454494301625,0.3508009720967449,0.605633274261212,0.4838908407735616,0.7127886782184121,-1.2767320693104727,6.528835600486657,0.8148357329787347,0.0016041685689350842,38912.681251832706,4.590091156600625,48.458945759104594,-0.057546828105358536,0.40050469934062816,0.6914432732865213,-0.3973923837352245,89.34729768155943,0.04675558443414941,1.7581416787435957,1.6881494394341356,1.466832919913642,1.9611051341898789,3.354015648873337,0.2713166481596014,1.8163272634064072,16.816327263406407,0.055352183785201056,0.055352183785201146,0.0,dev
ok,R0029_S+02,29,2,20290909,53.745529088206155,0.29243006100521673,0.11090082779536084,39.43428493431021,1910.9438746808141,2.293500502239719,2.066985718857627,0.5926654886702412,0.26619101871543943,0.054465959163627654,687.7494669934376,4,5.226210791552764e-14,5.654901974156657e-14,4.8131881817318306e-14,2.891454230504035e-14,9.023780784694227e-14,0.37295024934481913,0.448267472354003,2.22997015724487e-12,0.8758972683074303,6.528835600486657,0.6030364386497259,0.5736023303036919,0.42805014116877005,0.16637987124496056,69863350.2185899,2333962.024571516,101.60895903107505,0.26456378381112317,131.53996212439344,84.61435843640028,2278518.6833702214,17278518.68337022,2274208.7544071227,146.78247296977563,146.78247296977563,146.78247296977563,143.50782131562093,3.2746516541546953,69863350.2185899,69863350.21858917,0.0,0.9999999999999896,0.005987494957385993,0.0019785964034392217,0.5892089107170275,0.0,1.0451215067900481e-14,265,0,0.0,0.1541119939993223,0.0,3.5035445295838426e-13,0,0.05,24000000.0,False,6721481.316629779,0.54684;0.54686;0.54692;0.54700;0.54711;0.54727;0.54748;0.54779;0.55003;0.55719;0.58085;0.57435;0.52545;0.46330;0.37819;0.08200;0.00000;0.00000;0.00000;0.00000;0.00000;0.00000;0.00000;0.00000,1.7303423425768454,2119.4165080095795,3.3262163127065865,50171200.6525786,7.700454494301625,0.4427671953417871,0.6030364386497259,0.39022583784466025,0.6643665008002289,-0.9861990048013725,6.528835600486657,0.8148357329787347,0.002024718500286693,38912.681251832706,4.590091156600625,48.458945759104594,-0.057546828105358536,0.5055012857813602,0.6884785013829575,-0.2962777354101918,100.37804799826598,0.0525279937983695,1.7581416787435957,1.6881494394341356,1.466832919913642,1.9611051341898789,3.354015648873337,0.3680937854483355,2.2785186833702213,17.278518683370223,0.06986335021858917,0.0698633502185899,0.0,dev
ok,R0030_S+00,30,0,20291909,44.799097043522835,0.30451480031917905,0.2050257717846752,33.040342770757405,3495.313463687326,2.9116355054627108,2.7324375798294014,0.2898907743046024,0.25304930218103827,0.04040731753225897,660.6012819469763,4,5.869343857094327e-14,5.944351452497341e-14,5.791013385603579e-14,4.565808608163083e-14,7.060973457772562e-14,0.17046907952862766,0.1785278090036627,1.9640340954036175e-12,2.4803329872304167,4.304528862721505,0.9578267723966652,0.8336069946238612,1.2012867976923738,2.060866181602203,199348836.38189188,2709895.3822282217,144.6989865075042,0.27879276097813743,174.20140343593528,115.2500467265202,2330594.6657607816,17330594.66576078,2152645.7486713566,205.3958763019192,205.3958763019192,205.3958763019192,181.45787190318146,23.938004398737746,199348836.38189173,199348836.38189185,0.0,1.0000000000000007,0.0031121634443731145,0.0011451629234265834,0.587127922199485,0.0,5.979934055015627e-16,348,0,0.0,0.15679545700004383,0.0,1.7527440548023014e-14,0,0.05,24000000.0,False,6669405.334239218,0.54527;0.54537;0.54568;0.54612;0.54673;0.54758;0.54876;0.55041;0.55215;0.55464;0.56040;0.58101;0.57438;0.53668;0.48789;0.39827;0.04337;0.00000;0.00000;0.00000;0.00000;0.00000;0.00000;0.00000,1.6512692605836927,1480.1775221384191,3.1703138047609816,260001068.03477955,8.414975131973351,1.2633966865787758,2.060866181602203,0.37916627577835743,0.35448758613410103,0.8730744831953939,4.304528862721505,0.6339256241944525,0.0011606443480573273,36631.42253768088,4.563853784301159,105.78926156846286,0.3945099892169246,0.5093657557606839,0.830882866216847,-0.2929702556505343,137.7811297989314,0.039418819293415064,1.779821076407961,1.7684711665490906,1.6652343003307457,1.8545811767503046,3.2988656205852496,0.4329525248972812,2.3305946657607817,17.33059466576078,0.19934883638189185,0.19934883638189171,0.0,dev
ok,R0030_S+01,30,1,20291909,44.799097043522835,0.30451480031917905,0.2050257717846752,33.040342770757405,3495.313463687326,2.9116355054627108,2.7324375798294014,0.2898907743046024,0.25304930218103827,0.04040731753225897,660.6012819469763,4,5.869343857094327e-14,5.944351452497341e-14,5.791013385603579e-14,4.565808608163083e-14,7.060973457772562e-14,0.17046907952862766,0.1785278090036627,1.9640340954036175e-12,2.4803329872304167,4.304528862721505,2.159207223324201,3.5604932388861767,4.071877416399079,3.693359755862909,531940334.86703146,5956244.260802424,235.6259632607029,0.27704325615327324,291.79563971960033,189.00625521488843,5545358.145206995,20545358.145206995,5140852.209390186,329.51586197896654,329.51586197896654,329.51586197896654,290.1274704856874,39.38839149327913,531940334.8670312,531940334.86703175,0.0,1.000000000000001,0.007662458020654583,0.002989912650791924,0.5423741101377608,0.0,1.0084623552989446e-15,868,0,0.0,0.5089545669998188,0.0,1.0299342030822964e-14,0,0.05,24000000.0,False,3454641.8547930047,0.49716;0.49726;0.49760;0.49806;0.49871;0.49962;0.50088;0.50264;0.50398;0.50526;0.50692;0.50940;0.51375;0.52443;0.54139;0.51189;0.45201;0.22323;0.00023;0.00000;0.00000;0.00000;0.00000;0.00000,1.6512692605836927,1480.1775221384191,3.1703138047609816,260001068.03477955,8.414975131973351,3.3712344086180916,4.071877416399079,0.2149009768107746,0.424154758238463,0.45507145056922205,4.304528862721505,0.6339256241944525,0.0030970511510004677,36631.42253768088,4.563853784301159,105.78926156846286,0.3945099892169246,1.3591862165178359,1.641665630124046,0.13327896171104983,225.06831020796787,0.06439145231069937,1.779821076407961,1.7684711665490906,1.6652343003307457,1.8545811767503046,3.2988656205852496,0.7749724995138957,5.545358145206995,20.545358145206997,0.5319403348670317,0.5319403348670312,0.0,dev
ok,R0030_S+02,30,2,20291909,44.799097043522835,0.30451480031917905,0.2050257717846752,33.040342770757405,3495.313463687326,2.9116355054627108,2.7324375798294014,0.2898907743046024,0.25304930218103827,0.04040731753225897,660.6012819469763,4,5.869343857094327e-14,5.944351452497341e-14,5.791013385603579e-14,4.565808608163083e-14,7.060973457772562e-14,0.17046907952862766,0.1785278090036627,1.9640340954036175e-12,2.4803329872304167,4.304528862721505,0.4935984001726457,0.4571688483559579,0.4872172970214417,0.5837437461690973,79751115.92344502,920559.7457811821,91.08747632823695,0.2761498362109474,109.76929532010034,72.75577778651733,788766.236701671,15788766.236701671,751981.7699873168,128.92798575355076,128.92798575355076,128.92798575355076,115.64430369966233,13.283682053888427,79751115.92344497,79751115.92344488,0.0,0.9999999999999989,0.0011765479368249638,0.0004618266046410986,0.6166047867744944,0.0,1.1210748104002688e-15,240,0,0.0,0.14162974299870257,0.0,3.4779715890366773e-14,0,0.05,24000000.0,False,8211233.763298329,0.59846;0.59854;0.59880;0.59916;0.59966;0.60036;0.60133;0.60268;0.60954;0.61553;0.59625;0.56172;0.51938;0.46510;0.30980;0.00000;0.00000;0.00000;0.00000;0.00000;0.00000;0.00000;0.00000;0.00000,1.6512692605836927,1480.1775221384191,3.1703138047609816,260001068.03477955,8.414975131973351,0.5054320729297856,0.5837437461690973,0.09350332244208262,0.4702744935720985,0.17835303856740908,4.304528862721505,0.6339256241944525,0.00046432516802099195,36631.42253768088,4.563853784301159,105.78926156846286,0.3945099892169246,0.2037758944189828,0.23534894273244972,-0.690847191968467,87.14676566039249,0.02493246072655766,1.779821076407961,1.7684711665490906,1.6652343003307457,1.8545811767503046,3.2988656205852496,-0.03594801984757435,0.788766236701671,15.78876623670167,0.07975111592344489,0.07975111592344497,0.0,dev
ok,R0031_S+00,31,0,20292909,45.02038416299907,0.5111271086165102,0.21801367187372317,76.63611649490369,1330.7381199447348,2.2745057842036807,2.9501070502616558,0.20978123675477983,0.2623227121025333,0.046928173081648636,739.4196585988436,4,2.860189183461731e-14,4.165916491456652e-14,1.9681654407445957e-14,9.047705021532976e-15,9.144234557129881e-14,0.6502061731843214,0.9044671354296777,3.1925966154731242e-12,1.7267260567667784,2.682157300985773,0.3734243876560006,0.46411607631290863,0.769107245386007,1.2883978948752959,114200863.95006917,2578374.7345209606,71.48596994683643,0.3426199154872979,84.76905255921633,53.051199737211505,2494511.451456055,17494511.451456055,2446322.047143072,98.523646281937,98.523646281937,98.523646281937,70.57826600411175,27.94538027782525,114200863.95006911,114200863.95006922,0.0,1.0000000000000009,0.00440851780394856,0.0016287394864906548,0.5700519486669035,0.0,9.133742490997195e-16,274,0,0.0,0.20924136900066514,0.0,5.665633764830035e-14,0,0.05,24000000.0,False,6505488.548543945,0.53724;0.53733;0.53764;0.53807;0.53866;0.53946;0.54056;0.54206;0.54619;0.55799;0.56277;0.53485;0.49057;0.41632;0.18134;0.00041;0.00000;0.00000;0.00000;0.00000;0.00000;0.00000;0.00000;0.00000,1.6534091965543016,3450.187405360914,3.537842685480132,92950619.07362631,7.968252286623942,0.723761401057553,1.2883978948752959,0.4938493956641895,0.28930130245447716,1.264192185273137,2.682157300985773,0.42848424441298505,0.001661598571058746,73520.59922209325,4.8664090380650515,17.36437310250747,0.23722344267953951,0.419152417502036,0.7461507225342777,-0.37762802466268686,63.157138742516864,0.04746023112732336,1.6254271577468395,1.299778199475571,0.9622550307976337,1.9668639553075575,3.50986064667267,0.4113460368760242,2.494511451456055,17.494511451456056,0.11420086395006922,0.11420086395006912,0.0,dev
ok,R0031_S+01,31,1,20292909,45.02038416299907,0.5111271086165102,0.21801367187372317,76.63611649490369,1330.7381199447348,2.2745057842036807,2.9501070502616558,0.20978123675477983,0.2623227121025333,0.046928173081648636,739.4196585988436,4,2.860189183461731e-14,4.165916491456652e-14,1.9681654407445957e-14,9.047705021532976e-15,9.144234557129881e-14,0.6502061731843214,0.9044671354296777,3.1925966154731242e-12,1.7267260567667784,2.682157300985773,2.193663014462998,1.356263713201479,1.1205270786087842,1.4864531106849137,242871507.1532491,4782321.458554319,99.93748117308276,0.314862250533446,119.8905666687496,77.20511738510112,4741330.481538106,19741330.481538106,4678440.119787872,138.83290516763444,138.83290516763444,138.83290516763444,111.69266809337579,27.14023707425865,242871507.15324908,242871507.15324968,0.0,1.0000000000000024,0.009355709698724781,0.0033930908602830714,0.5427035536757373,0.0,2.454163745843632e-15,336,0,0.0,0.14175967399933143,0.0,3.416527824370747e-14,0,0.05,24000000.0,False,4258669.518461894,0.49762;0.49768;0.49788;0.49814;0.49851;0.49901;0.49970;0.50064;0.50211;0.50488;0.51084;0.52659;0.53690;0.50280;0.44462;0.25011;0.00002;0.00000;0.00000;0.00000;0.00000;0.00000;0.00000;0.00000,1.6534091965543016,3450.187405360914,3.537842685480132,92950619.07362631,7.968252286623942,1.5392267292395436,2.193663014462998,0.25984166606626596,0.5765763191720172,-0.45945791503210304,2.682157300985773,0.42848424441298505,0.003533729389413068,73520.59922209325,4.8664090380650515,17.36437310250747,0.23722344267953951,0.8914133907967317,1.2704175082471039,-0.049920846236550895,92.10347917288588,0.0692123249439273,1.6254271577468395,1.299778199475571,0.9622550307976337,1.9668639553075575,3.50986064667267,0.6796387652101439,4.741330481538106,19.741330481538107,0.24287150715324968,0.2428715071532491,0.0,dev
ok,R0031_S+02,31,2,20292909,45.02038416299907,0.5111271086165102,0.21801367187372317,76.63611649490369,1330.7381199447348,2.2745057842036807,2.9501070502616558,0.20978123675477983,0.2623227121025333,0.046928173081648636,739.4196585988436,4,2.860189183461731e-14,4.165916491456652e-14,1.9681654407445957e-14,9.047705021532976e-15,9.144234557129881e-14,0.6502061731843214,0.9044671354296777,3.1925966154731242e-12,1.7267260567667784,2.682157300985773,10.961793963284315,5.894347840030785,3.3935512220707222,3.459404109404121,935252754.676059,16486826.341729796,192.86385230099074,0.30451805202987003,228.59698348167848,152.23584116989304,17134644.716476467,32134644.716476467,16946571.98750361,264.7908518610097,264.7908518610097,264.7908518610097,211.8590964368884,52.93175542412129,935252754.676057,935252754.6760579,0.0,1.000000000000001,0.03278810269154118,0.01179571263756261,0.4770978482942469,0.0,1.0196968804829382e-15,1819,0,0.0,0.9632690029993682,0.0,1.2977409112429168e-14,0,0.05,24000000.0,True,-8134644.7164764665,0.41664;0.41669;0.41689;0.41716;0.41752;0.41803;0.41871;0.41965;0.42081;0.42161;0.42260;0.42400;0.42621;0.43027;0.43928;0.46045;0.44889;0.27840;0.00021;0.00000;0.00000;0.00000;0.00000;0.00000,1.6534091965543016,3450.187405360914,3.537842685480132,92950619.07362631,7.968252286623942,5.9272742836974865,10.961793963284315,0.5190289311055184,0.7109567145254534,-1.2657402871527208,2.682157300985773,0.42848424441298505,0.013607731036325092,73520.59922209325,4.8664090380650515,17.36437310250747,0.23722344267953951,3.432666264848089,6.348310967062031,0.5356315819342254,180.7391559906111,0.13581872592491537,1.6254271577468395,1.299778199475571,0.9622550307976337,1.9668639553075575,3.50986064667267,1.2171370634719931,17.134644716476465,32.134644716476465,0.935252754676058,0.935252754676057,0.0,dev
ok,R0032_S+00,32,0,20293909,468.9621120190828,0.1922464388382275,0.26608947270218203,39.62421979711637,3190.3214081636697,1.9208177756145288,2.487013410116128,0.45366699595614673,0.28492552497430396,0.043101172805182594,717.2700477943417,4,4.33208309847192e-13,4.413438956701039e-13,4.239493565297283e-13,3.063938056875041e-13,5.00224155611501e-13,0.20691078324763945,0.2051266475075095,1.7487907528147786e-11,6.270796231744163,6.315377978321693,3.517568847259403,2.6693339058997188,1.4518009387894142,0.09379592047346283,305023912.21121055,1481398.602762628,134.15570509581588,0.2527718268221589,188.10406689588663,118.59324125053999,1427275.556119863,16427275.556119863,1421112.0380038787,203.1068257995949,203.1068257995949,203.1068257995949,202.99409591833884,0.1127298812560582,305023912.21121067,305023912.21121025,0.0,0.9999999999999987,0.003633843183487588,0.0012432631105498825,0.5600739152224531,0.0,1.3678682120463592e-15,257,0,0.0,0.1462455709988717,0.0,1.584417775773504e-12,2,0.05,24000000.0,False,7572724.443880137,0.52348;0.52349;0.52352;0.52356;0.52363;0.52371;0.52383;0.52400;0.52619;0.53169;0.54961;0.55388;0.51427;0.46067;0.39883;0.31426;0.07958;0.00000;0.00000;0.00000;0.00000;0.00000;0.00000;0.00000,2.6711377569886112,18582.257803164044,4.269098481018382,337137580.65338606,8.527807165931547,1.9331249031054996,3.517568847259403,0.6678579741964311,0.800116788007344,-1.7711079720124474,6.315377978321693,0.8003993483968046,0.0012613744371521144,431131.14084286976,5.634609393319614,80.51442841016755,0.7973226886932414,0.308274233712075,0.5609445303696344,-0.511062773114237,133.99259956965213,0.04199971803053457,2.6504937219042297,2.633030578196429,2.49199657875732,2.704881257563639,4.248454445934001,0.1706719306944292,1.427275556119863,16.427275556119863,0.3050239122112102,0.30502391221121067,0.0,dev
ok,R0032_S+01,32,1,20293909,468.9621120190828,0.1922464388382275,0.26608947270218203,39.62421979711637,3190.3214081636697,1.9208177756145288,2.487013410116128,0.45366699595614673,0.28492552497430396,0.043101172805182594,717.2700477943417,4,4.33208309847192e-13,4.413438956701039e-13,4.239493565297283e-13,3.063938056875041e-13,5.00224155611501e-13,0.20691078324763945,0.2051266475075095,1.7487907528147786e-11,6.270796231744163,6.315377978321693,0.2696960079325635,4.687444796846518,7.987651028914894,9.400601752524398,881458740.7955562,4656062.814680888,230.47704716682165,0.2581651615976143,324.1863109340446,201.87484738390287,4324664.899635904,19324664.899635904,4270710.936919682,353.2964566733568,353.2964566733568,353.2964566733568,346.6048187562644,6.691637917092351,881458740.7955557,881458740.7955536,0.0,0.9999999999999976,0.011856962029747748,0.0034992767731419224,0.5081034737620225,0.0,2.434336529441426e-15,613,0,0.0,0.3755730630000471,0.0,7.697476576419065e-13,0,0.05,24000000.0,False,4675335.100364096,0.45029;0.45031;0.45038;0.45048;0.45062;0.45081;0.45107;0.45144;0.45198;0.45290;0.45460;0.45807;0.46689;0.50083;0.49114;0.43687;0.36839;0.25459;0.00203;0.00000;0.00000;0.00000;0.00000;0.00000,2.6711377569886112,18582.257803164044,4.269098481018382,337137580.65338606,8.527807165931547,5.586348396554594,9.400601752524398,0.629013195175368,0.22184173152521336,1.6345034531364646,6.315377978321693,0.8003993483968046,0.0036451224921471657,431131.14084286976,5.634609393319614,80.51442841016755,0.7973226886932414,0.8908515266809751,1.499108152316681,-0.050194671402207625,227.77961981426301,0.07139707592827509,2.6504937219042297,2.633030578196429,2.49199657875732,2.704881257563639,4.248454445934001,0.6680188307237209,4.324664899635904,19.324664899635902,0.8814587407955535,0.8814587407955558,0.0,dev
ok,R0032_S+02,32,2,20293909,468.9621120190828,0.1922464388382275,0.26608947270218203,39.62421979711637,3190.3214081636697,1.9208177756145288,2.487013410116128,0.45366699595614673,0.28492552497430396,0.043101172805182594,717.2700477943417,4,4.33208309847192e-13,4.413438956701039e-13,4.239493565297283e-13,3.063938056875041e-13,5.00224155611501e-13,0.20691078324763945,0.2051266475075095,1.7487907528147786e-11,6.270796231744163,6.315377978321693,0.5618817712094456,1.797208667469024,2.893962175578544,3.8521422955380054,359172623.6066841,1916936.862807511,147.08449602471978,0.25803274843713403,207.72473118845923,128.7179529160488,1773999.6022664849,16773999.602266485,1756705.5931533072,226.65206852854018,226.65206852854018,226.65206852854018,222.42242860433387,4.22963992420631,359172623.6066839,359172623.60668516,0.0,1.0000000000000036,0.004883914083163535,0.0014602685143688926,0.5541474494023327,0.0,3.4849469531227103e-15,290,0,0.0,0.1719559160010249,0.0,4.3846325036212703e-13,0,0.05,24000000.0,False,7226000.397733515,0.51033;0.51035;0.51042;0.51052;0.51067;0.51086;0.51114;0.51152;0.51322;0.51720;0.52992;0.55358;0.52598;0.47454;0.41492;0.33936;0.15672;0.00016;0.00000;0.00000;0.00000;0.00000;0.00000;0.00000,2.6711377569886112,18582.257803164044,4.269098481018382,337137580.65338606,8.527807165931547,2.2762987274487547,3.8521422955380054,0.5395441477000644,0.25909279944580327,1.4454432033251803,6.315377978321693,0.8003993483968046,0.0014852972104974476,431131.14084286976,5.634609393319614,80.51442841016755,0.7973226886932414,0.36299995141376545,0.6142987514149488,-0.44009343309263393,145.40036036430766,0.04557545831973063,2.6504937219042297,2.633030578196429,2.49199657875732,2.704881257563639,4.248454445934001,0.2826078089730769,1.7739996022664848,16.773999602266485,0.35917262360668517,0.3591726236066839,0.0,dev
ok,R0033_S+00,33,0,20294909,734.2706930023623,0.20354778830565728,0.2668897856047109,65.93164466938406,3853.8007529076617,2.654846482487166,3.16826202637293,0.23833125921335996,0.2581915927412301,0.04374079043670308,727.3773406172662,4,7.491163840592914e-13,7.667910438957803e-13,7.299866716932026e-13,5.232456375250628e-13,9.53879050479412e-13,0.22631571700786912,0.23584463253184915,5.055579464180267e-11,15.55333633530663,3.269231170729487,41.06874230962031,41.24758580740574,57.00158610535746,88.33074320347552,8980056589.477861,17749626.42479603,557.5328059863929,0.26186681982026894,690.7576320440385,465.19208181478086,18746703.195688084,33746703.195688084,18138149.055830453,759.3308078461872,759.3308078461872,759.3308078461872,740.9115236438189,18.419284202368317,8980056589.477842,8980056589.47785,0.0,1.0000000000000009,0.03477708855723997,0.012910428950919092,0.4668422151482365,0.0,8.495931462380263e-16,9424,0,0.0,4.930074817999412,0.0,1.5362030557809107e-14,0,0.05,24000000.0,True,-9746703.195688084,0.40541;0.40546;0.40562;0.40584;0.40616;0.40660;0.40721;0.40805;0.40870;0.40918;0.40969;0.41024;0.41090;0.41177;0.41304;0.41519;0.41945;0.43343;0.46076;0.40254;0.07147;0.00000;0.00000;0.00000,2.865856194527635,48411.67442217414,4.684950103912005,821020969.311001,8.914354249372497,56.91216435646476,88.33074320347552,0.3383863189118702,0.3615937341683421,0.8304375949899475,3.269231170729487,0.5144456310797729,0.015037133533139095,1106785.5413411027,6.04406347703488,58.4514579036007,1.1918235635619234,3.65916116835152,5.679215140674453,0.563381538479294,548.688565707883,0.14237595581294696,2.890393629451843,2.86903152848632,2.724422213933744,2.9852099084886117,4.709487538836213,1.2491892169202965,18.746703195688085,33.746703195688085,8.98005658947785,8.980056589477842,0.0,dev
ok,R0033_S+01,33,1,20294909,734.2706930023623,0.20354778830565728,0.2668897856047109,65.93164466938406,3853.8007529076617,2.654846482487166,3.16826202637293,0.23833125921335996,0.2581915927412301,0.04374079043670308,727.3773406172662,4,7.491163840592914e-13,7.667910438957803e-13,7.299866716932026e-13,5.232456375250628e-13,9.53879050479412e-13,0.22631571700786912,0.23584463253184915,5.055579464180267e-11,15.55333633530663,3.269231170729487,3.3380964488824563,3.5288353950751232,2.7733145851172583,1.0715340190088614,422547603.3355577,810738.0097395708,119.52338500008607,0.2557695381770622,152.52733380430305,100.8020420621689,805293.7502018027,15805293.750201803,802273.3849369977,166.57128647307718,166.57128647307718,166.57128647307718,165.77497705231525,0.7963094207619292,422547603.33555764,422547603.3355579,0.0,1.0000000000000007,0.0016413295342406582,0.0007018091641712615,0.597296459550272,0.0,5.642407558805326e-16,260,0,0.0,0.14642518099935842,0.0,2.6259649377438674e-13,0,0.05,24000000.0,False,8194706.249798197,0.57156;0.57158;0.57163;0.57171;0.57182;0.57197;0.57219;0.57248;0.57480;0.58411;0.59634;0.57504;0.54042;0.49943;0.44651;0.29165;0.00000;0.00000;0.00000;0.00000;0.00000;0.00000;0.00000;0.00000,2.865856194527635,48411.67442217414,4.684950103912005,821020969.311001,8.914354249372497,2.677945112020925,3.5288353950751232,0.36153724373438645,0.6410635353514971,-0.8463812121089824,3.269231170729487,0.5144456310797729,0.0007075573157200019,1106785.5413411027,6.04406347703488,58.4514579036007,1.1918235635619234,0.1721781779991405,0.22688607247980233,-0.7640218922267564,119.02116435301339,0.030884099097031128,2.890393629451843,2.86903152848632,2.724422213933744,2.9852099084886117,4.709487538836213,-0.09111946552572292,0.8052937502018027,15.805293750201802,0.42254760333555785,0.42254760333555763,0.0,dev
ok,R0033_S+02,33,2,20294909,734.2706930023623,0.20354778830565728,0.2668897856047109,65.93164466938406,3853.8007529076617,2.654846482487166,3.16826202637293,0.23833125921335996,0.2581915927412301,0.04374079043670308,727.3773406172662,4,7.491163840592914e-13,7.667910438957803e-13,7.299866716932026e-13,5.232456375250628e-13,9.53879050479412e-13,0.22631571700786912,0.23584463253184915,5.055579464180267e-11,15.55333633530663,3.269231170729487,9.274092149467291,11.592228756911746,21.414983479494417,38.742356317215304,3196140343.754742,6769597.775046403,333.31634177655985,0.26296991495677363,426.18249827763543,277.52497559379,6857710.055661935,21857710.055661935,6661626.231244314,472.7888686038839,472.7888686038839,472.7888686038839,454.26009779687956,18.52877080700432,3196140343.754742,3196140343.754733,0.0,0.9999999999999971,0.013914386941719002,0.005045161797641775,0.517202266315382,0.0,2.8346396063497117e-15,1672,0,0.0,0.8345607710016338,0.0,5.183744557336209e-14,0,0.05,24000000.0,False,2142289.9443380646,0.46396;0.46400;0.46414;0.46432;0.46458;0.46494;0.46544;0.46613;0.46666;0.46716;0.46781;0.46876;0.47032;0.47327;0.48088;0.51029;0.49992;0.44735;0.28185;0.00066;0.00000;0.00000;0.00000;0.00000,2.865856194527635,48411.67442217414,4.684950103912005,821020969.311001,8.914354249372497,20.255915175772188,38.742356317215304,0.5729444538602981,0.25753367257551696,1.4547979645468985,3.269231170729487,0.5144456310797729,0.00535194724674754,1106785.5413411027,6.04406347703488,58.4514579036007,1.1918235635619234,1.302351774505804,2.490935416169762,0.11472830611562185,327.34016252775706,0.08493956577303109,2.890393629451843,2.86903152848632,2.724422213933744,2.9852099084886117,4.709487538836213,0.8305628652483237,6.8577100556619355,21.857710055661936,3.196140343754733,3.196140343754742,0.0,dev
ok,R0034_S+00,34,0,20295909,192.52200197182884,0.27587905969610826,0.1745504834004424,58.88364555720821,2322.6219501323712,1.7548868319174695,2.774901128353327,0.3816715264539372,0.18059430623578146,0.06769054753535114,742.6023475749355,4,2.051682679498857e-13,2.0978127411433735e-13,2.0037029491193953e-13,1.4865850505770545e-13,2.5970917947304236e-13,0.21964408495758247,0.2347859141559991,1.2352686189488178e-11,3.4100861197120453,3.3830855889113076,1.3331363583638662,0.9807740995610126,0.6091607072076931,0.21829618130390746,123917517.7148798,1080183.6599113902,79.59516774551092,0.25468373673735706,107.11401359824606,68.55836361476065,1073117.348613223,16073117.348613223,1071262.2995929513,119.30964799313102,119.30964799313102,119.30964799313102,118.28614575194223,1.023502241188794,123917517.71487983,123917517.7148819,0.0,1.0000000000000167,0.0028315386097960207,0.0009474791184412263,0.6569226262343171,0.0,1.6714839387846375e-14,231,0,0.0,0.12860252300015418,0.0,4.955165031054547e-13,0,0.05,24000000.0,False,7926882.651386777,0.63246;0.63251;0.63266;0.63287;0.63317;0.63358;0.63415;0.63495;0.64496;0.65482;0.62715;0.57676;0.51417;0.43172;0.23478;0.00001;0.00000;0.00000;0.00000;0.00000;0.00000;0.00000;0.00000;0.00000,2.2844803691116873,11336.39732607331,4.054475058966395,174189779.9612138,8.241022670553075,0.7853418366091198,1.3331363583638662,0.5291808857667841,0.7365934011346189,-1.4195604068077132,3.3830855889113076,0.5293129851724606,0.0009579739880119773,167473.8606620506,5.223947031933402,39.44426212327217,0.5327653469817781,0.2302997077022312,0.39093920551086814,-0.6377066132445774,79.41561359239904,0.03419222555262296,2.3274833165542756,2.307549935161676,2.17790635889617,2.420203897893313,4.097478006408984,0.03349760336177254,1.073117348613223,16.073117348613223,0.1239175177148819,0.12391751771487983,0.0,dev
ok,R0034_S+01,34,1,20295909,192.52200197182884,0.27587905969610826,0.1745504834004424,58.88364555720821,2322.6219501323712,1.7548868319174695,2.774901128353327,0.3816715264539372,0.18059430623578146,0.06769054753535114,742.6023475749355,4,2.051682679498857e-13,2.0978127411433735e-13,2.0037029491193953e-13,1.4865850505770545e-13,2.5970917947304236e-13,0.21964408495758247,0.2347859141559991,1.2352686189488178e-11,3.4100861197120453,3.3830855889113076,27.520990383975914,14.608782911893899,6.402248277391678,2.901386480469247,2028893647.4955163,16406319.982143583,322.0238291900191,0.25461105190176514,423.78806256188125,278.5620365969114,16532948.588239394,31532948.588239394,16486562.199590508,459.36651684682295,459.36651684682295,459.36651684682295,458.3134990842833,1.053017762539639,2028893647.4955206,2028893647.4955177,0.0,0.9999999999999986,0.03499557750897894,0.01338953197238885,0.49617662149772684,0.0,1.4101394386790137e-15,3012,0,0.0,1.66577059500014,0.0,8.125162965414569e-14,0,0.05,24000000.0,True,-7532948.588239394,0.42428;0.42429;0.42431;0.42434;0.42438;0.42443;0.42451;0.42462;0.42476;0.42497;0.42532;0.42596;0.42718;0.42941;0.43442;0.44973;0.49296;0.44491;0.26816;0.00104;0.00000;0.00000;0.00000;0.00000,2.2844803691116873,11336.39732607331,4.054475058966395,174189779.9612138,8.241022670553075,12.858352013432684,27.520990383975914,0.7366462201514188,0.8191130024255493,-1.9146780145532958,3.3830855889113076,0.5293129851724606,0.015684847264415946,167473.8606620506,5.223947031933402,39.44426212327217,0.5327653469817781,3.77068248778376,8.070467846806121,0.5764199639598511,321.34325194055793,0.13835366187004472,2.3274833165542756,2.307549935161676,2.17790635889617,2.420203897893313,4.097478006408984,1.215011177599207,16.532948588239393,31.532948588239393,2.0288936474955177,2.028893647495521,0.0,dev
ok,R0034_S+02,34,2,20295909,192.52200197182884,0.27587905969610826,0.1745504834004424,58.88364555720821,2322.6219501323712,1.7548868319174695,2.774901128353327,0.3816715264539372,0.18059430623578146,0.06769054753535114,742.6023475749355,4,2.051682679498857e-13,2.0978127411433735e-13,2.0037029491193953e-13,1.4865850505770545e-13,2.5970917947304236e-13,0.21964408495758247,0.2347859141559991,1.2352686189488178e-11,3.4100861197120453,3.3830855889113076,1.4932743661853083,1.1237517015530938,0.6840465080123036,0.1741587855629374,137087451.50973928,1187881.6522269791,83.6707304313567,0.2543957967908147,115.16899286282435,72.12719620081891,1182444.2848651875,16182444.284865187,1180940.5641698577,126.57123218995899,126.57123218995899,126.57123218995899,126.31792525094639,0.25330693901260304,137087451.5097393,137087451.5097413,0.0,1.0000000000000147,0.0028315386097960207,0.0010469636842831212,0.6528862053312984,0.0,1.456556072773537e-14,233,0,0.0,0.13421242299955338,0.0,7.281179899087727e-13,0,0.05,24000000.0,False,7817555.7151348125,0.62535;0.62539;0.62551;0.62568;0.62591;0.62623;0.62669;0.62731;0.63557;0.65182;0.63316;0.58535;0.52456;0.44652;0.28523;0.00188;0.00000;0.00000;0.00000;0.00000;0.00000;0.00000;0.00000;0.00000,2.2844803691116873,11336.39732607331,4.054475058966395,174189779.9612138,8.241022670553075,0.8688078403284107,1.4932743661853083,0.5672787023710145,0.7530508894662951,-1.5183053367977701,3.3830855889113076,0.5293129851724606,0.0010597873089368225,167473.8606620506,5.223947031933402,39.44426212327217,0.5327653469817781,0.2547759234895143,0.43789931214740213,-0.5938416155427141,83.52921396969562,0.03596332755097536,2.3274833165542756,2.307549935161676,2.17790635889617,2.420203897893313,4.097478006408984,0.07477317436146666,1.1824442848651875,16.182444284865188,0.1370874515097413,0.1370874515097393,0.0,dev
ok,R0035_S+00,35,0,20296909,80.85747069601786,0.31071465280601723,0.251965828171408,57.903709283043874,2032.8285299068207,1.6754275904413518,2.2038070771688183,0.30659004209465224,0.2894781097462103,0.042260473787616014,738.1193924037898,4,9.44121445452793e-14,9.992348415384447e-14,8.801178046943365e-14,5.1880168083601854e-14,1.3327900465568828e-13,0.3384966513425943,0.344729602863972,5.785940376993051e-12,3.288588558320309,4.3528623503198185,7.2330605497043985,6.604488885118857,9.628899636351074,16.30629280340105,1568915348.726375,15264825.293487709,265.92152330891236,0.2764660635014528,340.13944798414565,217.86723224483688,14035844.575652853,29035844.575652853,13671699.965138521,375.82250621182425,375.82250621182425,375.82250621182425,352.38537291413036,23.43713329769389,1568915348.7263746,1568915348.7263741,0.0,0.9999999999999997,0.031236898246412126,0.009974503619860206,0.47687161609139667,0.0,3.0392790700289553e-16,1476,0,0.0,0.8082674569996016,0.0,2.0938299771214346e-14,0,0.05,24000000.0,True,-5035844.575652853,0.39358;0.39364;0.39385;0.39414;0.39454;0.39509;0.39587;0.39694;0.39782;0.39868;0.39985;0.40165;0.40479;0.41119;0.43366;0.47185;0.41353;0.29762;0.02796;0.00000;0.00000;0.00000;0.00000;0.00000,1.9077201520367002,4681.9474765444575,3.6704265373454708,189408470.81869975,8.277399397832799,9.943185468643845,16.30629280340105,0.3865121698330369,0.3479154009160448,0.9125075945037314,4.3528623503198185,0.6387749337685305,0.011222083564637343,110787.86054491544,5.044492175670497,35.107051950160646,0.5170095414581556,3.0235419519073137,4.958447222637577,0.4805159988574401,255.475210189292,0.1256747465075189,2.00538416647198,1.9502574045815235,1.7207179722274288,2.130478338476348,3.768090551780751,1.183691838146084,14.035844575652852,29.035844575652852,1.568915348726374,1.5689153487263747,0.0,dev
ok,R0035_S+01,35,1,20296909,80.85747069601786,0.31071465280601723,0.251965828171408,57.903709283043874,2032.8285299068207,1.6754275904413518,2.2038070771688183,0.30659004209465224,0.2894781097462103,0.042260473787616014,738.1193924037898,4,9.44121445452793e-14,9.992348415384447e-14,8.801178046943365e-14,5.1880168083601854e-14,1.3327900465568828e-13,0.3384966513425943,0.344729602863972,5.785940376993051e-12,3.288588558320309,4.3528623503198185,1.403325893874408,1.3942925167639202,1.2957536618406063,1.1077093291044657,205167058.04826036,1861466.7739773104,94.63341242840266,0.2677415241004815,126.56858986017946,78.47110512771042,1748021.8202486932,16748021.820248693,1733739.516678378,138.24570793663605,138.24570793663605,138.24570793663605,134.4462045697754,3.799503366860648,205167058.04826042,205167058.04826027,0.0,0.9999999999999992,0.004292562565130009,0.00144304852135832,0.5841259412133043,0.0,7.262940423088062e-16,235,0,0.0,0.13262850799947046,0.0,6.3824552650447e-14,0,0.05,24000000.0,False,7251978.179751307,0.54989;0.54992;0.55004;0.55020;0.55043;0.55074;0.55118;0.55179;0.55620;0.57023;0.58125;0.54450;0.48553;0.41158;0.29810;0.01366;0.00000;0.00000;0.00000;0.00000;0.00000;0.00000;0.00000;0.00000,1.9077201520367002,4681.9474765444575,3.6704265373454708,189408470.81869975,8.277399397832799,1.30027035039585,1.403325893874408,0.09145215920647197,0.5378916795623754,-0.227350077374252,4.3528623503198185,0.6387749337685305,0.0014675118526932876,110787.86054491544,5.044492175670497,35.107051950160646,0.5170095414581556,0.39538857699486146,0.4267258944035175,-0.4029758818603841,92.38528965227418,0.04544667112504018,2.00538416647198,1.9502574045815235,1.7207179722274288,2.130478338476348,3.768090551780751,0.2698552887375477,1.7480218202486932,16.74802182024869,0.20516705804826027,0.2051670580482604,0.0,dev
ok,R0035_S+02,35,2,20296909,80.85747069601786,0.31071465280601723,0.251965828171408,57.903709283043874,2032.8285299068207,1.6754275904413518,2.2038070771688183,0.30659004209465224,0.2894781097462103,0.042260473787616014,738.1193924037898,4,9.44121445452793e-14,9.992348415384447e-14,8.801178046943365e-14,5.1880168083601854e-14,1.3327900465568828e-13,0.3384966513425943,0.344729602863972,5.785940376993051e-12,3.288588558320309,4.3528623503198185,1.5571449580739725,3.307195071905682,4.08516574161021,3.8910569671875512,506521678.35655266,4796784.178082185,149.9297238215682,0.27221484504106835,196.4697567456089,123.41581754755975,4419763.42863059,19419763.42863059,4357743.853728637,214.32261439844038,214.32261439844038,214.32261439844038,206.27690992474302,8.045704473697356,506521678.3565526,506521678.35655266,0.0,1.0000000000000002,0.009723203249604333,0.0034786042821229974,0.5428925345416278,0.0,1.176744201132365e-16,382,0,0.0,0.21903386099984345,0.0,4.62541127069473e-14,0,0.05,24000000.0,False,4580236.57136941,0.48573;0.48577;0.48588;0.48603;0.48625;0.48655;0.48697;0.48755;0.48875;0.49106;0.49579;0.50933;0.53989;0.50772;0.43962;0.34707;0.12643;0.00000;0.00000;0.00000;0.00000;0.00000;0.00000;0.00000,1.9077201520367002,4681.9474765444575,3.6704265373454708,189408470.81869975,8.277399397832799,3.2101406846943537,4.08516574161021,0.3103866295525728,0.3788260786491669,0.7270435281049987,4.3528623503198185,0.6387749337685305,0.0036230307813815282,110787.86054491544,5.044492175670497,35.107051950160646,0.5170095414581556,0.9761454276706407,1.242224641107662,-0.01048547564281586,145.16035709128872,0.07140806760417834,2.00538416647198,1.9502574045815235,1.7207179722274288,2.130478338476348,3.768090551780751,0.6809501786750791,4.41976342863059,19.419763428630592,0.5065216783565527,0.5065216783565526,0.0,dev
ok,R0036_S+00,36,0,20297909,40.4973195741638,0.7080003142808663,0.26012758537782626,32.293359475084564,2507.6164069539154,2.949259684760688,2.443759193969706,0.26139013333203365,0.15772313841786628,0.04972932292466962,660.1910032186801,4,2.454134173506665e-14,2.6077965517996086e-14,2.30031370188086e-14,1.482470045078579e-14,3.6559175998450325e-14,0.3378585587008248,0.3827658298454612,8.421451148515076e-13,1.8587193756418787,3.15375458131199,0.5270365796088644,0.42223059831913107,0.6051950715366611,1.0759299992614544,103761083.0354989,2777441.024700747,94.10103639568543,0.32057669831936747,108.07609086082132,68.14345077685,2445072.743268516,17445072.743268516,2210480.030691538,128.90653328610256,128.90653328610256,128.90653328610256,97.60327653426994,31.30325675183262,103761083.03549896,103761083.0354989,0.0,0.9999999999999994,0.0020111785324144487,0.0009363589982221647,0.6964991000321572,0.0,5.744412358822292e-16,308,0,0.0,0.1418360819989175,0.0,1.4748553393128213e-14,0,0.05,24000000.0,False,6554927.256731484,0.65364;0.65380;0.65431;0.65502;0.65601;0.65739;0.65930;0.66197;0.66580;0.67731;0.69052;0.66599;0.61669;0.53602;0.23167;0.00000;0.00000;0.00000;0.00000;0.00000;0.00000;0.00000;0.00000;0.00000,1.607426279198043,1307.79449878585,3.1165395061786234,165947882.3270092,8.219971714716527,0.6575980621815277,1.0759299992614544,0.3803172627542481,0.36088426674300084,0.8346943995419953,3.15375458131199,0.49882789440540015,0.0009470942060696826,26298.256679804545,4.419926959918077,77.65114710002926,0.2692138261302479,0.35379093304734976,0.5788555353547651,-0.4512533013809629,84.08727090782637,0.03353274873885913,1.4219903045059918,1.3675036640915692,1.1767025244992262,1.568712996443852,2.9311035314865723,0.44364484603992316,2.4450727432685158,17.445072743268515,0.1037610830354989,0.10376108303549895,0.0,dev
ok,R0036_S+01,36,1,20297909,40.4973195741638,0.7080003142808663,0.26012758537782626,32.293359475084564,2507.6164069539154,2.949259684760688,2.443759193969706,0.26139013333203365,0.15772313841786628,0.04972932292466962,660.1910032186801,4,2.454134173506665e-14,2.6077965517996086e-14,2.30031370188086e-14,1.482470045078579e-14,3.6559175998450325e-14,0.3378585587008248,0.3827658298454612,8.421451148515076e-13,1.8587193756418787,3.15375458131199,2.8855097212441367,2.1693579111281704,1.1961552360843835,0.07771155705711832,249649586.88324323,5694129.796995689,144.3739788140828,0.3136350809036144,166.23697868994768,106.52555196474165,5762395.503380973,20762395.503380973,4557803.55495451,198.5035862371723,198.5035862371723,198.5035862371723,153.76979817241033,44.73378806476197,249649586.88324332,249649586.88324326,0.0,0.9999999999999998,0.005087316671333282,0.002218083162882218,0.6481974080360696,0.0,2.387532281528135e-16,588,0,0.0,0.3375624649997917,0.0,3.569159620297572e-14,20,0.05,24000000.0,False,3237604.496619027,0.62861;0.62864;0.62876;0.62891;0.62913;0.62943;0.62985;0.63043;0.62871;0.62860;0.63155;0.63135;0.63634;0.62450;0.57112;0.37206;0.01946;0.00000;0.00000;0.00000;0.00000;0.00000;0.00000;0.00000,1.607426279198043,1307.79449878585,3.1165395061786234,165947882.3270092,8.219971714716527,1.5821836063784522,2.8855097212441367,0.6670834905917261,0.7987169775988695,-1.7746348482360672,3.15375458131199,0.49882789440540015,0.0022787125034529343,26298.256679804545,4.419926959918077,77.65114710002926,0.2692138261302479,0.851222420722908,1.5524181643867958,-0.0699569458244007,130.43028259969472,0.05201365018907844,1.4219903045059918,1.3675036640915692,1.1767025244992262,1.568712996443852,2.9311035314865723,0.7554273626136261,5.762395503380973,20.762395503380972,0.24964958688324326,0.24964958688324332,0.0,dev
ok,R0036_S+02,36,2,20297909,40.4973195741638,0.7080003142808663,0.26012758537782626,32.293359475084564,2507.6164069539154,2.949259684760688,2.443759193969706,0.26139013333203365,0.15772313841786628,0.04972932292466962,660.1910032186801,4,2.454134173506665e-14,2.6077965517996086e-14,2.30031370188086e-14,1.482470045078579e-14,3.6559175998450325e-14,0.3378585587008248,0.3827658298454612,8.421451148515076e-13,1.8587193756418787,3.15375458131199,1.9372232567279832,3.2648391835140873,3.929753263199858,3.931965495785295,515326976.9659163,11494603.938747646,209.26684637199827,0.31922405925272485,242.65275060491098,153.60641858273124,11750826.710555486,26750826.710555486,10419347.943169735,275.87763623480885,275.87763623480885,275.87763623480885,208.3600652971992,67.51757093760963,515326976.9659158,515326976.9659167,0.0,1.0000000000000018,0.008965344164274141,0.0044527332134792685,0.6209842056578031,0.0,1.7349560795261723e-15,1214,0,0.0,0.6610877639996033,0.0,5.468420667775749e-15,0,0.05,24000000.0,True,-2750826.7105554864,0.55340;0.55362;0.55433;0.55532;0.55670;0.55863;0.56130;0.56503;0.56836;0.57082;0.57371;0.57749;0.58330;0.59608;0.61115;0.57473;0.38691;0.02085;0.00000;0.00000;0.00000;0.00000;0.00000;0.00000,1.607426279198043,1307.79449878585,3.1165395061786234,165947882.3270092,8.219971714716527,3.265945299806806,3.931965495785295,0.2492078374147482,0.39820495773075204,0.6107702536154873,3.15375458131199,0.49882789440540015,0.004703721085378871,26298.256679804545,4.419926959918077,77.65114710002926,0.2692138261302479,1.7570943428073775,2.1154164245086506,0.24479508048258683,187.39346793728643,0.07472971839617187,1.4219903045059918,1.3675036640915692,1.1767025244992262,1.568712996443852,2.9311035314865723,1.0604940116923163,11.750826710555486,26.750826710555486,0.5153269769659167,0.5153269769659158,0.0,dev
ok,R0037_S+00,37,0,20298909,157.67616894768122,0.3413354463983091,0.2257483606719788,61.43130279748785,1799.994553243937,2.141181548066317,3.063777787256022,0.6077518989377444,0.33180400068486404,0.0488367658662876,601.7327788268888,4,1.228092873843963e-13,1.3734195261312112e-13,1.09747847487861e-13,6.914798737863477e-14,2.1495745331683988e-13,0.4266962736945713,0.5198703728315144,8.437095077774872e-12,2.252272345517155,7.466733984003803,2.1102004087210635,1.224339780287768,0.6425814878701241,0.36492553146813117,171280736.2276675,2290474.729288834,99.67831639731074,0.2625743306908215,139.64143672590626,90.26409526906949,2257486.2844373435,17257486.284437343,2253913.366066631,150.25145625822915,150.25145625822915,150.25145625822915,149.39523338838322,0.8562228698459364,171280736.22766757,171280736.22767103,0.0,1.0000000000000202,0.00634681447165818,0.001970750077637307,0.4651980331610984,0.0,2.0183643958521377e-14,253,0,0.0,0.1508641140007967,0.0,4.0707339995694803e-13,0,0.05,24000000.0,False,6742513.7155626565,0.42695;0.42696;0.42701;0.42708;0.42717;0.42730;0.42749;0.42774;0.42974;0.43575;0.45612;0.45436;0.41774;0.37321;0.31886;0.18740;0.00000;0.00000;0.00000;0.00000;0.00000;0.00000;0.00000;0.00000,2.197766059361858,9686.252478572856,3.986155785030769,141158353.98054168,8.14970658549598,1.0855118020867716,2.1102004087210635,0.6153427200809655,0.7679649780404417,-1.6077898682426504,7.466733984003803,0.873130679072036,0.00201650018242564,198339.3516493964,5.297408889236457,29.30093407228774,0.35262090438706456,0.4819629403377157,0.9369206228194976,-0.31698635476033266,98.8822609931397,0.0549347556718629,2.1435198153052806,2.0461126088379227,1.8454961418209632,2.338069105969917,3.9319095409741918,0.35992550458581746,2.2574862844373436,17.257486284437345,0.17128073622767104,0.17128073622766757,0.0,dev
ok,R0037_S+01,37,1,20298909,157.67616894768122,0.3413354463983091,0.2257483606719788,61.43130279748785,1799.994553243937,2.141181548066317,3.063777787256022,0.6077518989377444,0.33180400068486404,0.0488367658662876,601.7327788268888,4,1.228092873843963e-13,1.3734195261312112e-13,1.09747847487861e-13,6.914798737863477e-14,2.1495745331683988e-13,0.4266962736945713,0.5198703728315144,8.437095077774872e-12,2.252272345517155,7.466733984003803,0.7104557339048849,0.497245585387595,0.32026809670445944,0.17952326785547806,67355463.8999263,913516.1736165453,62.62164328546016,0.26353329281915727,88.88746667636676,56.6804839809105,896163.0329254214,15896163.032925421,894839.2325524911,96.63159534637144,96.63159534637144,96.63159534637144,95.39379004818154,1.2378052981898975,67355463.89992632,67355463.89992763,0.0,1.0000000000000195,0.002854896863683808,0.0007857696149735762,0.490394020664373,0.0,1.946838621743986e-14,185,0,0.0,0.09577944299962837,0.0,4.340895710386958e-13,0,0.05,24000000.0,False,8103836.967074579,0.48241;0.48246;0.48265;0.48291;0.48328;0.48378;0.48447;0.48544;0.48924;0.47403;0.44028;0.39916;0.35274;0.28882;0.05221;0.00000;0.00000;0.00000;0.00000;0.00000;0.00000;0.00000;0.00000;0.00000,2.197766059361858,9686.252478572856,3.986155785030769,141158353.98054168,8.14970658549598,0.42687317096310434,0.7104557339048849,0.4654648720768662,0.707295164842337,-1.2437709890540218,7.466733984003803,0.873130679072036,0.0007929806248674053,198339.3516493964,5.297408889236457,29.30093407228774,0.35262090438706456,0.18952999703288012,0.31543953168849737,-0.7223220441926902,62.008402583719345,0.03444921678899986,2.1435198153052806,2.0461126088379227,1.8454961418209632,2.338069105969917,3.9319095409741918,-0.03928375914862193,0.8961630329254213,15.896163032925422,0.06735546389992764,0.06735546389992632,0.0,dev
ok,R0037_S+02,37,2,20298909,157.67616894768122,0.3413354463983091,0.2257483606719788,61.43130279748785,1799.994553243937,2.141181548066317,3.063777787256022,0.6077518989377444,0.33180400068486404,0.0488367658662876,601.7327788268888,4,1.228092873843963e-13,1.3734195261312112e-13,1.09747847487861e-13,6.914798737863477e-14,2.1495745331683988e-13,0.4266962736945713,0.5198703728315144,8.437095077774872e-12,2.252272345517155,7.466733984003803,2.9847029480005727,2.7944186678641656,1.798334622437776,0.09467383812529899,302642515.124848,4198550.435527714,133.5361725462291,0.2667026378063079,184.30051936516364,120.02420851416015,4042953.467447359,19042953.46744736,4021597.9020335935,198.26679061804967,198.26679061804967,198.26679061804967,196.8034458980405,1.463344720009161,302642515.124848,302642515.12484777,0.0,0.9999999999999992,0.010810999948521166,0.003423523480025228,0.43997756836329155,0.0,7.877894452575791e-16,368,0,0.0,0.266557720999117,0.0,5.512821695864182e-13,18,0.05,24000000.0,False,4957046.532552641,0.39369;0.39370;0.39372;0.39375;0.39379;0.39385;0.39392;0.39403;0.39436;0.39571;0.39955;0.41104;0.43755;0.41204;0.36698;0.30935;0.13716;0.00000;0.00000;0.00000;0.00000;0.00000;0.00000;0.00000,2.197766059361858,9686.252478572856,3.986155785030769,141158353.98054168,8.14970658549598,1.9180325191069536,2.9847029480005727,0.5970059044678324,0.7532616832997608,-1.5067675240568323,7.466733984003803,0.873130679072036,0.0035630316660235743,198339.3516493964,5.297408889236457,29.30093407228774,0.35262090438706456,0.8515988410213975,1.3251962862933615,-0.06976493828391962,131.44046791062127,0.07302270313748463,2.1435198153052806,2.0461126088379227,1.8454961418209632,2.338069105969917,3.9319095409741918,0.6230993745612188,4.042953467447359,19.042953467447358,0.30264251512484774,0.302642515124848,0.0,dev
ok,R0038_S+00,38,0,20299909,90.8196038524023,0.2184917983392594,0.13807091710349612,66.98735972462018,1841.4413577025923,1.9292902157713785,3.8789460609101516,0.24170848567990116,0.2870104950457426,0.04778605647928902,713.0226215500855,4,9.576293587736165e-14,9.726484803168169e-14,9.406968090523604e-14,6.983851268398813e-14,1.0915183866720379e-13,0.19042060941763206,0.1890416770987473,6.515515363658776e-12,1.8480377362001874,3.034883020129441,5.47359552856419,3.68658937564456,3.705168293375214,5.529332281756152,725615158.1035296,11904075.677289471,222.97112663217987,0.255011053684961,303.772506508889,199.45157713531913,12137530.342810687,27137530.342810687,11866379.76260481,330.52281299972327,330.52281299972327,330.52281299972327,324.235677872794,6.287135126929286,725615158.1035303,725615158.1035299,0.0,0.9999999999999996,0.03089545871119948,0.009263756929494434,0.4197237693288055,0.0,4.928616287276039e-16,1367,0,0.0,0.8016541480010346,0.0,1.996299798840697e-14,0,0.05,24000000.0,True,-3137530.3428106867,0.36236;0.36239;0.36249;0.36262;0.36282;0.36308;0.36345;0.36396;0.36441;0.36488;0.36556;0.36665;0.36863;0.37265;0.38667;0.41903;0.38237;0.28635;0.00161;0.00000;0.00000;0.00000;0.00000;0.00000,1.9581796032124823,6083.765473308373,3.7841724638275065,98528240.82147557,7.993560728721461,4.598671369835029,5.529332281756152,0.19636790614171593,0.4979799689696765,0.01212018618194089,3.034883020129441,0.4821419558095031,0.010328620228844397,127312.56608180549,5.104871271765592,27.489385538892925,0.2667108350963085,2.4884077201207546,2.9920018262858625,0.39592154004269536,221.63455849307024,0.12035928136727883,1.9936725103459498,1.979166268619657,1.8498115796099261,2.043747653582303,3.819665370960974,1.0756956791329824,12.137530342810686,27.137530342810688,0.72561515810353,0.7256151581035303,0.0,dev
ok,R0038_S+01,38,1,20299909,90.8196038524023,0.2184917983392594,0.13807091710349612,66.98735972462018,1841.4413577025923,1.9292902157713785,3.8789460609101516,0.24170848567990116,0.2870104950457426,0.04778605647928902,713.0226215500855,4,9.576293587736165e-14,9.726484803168169e-14,9.406968090523604e-14,6.983851268398813e-14,1.0915183866720379e-13,0.19042060941763206,0.1890416770987473,6.515515363658776e-12,1.8480377362001874,3.034883020129441,0.26191654731192454,2.626352212973073,4.932850473177412,7.181411327924941,591804823.0550468,10281577.06758521,202.03821373591202,0.2567181863162772,273.23416810348954,180.2243359589181,10498834.391575024,25498834.391575024,10159829.53189385,296.01391001484456,296.01391001484456,296.01391001484456,290.2645693990363,5.749340615808251,591804823.0550491,591804823.0550492,0.0,1.0000000000000002,0.02364463835304801,0.00769659560420575,0.4295263990419456,0.0,2.0143345391372813e-16,1052,0,0.0,0.5974278139983653,0.0,1.3872300972483715e-13,0,0.05,24000000.0,True,-1498834.3915750235,0.37134;0.37138;0.37152;0.37172;0.37199;0.37237;0.37290;0.37363;0.37428;0.37495;0.37590;0.37744;0.38028;0.38672;0.41594;0.41665;0.36259;0.20035;0.00000;0.00000;0.00000;0.00000;0.00000;0.00000,1.9581796032124823,6083.765473308373,3.7841724638275065,98528240.82147557,7.993560728721461,3.7506326403468377,7.181411327924941,0.6875923088726816,0.19251877198095216,1.844887368114287,3.034883020129441,0.4821419558095031,0.00842392444351598,127312.56608180549,5.104871271765592,27.489385538892925,0.2667108350963085,2.029521674194078,3.885965739363571,0.3073936937083053,200.15827787717913,0.10869652570793749,1.9936725103459498,1.979166268619657,1.8498115796099261,2.043747653582303,3.819665370960974,1.0120597352058167,10.498834391575024,25.498834391575024,0.5918048230550492,0.5918048230550491,0.0,dev
ok,R0038_S+02,38,2,20299909,90.8196038524023,0.2184917983392594,0.13807091710349612,66.98735972462018,1841.4413577025923,1.9292902157713785,3.8789460609101516,0.24170848567990116,0.2870104950457426,0.04778605647928902,713.0226215500855,4,9.576293587736165e-14,9.726484803168169e-14,9.406968090523604e-14,6.983851268398813e-14,1.0915183866720379e-13,0.19042060941763206,0.1890416770987473,6.515515363658776e-12,1.8480377362001874,3.034883020129441,0.4780875643777966,1.202422518216907,1.899302112022073,2.568726345793295,242541399.80355608,4238326.52629939,129.15268737849888,0.2559700248616758,178.4059380823321,115.30061390482672,4228045.364834331,19228045.36483433,4131780.5812627673,194.42445934083676,194.42445934083676,194.42445934083676,190.4858356416257,3.938623699211064,242541399.80355594,242541399.80355617,0.0,1.0000000000000009,0.010598555933411502,0.0033212106367666453,0.4705458051160555,0.0,9.830015795021687e-16,363,0,0.0,0.22023520800030383,0.0,7.890889403181593e-14,0,0.05,24000000.0,False,4771954.635165669,0.42249;0.42252;0.42262;0.42276;0.42295;0.42322;0.42359;0.42411;0.42502;0.42672;0.43015;0.44092;0.46904;0.44543;0.40097;0.33641;0.08436;0.00000;0.00000;0.00000;0.00000;0.00000;0.00000;0.00000,1.9581796032124823,6083.765473308373,3.7841724638275065,98528240.82147557,7.993560728721461,1.537134635102518,2.568726345793295,0.5069536393441549,0.2733186222302875,1.3600882666182754,3.034883020129441,0.4821419558095031,0.0034524058385034724,127312.56608180549,5.104871271765592,27.489385538892925,0.2667108350963085,0.8317658265263956,1.3899750505500714,-0.07999892678893979,128.1377947543282,0.06958559620611253,1.9936725103459498,1.979166268619657,1.8498115796099261,2.043747653582303,3.819665370960974,0.6271944122868383,4.228045364834331,19.22804536483433,0.24254139980355618,0.24254139980355593,0.0,dev
ok,R0039_S+00,39,0,20300909,47.34625327232462,0.8137772903003397,0.10100665658402755,57.68918303288254,3720.4088825803296,2.1865117178544793,3.95585394967037,0.346490881350797,0.2481452524720415,0.04444662694515701,768.5233190287825,4,5.007449548492655e-13,2.3400286584317162e-12,1.7167479184764242e-13,5.833524972359241e-14,8.539385594952319e-12,0.8771634445605864,1.7680317640724157,1.3499434157845783e-10,3.658332953048256,4.677397208724087,10.479571505691412,7.22753186976069,3.959688346430441,0.676040935700663,881357719.8436847,5195305.988521506,296.74983427594515,0.30917687592608273,416.63542026823484,266.72135256445273,5140576.90956264,20140576.90956264,5138537.039169308,458.6193354401747,458.6193354401747,458.6193354401747,424.3782596300739,34.241075810100824,881357719.8436855,881357719.8436832,0.0,0.9999999999999974,0.014270778765113162,0.004303701667870677,0.4609121317058175,0.0,2.5698719719236725e-15,1454,0,0.0,0.9027367609996872,0.0,5.834785066902304e-13,206,0.05,24000000.0,False,3859423.09043736,0.41341;0.41342;0.41345;0.41348;0.41353;0.41360;0.41370;0.41383;0.41404;0.41436;0.41477;0.41563;0.41760;0.42192;0.44004;0.45471;0.41767;0.36175;0.19916;0.00062;0.00000;0.00000;0.00000;0.00000,1.675285616971052,2731.3666709483487,3.4363800056982483,253381908.1633505,8.40377560239697,5.585708164395801,10.479571505691412,0.6540922953092285,0.7925182830137822,-1.7551096980826932,4.677397208724087,0.6700042521475815,0.0045260522242159,61452.73238211305,4.788541197752863,64.49058015711049,0.5632832290494252,1.5268452150429845,2.8645756524045884,0.18379501239371734,288.65792127552595,0.07758768737142788,3.3749377740330786,2.2404231272600703,1.77164765911739,3.9371432222827494,5.136032162760275,0.7156111313374591,5.14057690956264,20.14057690956264,0.8813577198436833,0.8813577198436855,0.0,dev
ok,R0039_S+01,39,1,20300909,47.34625327232462,0.8137772903003397,0.10100665658402755,57.68918303288254,3720.4088825803296,2.1865117178544793,3.95585394967037,0.346490881350797,0.2481452524720415,0.04444662694515701,768.5233190287825,4,5.007449548492655e-13,2.3400286584317162e-12,1.7167479184764242e-13,5.833524972359241e-14,8.539385594952319e-12,0.8771634445605864,1.7680317640724157,1.3499434157845783e-10,3.658332953048256,4.677397208724087,0.062159463196694464,0.5265531515851627,0.8634675217516814,1.07290257369625,99606937.67043447,660852.809336196,104.56079809986716,0.33964594811477783,143.62252665238503,89.63188744371142,635179.9937900156,15635179.993790016,634842.6377218328,159.97438139584807,159.97438139584807,159.97438139584807,132.99332231014893,26.981059085699144,99606937.67043449,99606937.67042187,0.0,0.9999999999998733,0.0016076058367941878,0.0005084433321053801,0.5494222390240431,0.0,1.2671088808039158e-13,254,0,0.0,0.15366617399922688,0.0,1.57174533080866e-11,0,0.05,24000000.0,False,8364820.006209984,0.52732;0.52738;0.52759;0.52789;0.52829;0.52885;0.52964;0.53073;0.53979;0.54554;0.52264;0.48775;0.44808;0.40282;0.33652;0.10916;0.00000;0.00000;0.00000;0.00000;0.00000;0.00000;0.00000;0.00000,1.675285616971052,2731.3666709483487,3.4363800056982483,253381908.1633505,8.40377560239697,0.6312706775574471,1.07290257369625,0.605186456520917,0.23314587375566911,1.601124757465985,4.677397208724087,0.6700042521475815,0.0005115133068449913,61452.73238211305,4.788541197752863,64.49058015711049,0.5632832290494252,0.17255692296444736,0.2932763604259335,-0.7630676121769292,97.04030827352688,0.026083237444112197,3.3749377740330786,2.2404231272600703,1.77164765911739,3.9371432222827494,5.136032162760275,-0.17989525944235302,0.6351799937900156,15.635179993790016,0.09960693767042186,0.09960693767043449,0.0,dev
ok,R0039_S+02,39,2,20300909,47.34625327232462,0.8137772903003397,0.10100665658402755,57.68918303288254,3720.4088825803296,2.1865117178544793,3.95585394967037,0.346490881350797,0.2481452524720415,0.04444662694515701,768.5233190287825,4,5.007449548492655e-13,2.3400286584317162e-12,1.7167479184764242e-13,5.833524972359241e-14,8.539385594952319e-12,0.8771634445605864,1.7680317640724157,1.3499434157845783e-10,3.658332953048256,4.677397208724087,0.34432189505706623,0.3990743852733803,0.5984609018123523,0.9424814446739819,90110305.81204155,593936.8869873836,99.1136883177924,0.3373425001739742,134.01995579401344,85.30462463769277,571562.943337759,15571562.943337759,571275.5721526705,154.0518347132147,154.0518347132147,154.0518347132147,124.32058906680807,29.731245646406634,90110305.8120416,90110305.81202993,0.0,0.9999999999998705,0.0015008680626582304,0.000460236643708568,0.5520073857194323,0.0,1.2948140736665386e-13,252,0,0.0,0.14714344999993045,0.0,4.954442309535976e-12,0,0.05,24000000.0,False,8428437.056662241,0.53355;0.53362;0.53387;0.53421;0.53469;0.53535;0.53627;0.53755;0.54695;0.54486;0.51790;0.48209;0.44180;0.39534;0.32077;0.05458;0.00000;0.00000;0.00000;0.00000;0.00000;0.00000;0.00000;0.00000,1.675285616971052,2731.3666709483487,3.4363800056982483,253381908.1633505,8.40377560239697,0.5710846567041952,0.9424814446739819,0.4103727623910543,0.32543173398348874,1.0474095960990675,4.677397208724087,0.6700042521475815,0.0004627450816652514,61452.73238211305,4.788541197752863,64.49058015711049,0.5632832290494252,0.15610516156774268,0.25762593420827706,-0.8065827368906341,92.29849193616552,0.024808695723828857,3.3749377740330786,2.2404231272600703,1.77164765911739,3.9371432222827494,5.136032162760275,-0.226259701633903,0.571562943337759,15.571562943337758,0.09011030581202993,0.0901103058120416,0.0,dev
ok,R0040_S+00,40,0,20301909,36.34105669954777,0.8372219116911751,0.2731371529192953,67.24315725482023,1469.767145151361,2.537536316862949,2.7521789407445416,0.33490865615009235,0.3193198318574906,0.0758436657487649,665.1153933205453,4,4.1140979279046755e-14,8.45729662414527e-14,1.824016973467142e-14,5.982571501203093e-15,2.345587206367696e-13,0.784992398363377,1.2195719445069098,5.6869532684806075e-12,1.8784002721429134,2.6494657359481306,1.3271599238173617,1.2572477748007946,1.2242418507190311,1.2281421515720714,198686322.22576752,3441037.35370102,98.27549681952891,0.35061001863014485,113.57113696158804,72.1210100048381,3391306.8253136054,18391306.825313605,3365979.0942266546,132.45412551294018,132.45412551294018,132.45412551294018,80.85842290978906,51.595702603151125,198686322.22576755,198686322.2257673,0.0,0.9999999999999988,0.006208804762658417,0.002327179513819641,0.5321474954232359,0.0,1.1999747966075246e-15,324,0,0.0,0.18074913800046488,0.0,5.772529038186283e-14,0,0.05,24000000.0,False,5608693.174686395,0.49576;0.49582;0.49605;0.49635;0.49677;0.49734;0.49813;0.49922;0.50119;0.50558;0.51236;0.52152;0.50455;0.45686;0.31903;0.11403;0.00000;0.00000;0.00000;0.00000;0.00000;0.00000;0.00000;0.00000,1.5603975512634438,2443.687390454029,3.3880456478535357,124645274.25756907,8.095675817514751,1.2591979252273147,1.3271599238173617,0.03276562490973958,0.5131059317286459,-0.07863559037187523,2.6494657359481306,0.4231583074001216,0.002396597788051693,32220.059069254887,4.508126332278976,21.857497552972244,0.27378814248817473,0.6703565496137831,0.7065373357848342,-0.17369414305694558,87.21166208337186,0.05933706054804385,1.9329481607068075,1.2667454731240317,0.7826044955904243,2.3759681819444753,3.7605962572968994,0.5366893870696894,3.391306825313605,18.391306825313606,0.19868632222576732,0.19868632222576754,0.0,dev
ok,R0040_S+01,40,1,20301909,36.34105669954777,0.8372219116911751,0.2731371529192953,67.24315725482023,1469.767145151361,2.537536316862949,2.7521789407445416,0.33490865615009235,0.3193198318574906,0.0758436657487649,665.1153933205453,4,4.1140979279046755e-14,8.45729662414527e-14,1.824016973467142e-14,5.982571501203093e-15,2.345587206367696e-13,0.784992398363377,1.2195719445069098,5.6869532684806075e-12,1.8784002721429134,2.6494657359481306,10.296438062794087,8.0243488944676,4.644496503624902,0.28902705438940723,917312786.8960922,14873508.608250454,210.67711819994844,0.3489949056217529,242.58344787216254,156.43149753929742,15468047.089177497,30468047.089177497,15336579.804899566,282.4588755472205,282.4588755472205,282.4588755472205,170.62811102624474,111.83076452097575,917312786.8960922,917312786.8960924,0.0,1.0000000000000002,0.028830639673560154,0.009756279419254974,0.47156410062127446,0.0,2.5990979577238703e-16,1912,0,0.0,1.109217859000637,0.0,1.4532638842204406e-14,81,0.05,24000000.0,True,-6468047.089177497,0.41923;0.41929;0.41950;0.41978;0.42017;0.42070;0.42144;0.42244;0.42351;0.42436;0.42540;0.42563;0.42551;0.43089;0.43765;0.44195;0.36451;0.22350;0.00008;0.00000;0.00000;0.00000;0.00000;0.00000,1.5603975512634438,2443.687390454029,3.3880456478535357,124645274.25756907,8.095675817514751,5.813577628818999,10.296438062794087,0.6485923119998543,0.7878447716274612,-1.7213859773362374,2.6494657359481306,0.4231583074001216,0.011064827067102432,32220.059069254887,4.508126332278976,21.857497552972244,0.27378814248817473,3.094962088238394,5.481493063801424,0.49065533349516505,187.39124717771145,0.12749723505243638,1.9329481607068075,1.2667454731240317,0.7826044955904243,2.3759681819444753,3.7605962572968994,1.1724134291448396,15.468047089177496,30.468047089177496,0.9173127868960924,0.9173127868960922,0.0,dev
ok,R0040_S+02,40,2,20301909,36.34105669954777,0.8372219116911751,0.2731371529192953,67.24315725482023,1469.767145151361,2.537536316862949,2.7521789407445416,0.33490865615009235,0.3193198318574906,0.0758436657487649,665.1153933205453,4,4.1140979279046755e-14,8.45729662414527e-14,1.824016973467142e-14,5.982571501203093e-15,2.345587206367696e-13,0.784992398363377,1.2195719445069098,5.6869532684806075e-12,1.8784002721429134,2.6494657359481306,0.5045320420368504,0.796229476836867,0.8784851986694376,0.7512992075345629,115601245.10654074,2036285.170776261,75.33085825078095,0.3540667264660389,87.28232581887396,55.133408787364,1988678.1810976714,16988678.18109767,1975584.030109968,101.79942483068899,101.79942483068899,101.79942483068899,61.407891879982856,40.391532950706136,115601245.1065408,115601245.1065405,0.0,0.9999999999999974,0.0037215650594902535,0.0013703672866533848,0.548648905516881,0.0,2.578027802402024e-15,261,0,0.0,0.15123515099912765,0.0,7.582657378794374e-14,0,0.05,24000000.0,False,7011321.818902329,0.52267;0.52274;0.52298;0.52330;0.52375;0.52437;0.52521;0.52637;0.52942;0.53517;0.53640;0.50997;0.46503;0.33759;0.18089;0.00003;0.00000;0.00000;0.00000;0.00000;0.00000;0.00000;0.00000;0.00000,1.5603975512634438,2443.687390454029,3.3880456478535357,124645274.25756907,8.095675817514751,0.7326364812694295,0.8784851986694376,0.19023059887423077,0.4438632091524794,0.33682074508512366,2.6494657359481306,0.4231583074001216,0.001394407451981245,32220.059069254887,4.508126332278976,21.857497552972244,0.27378814248817473,0.39003214178287166,0.4676773165429995,-0.4088996021433545,66.52300113043562,0.04526091180490014,1.9329481607068075,1.2667454731240317,0.7826044955904243,2.3759681819444753,3.7605962572968994,0.3088385985281769,1.9886781810976715,16.988678181097672,0.1156012451065405,0.1156012451065408,0.0,dev
ok,R0041_S+00,41,0,20302909,49.810474362161266,0.6703526912774255,0.18674420394154229,24.158880417359278,2849.2070436349836,1.5570018115675655,3.7482413261568728,0.464973412484194,0.2509558245772613,0.0404982435677703,748.8629380621278,4,4.2134501150179404e-14,5.37982013146353e-14,3.431068892487921e-14,1.8906919515336687e-14,1.1863630546476558e-13,0.5472011470325046,0.8364095184367947,1.2997043122292951e-12,1.6167911966471709,6.888793757775217,0.053117241232796514,0.43020957612982813,0.6611501966564121,0.7459391028125484,74571244.56065553,1841936.2170526234,118.95024855069016,0.40054665639004605,167.8354981375791,97.19747262480254,1456675.4996956494,16456675.49969565,1429555.6393071301,190.60778192529924,190.60778192529924,190.60778192529924,138.04752859331631,52.56025333198292,74571244.56065555,74571244.56065552,0.0,0.9999999999999996,0.0033829964869892177,0.000856354938931588,0.49066526844944414,0.0,3.9964898753237764e-16,234,0,0.0,0.11667932800082781,0.0,2.554574190388886e-13,0,0.05,24000000.0,False,7543324.500304351,0.45533;0.45542;0.45570;0.45610;0.45666;0.45743;0.45850;0.45999;0.46533;0.47841;0.47839;0.44334;0.39521;0.34182;0.27578;0.14175;0.00650;0.00000;0.00000;0.00000;0.00000;0.00000;0.00000;0.00000,1.697320677686772,1203.365293647394,3.080397481815119,115059326.28945154,8.060921826758573,0.4726040292078963,0.7459391028125484,0.5677930476455518,0.25567218405474673,1.4659668956715195,6.888793757775217,0.8381431826907525,0.0008654604518327022,29714.011957917795,4.47296129379469,117.93622032201857,0.20865393580044114,0.2923098729062611,0.46137009179629596,-0.53415651589026,96.84872489986549,0.03399146619275062,1.7364843535044117,1.541146036116814,1.2823373732292607,2.079934211333253,3.119561157632759,0.26527458728227943,1.4566754996956495,16.45667549969565,0.07457124456065552,0.07457124456065554,0.0,dev
ok,R0041_S+01,41,1,20302909,49.810474362161266,0.6703526912774255,0.18674420394154229,24.158880417359278,2849.2070436349836,1.5570018115675655,3.7482413261568728,0.464973412484194,0.2509558245772613,0.0404982435677703,748.8629380621278,4,4.2134501150179404e-14,5.37982013146353e-14,3.431068892487921e-14,1.8906919515336687e-14,1.1863630546476558e-13,0.5472011470325046,0.8364095184367947,1.2997043122292951e-12,1.6167911966471709,6.888793757775217,0.20530217394712763,3.6829615661179487,5.501933385355024,5.662217631658353,593772604.9224737,14076965.714817736,336.74027423778847,0.4031473044633745,470.9975540986812,277.6400748453193,11788609.705084413,26788609.705084413,11404964.120805912,531.8957499934322,531.8957499934322,531.8957499934322,383.19588134108665,148.69986865234557,593772604.9224719,593772604.9224713,0.0,0.999999999999999,0.02573266899040479,0.0063623083025935055,0.3807201517476987,0.0,1.003829484237878e-15,2223,0,0.0,1.271437060999233,0.0,8.087464267205542e-14,0,0.05,24000000.0,True,-2788609.7050844133,0.31469;0.31481;0.31522;0.31579;0.31658;0.31768;0.31920;0.32133;0.32307;0.32444;0.32602;0.32804;0.33098;0.33631;0.35043;0.36781;0.34585;0.28323;0.15822;0.01322;0.00000;0.00000;0.00000;0.00000,1.697320677686772,1203.365293647394,3.080397481815119,115059326.28945154,8.060921826758573,3.763103689269613,5.662217631658353,0.5836345567976634,0.25831494831994356,1.450110310080339,6.888793757775217,0.8381431826907525,0.006891218055561539,29714.011957917795,4.47296129379469,117.93622032201857,0.20865393580044114,2.327513717957748,3.502132893474684,0.3668922493164506,273.28656996448046,0.09591671148468901,1.7364843535044117,1.541146036116814,1.2823373732292607,2.079934211333253,3.119561157632759,1.1485090528654849,11.788609705084413,26.788609705084415,0.5937726049224713,0.5937726049224719,0.0,dev
ok,R0041_S+02,41,2,20302909,49.810474362161266,0.6703526912774255,0.18674420394154229,24.158880417359278,2849.2070436349836,1.5570018115675655,3.7482413261568728,0.464973412484194,0.2509558245772613,0.0404982435677703,748.8629380621278,4,4.2134501150179404e-14,5.37982013146353e-14,3.431068892487921e-14,1.8906919515336687e-14,1.1863630546476558e-13,0.5472011470325046,0.8364095184367947,1.2997043122292951e-12,1.6167911966471709,6.888793757775217,0.48812504376335625,0.3446740447562073,0.2403770253180159,0.17523398544878216,49246033.186549105,880603.7770950812,89.80734907463555,0.34573734705561443,129.89967160455373,78.56021735751602,766222.976807816,15766222.976807816,762189.5515168346,144.00253310079896,144.00253310079896,144.00253310079896,120.68923555062672,23.313297550172237,49246033.18654912,49246033.18654932,0.0,1.000000000000004,0.0021361538543814757,0.0005677069004224672,0.5077262195668311,0.0,4.084911273054354e-15,170,0,0.0,0.08829475700076728,0.0,1.268377122132325e-13,0,0.05,24000000.0,False,8233777.023192184,0.49388;0.49394;0.49414;0.49443;0.49482;0.49537;0.49613;0.49719;0.50211;0.49442;0.46137;0.41624;0.36530;0.30815;0.22033;0.02902;0.00000;0.00000;0.00000;0.00000;0.00000;0.00000;0.00000;0.00000,1.697320677686772,1203.365293647394,3.080397481815119,115059326.28945154,8.060921826758573,0.3121025248215904,0.48812504376335625,0.3788484613412544,0.6670877534518689,-1.0025265207112133,6.888793757775217,0.8381431826907525,0.0005715406036697153,29714.011957917795,4.47296129379469,117.93622032201857,0.20865393580044114,0.19303823862278235,0.30190976099796196,-0.714356653800763,78.70346232268535,0.027622935475505647,1.7364843535044117,1.541146036116814,1.2823373732292607,2.079934211333253,3.119561157632759,-0.055219456091989944,0.7662229768078159,15.766222976807816,0.04924603318654932,0.04924603318654912,0.0,dev
ok,R0042_S+00,42,0,20303909,103.10498239994318,0.14281746566807507,0.26626947987227767,64.7995377102451,3605.211338311174,1.7785278590766418,3.7332456739413056,0.5969622416965432,0.1923445830890168,0.04865782598399575,653.2129738169298,4,1.028537436579973e-13,1.0305352882871744e-13,1.0265637872727873e-13,9.630911132325067e-14,1.1206747608909627e-13,0.06925594334498897,0.07225752268291956,6.677821027510306e-12,8.269982296145361,7.361145669264704,12.318366564465945,11.859629529206345,9.428795138419867,5.025863392106512,1523942326.9607646,5085747.38572395,234.44265253470977,0.25917830618513094,362.58758098412943,228.4527404607429,4266310.694049444,19266310.694049444,4120613.5025223605,392.0686562504858,392.0686562504858,392.0686562504858,388.2841793221205,3.7844769283652795,1523942326.960767,1523942326.9607651,0.0,0.9999999999999988,0.010792700864910075,0.003190003189757663,0.4572841922771989,0.0,1.2515884617604715e-15,683,0,0.0,0.3560921270000108,0.0,2.9648322817297155e-14,0,0.05,24000000.0,False,4733689.305950556,0.41788;0.41792;0.41803;0.41820;0.41843;0.41875;0.41920;0.41983;0.42049;0.42142;0.42301;0.42550;0.42858;0.44338;0.45510;0.41640;0.35938;0.27973;0.06667;0.00000;0.00000;0.00000;0.00000;0.00000,2.013279652446651,6681.155195139276,3.824851560005427,704538331.6996838,8.84790462667573,9.658163656049666,12.318366564465945,0.2993431124827512,0.62584350800806,-0.7550610480483592,7.361145669264704,0.8669454120438093,0.003311380622180345,137308.95411021452,5.137698859114827,55.63637435859629,0.9175045798434043,1.1678578393754646,1.4895275616499852,0.06738998033431326,230.84593140938088,0.06403117868743817,2.01877946554274,2.0171025379325034,1.9893839732637384,2.055196188912616,3.8303513731015157,0.7063547845241628,4.266310694049444,19.266310694049444,1.523942326960765,1.523942326960767,0.0,dev
ok,R0042_S+01,42,1,20303909,103.10498239994318,0.14281746566807507,0.26626947987227767,64.7995377102451,3605.211338311174,1.7785278590766418,3.7332456739413056,0.5969622416965432,0.1923445830890168,0.04865782598399575,653.2129738169298,4,1.028537436579973e-13,1.0305352882871744e-13,1.0265637872727873e-13,9.630911132325067e-14,1.1206747608909627e-13,0.06925594334498897,0.07225752268291956,6.677821027510306e-12,8.269982296145361,7.361145669264704,10.664470398341667,9.343542744082521,6.758303472814307,2.908752584537022,1170592454.723545,3904523.497712455,205.26791806472886,0.2586606475791446,316.2404112634756,200.07680104665516,3298829.867043745,18298829.867043745,3174197.951297935,341.5160837181613,341.5160837181613,341.5160837181613,338.40127560774675,3.1148081104145717,1170592454.7235446,1170592454.7235446,0.0,1.0,0.007980047250565763,0.0024711536932240526,0.4718653274960823,0.0,0.0,484,0,0.0,0.2590955870000471,0.0,4.733196704724032e-14,0,0.05,24000000.0,False,5701170.132956255,0.43819;0.43821;0.43830;0.43843;0.43860;0.43883;0.43917;0.43963;0.44036;0.44163;0.44317;0.44405;0.45334;0.47024;0.44623;0.39520;0.33278;0.22213;0.01001;0.00000;0.00000;0.00000;0.00000;0.00000,2.013279652446651,6681.155195139276,3.824851560005427,704538331.6996838,8.84790462667573,7.41876729994388,10.664470398341667,0.3988138633020785,0.6742364443273325,-1.0454186659639957,7.361145669264704,0.8669454120438093,0.0025435852147847513,137308.95411021452,5.137698859114827,55.63637435859629,0.9175045798434043,0.8970717269130997,1.2895396890163087,-0.047172830805205644,202.32093299567003,0.05611902160788313,2.01877946554274,2.0171025379325034,1.9893839732637384,2.055196188912616,3.8303513731015157,0.591568040789235,3.298829867043745,18.298829867043743,1.1705924547235447,1.1705924547235447,0.0,dev
ok,R0042_S+02,42,2,20303909,103.10498239994318,0.14281746566807507,0.26626947987227767,64.7995377102451,3605.211338311174,1.7785278590766418,3.7332456739413056,0.5969622416965432,0.1923445830890168,0.04865782598399575,653.2129738169298,4,1.028537436579973e-13,1.0305352882871744e-13,1.0265637872727873e-13,9.630911132325067e-14,1.1206747608909627e-13,0.06925594334498897,0.07225752268291956,6.677821027510306e-12,8.269982296145361,7.361145669264704,0.3291484295069025,0.9642176760588024,1.6179590664087962,2.2903726005568847,205191372.03304556,963391.7650184899,86.65964565575602,0.26300781202880735,133.20063216481833,83.35671771677046,744007.3398339879,15744007.339833988,714929.1724427361,147.52810236902377,147.52810236902377,147.52810236902377,139.58268573795337,7.945416631070401,205191372.03304553,205191372.03304625,0.0,1.0000000000000036,0.0015345457547196952,0.0004435658739691957,0.5578883878000184,0.0,3.4857983072967487e-15,189,0,0.0,0.1103116209997097,0.0,1.9580089839583883e-13,0,0.05,24000000.0,False,8255992.660166012,0.53806;0.53818;0.53854;0.53906;0.53977;0.54076;0.54214;0.54406;0.55465;0.54975;0.51419;0.46784;0.41653;0.35951;0.28180;0.05177;0.00000;0.00000;0.00000;0.00000;0.00000;0.00000;0.00000;0.00000,2.013279652446651,6681.155195139276,3.824851560005427,704538331.6996838,8.84790462667573,1.3004244431328464,2.2903726005568847,0.5620970306483096,0.2486430704212739,1.5081415774723568,7.361145669264704,0.8669454120438093,0.00044586118593077087,137308.95411021452,5.137698859114827,55.63637435859629,0.9175045798434043,0.15724633941948996,0.2769501213593199,-0.8034194558249528,84.70665001394862,0.02349561289619948,2.01877946554274,2.0171025379325034,1.9893839732637384,2.055196188912616,3.8303513731015157,-0.01619707031379337,0.7440073398339879,15.744007339833988,0.20519137203304624,0.20519137203304552,0.0,dev
ok,R0043_S+00,43,0,20304909,112.31918669911323,0.7794839172099703,0.15618911708827538,37.48530724956022,3886.9901793505846,2.4419570261026555,2.3920763541705563,0.4721976187949025,0.22589786230087838,0.057545692093201414,659.0010275458692,4,1.0630226403014054e-13,2.9815566592920934e-13,3.785752800128285e-14,1.8542450386594022e-14,5.91618854567631e-13,0.8581311427818233,1.079448882596895,1.1176456745553644e-11,3.811805313642509,4.923367170874871,11.074176635078922,8.868537144147895,9.479151765846572,12.906020500174956,1669708120.8269112,15405091.79022467,516.7642626836436,0.4138127238741748,620.816397027114,367.7618733113557,14608154.653480865,29608154.653480865,14400471.953501571,713.2301536761906,713.2301536761906,713.2301536761906,410.56618681415296,302.6639668620377,1669708120.8269129,1669708120.8269134,0.0,1.0000000000000002,0.023636231165910914,0.00812238531381625,0.5248969280059991,0.0,2.8558114574358915e-16,5485,0,0.0,3.3186360010004137,0.0,2.861655385552341e-14,0,0.05,24000000.0,True,-5608154.653480865,0.44480;0.44493;0.44537;0.44598;0.44682;0.44799;0.44963;0.45190;0.45421;0.45567;0.45725;0.45908;0.46140;0.46482;0.47145;0.48580;0.48134;0.46131;0.32023;0.18033;0.01409;0.00000;0.00000;0.00000,2.0504539500798358,4210.319223436977,3.6243150249856355,277900036.7795568,8.443888604255449,10.581971511312085,12.906020500174956,0.14788276770646727,0.47114835259923293,0.17310988440460262,4.923367170874871,0.6922622254413875,0.009117291983152632,73164.80296418912,4.86430220736175,103.69369933325508,0.5811307111242289,2.7761049268279914,3.3858026415945517,0.44343587686971003,421.8394981722186,0.10852600050630873,2.4801596645376542,1.583868850013728,1.2738837234255118,2.7777586040389264,4.0540207394434535,1.1876642903757315,14.608154653480865,29.608154653480867,1.6697081208269133,1.669708120826913,0.0,dev
ok,R0043_S+01,43,1,20304909,112.31918669911323,0.7794839172099703,0.15618911708827538,37.48530724956022,3886.9901793505846,2.4419570261026555,2.3920763541705563,0.4721976187949025,0.22589786230087838,0.057545692093201414,659.0010275458692,4,1.0630226403014054e-13,2.9815566592920934e-13,3.785752800128285e-14,1.8542450386594022e-14,5.91618854567631e-13,0.8581311427818233,1.079448882596895,1.1176456745553644e-11,3.811805313642509,4.923367170874871,0.8019851260018106,0.977868626914798,1.0340832343773312,0.9706289483894102,149289772.46490112,1422855.6184190547,153.8203653210503,0.4100691296193657,190.79416743184652,107.84649797509603,1285894.9997359514,16285894.999735951,1279460.585738685,216.96014299561466,216.96014299561466,216.96014299561466,131.26951644306644,85.69062655254822,149289772.46490118,149289772.4649006,0.0,0.9999999999999962,0.00218903513031009,0.0008062486309335829,0.6408772796083069,0.0,3.7929197427060045e-15,286,0,0.0,0.22933760100022482,0.0,2.31100041228629e-13,0,0.05,24000000.0,False,7714105.000264049,0.60556;0.60562;0.60584;0.60614;0.60656;0.60715;0.60797;0.60910;0.61196;0.61879;0.62392;0.61502;0.57537;0.51956;0.43071;0.21999;0.06160;0.00000;0.00000;0.00000;0.00000;0.00000;0.00000;0.00000,2.0504539500798358,4210.319223436977,3.6243150249856355,277900036.7795568,8.443888604255449,0.9461414839208375,1.0340832343773312,0.0917168236413749,0.4702927054685425,0.17824376718874507,4.923367170874871,0.6922622254413875,0.0008151834615183156,73164.80296418912,4.86430220736175,103.69369933325508,0.5811307111242289,0.24821348575557697,0.2712843782121641,-0.6051746264226029,126.13685256253773,0.032451034538917185,2.4801596645376542,1.583868850013728,1.2738837234255118,2.7777586040389264,4.0540207394434535,0.1531608331094589,1.2858949997359514,16.28589499973595,0.1492897724649006,0.1492897724649012,0.0,dev
ok,R0043_S+02,43,2,20304909,112.31918669911323,0.7794839172099703,0.15618911708827538,37.48530724956022,3886.9901793505846,2.4419570261026555,2.3920763541705563,0.4721976187949025,0.22589786230087838,0.057545692093201414,659.0010275458692,4,1.0630226403014054e-13,2.9815566592920934e-13,3.785752800128285e-14,1.8542450386594022e-14,5.91618854567631e-13,0.8581311427818233,1.079448882596895,1.1176456745553644e-11,3.811805313642509,4.923367170874871,14.520472787914969,11.697445784969469,6.7330787885341055,0.40722961450034273,1315881979.5190723,11814771.916709028,457.36585810448787,0.4113106926772421,566.9523279155686,325.24403737641853,11202026.778969657,26202026.778969657,11122335.589717012,637.2822225331373,637.2822225331373,637.2822225331373,362.2664992636451,275.01572326949224,1315881979.5190752,1315881979.519072,0.0,0.9999999999999977,0.01801419871356952,0.006550175204283264,0.5269628977930815,0.0,2.355409965757786e-15,3819,0,0.0,2.3017869670002256,0.0,3.1070893390937885e-14,91,0.05,24000000.0,True,-2202026.7789696567,0.49042;0.49045;0.49056;0.49070;0.49090;0.49118;0.49157;0.49211;0.49256;0.49303;0.49306;0.48790;0.47988;0.48085;0.48817;0.49758;0.48915;0.44714;0.24760;0.12270;0.00023;0.00000;0.00000;0.00000,2.0504539500798358,4210.319223436977,3.6243150249856355,277900036.7795568,8.443888604255449,8.339556743979722,14.520472787914969,0.6428970753530978,0.7859506019852613,-1.69232533654776,4.923367170874871,0.6922622254413875,0.007185255957611732,73164.80296418912,4.86430220736175,103.69369933325508,0.5811307111242289,2.1878233691873827,3.809342711167849,0.34001225692844145,374.4858665909028,0.09634340435958336,2.4801596645376542,1.583868850013728,1.2738837234255118,2.7777586040389264,4.0540207394434535,1.07242534202672,11.202026778969657,26.202026778969657,1.3158819795190722,1.3158819795190753,0.0,dev
ok,R0044_S+00,44,0,20305909,45.363138981351725,0.2887249437600383,0.2328706555931257,58.66261448725472,2597.651675699278,2.8846051993032797,2.4994963224109155,0.2600815125277534,0.2415338952979298,0.05627529621479427,674.5264533361858,4,4.332495192355643e-14,4.344591199493034e-14,4.319805192337654e-14,3.8117677031182436e-14,4.5938177234223895e-14,0.08365087937151638,0.08398056834897666,2.5486507864057944e-12,3.512221685234168,2.7729557730098304,18.715314604426535,15.857913642535008,10.706694687839988,3.261657740341489,1914819732.892367,15443521.421619834,298.433684856013,0.2562078775941841,349.6703531835253,240.49904760507422,17243212.240404546,32243212.240404546,14852205.207095731,394.8739686205015,394.8739686205015,394.8739686205015,374.2416617590512,20.632306861450274,1914819732.8923652,1914819732.8923652,0.0,1.0,0.023051235713777644,0.008825300189676302,0.5275513939175082,0.0,0.0,3235,0,0.0,1.89294226399943,0.0,7.533731711099179e-15,0,0.05,24000000.0,True,-8243212.240404546,0.49264;0.49268;0.49284;0.49307;0.49338;0.49381;0.49441;0.49525;0.49588;0.49644;0.49713;0.49808;0.49919;0.49773;0.49908;0.50917;0.52445;0.47065;0.05000;0.00000;0.00000;0.00000;0.00000;0.00000,1.6567030986871607,2661.120333994793,3.4250645134872464,289592882.5298913,8.46178788378209,12.135395168785756,18.715314604426535,0.4839007417238697,0.7122394402097758,-1.2734366412586553,2.7729557730098304,0.44294294289522357,0.00980259419614598,47287.540235020715,4.674746723824248,44.281212121284746,0.5455819200004225,3.455190547853092,5.3286256625281165,0.5384720029690383,295.31352578350493,0.11368480560581998,1.643665515915048,1.6411807599060368,1.5868430237502473,1.6678903567405818,3.412026930715134,1.188746334834292,17.243212240404546,32.243212240404546,1.9148197328923653,1.9148197328923653,0.0,dev
ok,R0044_S+01,44,1,20305909,45.363138981351725,0.2887249437600383,0.2328706555931257,58.66261448725472,2597.651675699278,2.8846051993032797,2.4994963224109155,0.2600815125277534,0.2415338952979298,0.05627529621479427,674.5264533361858,4,4.332495192355643e-14,4.344591199493034e-14,4.319805192337654e-14,3.8117677031182436e-14,4.5938177234223895e-14,0.08365087937151638,0.08398056834897666,2.5486507864057944e-12,3.512221685234168,2.7729557730098304,4.0657824818654715,10.616200575993387,13.451660341371959,12.572161778001188,1605721896.826271,15071418.671369221,274.41636377479523,0.2583297189071646,329.9048957994638,219.6097330096396,16467750.08959129,31467750.08959129,14593374.803353712,366.6505855064608,366.6505855064608,366.6505855064608,351.64838557681975,15.002199929641051,1605721896.8262668,1605721896.8262715,0.0,1.0000000000000029,0.01846947924841872,0.007520028275137493,0.5451839878928267,0.0,2.9696123540795e-15,2302,0,0.0,1.4867292489998363,0.0,6.475415194306596e-15,0,0.05,24000000.0,True,-7467750.089591291,0.47953;0.47969;0.48020;0.48093;0.48193;0.48333;0.48527;0.48798;0.49069;0.49239;0.49424;0.49639;0.49910;0.50307;0.51029;0.53164;0.53030;0.42715;0.00103;0.00000;0.00000;0.00000;0.00000;0.00000,1.6567030986871607,2661.120333994793,3.4250645134872464,289592882.5298913,8.46178788378209,10.176451294308002,13.451660341371959,0.36105289420964953,0.360685238725383,0.8358885676477017,2.7729557730098304,0.44294294289522357,0.008220220356032065,47287.540235020715,4.674746723824248,44.281212121284746,0.5455819200004225,2.8974399130587667,3.829957658403076,0.4620144383551874,270.4298058884339,0.10410549205587206,1.643665515915048,1.6411807599060368,1.5868430237502473,1.6678903567405818,3.412026930715134,1.1781541343417494,16.46775008959129,31.46775008959129,1.6057218968262716,1.6057218968262668,0.0,dev
ok,R0044_S+02,44,2,20305909,45.363138981351725,0.2887249437600383,0.2328706555931257,58.66261448725472,2597.651675699278,2.8846051993032797,2.4994963224109155,0.2600815125277534,0.2415338952979298,0.05627529621479427,674.5264533361858,4,4.332495192355643e-14,4.344591199493034e-14,4.319805192337654e-14,3.8117677031182436e-14,4.5938177234223895e-14,0.08365087937151638,0.08398056834897666,2.5486507864057944e-12,3.512221685234168,2.7729557730098304,3.0552688698372603,2.040101018660605,1.8685050864639605,2.5404810732473275,374918333.0337065,3387279.799135603,132.312443725511,0.25721091506271715,160.81316677546158,105.12998014347387,3244945.4017549083,18244945.40175491,3007303.98885902,179.26545555771332,179.26545555771332,179.26545555771332,173.67652463066597,5.5889309270473575,374918333.03370655,374918333.0337063,0.0,0.9999999999999993,0.0044394696486293305,0.0018776784706366842,0.6107765784834961,0.0,6.359213676545601e-16,364,0,0.0,0.20495069400021748,0.0,1.6595136603870282e-14,0,0.05,24000000.0,False,5755054.598245092,0.57397;0.57406;0.57434;0.57474;0.57530;0.57607;0.57714;0.57864;0.58023;0.58252;0.58717;0.60093;0.60840;0.57802;0.52476;0.38037;0.00043;0.00000;0.00000;0.00000;0.00000;0.00000;0.00000;0.00000,1.6567030986871607,2661.120333994793,3.4250645134872464,289592882.5298913,8.46178788378209,2.3760890120522884,3.0552688698372603,0.1950128722459721,0.5361089023446206,-0.21665341406772362,2.7729557730098304,0.44294294289522357,0.0019193306880504767,47287.540235020715,4.674746723824248,44.281212121284746,0.5455819200004225,0.6765202270806745,0.8698963629437185,-0.16971921402837167,130.67356219243737,0.05030449748704686,1.643665515915048,1.6411807599060368,1.5868430237502473,1.6678903567405818,3.412026930715134,0.5298510721101575,3.2449454017549084,18.244945401754908,0.3749183330337063,0.37491833303370653,0.0,dev
ok,R0045_S+00,45,0,20306909,457.9549675703234,0.7028877051805216,0.16125477611337236,31.038871004639457,3116.944951355897,2.750437085703736,3.8624730231327025,0.6069654933338171,0.2016050308059352,0.07890137993830754,639.5756410361523,4,4.906863998690118e-13,6.995157755858042e-13,3.807402234939318e-13,2.1651964938346021e-13,1.7808184479081527e-12,0.6037781823484062,1.0444499031061674,2.1712179924118102e-11,2.6313236051518123,4.615626447662128,0.7265200080994548,0.655278146739526,0.7572215413554841,1.0323501919473297,125101027.97752938,1526545.4120554733,128.58005722414222,0.28579707878869326,171.23414938771515,111.55100407135748,1508506.9097509254,16508506.909750925,1503851.8428704236,194.22923318489825,194.22923318489825,194.22923318489825,177.38446456244017,16.844768622458076,125101027.97752932,125101027.97752905,0.0,0.9999999999999979,0.003717169549494404,0.0012617142623614203,0.5673950320092944,0.0,2.144034352279149e-15,325,0,0.0,0.25177527599953464,0.0,2.478354310247108e-13,0,0.05,24000000.0,False,7491493.090249075,0.52831;0.52833;0.52840;0.52850;0.52863;0.52882;0.52908;0.52944;0.53115;0.53551;0.55319;0.56250;0.53231;0.49309;0.44689;0.35828;0.02167;0.00000;0.00000;0.00000;0.00000;0.00000;0.00000;0.00000,2.6608227742980683,14214.405164349113,4.152728690319388,152765976.26198885,8.18402663979578,0.7928424720354487,1.0323501919473297,0.1805393667295672,0.43571018316271515,0.3857389010237092,4.615626447662128,0.6642306532057903,0.0012803901480101514,180154.07557463838,5.255644091490809,100.42069348753051,0.42017426172669875,0.30130937543491776,0.39233114084718174,-0.5209873547644033,124.82207511287848,0.04004628797136114,2.8505141109804253,2.5863453582659734,2.3412139129211087,3.2563362437375756,4.342420027001745,0.18370972832793347,1.5085069097509254,16.508506909750924,0.12510102797752906,0.1251010279775293,0.0,dev
ok,R0045_S+01,45,1,20306909,457.9549675703234,0.7028877051805216,0.16125477611337236,31.038871004639457,3116.944951355897,2.750437085703736,3.8624730231327025,0.6069654933338171,0.2016050308059352,0.07890137993830754,639.5756410361523,4,4.906863998690118e-13,6.995157755858042e-13,3.807402234939318e-13,2.1651964938346021e-13,1.7808184479081527e-12,0.6037781823484062,1.0444499031061674,2.1712179924118102e-11,2.6313236051518123,4.615626447662128,6.851450571977204,9.277977172254248,9.27447919223041,6.840956631905688,1271963133.181395,14304832.663189825,406.8614772965226,0.2814427423896051,522.8298793477858,355.9165348751458,14669690.384633869,29669690.38463387,14606081.740597628,585.054695549667,585.054695549667,585.054695549667,558.0066025347852,27.04809301488183,1271963133.1813982,1271963133.1813953,0.0,0.9999999999999978,0.031893945637518795,0.01138361717513807,0.4574494949193237,0.0,2.2492970704762805e-15,5165,0,0.0,2.8838365209994663,0.0,4.1293321934639386e-14,0,0.05,24000000.0,True,-5669690.384633869,0.40328;0.40330;0.40337;0.40347;0.40360;0.40379;0.40404;0.40440;0.40466;0.40490;0.40518;0.40557;0.40615;0.40713;0.40897;0.41286;0.42582;0.45658;0.41015;0.14934;0.00000;0.00000;0.00000;0.00000,2.6608227742980683,14214.405164349113,4.152728690319388,152765976.26198885,8.18402663979578,8.061215892091889,9.277977172254248,0.1507239851287528,0.5002169635493369,-0.0013017812960214453,4.615626447662128,0.6642306532057903,0.013018350773665208,180154.07557463838,5.255644091490809,100.42069348753051,0.42017426172669875,3.0635592962830596,3.525973450809735,0.48622629067394907,398.01388313856916,0.1276935875833899,2.8505141109804253,2.5863453582659734,2.3412139129211087,3.2563362437375756,4.342420027001745,1.1554827818282203,14.669690384633869,29.66969038463387,1.2719631331813952,1.271963133181398,0.0,dev
ok,R0045_S+02,45,2,20306909,457.9549675703234,0.7028877051805216,0.16125477611337236,31.038871004639457,3116.944951355897,2.750437085703736,3.8624730231327025,0.6069654933338171,0.2016050308059352,0.07890137993830754,639.5756410361523,4,4.906863998690118e-13,6.995157755858042e-13,3.807402234939318e-13,2.1651964938346021e-13,1.7808184479081527e-12,0.6037781823484062,1.0444499031061674,2.1712179924118102e-11,2.6313236051518123,4.615626447662128,1.4199983362773776,1.351567154595334,1.2030089198137661,0.9743236319326738,195219181.08719766,2304362.9014747,158.82156700738457,0.2794266995256867,212.04168079148403,139.4799303226728,2293926.9696111754,17293926.969611175,2288949.5794627145,232.87567232825876,232.87567232825876,232.87567232825876,229.3389143492204,3.536757979038356,195219181.0871977,195219181.08719766,0.0,0.9999999999999999,0.004989947600033322,0.0019531062779379828,0.5481622853867579,0.0,1.5266083087595598e-16,408,0,0.0,0.2392308869984845,0.0,2.43544853583643e-13,0,0.05,24000000.0,False,6706073.030388825,0.50595;0.50596;0.50600;0.50606;0.50614;0.50626;0.50641;0.50663;0.50740;0.50905;0.51272;0.52605;0.54649;0.51982;0.47917;0.42730;0.26149;0.00000;0.00000;0.00000;0.00000;0.00000;0.00000;0.00000,2.6608227742980683,14214.405164349113,4.152728690319388,152765976.26198885,8.18402663979578,1.237224510654788,1.4199983362773776,0.1380967881142449,0.5600368944771976,-0.36022136686318573,4.615626447662128,0.6642306532057903,0.001998038866727416,180154.07557463838,5.255644091490809,100.42069348753051,0.42017426172669875,0.4701909366953013,0.5396517302156197,-0.3277257465023477,155.92731564603076,0.050025687998821115,2.8505141109804253,2.5863453582659734,2.3412139129211087,3.2563362437375756,4.342420027001745,0.36255087479328574,2.2939269696111753,17.293926969611174,0.19521918108719766,0.19521918108719769,0.0,dev
ok,R0046_S+00,46,0,20307909,376.8144449764805,0.2133929219299509,0.21778190437092534,36.12645667832096,2900.3426952167856,2.3686141692827736,3.638638304444468,0.41318129078667737,0.2682816468343307,0.05024976820307072,661.0737449682601,4,3.7530220306543167e-13,3.8140773535015667e-13,3.693327190325242e-13,3.1359890229860973e-13,4.641676272942041e-13,0.18750543372612338,0.20657153713383403,1.377891002790394e-11,3.6189034221340095,4.933530707448257,9.084994119302296,11.331216753747134,13.788068479896339,16.45554929774991,1998378260.7839925,16643223.876248287,413.2237447258204,0.25865826232597433,555.6459463476423,368.87082828463735,16955542.952929378,31955542.952929378,16591361.714284107,606.2106802094199,606.2106802094199,606.2106802094199,598.9198523774694,7.290827831950537,1998378260.7839866,1998378260.7839894,0.0,1.0000000000000013,0.04082498179125377,0.012540575183203662,0.4091123128463856,0.0,1.4316723742262578e-15,5200,0,0.0,2.936486138998589,0.0,2.2847258179116043e-14,0,0.05,24000000.0,True,-7955542.952929378,0.35167;0.35170;0.35180;0.35195;0.35215;0.35242;0.35281;0.35335;0.35375;0.35408;0.35446;0.35493;0.35559;0.35664;0.35851;0.36229;0.37376;0.40705;0.36925;0.17294;0.00000;0.00000;0.00000;0.00000,2.5761275428823365,13612.970722208382,4.13395291046984,207919711.060067,8.317895662967054,12.66495716267392,16.45554929774991,0.21704470445386187,0.40300592040729427,0.5819644775562343,4.933530707448257,0.6931578356971132,0.014538919250339106,270906.1396501428,5.432818847727751,80.28306570561749,0.558576993223165,3.4996670773837883,4.547109269925291,0.5440267319696632,408.8306090606325,0.1409594148080748,2.5871060945154745,2.5731343810906013,2.5020911316057908,2.6723914456971465,4.144931462102978,1.2212374551308995,16.955542952929378,31.955542952929378,1.9983782607839895,1.9983782607839866,0.0,dev
ok,R0046_S+01,46,1,20307909,376.8144449764805,0.2133929219299509,0.21778190437092534,36.12645667832096,2900.3426952167856,2.3686141692827736,3.638638304444468,0.41318129078667737,0.2682816468343307,0.05024976820307072,661.0737449682601,4,3.7530220306543167e-13,3.8140773535015667e-13,3.693327190325242e-13,3.1359890229860973e-13,4.641676272942041e-13,0.18750543372612338,0.20657153713383403,1.377891002790394e-11,3.6189034221340095,4.933530707448257,8.871906701320256,5.793572362870846,3.660224940939903,2.471864435527425,820401682.2786531,6674265.946501328,262.9428759011437,0.2551113548451576,361.6564516195528,236.44075101812393,6665216.150316965,21665216.150316965,6624705.252691712,393.2911159832666,393.2911159832666,393.2911159832666,392.04012936433935,1.250986618927243,820401682.2786521,820401682.2786528,0.0,1.0000000000000009,0.017064265665166865,0.005590973778026661,0.45214735713772025,0.0,8.718360197873761e-16,1199,0,0.0,0.6855150299998058,0.0,5.717977523717863e-14,0,0.05,24000000.0,False,2334783.849683035,0.40441;0.40442;0.40445;0.40449;0.40455;0.40462;0.40473;0.40488;0.40508;0.40539;0.40595;0.40698;0.40904;0.41365;0.43217;0.44776;0.41002;0.34234;0.07832;0.00000;0.00000;0.00000;0.00000;0.00000,2.5761275428823365,13612.970722208382,4.13395291046984,207919711.060067,8.317895662967054,5.199392110164608,8.871906701320256,0.46765168713047195,0.7051535426382186,-1.2309212558293112,4.933530707448257,0.6931578356971132,0.00596871675676269,270906.1396501428,5.432818847727751,80.28306570561749,0.558576993223165,1.4367313806618827,2.45154558341008,0.15737557759748888,261.9496525240862,0.09031679358307927,2.5871060945154745,2.5731343810906013,2.5020911316057908,2.6723914456971465,4.144931462102978,0.8244035078022707,6.665216150316965,21.665216150316965,0.8204016822786527,0.8204016822786521,0.0,dev
ok,R0046_S+02,46,2,20307909,376.8144449764805,0.2133929219299509,0.21778190437092534,36.12645667832096,2900.3426952167856,2.3686141692827736,3.638638304444468,0.41318129078667737,0.2682816468343307,0.05024976820307072,661.0737449682601,4,3.7530220306543167e-13,3.8140773535015667e-13,3.693327190325242e-13,3.1359890229860973e-13,4.641676272942041e-13,0.18750543372612338,0.20657153713383403,1.377891002790394e-11,3.6189034221340095,4.933530707448257,7.560151583161722,6.441502896592674,4.297422147558597,1.1279093360594945,766336315.2971545,6130455.949223882,253.68539381052446,0.25421726009527346,352.7504774335145,228.43179769617848,6130898.340185925,21130898.340185925,6113120.449857056,384.72984335507914,384.72984335507914,384.72984335507914,383.7349359599204,0.9949073951587479,766336315.2971532,766336315.2971536,0.0,1.0000000000000004,0.017064265665166865,0.005243906549399919,0.4554200520828947,0.0,4.666722188595102e-16,1080,0,0.0,0.6127852949994121,0.0,1.2721843948285923e-13,0,0.05,24000000.0,False,2869101.6598140746,0.40894;0.40894;0.40896;0.40898;0.40901;0.40905;0.40911;0.40919;0.40935;0.40966;0.41025;0.41122;0.41284;0.41838;0.44167;0.44697;0.40485;0.33097;0.05217;0.00000;0.00000;0.00000;0.00000;0.00000,2.5761275428823365,13612.970722208382,4.13395291046984,207919711.060067,8.317895662967054,4.856746490843122,7.560151583161722,0.5047356706308882,0.7207322075669907,-1.3243932454019445,4.933530707448257,0.6931578356971132,0.005575371802902164,270906.1396501428,5.432818847727751,80.28306570561749,0.558576993223165,1.3420492133440731,2.0890724900040634,0.12776844183288646,253.17117592405268,0.08729009035435016,2.5871060945154745,2.5731343810906013,2.5020911316057908,2.6723914456971465,4.144931462102978,0.7874927761282199,6.130898340185925,21.130898340185926,0.7663363152971536,0.7663363152971532,0.0,dev
ok,R0047_S+00,47,0,20308909,50.24482440110489,0.5180085872171193,0.1322865495289065,76.78332644463298,3519.9095284196983,2.849993764343932,3.1721580720782905,0.5525277682662668,0.22711864931886214,0.07123029969660673,611.4193995250649,4,5.507924407673305e-14,7.407759383973895e-14,4.258963898154433e-14,2.1834579547566314e-14,1.6946063045922998e-13,0.5871806501712415,0.8987357570268077,5.687924070029607e-12,4.393452368510321,4.654152269073674,2.1857050709338592,6.995659518299215,9.915620290365787,10.945587387133576,1185089348.2057943,9323593.537374152,340.2069967164185,0.393006449560198,409.1397504221875,244.99376264239123,9295006.994414747,24295006.994414747,8906472.583621852,479.60882446713737,479.60882446713737,479.60882446713737,314.57463567247964,165.03418879465772,1185089348.2057986,1185089348.2057967,0.0,0.9999999999999984,0.013715596800785546,0.00461892370705528,0.5176265530316551,0.0,1.6094555534569501e-15,2265,0,0.0,1.3224587360000442,0.0,2.523371849509021e-14,0,0.05,24000000.0,True,-295006.99441474676,0.45344;0.45357;0.45401;0.45463;0.45549;0.45668;0.45834;0.46065;0.46250;0.46394;0.46557;0.46758;0.47048;0.47597;0.48960;0.49747;0.47336;0.36527;0.13244;0.00091;0.00000;0.00000;0.00000;0.00000,1.7010913327631023,3857.9647541432973,3.586358255668934,395362511.0901438,8.59699548642792,7.510643066683109,10.945587387133576,0.45250943928933635,0.30561180007212746,1.1663291995672356,4.654152269073674,0.6678405879186257,0.004902486359780481,54161.849249204875,4.7336934840562375,45.84210780393631,0.6428059223714517,1.7095082492563194,2.491340856585837,0.2328712008318561,280.3388477671233,0.07964376513193636,1.875403465081752,1.6350205564840614,1.3448614312157179,2.234785415584829,3.760670387987584,0.969583332166938,9.295006994414747,24.295006994414745,1.1850893482057967,1.1850893482057987,0.0,dev
ok,R0047_S+01,47,1,20308909,50.24482440110489,0.5180085872171193,0.1322865495289065,76.78332644463298,3519.9095284196983,2.849993764343932,3.1721580720782905,0.5525277682662668,0.22711864931886214,0.07123029969660673,611.4193995250649,4,5.507924407673305e-14,7.407759383973895e-14,4.258963898154433e-14,2.1834579547566314e-14,1.6946063045922998e-13,0.5871806501712415,0.8987357570268077,5.687924070029607e-12,4.393452368510321,4.654152269073674,6.091372380580199,5.655397209279175,5.906822454857901,6.8456481173163795,966421526.6717416,6942718.170484664,298.3144484802346,0.3705495341520477,357.7039211639526,220.1626804773405,6778913.284518085,21778913.284518085,6570543.9607079625,428.22980320847284,428.22980320847284,428.22980320847284,289.1983079590746,139.03149524939823,966421526.6717396,966421526.6717397,0.0,1.0000000000000002,0.010153676685108458,0.003811749739421639,0.526523738736761,0.0,1.233512357297403e-16,1425,0,0.0,0.8083604719995492,0.0,1.3690812318663659e-14,0,0.05,24000000.0,False,2221086.7154819146,0.47099;0.47110;0.47144;0.47192;0.47258;0.47351;0.47479;0.47658;0.47794;0.47917;0.48068;0.48281;0.48641;0.49507;0.51030;0.50572;0.45984;0.31680;0.05413;0.00000;0.00000;0.00000;0.00000;0.00000,1.7010913327631023,3857.9647541432973,3.586358255668934,395362511.0901438,8.59699548642792,6.124810040508414,6.8456481173163795,0.07249427824309347,0.47947485359416503,0.12315087843501,4.654152269073674,0.6678405879186257,0.003997899702228778,54161.849249204875,4.7336934840562375,45.84210780393631,0.6428059223714517,1.394076804930775,1.5581477942908755,0.1442867013364161,253.15763756963423,0.07192163194128802,1.875403465081752,1.6350205564840614,1.3448614312157179,2.234785415584829,3.760670387987584,0.8415295360634699,6.778913284518086,21.778913284518087,0.9664215266717398,0.9664215266717395,0.0,dev
ok,R0047_S+02,47,2,20308909,50.24482440110489,0.5180085872171193,0.1322865495289065,76.78332644463298,3519.9095284196983,2.849993764343932,3.1721580720782905,0.5525277682662668,0.22711864931886214,0.07123029969660673,611.4193995250649,4,5.507924407673305e-14,7.407759383973895e-14,4.258963898154433e-14,2.1834579547566314e-14,1.6946063045922998e-13,0.5871806501712415,0.8987357570268077,5.687924070029607e-12,4.393452368510321,4.654152269073674,3.126206930828886,5.509076579335543,6.054225716336429,4.761654341831542,767290049.2800082,5361473.028416505,265.6146153366195,0.37000590953813406,315.6257738169952,196.07350896346244,5161429.950416345,20161429.950416345,5045292.985107459,380.2764723646663,380.2764723646663,380.2764723646663,257.96495953775946,122.31151282690684,767290049.280008,767290049.2800087,0.0,1.0000000000000009,0.00788622750141889,0.0030554388361793416,0.534515313997473,0.0,9.321842997649361e-16,1003,0,0.0,0.5359223049999855,0.0,1.52673711072654e-14,0,0.05,24000000.0,False,3838570.049583655,0.48630;0.48639;0.48669;0.48710;0.48767;0.48847;0.48958;0.49112;0.49233;0.49352;0.49512;0.49767;0.50251;0.51412;0.52365;0.49593;0.43239;0.22697;0.01202;0.00000;0.00000;0.00000;0.00000;0.00000,1.7010913327631023,3857.9647541432973,3.586358255668934,395362511.0901438,8.59699548642792,4.8627908920831,6.054225716336429,0.22674799061653927,0.44394688676738914,0.336318679395665,4.654152269073674,0.6678405879186257,0.0031741311372729636,54161.849249204875,4.7336934840562375,45.84210780393631,0.6428059223714517,1.1068268150433862,1.3780110055885784,0.04407967222921837,225.57320995609342,0.06408494540408456,1.875403465081752,1.6350205564840614,1.3448614312157179,2.234785415584829,3.760670387987584,0.7292841255555389,5.161429950416345,20.161429950416345,0.7672900492800087,0.767290049280008,0.0,dev
ok,R0048_S+00,48,0,20309909,40.769715977506856,0.6603671747210008,0.22192996756097508,59.631794207118126,2560.0270924425117,1.5543582891611822,2.0483336080533774,0.42469970948192504,0.2892498468730278,0.04275170811298556,691.3225483391665,4,3.224367522550137e-14,3.630670116997882e-14,2.79085773103602e-14,1.4379971414617438e-14,5.0997190228744487e-14,0.45146380018167565,0.49345425108310087,2.165033732507512e-12,3.3518237354882734,5.96045952165722,12.176650452030824,8.224916582155753,4.16779081319875,0.3071828874068143,981304902.3653456,10164831.999244718,240.67289881212278,0.30975373772942366,327.58303096894724,196.33560057281917,7338112.311648883,22338112.311648883,7017575.262207311,361.47525361995474,361.47525361995474,361.47525361995474,300.78099217427916,60.69426144567558,981304902.3653471,981304902.3653462,0.0,0.999999999999999,0.017565031277406058,0.004909700293333618,0.46972546039742497,0.0,9.718430164849925e-16,980,0,0.0,0.5989985209998849,0.0,1.988619005853005e-14,49,0.05,24000000.0,False,1661887.688351117,0.43645;0.43649;0.43665;0.43686;0.43716;0.43757;0.43814;0.43894;0.43981;0.44084;0.44070;0.44119;0.44481;0.45532;0.46517;0.42133;0.33764;0.20025;0.00707;0.00000;0.00000;0.00000;0.00000;0.00000,1.6103376859473453,2431.1713130533444,3.385815562583511,272478865.16253704,8.435332821844765,6.219135183698035,12.176650452030824,0.7131100610671217,0.8201127018296841,-1.9085398876256878,5.96045952165722,0.7752797429662449,0.005209432612015377,56867.23221977865,4.754862091256761,42.93057296835329,0.5252811720353351,1.855448160310873,3.6328433154486874,0.2684488250251762,219.1700933921201,0.08561241169639762,1.5657033884382643,1.4514542958821446,1.1634746204978623,1.713262846379451,3.34118126507443,1.0071002051674747,7.338112311648883,22.33811231164888,0.9813049023653462,0.9813049023653472,0.0,dev
ok,R0048_S+01,48,1,20309909,40.769715977506856,0.6603671747210008,0.22192996756097508,59.631794207118126,2560.0270924425117,1.5543582891611822,2.0483336080533774,0.42469970948192504,0.2892498468730278,0.04275170811298556,691.3225483391665,4,3.224367522550137e-14,3.630670116997882e-14,2.79085773103602e-14,1.4379971414617438e-14,5.0997190228744487e-14,0.45146380018167565,0.49345425108310087,2.165033732507512e-12,3.3518237354882734,5.96045952165722,0.5500143516990921,0.7736151312538632,0.9478192099297276,1.0726265877266845,131913737.59419774,1471026.1829011235,89.06885579584504,0.3155933672635888,121.86408659156466,70.97457467541555,1120344.1365384907,16120344.13653849,1093602.16551885,134.74921419621296,134.74921419621296,134.74921419621296,102.54562313288218,32.20359106333078,131913737.5941977,131913737.59419796,0.0,1.000000000000002,0.0022866911046483408,0.0006944371074538586,0.5952730510219212,0.0,1.920343892269129e-15,184,0,0.0,0.10960435000015423,0.0,5.451009825340721e-14,0,0.05,24000000.0,False,7879655.863461509,0.57296;0.57305;0.57333;0.57371;0.57425;0.57500;0.57603;0.57748;0.58519;0.58768;0.55443;0.49533;0.42282;0.33541;0.19014;0.00915;0.00000;0.00000;0.00000;0.00000;0.00000;0.00000;0.00000;0.00000,1.6103376859473453,2431.1713130533444,3.385815562583511,272478865.16253704,8.435332821844765,0.836018820152342,1.0726265877266845,0.2348342329193153,0.3958133031956623,0.6251201808260254,5.96045952165722,0.7752797429662449,0.0007002876730154207,56867.23221977865,4.754862091256761,42.93057296835329,0.5252811720353351,0.24942207172196537,0.3200128265606517,-0.6030651178064733,80.35711223603288,0.03138916477612917,1.5657033884382643,1.4514542958821446,1.1634746204978623,1.713262846379451,3.34118126507443,0.1676204028351305,1.1203441365384907,16.120344136538492,0.13191373759419797,0.1319137375941977,0.0,dev
ok,R0048_S+02,48,2,20309909,40.769715977506856,0.6603671747210008,0.22192996756097508,59.631794207118126,2560.0270924425117,1.5543582891611822,2.0483336080533774,0.42469970948192504,0.2892498468730278,0.04275170811298556,691.3225483391665,4,3.224367522550137e-14,3.630670116997882e-14,2.79085773103602e-14,1.4379971414617438e-14,5.0997190228744487e-14,0.45146380018167565,0.49345425108310087,2.165033732507512e-12,3.3518237354882734,5.96045952165722,15.017455664687954,11.880158839725215,11.32494865875952,13.35182512179087,2034454894.6769576,20068646.601163637,348.2081209623023,0.3127489582566709,461.01213361856014,283.2353152115853,16158604.107960753,31158604.107960753,15485107.845335409,518.2767683086876,518.2767683086876,518.2767683086876,413.6297053244485,104.64706298423908,2034454894.6769476,2034454894.6769538,0.0,1.000000000000003,0.03659006479704904,0.009604978283340147,0.43868710678662187,0.0,3.046950351595261e-15,2435,0,0.0,1.4162953249997372,0.0,5.93011018873932e-15,0,0.05,24000000.0,True,-7158604.107960753,0.35699;0.35711;0.35751;0.35807;0.35884;0.35992;0.36142;0.36351;0.36525;0.36658;0.36814;0.37013;0.37303;0.37799;0.38918;0.41571;0.41625;0.34400;0.20980;0.02049;0.00000;0.00000;0.00000;0.00000,1.6103376859473453,2431.1713130533444,3.385815562583511,272478865.16253704,8.435332821844765,12.89359707124089,15.017455664687954,0.11110326885421754,0.5215304611233776,-0.12918276674026563,5.96045952165722,0.7752797429662449,0.010800267735805748,56867.23221977865,4.754862091256761,42.93057296835329,0.5252811720353351,3.8467407861358285,4.480383471746107,0.5850929222195491,315.57554527116326,0.12327039280278627,1.5657033884382643,1.4514542958821446,1.1634746204978623,1.713262846379451,3.34118126507443,1.3025180853193101,16.158604107960752,31.158604107960752,2.0344548946769536,2.0344548946769474,0.0,dev
ok,R0049_S+00,49,0,20310909,58.574996472652494,0.09107748457529263,0.139457861391942,34.508734579335815,2634.1329712783863,2.446838078949189,2.8577184922187486,0.4168151052414889,0.2558552384895066,0.07952020828145695,711.5335147425683,4,6.13480950192538e-14,6.189097540281427e-14,6.08390671333823e-14,5.2812567121892164e-14,7.566428784188722e-14,0.140395984665447,0.1573894085466038,2.1357792430319194e-12,1.663193523251395,3.144974951017712,1.772264523460573,1.0404004072348265,0.6986543658728928,0.7470263993747722,167978962.66786605,2901433.272674388,147.260261037949,0.26161475327275463,187.35977848475767,121.19245311281846,2832705.097113088,17832705.097113088,2770443.53511722,207.85712559046965,207.85712559046965,207.85712559046965,204.46909581685588,3.3880297736137663,167978962.66786596,167978962.6678661,0.0,1.0000000000000009,0.005828609568957865,0.002193565319353381,0.5651453056410219,0.0,8.870849633302455e-16,359,0,0.0,0.13698673200087796,0.0,4.350503063377019e-14,0,0.05,24000000.0,False,6167294.902886912,0.52988;0.52991;0.53002;0.53017;0.53038;0.53066;0.53106;0.53162;0.53265;0.53460;0.53879;0.54944;0.56433;0.53919;0.49130;0.41567;0.09143;0.00000;0.00000;0.00000;0.00000;0.00000;0.00000;0.00000,1.767712271116075,2021.3490062602966,3.305641305305047,104905267.76999724,8.02079729663971,1.064586423985766,1.772264523460573,0.4029678874009719,0.6605064810438082,-0.9630388862628483,3.144974951017712,0.4976171907421438,0.0022504130482249828,25419.31227224474,4.405163796398575,76.3323547904226,0.22094278511270052,0.6400857200938316,1.0655792598301812,-0.1937618615303904,144.85720410839104,0.054992365870614936,1.7973439250022447,1.7898991440105285,1.7284538760258659,1.8846075465835828,3.335272959191217,0.4626125870864748,2.8327050971130876,17.832705097113088,0.1679789626678661,0.16797896266786597,0.0,dev
ok,R0049_S+01,49,1,20310909,58.574996472652494,0.09107748457529263,0.139457861391942,34.508734579335815,2634.1329712783863,2.446838078949189,2.8577184922187486,0.4168151052414889,0.2558552384895066,0.07952020828145695,711.5335147425683,4,6.13480950192538e-14,6.189097540281427e-14,6.08390671333823e-14,5.2812567121892164e-14,7.566428784188722e-14,0.140395984665447,0.1573894085466038,2.1357792430319194e-12,1.663193523251395,3.144974951017712,4.050246396381415,2.540900737069968,1.3238245076928927,0.39901770825018895,327961937.86556345,5313514.164280884,204.34545013674017,0.25801947984913076,257.7626569849957,169.9676953562664,5268417.74512402,20268417.74512402,5144842.960601419,282.0072255544074,282.0072255544074,282.0072255544074,280.0696299075261,1.9375956468812774,327961937.8655632,327961937.8655633,0.0,1.0000000000000002,0.010323705400317107,0.004183636399010461,0.5302489438511818,0.0,1.8174256794342858e-16,821,0,0.0,0.34565105799993034,0.0,6.457433332427659e-14,0,0.05,24000000.0,False,3731582.2548759803,0.49624;0.49626;0.49630;0.49635;0.49643;0.49654;0.49669;0.49690;0.49727;0.49784;0.49822;0.49910;0.50338;0.51582;0.52775;0.49077;0.41320;0.08202;0.00000;0.00000;0.00000;0.00000;0.00000;0.00000,1.767712271116075,2021.3490062602966,3.305641305305047,104905267.76999724,8.02079729663971,2.078497337348616,4.050246396381415,0.6584358213536387,0.7927779140024322,-1.756667484014594,3.144974951017712,0.4976171907421438,0.0043937039053700624,25419.31227224474,4.405163796398575,76.3323547904226,0.22094278511270052,1.2497026403069074,2.4352225641569025,0.09680668737853763,202.40646174879186,0.07683988012593032,1.7973439250022447,1.7898991440105285,1.7284538760258659,1.8846075465835828,3.335272959191217,0.7253818426189105,5.26841774512402,20.26841774512402,0.32796193786556327,0.3279619378655632,0.0,dev
ok,R0049_S+02,49,2,20310909,58.574996472652494,0.09107748457529263,0.139457861391942,34.508734579335815,2634.1329712783863,2.446838078949189,2.8577184922187486,0.4168151052414889,0.2558552384895066,0.07952020828145695,711.5335147425683,4,6.13480950192538e-14,6.189097540281427e-14,6.08390671333823e-14,5.2812567121892164e-14,7.566428784188722e-14,0.140395984665447,0.1573894085466038,2.1357792430319194e-12,1.663193523251395,3.144974951017712,3.6636438695236966,2.3748005358774273,2.046743373966116,2.6794723837897636,424633549.45605433,7678572.116844807,235.3372918785259,0.2643097559878249,294.2082093813469,193.16869161851758,7666558.551970195,22666558.551970195,7368027.627463467,324.3569799078561,324.3569799078561,324.3569799078561,318.8315645604769,5.52541534737918,424633549.4560547,424633549.4560541,0.0,0.9999999999999986,0.013739499202678404,0.005343372154642811,0.5228657211631762,0.0,1.4036725278005644e-15,1047,0,0.0,0.5674609400011832,0.0,1.2733991716928894e-14,0,0.05,24000000.0,False,1333441.448029805,0.47242;0.47248;0.47267;0.47294;0.47331;0.47383;0.47455;0.47555;0.47635;0.47718;0.47834;0.48017;0.48353;0.49209;0.51748;0.50890;0.45041;0.25080;0.00000;0.00000;0.00000;0.00000;0.00000;0.00000,1.767712271116075,2021.3490062602966,3.305641305305047,104905267.76999724,8.02079729663971,2.691165040789251,3.6636438695236966,0.22458829359061486,0.5609507698225562,-0.36570461893533673,3.144974951017712,0.4976171907421438,0.005688812844376477,25419.31227224474,4.405163796398575,76.3323547904226,0.22094278511270052,1.618070899848301,2.202776657259703,0.2089975473987958,230.31371630258943,0.08743435461073726,1.7973439250022447,1.7898991440105285,1.7284538760258659,1.8846075465835828,3.335272959191217,0.885280467501632,7.666558551970195,22.666558551970194,0.4246335494560541,0.4246335494560547,0.0,dev
ok,R0050_S+00,50,0,20311909,143.19897885039714,0.3568307000895665,0.20899740439106598,61.39555624562284,2605.3308528727794,2.078865072349945,2.6555097222914816,0.41879653079097034,0.22356512241736426,0.060688707433084674,712.2497150302868,4,1.2547212593443233e-13,1.327294989477828e-13,1.1678635564124623e-13,6.800736577304791e-14,1.6903743396438203e-13,0.33952962403409825,0.33613464640165763,8.149001418101937e-12,4.759913005453248,4.140439450809544,1.7528769667110329,1.6660924081426227,1.9170053919655574,2.505615918179837,309327227.7511575,2158281.853541217,121.33148289146776,0.26997988683986424,159.5320114812984,100.83891336573289,2008454.1765740477,17008454.176574048,1974307.9835195132,177.94777015897483,177.94777015897483,177.94777015897483,160.87071269863958,17.077057460335254,309327227.75115746,309327227.7511565,0.0,0.9999999999999969,0.004162148586262619,0.0015585858192901014,0.6074003070918842,0.0,3.0830597207351124e-15,283,0,0.0,0.17516220700053964,0.0,4.980459516483126e-14,0,0.05,24000000.0,False,6991545.823425952,0.56353;0.56357;0.56369;0.56387;0.56411;0.56445;0.56492;0.56558;0.56781;0.57328;0.59247;0.60209;0.56258;0.50759;0.43721;0.28247;0.00093;0.00000;0.00000;0.00000;0.00000;0.00000;0.00000;0.00000,2.1559399210359502,8791.780960325314,3.9440768594760534,273623547.169429,8.43715346865374,1.9603976712497624,2.505615918179837,0.16701924311457422,0.43600457001589465,0.38397257990463224,4.140439450809544,0.6170464379646633,0.001587202710848899,144866.8349053096,5.16096897162567,42.435169777593224,0.6775990154102279,0.4118557774068162,0.5263995193418977,-0.38525483746638073,117.79492037061432,0.04521303704699434,2.1286840527076922,2.0731087041064096,1.8382725507873365,2.233699489149505,3.9168209911477954,0.33410815927396054,2.008454176574048,17.00845417657405,0.3093272277511565,0.30932722775115745,0.0,dev
ok,R0050_S+01,50,1,20311909,143.19897885039714,0.3568307000895665,0.20899740439106598,61.39555624562284,2605.3308528727794,2.078865072349945,2.6555097222914816,0.41879653079097034,0.22356512241736426,0.060688707433084674,712.2497150302868,4,1.2547212593443233e-13,1.327294989477828e-13,1.1678635564124623e-13,6.800736577304791e-14,1.6903743396438203e-13,0.33952962403409825,0.33613464640165763,8.149001418101937e-12,4.759913005453248,4.140439450809544,0.04507322915739002,0.7396528129721752,1.276330057836686,1.5999535981879363,144415849.56308824,1080656.6137904779,83.66036171715245,0.27493318665877425,108.60840981082129,68.87970704629923,981567.0523398053,15981567.052339805,963153.7381400261,119.59730173999516,119.59730173999516,119.59730173999516,111.49329142833952,8.104010311655642,144415849.56308824,144415849.56308728,0.0,0.9999999999999934,0.0018810933280457248,0.0007346822351127148,0.63159680798934,0.0,6.60366794428361e-15,223,0,0.0,0.12353110000003653,0.0,8.069465912031801e-13,0,0.05,24000000.0,False,8018432.947660195,0.60896;0.60903;0.60927;0.60960;0.61006;0.61071;0.61160;0.61284;0.62244;0.62869;0.60088;0.55470;0.49840;0.42440;0.22129;0.00000;0.00000;0.00000;0.00000;0.00000;0.00000;0.00000;0.00000;0.00000,2.1559399210359502,8791.780960325314,3.9440768594760534,273623547.169429,8.43715346865374,0.9152524245385468,1.5999535981879363,0.6434353068783378,0.21434688974607455,1.6988541383154356,4.140439450809544,0.6170464379646633,0.000741018595687533,144866.8349053096,5.16096897162567,42.435169777593224,0.6775990154102279,0.19228343532538886,0.3361308486846149,-0.7160581273925047,80.48684761781814,0.030893138784684093,2.1286840527076922,2.0731087041064096,1.8382725507873365,2.233699489149505,3.9168209911477954,0.033687715759863554,0.9815670523398052,15.981567052339805,0.14441584956308728,0.14441584956308823,0.0,dev
ok,R0050_S+02,50,2,20311909,143.19897885039714,0.3568307000895665,0.20899740439106598,61.39555624562284,2605.3308528727794,2.078865072349945,2.6555097222914816,0.41879653079097034,0.22356512241736426,0.060688707433084674,712.2497150302868,4,1.2547212593443233e-13,1.327294989477828e-13,1.1678635564124623e-13,6.800736577304791e-14,1.6903743396438203e-13,0.33952962403409825,0.33613464640165763,8.149001418101937e-12,4.759913005453248,4.140439450809544,4.758819478917962,2.7771994119292716,1.9565886764295721,2.296987272418863,465064147.64147514,2998636.7265858483,147.4006516713029,0.2650260086154241,193.07609376032175,123.66978891639806,2866369.4941421226,17866369.494142123,2832403.4871667624,211.36277015353997,211.36277015353997,211.36277015353997,206.26346088263978,5.099309270900193,465064147.6414751,465064147.64147526,0.0,1.0000000000000004,0.005888063442566635,0.0023225005854176782,0.5846676189849497,0.0,3.844930537712019e-16,351,0,0.0,0.28237685699969006,0.0,7.183141299942929e-14,0,0.05,24000000.0,False,6133630.505857877,0.53994;0.53997;0.54005;0.54017;0.54034;0.54057;0.54089;0.54133;0.54254;0.54506;0.55086;0.56815;0.58158;0.54227;0.48308;0.39877;0.13029;0.00000;0.00000;0.00000;0.00000;0.00000;0.00000;0.00000,2.1559399210359502,8791.780960325314,3.9440768594760534,273623547.169429,8.43715346865374,2.9473987099239176,4.758819478917962,0.3683577224920215,0.6392093191763801,-0.8352559150582811,4.140439450809544,0.6170464379646633,0.0023863113545536238,144866.8349053096,5.16096897162567,42.435169777593224,0.6775990154102279,0.6192127264820171,0.9997702633358986,-0.2081601263172247,144.43548979504072,0.05543844446312003,2.1286840527076922,2.0731087041064096,1.8382725507873365,2.233699489149505,3.9168209911477954,0.47692385582445657,2.8663694941421225,17.866369494142123,0.46506414764147525,0.4650641476414751,0.0,dev
ok,R0051_S+00,51,0,20312909,188.10167526358939,0.47801410531815597,0.2245404600061282,49.4041439858195,2248.9242803577717,2.6858505612831745,3.516330590164439,0.48783100856360023,0.18752975160158697,0.050480916836585274,639.7123350340859,4,2.1808149805137692e-13,2.429057817616193e-13,1.9393148470725757e-13,1.0646099773422763e-13,4.0725401606918625e-13,0.42490512076839404,0.5126344665396367,1.2000552217139086e-11,2.921667550612087,5.798203033547744,3.680888396098605,2.767017123625981,2.101351619914766,1.6838918849649605,403667029.5735663,4131823.9758828795,151.47680234868216,0.2670461371495725,203.5457144069636,133.66697501768405,4091405.2342206948,19091405.234220695,4070900.6686306037,222.7018009951295,222.7018009951295,222.7018009951295,219.5180668654649,3.1837341296646002,403667029.57356614,403667029.57356507,0.0,0.9999999999999973,0.008903488183872743,0.0034391655525126126,0.5332333863934621,0.0,2.657843042297573e-15,468,0,0.0,0.2595455310001853,0.0,8.023608811858309e-14,0,0.05,24000000.0,False,4908594.765779305,0.48452;0.48454;0.48458;0.48465;0.48474;0.48486;0.48504;0.48528;0.48593;0.48725;0.48992;0.49638;0.52285;0.52175;0.47878;0.41962;0.21356;0.00000;0.00000;0.00000;0.00000;0.00000;0.00000;0.00000,2.274392663463684,9293.002248696232,3.968156042239419,176261526.14632216,8.246157526106405,2.558287256151078,3.680888396098605,0.29492892438981827,0.630099835761349,-0.780599014568094,5.798203033547744,0.7632934188157342,0.003579983523272854,184089.41102989775,5.265028808256631,45.52096441552113,0.465630797105209,0.8756257212135992,1.259858739002479,-0.05768148966113388,149.28343303892854,0.06637992854751858,2.3911544499839015,2.2933649201238917,2.032907129756422,2.6155819734931516,4.084917828759637,0.6161418114121744,4.091405234220694,19.091405234220694,0.40366702957356504,0.40366702957356615,0.0,dev
ok,R0051_S+01,51,1,20312909,188.10167526358939,0.47801410531815597,0.2245404600061282,49.4041439858195,2248.9242803577717,2.6858505612831745,3.516330590164439,0.48783100856360023,0.18752975160158697,0.050480916836585274,639.7123350340859,4,2.1808149805137692e-13,2.429057817616193e-13,1.9393148470725757e-13,1.0646099773422763e-13,4.0725401606918625e-13,0.42490512076839404,0.5126344665396367,1.2000552217139086e-11,2.921667550612087,5.798203033547744,10.456184821729995,6.5290677640796,5.935697836389073,8.676075038658412,1246407863.354429,12769652.620912995,268.8620515270047,0.2724684102900797,353.23306902359803,235.11170859655613,12882377.031902697,27882377.031902697,12722623.005315073,388.18551334752505,388.18551334752505,388.18551334752505,374.72124213433307,13.464271213191978,1246407863.3544307,1246407863.354431,0.0,1.0000000000000002,0.027040623934378175,0.009844018879102747,0.47428856110806716,0.0,1.9128455950198493e-16,2108,0,0.0,1.4351661689997854,0.0,2.617406833133075e-14,0,0.05,24000000.0,True,-3882377.031902697,0.41491;0.41494;0.41504;0.41518;0.41537;0.41563;0.41600;0.41651;0.41692;0.41733;0.41790;0.41876;0.42024;0.42310;0.43020;0.46006;0.46058;0.38574;0.05370;0.00000;0.00000;0.00000;0.00000;0.00000,2.274392663463684,9293.002248696232,3.968156042239419,176261526.14632216,8.246157526106405,7.899256365214269,10.456184821729995,0.22711497179014437,0.5375585941420723,-0.2253515648524336,5.798203033547744,0.7632934188157342,0.01105396103020938,184089.41102989775,5.265028808256631,45.52096441552113,0.465630797105209,2.7036807673615644,3.578841411829841,0.4319554116934534,262.31919117187385,0.11664207348508088,2.3911544499839015,2.2933649201238917,2.032907129756422,2.6155819734931516,4.084917828759637,1.1061790830995453,12.882377031902697,27.882377031902696,1.2464078633544309,1.2464078633544307,0.0,dev
ok,R0051_S+02,51,2,20312909,188.10167526358939,0.47801410531815597,0.2245404600061282,49.4041439858195,2248.9242803577717,2.6858505612831745,3.516330590164439,0.48783100856360023,0.18752975160158697,0.050480916836585274,639.7123350340859,4,2.1808149805137692e-13,2.429057817616193e-13,1.9393148470725757e-13,1.0646099773422763e-13,4.0725401606918625e-13,0.42490512076839404,0.5126344665396367,1.2000552217139086e-11,2.921667550612087,5.798203033547744,0.18286823137452415,3.173610990122425,5.179809580070819,6.147316854806935,579224192.3270129,6378449.768996907,185.2774891644265,0.2784299455140053,240.6553869679115,160.40758522106665,6281304.345461186,21281304.345461186,6193593.090470012,275.2132415070291,275.2132415070291,275.2132415070291,253.1440836411189,22.069157865910228,579224192.327013,579224192.3270128,0.0,0.9999999999999996,0.013676767749733615,0.004852890380276399,0.51520620092352,0.0,4.116170944858573e-16,711,0,0.0,0.39030421400093473,0.0,3.0247356515217986e-13,0,0.05,24000000.0,False,2718695.654538814,0.45944;0.45947;0.45958;0.45973;0.45995;0.46025;0.46066;0.46124;0.46185;0.46271;0.46417;0.46698;0.47401;0.50399;0.50213;0.45444;0.37343;0.02782;0.00000;0.00000;0.00000;0.00000;0.00000;0.00000,2.274392663463684,9293.002248696232,3.968156042239419,176261526.14632216,8.246157526106405,3.6709014140936755,6.147316854806935,0.6215414339122168,0.22858685394072648,1.6247912843785806,5.798203033547744,0.7632934188157342,0.0051369393903740335,184089.41102989775,5.265028808256631,45.52096441552113,0.465630797105209,1.2564404917748513,2.104043922971002,0.09914192412173337,178.82297706398003,0.07951489457685602,2.3911544499839015,2.2933649201238917,2.032907129756422,2.6155819734931516,4.084917828759637,0.8047151397590123,6.281304345461186,21.281304345461187,0.5792241923270128,0.579224192327013,0.0,dev
ok,R0052_S+00,52,0,20313909,563.167150744008,0.7112389855647561,0.16659974852288406,63.001035570930576,1515.3463624181738,2.3133587129984887,2.538681332209492,0.22003016307567666,0.19707944128428773,0.07150848832820378,733.6489987154437,4,5.728135033535362e-13,6.242003113163256e-13,5.164062835388956e-13,2.859267795321118e-13,8.548042806374482e-13,0.39797629545367696,0.4257716946314922,3.932526601662577e-11,1.567226119879656,1.8461877873781944,1.0296310271272562,1.2910811202466501,1.4082337822810678,1.38108901323051,201575548.3920037,4002069.0374196167,102.09024308340382,0.257105489159528,123.08887178488521,80.98240187804087,4007049.1243386865,19007049.124338686,3999356.608884804,135.91877977403126,135.91877977403126,135.91877977403126,135.41809427350142,0.5006855005298405,201575548.3920038,201575548.3920042,0.0,1.000000000000002,0.0075058190168816475,0.003484320863049487,0.6489177606812524,0.0,1.9220098574982115e-15,343,0,0.0,0.2642493919993285,0.0,3.0847324371199766e-13,0,0.05,24000000.0,False,4992950.8756613135,0.60149;0.60150;0.60153;0.60157;0.60162;0.60170;0.60181;0.60196;0.60278;0.60502;0.61012;0.62825;0.64612;0.60684;0.53855;0.26215;0.00000;0.00000;0.00000;0.00000;0.00000;0.00000;0.00000;0.00000,2.750637314694646,35480.11369640287,4.549985002863219,75717405.4578012,7.879195723957036,1.277508735721371,1.4082337822810678,0.11705374812769725,0.45414799963451313,0.2751120021929212,1.8461877873781944,0.26627587376153083,0.003628722828287122,496166.46255419584,5.6956274056034815,24.052721493952276,0.19513166113437844,0.8151400232019285,0.898551756136634,-0.0887677825721561,101.87145759347982,0.06722651673569495,2.8010405786983994,2.7187081158109256,2.4619714304891547,2.9375832860984046,4.600388266866973,0.6022845761322208,4.007049124338686,19.007049124338685,0.2015755483920042,0.2015755483920038,0.0,dev
ok,R0052_S+01,52,1,20313909,563.167150744008,0.7112389855647561,0.16659974852288406,63.001035570930576,1515.3463624181738,2.3133587129984887,2.538681332209492,0.22003016307567666,0.19707944128428773,0.07150848832820378,733.6489987154437,4,5.728135033535362e-13,6.242003113163256e-13,5.164062835388956e-13,2.859267795321118e-13,8.548042806374482e-13,0.39797629545367696,0.4257716946314922,3.932526601662577e-11,1.567226119879656,1.8461877873781944,2.9764810340511128,3.2548749136448563,2.9313505387637684,2.005907909407848,440568332.0737886,8528202.254325861,150.8296593064874,0.25676802830048656,180.23096115578065,119.67764522668,8561077.07614766,23561077.07614766,8547772.89927981,199.23325086258112,199.23325086258112,199.23325086258112,198.60739867869927,0.6258521838818467,440568332.0737878,440568332.0737854,0.0,0.9999999999999946,0.016250314268129555,0.007283112928226796,0.6106348272252886,0.0,5.411614084455607e-15,666,0,0.0,0.44984319699869957,0.0,1.7082967164672532e-13,0,0.05,24000000.0,False,438922.9238523394,0.55203;0.55203;0.55205;0.55207;0.55210;0.55214;0.55220;0.55227;0.55253;0.55316;0.55438;0.55680;0.56219;0.58151;0.60792;0.55576;0.37701;0.00065;0.00000;0.00000;0.00000;0.00000;0.00000;0.00000,2.750637314694646,35480.11369640287,4.549985002863219,75717405.4578012,7.879195723957036,2.792153598966896,3.2548749136448563,0.16852359137135198,0.5579345590086435,-0.34760735405186144,1.8461877873781944,0.26627587376153083,0.0079310232653196,496166.46255419584,5.6956274056034815,24.052721493952276,0.19513166113437844,1.7815894997853274,2.0768380978073484,0.2508076444173551,150.6052924132371,0.09938671194148825,2.8010405786983994,2.7187081158109256,2.4619714304891547,2.9375832860984046,4.600388266866973,0.9308574915061456,8.56107707614766,23.56107707614766,0.44056833207378543,0.4405683320737878,0.0,dev
ok,R0052_S+02,52,2,20313909,563.167150744008,0.7112389855647561,0.16659974852288406,63.001035570930576,1515.3463624181738,2.3133587129984887,2.538681332209492,0.22003016307567666,0.19707944128428773,0.07150848832820378,733.6489987154437,4,5.728135033535362e-13,6.242003113163256e-13,5.164062835388956e-13,2.859267795321118e-13,8.548042806374482e-13,0.39797629545367696,0.4257716946314922,3.932526601662577e-11,1.567226119879656,1.8461877873781944,0.32366898395043914,3.3191193849272707,5.723500945322148,7.536813665135074,666776703.2258251,12804985.449155748,185.98803196347075,0.25797065330445684,215.8513041824205,147.27052677597226,12938556.04261288,27938556.04261288,12883330.817815386,236.95574713028395,236.95574713028395,236.95574713028395,232.81628042736148,4.139466702922476,666776703.2258229,666776703.2258242,0.0,1.000000000000002,0.02417911182240205,0.010598165741541484,0.5866606933257416,0.0,1.9666286760089216e-15,1118,0,0.0,0.6652138539993757,0.0,7.191939846149816e-13,0,0.05,24000000.0,True,-3938556.0426128805,0.52326;0.52327;0.52330;0.52335;0.52341;0.52349;0.52360;0.52376;0.52400;0.52439;0.52508;0.52633;0.52880;0.53414;0.55236;0.58406;0.51974;0.14978;0.00000;0.00000;0.00000;0.00000;0.00000;0.00000,2.750637314694646,35480.11369640287,4.549985002863219,75717405.4578012,7.879195723957036,4.225775744833733,7.536813665135074,0.6399716827310337,0.2155100382060761,1.7069397707635436,1.8461877873781944,0.26627587376153083,0.012003181257184466,496166.46255419584,5.6956274056034815,24.052721493952276,0.19513166113437844,2.6963408095560717,4.809014838084634,0.4307747848792559,185.27797860215603,0.12226774234406144,2.8010405786983994,2.7187081158109256,2.4619714304891547,2.9375832860984046,4.600388266866973,1.1073790892976187,12.93855604261288,27.93855604261288,0.6667767032258243,0.6667767032258229,0.0,dev
ok,R0053_S+00,53,0,20314909,81.10886245629237,0.10477423580151682,0.22607790439390296,41.64735629440729,2756.814529164884,1.9733488547862572,2.896646387856145,0.3193250679364485,0.2057769535648979,0.05519190104696192,681.9300094890522,4,8.230470852819005e-14,8.279509199995712e-14,8.18107512646222e-14,7.120611620110956e-14,9.186254365909186e-14,0.11873004571477275,0.1247375552475363,3.4481966959504447e-12,3.213253401513787,3.4714339808451946,0.35374919780650316,0.5087992560052585,0.612455831813215,0.6647189252303721,84405661.49861094,857064.0295632451,73.8997114109759,0.26084653136484826,97.49858604875848,62.57124260129146,776405.5379363503,15776405.53793635,751917.4015839081,106.84069037786432,106.84069037786432,106.84069037786432,104.97707198227879,1.863618395585533,84405661.49861097,84405661.49861106,0.0,1.000000000000001,0.0013230297585106222,0.0005470877170536367,0.6400585453377877,0.0,1.0592532014521e-15,197,0,0.0,0.10161076599979424,0.0,6.311921008199803e-14,0,0.05,24000000.0,False,8223594.46206365,0.62655;0.62665;0.62696;0.62739;0.62799;0.62883;0.63000;0.63163;0.63938;0.62881;0.59264;0.54404;0.48516;0.39930;0.10531;0.00000;0.00000;0.00000;0.00000;0.00000;0.00000;0.00000;0.00000;0.00000,1.9090683105068162,3377.9696933512832,3.5286557488260657,224807361.16498938,8.35181052780892,0.5349308027138372,0.6647189252303721,0.22190958915899778,0.40311216396393634,0.5813270162163818,3.4714339808451946,0.5405089103307926,0.0005505810343048774,61204.083013502684,4.786780395529304,66.19422634360801,0.5069449759529028,0.16647638261639353,0.20686788191594793,-0.7786473695264116,72.58500817374254,0.026329304131943385,1.923721190826045,1.9185269785543653,1.8582338964364662,1.9688550645600584,3.543308629145294,-0.06698673158060409,0.7764055379363504,15.77640553793635,0.08440566149861106,0.08440566149861098,0.0,dev
ok,R0053_S+01,53,1,20314909,81.10886245629237,0.10477423580151682,0.22607790439390296,41.64735629440729,2756.814529164884,1.9733488547862572,2.896646387856145,0.3193250679364485,0.2057769535648979,0.05519190104696192,681.9300094890522,4,8.230470852819005e-14,8.279509199995712e-14,8.18107512646222e-14,7.120611620110956e-14,9.186254365909186e-14,0.11873004571477275,0.1247375552475363,3.4481966959504447e-12,3.213253401513787,3.4714339808451946,13.000460781111807,12.210887162003832,8.028140433709504,0.4522205962288205,1329036843.8600597,12087475.966931704,291.38820002580525,0.25755978848301525,387.7804502693981,250.74925454141328,11825367.047153674,26825367.047153674,11267479.749015916,429.6347579769905,429.6347579769905,429.6347579769905,420.3593646671532,9.275393309837284,1329036843.8600602,1329036843.8600607,0.0,1.0000000000000004,0.023608129612730448,0.007897766626995324,0.502810872837459,0.0,3.5878400241952446e-16,2063,0,0.0,1.0244146389995876,0.0,4.6759059876064934e-14,84,0.05,24000000.0,True,-2825367.047153674,0.45144;0.45148;0.45160;0.45176;0.45200;0.45232;0.45277;0.45339;0.45409;0.45469;0.45532;0.45486;0.45486;0.45884;0.46714;0.49252;0.48792;0.41070;0.14514;0.00000;0.00000;0.00000;0.00000;0.00000,1.9090683105068162,3377.9696933512832,3.5286557488260657,224807361.16498938,8.35181052780892,8.42292724326349,13.000460781111807,0.590613892805932,0.7482953139384896,-1.489771883630937,3.4714339808451946,0.5405089103307926,0.008669353063879533,61204.083013502684,4.786780395529304,66.19422634360801,0.5069449759529028,2.621308123192335,4.045887191774915,0.4185180733453481,288.02464598885825,0.1044773389510933,1.923721190826045,1.9185269785543653,1.8582338964364662,1.9688550645600584,3.543308629145294,1.0823356236007318,11.825367047153675,26.825367047153673,1.3290368438600606,1.3290368438600602,0.0,dev
ok,R0053_S+02,53,2,20314909,81.10886245629237,0.10477423580151682,0.22607790439390296,41.64735629440729,2756.814529164884,1.9733488547862572,2.896646387856145,0.3193250679364485,0.2057769535648979,0.05519190104696192,681.9300094890522,4,8.230470852819005e-14,8.279509199995712e-14,8.18107512646222e-14,7.120611620110956e-14,9.186254365909186e-14,0.11873004571477275,0.1247375552475363,3.4481966959504447e-12,3.213253401513787,3.4714339808451946,0.3384126900792825,0.44341990721483066,0.9238665686309558,1.7797526743276582,137490618.74244934,1652096.2353561292,94.83466261396472,0.26371346166417076,126.22598292635303,79.90722817439779,1449032.289486453,16449032.289486453,1373608.8988589142,139.561657742016,139.561657742016,139.561657742016,135.6032317889389,3.9584259530770964,137490618.74244943,137490618.74244946,0.0,1.0000000000000002,0.002354334943753017,0.0008876262998818948,0.6252058717326568,0.0,2.1675895170361917e-16,245,0,0.0,0.21854541699940455,0.0,6.386069829948692e-14,0,0.05,24000000.0,False,7550967.710513547,0.58912;0.58921;0.58949;0.58988;0.59043;0.59119;0.59225;0.59372;0.59838;0.61523;0.61903;0.58132;0.52966;0.46625;0.35806;0.01845;0.00000;0.00000;0.00000;0.00000;0.00000;0.00000;0.00000;0.00000,1.9090683105068162,3377.9696933512832,3.5286557488260657,224807361.16498938,8.35181052780892,0.8713629600631818,1.7797526743276582,0.6530140400900584,0.22431312585211996,1.6541212448872802,3.4714339808451946,0.5405089103307926,0.0008968560370287614,61204.083013502684,4.786780395529304,66.19422634360801,0.5069449759529028,0.27117779122327434,0.5538787179029216,-0.5667458809706368,92.63981398498083,0.03360393418016555,1.923721190826045,1.9185269785543653,1.8582338964364662,1.9688550645600584,3.543308629145294,0.218035341572035,1.449032289486453,16.449032289486453,0.13749061874244947,0.13749061874244944,0.0,dev
ok,R0054_S+00,54,0,20315909,95.27713575874076,0.6846500069849774,0.20990340757472872,64.33594377028982,3440.0849264845183,2.9851622355316194,3.599474792806455,0.24368227206681664,0.25428411248385235,0.06163810617934205,697.1867067452185,4,1.7364413672035793e-13,1.894241574446654e-13,1.5986025915806856e-13,1.1446193160659436e-13,3.0202278268857033e-13,0.38218133049901415,0.4782497524454387,1.2186781942094519e-11,6.866340904754462,2.3720612507898866,2.7612034033194384,1.7835930862067564,1.5039672536381654,1.9223259056136652,314435573.3753467,1224853.595841643,125.17005568847961,0.2838855048762681,152.79802151504757,100.55972557708755,1258209.5561397355,16258209.556139736,1223866.94121016,178.14794826730636,178.14794826730636,178.14794826730636,156.69834318092336,21.449605086383002,314435573.37534684,314435573.3753468,0.0,0.9999999999999998,0.0021865576496365845,0.000888986524704915,0.5777822170160196,0.0,1.895607552782827e-16,270,0,0.0,0.1444537399984256,0.0,3.4779800388261784e-14,0,0.05,24000000.0,False,7741790.4438602645,0.55036;0.55041;0.55056;0.55078;0.55108;0.55149;0.55207;0.55288;0.55483;0.55974;0.57275;0.57127;0.54478;0.50966;0.46369;0.28263;0.00010;0.00000;0.00000;0.00000;0.00000;0.00000;0.00000;0.00000,1.978988692819063,6129.744448768614,3.787442369004044,502066641.0702594,8.700761366404421,1.992772412194506,2.7612034033194384,0.2351218757016807,0.5701600019293368,-0.42096001157602025,2.3720612507898866,0.37512589908371585,0.0008982996064557905,99447.3196651034,4.997593082379086,53.47065302667,0.8367253617722739,0.2902233430930658,0.40213607824328934,-0.5372676595454231,119.39690551426162,0.03470754590825621,2.2831519619586627,2.2094571104597334,2.0643776683540818,2.485756302388983,4.091605638143644,0.0880841815022715,1.2582095561397355,16.258209556139736,0.3144355733753468,0.31443557337534683,0.0,dev
ok,R0054_S+01,54,1,20315909,95.27713575874076,0.6846500069849774,0.20990340757472872,64.33594377028982,3440.0849264845183,2.9851622355316194,3.599474792806455,0.24368227206681664,0.25428411248385235,0.06163810617934205,697.1867067452185,4,1.7364413672035793e-13,1.894241574446654e-13,1.5986025915806856e-13,1.1446193160659436e-13,3.0202278268857033e-13,0.38218133049901415,0.4782497524454387,1.2186781942094519e-11,6.866340904754462,2.3720612507898866,2.806834270887258,4.261984509764609,9.262682930779485,17.808929533931888,1346737591.3358436,6284719.213095902,269.46089820758476,0.3071726358203493,327.9556269828535,209.21100649140172,7439706.152272552,22439706.152272552,6871220.944084596,380.92108646836533,380.92108646836533,380.92108646836533,316.78453988992607,64.13654657843927,1346737591.3358467,1346737591.3358474,0.0,1.0000000000000004,0.009776053625803026,0.00368048603275119,0.5292608715681476,0.0,5.311025265101689e-16,1426,0,0.0,0.8011674150002364,0.0,2.1975196096749466e-14,0,0.05,24000000.0,False,1560293.8477274477,0.47046;0.47059;0.47099;0.47156;0.47235;0.47344;0.47497;0.47709;0.47869;0.48003;0.48159;0.48360;0.48662;0.49338;0.51423;0.51246;0.47065;0.31170;0.01488;0.00000;0.00000;0.00000;0.00000;0.00000,1.978988692819063,6129.744448768614,3.787442369004044,502066641.0702594,8.700761366404421,8.53510781134081,17.808929533931888,0.6871940945254119,0.20705124460347624,1.7576925323791428,2.3720612507898866,0.37512589908371585,0.00384744587042027,99447.3196651034,4.997593082379086,53.47065302667,0.8367253617722739,1.2430358366609562,2.5936564730714795,0.09448364951031019,247.09771285736022,0.07182895717341305,2.2831519619586627,2.2094571104597334,2.0643776683540818,2.485756302388983,4.091605638143644,0.7982858791696148,7.439706152272552,22.439706152272553,1.3467375913358475,1.3467375913358466,0.0,dev
ok,R0054_S+02,54,2,20315909,95.27713575874076,0.6846500069849774,0.20990340757472872,64.33594377028982,3440.0849264845183,2.9851622355316194,3.599474792806455,0.24368227206681664,0.25428411248385235,0.06163810617934205,697.1867067452185,4,1.7364413672035793e-13,1.894241574446654e-13,1.5986025915806856e-13,1.1446193160659436e-13,3.0202278268857033e-13,0.38218133049901415,0.4782497524454387,1.2186781942094519e-11,6.866340904754462,2.3720612507898866,13.208625701726726,11.104616335033464,6.90670829839978,0.6149015918256738,1255789403.9638028,4694468.335242735,249.24798861097034,0.28185160434013856,305.2023602627944,202.0230527873121,5108724.478236347,20108724.478236347,4946253.225647785,354.69955147740615,354.69955147740615,354.69955147740615,319.8674749123613,34.83207656504487,1255789403.9638014,1255789403.9638026,0.0,1.0000000000000009,0.009041064618492736,0.0034445613330483338,0.5235494396493587,0.0,9.4927771467498e-16,1192,0,0.0,0.7194792070004041,0.0,4.4500237025075517e-14,45,0.05,24000000.0,False,3891275.5217636526,0.49233;0.49236;0.49245;0.49257;0.49275;0.49299;0.49333;0.49380;0.49423;0.49477;0.49496;0.49401;0.49621;0.50215;0.51884;0.51011;0.46630;0.29755;0.00433;0.00000;0.00000;0.00000;0.00000;0.00000,1.978988692819063,6129.744448768614,3.787442369004044,502066641.0702594,8.700761366404421,7.9587129817464115,13.208625701726726,0.6042128789634151,0.763730332169393,-1.5823819930163585,2.3720612507898866,0.37512589908371585,0.0035876192864012705,99447.3196651034,4.997593082379086,53.47065302667,0.8367253617722739,1.1590908596215428,1.9236775285335272,0.06411748107629749,238.60835209215554,0.06936118066596499,2.2831519619586627,2.2094571104597334,2.0643776683540818,2.485756302388983,4.091605638143644,0.6715864140366627,5.108724478236347,20.108724478236347,1.2557894039638027,1.2557894039638013,0.0,dev
ok,R0055_S+00,55,0,20316909,322.3882081089228,0.7506322152719895,0.10867153808247787,34.24669063312456,3989.156444716504,1.7670125366795697,3.019306728304999,0.5594828875274486,0.3370963028947707,0.05073129898327963,655.078749250011,4,5.397466282813279e-13,6.032818274644188e-13,4.95666571055569e-13,3.5308108072906157e-13,1.141718116349671e-12,0.4027463169651072,0.6012048902529878,2.0660406109759983e-11,3.1751230772176138,6.6170143332444145,7.4530166797448985,8.974701140568492,8.145410495366534,4.96514474413902,1165196257.390678,10513756.28345852,484.30692771609375,0.2669971494665709,702.4421050541496,444.8928368197435,10390399.368531555,25390399.368531555,10367353.164783806,755.1957743330266,755.1957743330266,755.1957743330266,749.9063368725233,5.289437460503336,1165196257.3906755,1165196257.390679,0.0,1.0000000000000029,0.03410643312018979,0.008638965351242374,0.3814730635679899,0.0,2.8646333922292483e-15,3752,0,0.0,2.109199215999979,0.0,8.925991324800403e-14,0,0.05,24000000.0,True,-1390399.368531555,0.32479;0.32480;0.32482;0.32485;0.32489;0.32495;0.32502;0.32513;0.32524;0.32536;0.32556;0.32590;0.32651;0.32769;0.33010;0.33558;0.35888;0.37918;0.33223;0.25510;0.06017;0.00000;0.00000;0.00000,2.508379148372252,11040.729226873658,4.042997758968204,186057180.0516088,8.269646434350163,7.384568264954736,8.974701140568492,0.20273884483035778,0.5561502457183285,-0.3369014743099714,6.6170143332444145,0.8206620753784021,0.009560027366851992,217631.51049044766,5.337721776326575,116.48297604726972,0.5017605645005834,2.3257581156274085,2.8265679541572593,0.3665645450825581,479.0550423731522,0.1200893093595373,2.7862368411163865,2.7009062277966582,2.5535910449957773,3.063275490096336,4.320855451712338,1.0217579055361363,10.390399368531554,25.390399368531554,1.165196257390679,1.1651962573906756,0.0,dev
ok,R0055_S+01,55,1,20316909,322.3882081089228,0.7506322152719895,0.10867153808247787,34.24669063312456,3989.156444716504,1.7670125366795697,3.019306728304999,0.5594828875274486,0.3370963028947707,0.05073129898327963,655.078749250011,4,5.397466282813279e-13,6.032818274644188e-13,4.95666571055569e-13,3.5308108072906157e-13,1.141718116349671e-12,0.4027463169651072,0.6012048902529878,2.0660406109759983e-11,3.1751230772176138,6.6170143332444145,1.007140422526255,0.5648550052152757,0.2669066957348585,0.11329549408500363,77008339.41994427,708721.3656449906,123.58494790269197,0.2630617725195113,181.79406115595654,114.25549724413035,704257.646244742,15704257.646244742,704003.7323806249,195.04107673998638,195.04107673998638,195.04107673998638,194.6114553591858,0.4296213808005689,77008339.41994426,77008339.4199492,0.0,1.0000000000000642,0.002149955090659103,0.0006272378188085498,0.5129355319171064,0.0,6.424220485237679e-14,206,0,0.0,0.1172818080012803,0.0,2.894506549252667e-12,0,0.05,24000000.0,False,8295742.353755258,0.48567;0.48570;0.48578;0.48590;0.48606;0.48629;0.48660;0.48704;0.49199;0.50736;0.50451;0.47164;0.42950;0.38211;0.32830;0.25282;0.03506;0.00000;0.00000;0.00000;0.00000;0.00000;0.00000;0.00000,2.508379148372252,11040.729226873658,4.042997758968204,186057180.0516088,8.269646434350163,0.4880494043903482,1.007140422526255,0.6983806028636634,0.8052440048078762,-1.8314640288472572,6.6170143332444145,0.8206620753784021,0.0006318264649932305,217631.51049044766,5.337721776326575,116.48297604726972,0.5017605645005834,0.1537103893364757,0.31719728591082536,-0.8132967773993196,123.15576734532553,0.030872634115024736,2.7862368411163865,2.7009062277966582,2.5535910449957773,3.063275490096336,4.320855451712338,-0.14952447447447223,0.704257646244742,15.704257646244741,0.07700833941994921,0.07700833941994426,0.0,dev
ok,R0055_S+02,55,2,20316909,322.3882081089228,0.7506322152719895,0.10867153808247787,34.24669063312456,3989.156444716504,1.7670125366795697,3.019306728304999,0.5594828875274486,0.3370963028947707,0.05073129898327963,655.078749250011,4,5.397466282813279e-13,6.032818274644188e-13,4.95666571055569e-13,3.5308108072906157e-13,1.141718116349671e-12,0.4027463169651072,0.6012048902529878,2.0660406109759983e-11,3.1751230772176138,6.6170143332444145,2.29366879720837,1.9488532095332316,1.8381188667451658,1.9614657688441723,317236980.7200286,3008936.4652456357,253.66148856435817,0.2690231220740901,374.9585525890533,232.0435526376329,2932969.9405392855,17932969.940539286,2926773.5597501993,404.48752232061736,404.48752232061736,404.48752232061736,400.39639957574377,4.091122744873587,317236980.7200285,317236980.720031,0.0,1.000000000000008,0.009984405113865549,0.0025273257429749615,0.4546008854742751,0.0,7.891246080089666e-15,514,0,0.0,0.29622169499998563,0.0,2.8639511250949403e-13,0,0.05,24000000.0,False,6067030.059460714,0.40501;0.40502;0.40504;0.40507;0.40512;0.40518;0.40527;0.40539;0.40577;0.40653;0.40804;0.41132;0.42121;0.44959;0.43386;0.38836;0.33488;0.26392;0.08164;0.00000;0.00000;0.00000;0.00000;0.00000,2.508379148372252,11040.729226873658,4.042997758968204,186057180.0516088,8.269646434350163,2.0105266605827348,2.29366879720837,0.0847392662130435,0.5275386407350525,-0.1652318444103154,6.6170143332444145,0.8206620753784021,0.002602818364910099,217631.51049044766,5.337721776326575,116.48297604726972,0.5017605645005834,0.6332121973503388,0.7223873662303291,-0.1984507280627989,249.96418039791897,0.06266091186496023,2.7862368411163865,2.7009062277966582,2.5535910449957773,3.063275490096336,4.320855451712338,0.4784130175557857,2.9329699405392855,17.932969940539287,0.31723698072003104,0.31723698072002854,0.0,dev
ok,R0056_S+00,56,0,20317909,81.69413230540201,0.1592453068604735,0.18847996064349476,22.671748768264642,3954.156214001677,2.2064582198839764,3.841354229390448,0.5776027941552797,0.285001372813825,0.06753925518644129,755.9205320648766,4,7.226723317013523e-14,7.233037483196321e-14,7.220353944545558e-14,6.780691509400793e-14,7.627585970029953e-14,0.047226725714252016,0.04802667988461385,1.6398560865046816e-12,2.7647683991709893,5.131262930520754,0.14983491897383835,0.6547925169607313,0.9260354806228753,0.9635638099602704,106279161.68094432,1442261.3185101135,122.86328538376854,0.2584770746263957,174.77016277330003,111.72425198837368,1226235.3745862283,16226235.374586228,1147527.5482372083,191.08765798247876,191.08765798247876,191.08765798247876,187.79204257107165,3.2956154114071126,106279161.68094434,106279161.68094432,0.0,0.9999999999999999,0.0021694755810948985,0.0006646653255114915,0.4997496166233958,0.0,1.4020774118054987e-16,227,0,0.0,0.14588139199986472,0.0,8.218411033808757e-14,0,0.05,24000000.0,False,7773764.625413772,0.47183;0.47191;0.47216;0.47250;0.47298;0.47366;0.47459;0.47589;0.47834;0.48384;0.49847;0.48831;0.45497;0.41546;0.36933;0.29281;0.00865;0.00000;0.00000;0.00000;0.00000;0.00000;0.00000;0.00000,1.9121908643794228,1852.1488434694468,3.2676758847757124,209897719.87966537,8.322007720864164,0.6735566816294288,0.9635638099602704,0.48250536746717676,0.2986487469725867,1.2081075181644798,5.131262930520754,0.7102242688648287,0.0006698294801630353,27423.293880819572,4.438119617789352,174.40896396737637,0.44165875691566325,0.2436213759645812,0.34851519941026277,-0.6132846082551984,121.02730077054791,0.030607617458812054,1.8650373134799363,1.8642750851422403,1.8369905841715073,1.8881037090142994,3.2205223338762257,0.15904395587923348,1.2262353745862282,16.226235374586228,0.10627916168094433,0.10627916168094434,0.0,dev
ok,R0056_S+01,56,1,20317909,81.69413230540201,0.1592453068604735,0.18847996064349476,22.671748768264642,3954.156214001677,2.2064582198839764,3.841354229390448,0.5776027941552797,0.285001372813825,0.06753925518644129,755.9205320648766,4,7.226723317013523e-14,7.233037483196321e-14,7.220353944545558e-14,6.780691509400793e-14,7.627585970029953e-14,0.047226725714252016,0.04802667988461385,1.6398560865046816e-12,2.7647683991709893,5.131262930520754,5.553305315588027,7.222070778640858,8.148416225954051,8.33234165752761,1154066717.018748,13844797.491687791,404.3960022067918,0.25787467419874643,574.6226283587262,372.1864709350318,13857963.60699432,28857963.60699432,12494637.861679666,630.0268662315316,630.0268662315316,630.0268662315316,604.3760418972104,25.650824334321214,1154066717.0187495,1154066717.018749,0.0,0.9999999999999996,0.025223944841547007,0.006719096027499077,0.4009349481019671,0.0,4.1317988914446626e-16,3958,0,0.0,2.0876065160009603,0.0,4.84070600799352e-15,0,0.05,24000000.0,True,-4857963.60699432,0.34244;0.34256;0.34297;0.34354;0.34434;0.34545;0.34699;0.34914;0.35098;0.35224;0.35357;0.35501;0.35671;0.35891;0.36219;0.36851;0.38927;0.39278;0.34331;0.18392;0.00007;0.00000;0.00000;0.00000,1.9121908643794228,1852.1488434694468,3.2676758847757124,209897719.87966537,8.322007720864164,7.314033494427637,8.33234165752761,0.15042326080630358,0.4366734204854988,0.3799594770870076,5.131262930520754,0.7102242688648287,0.007273560469500123,27423.293880819572,4.438119617789352,174.40896396737637,0.44165875691566325,2.6454416567480794,3.013757557423634,0.42249818793128846,398.8179947810157,0.10086045497363007,1.8650373134799363,1.8642750851422403,1.8369905841715073,1.8881037090142994,3.2205223338762257,1.141286607688257,13.85796360699432,28.85796360699432,1.154066717018749,1.1540667170187495,0.0,dev
ok,R0056_S+02,56,2,20317909,81.69413230540201,0.1592453068604735,0.18847996064349476,22.671748768264642,3954.156214001677,2.2064582198839764,3.841354229390448,0.5776027941552797,0.285001372813825,0.06753925518644129,755.9205320648766,4,7.226723317013523e-14,7.233037483196321e-14,7.220353944545558e-14,6.780691509400793e-14,7.627585970029953e-14,0.047226725714252016,0.04802667988461385,1.6398560865046816e-12,2.7647683991709893,5.131262930520754,3.444585127391455,2.6576161676975816,1.8248676880844732,0.9463396885521299,350029351.8735613,3604588.0007694364,222.0136250962529,0.25625992451112917,319.09480192469016,203.7664757513349,3183494.253735386,18183494.253735386,2992862.185471177,348.27312781775316,348.27312781775316,348.27312781775316,343.1902996439208,5.082828173832354,350029351.87356156,350029351.8735614,0.0,0.9999999999999994,0.0073974827152474875,0.0021512691032699624,0.44649253810303574,0.0,5.108541137166219e-16,602,0,0.0,0.41417837100016186,0.0,2.7366952796097714e-14,0,0.05,24000000.0,False,5816505.746264614,0.42497;0.42501;0.42513;0.42530;0.42554;0.42587;0.42632;0.42696;0.42764;0.42859;0.43007;0.43068;0.43361;0.44333;0.43948;0.40582;0.35715;0.25424;0.00106;0.00000;0.00000;0.00000;0.00000;0.00000,1.9121908643794228,1852.1488434694468,3.2676758847757124,209897719.87966537,8.322007720864164,2.21835216793141,3.444585127391455,0.4198262336460692,0.6876952838353068,-1.1261717030118408,5.131262930520754,0.7102242688648287,0.002206076667325746,27423.293880819572,4.438119617789352,174.40896396737637,0.44165875691566325,0.8023645555977054,1.2458855969361873,-0.09562826449452402,219.64004264481142,0.05554662758822362,1.8650373134799363,1.8642750851422403,1.8369905841715073,1.8881037090142994,3.2205223338762257,0.5568556326566528,3.1834942537353856,18.183494253735386,0.3500293518735614,0.35002935187356155,0.0,dev
ok,R0057_S+00,57,0,20318909,808.0352897707153,0.12675018767923768,0.12855808712331881,42.523001697747404,2869.269832930603,1.7212673085478034,3.834965069803327,0.28933596221891733,0.31777146846391985,0.055767429089684115,616.1999301680704,4,7.942817390128262e-13,8.041441856243837e-13,7.850179913199332e-13,6.566867088245814e-13,1.012406398687114e-12,0.16416486380556805,0.18582017919149887,3.419462457053937e-11,2.4302989363728975,3.112956436492126,0.9720027133958767,1.9803767104486898,3.7927837115164245,6.40922371659908,518901098.149269,6687916.316210327,269.3132925520055,0.25596049575728963,372.86560600165774,243.9488702682026,6683403.087230612,21683403.08723061,6636163.535596382,401.77495644553073,401.77495644553073,401.77495644553073,399.57559590279834,2.199360542732393,518901098.14926934,518901098.1492692,0.0,0.9999999999999998,0.017196739482826767,0.005580052687790352,0.42441933203951115,0.0,2.297341246259783e-16,1143,0,0.0,0.6803897219997452,0.0,2.499126934661963e-13,0,0.05,24000000.0,False,2316596.9127693884,0.37258;0.37259;0.37262;0.37267;0.37274;0.37283;0.37296;0.37314;0.37336;0.37369;0.37428;0.37536;0.37752;0.38269;0.40539;0.41792;0.37698;0.31169;0.10180;0.00000;0.00000;0.00000;0.00000;0.00000,2.907430328371134,34360.08599875994,4.536054242142329,141389113.89081106,8.150415972691782,3.288596712990018,6.40922371659908,0.6281788797139749,0.22444067192722453,1.6533559684366526,3.112956436492126,0.4931730430970791,0.005955894172003879,616131.7916144691,5.78967361841282,67.47571239973396,0.3856596968214731,1.3531655154727953,2.637216196195409,0.13135092154965067,268.0895831074034,0.09343477564589427,2.9110505238872535,2.9005962079409775,2.823074824131557,3.0110714791227093,4.539674437658448,0.8252908302749409,6.683403087230611,21.683403087230612,0.5189010981492692,0.5189010981492693,0.0,dev
ok,R0057_S+01,57,1,20318909,808.0352897707153,0.12675018767923768,0.12855808712331881,42.523001697747404,2869.269832930603,1.7212673085478034,3.834965069803327,0.28933596221891733,0.31777146846391985,0.055767429089684115,616.1999301680704,4,7.942817390128262e-13,8.041441856243837e-13,7.850179913199332e-13,6.566867088245814e-13,1.012406398687114e-12,0.16416486380556805,0.18582017919149887,3.419462457053937e-11,2.4302989363728975,3.112956436492126,1.3575641850787394,1.1843198580992989,1.1667044477121105,1.3047179539171738,197759899.32831445,2547280.094407466,165.8931519548625,0.2548359173028495,234.9656502539192,150.45231979907075,2538817.6122523844,17538817.612252384,2531115.718893908,253.569680593391,253.569680593391,253.569680593391,253.03275792968557,0.5369226637054396,197759899.32831445,197759899.3283156,0.0,1.0000000000000058,0.0071999145227821595,0.0022121713497561557,0.46827769463056756,0.0,5.726581852938256e-15,355,0,0.0,0.19304369000019506,0.0,2.689304612298063e-13,0,0.05,24000000.0,False,6461182.387747616,0.42518;0.42518;0.42521;0.42524;0.42529;0.42535;0.42544;0.42557;0.42622;0.42768;0.43093;0.44187;0.46791;0.44403;0.40308;0.35259;0.26267;0.00929;0.00000;0.00000;0.00000;0.00000;0.00000;0.00000,2.907430328371134,34360.08599875994,4.536054242142329,141389113.89081106,8.150415972691782,1.2533266112018306,1.3575641850787394,0.0640440422716177,0.5070274620477008,-0.04216477228620455,3.112956436492126,0.4931730430970791,0.0022698680655456253,616131.7916144691,5.78967361841282,67.47571239973396,0.3856596968214731,0.5157088259571719,0.5585996705017852,-0.28759543591595893,165.50333923341944,0.05768134364148607,2.9110505238872535,2.9005962079409775,2.823074824131557,3.0110714791227093,4.539674437658448,0.4060767018413064,2.5388176122523842,17.538817612252384,0.19775989932831559,0.19775989932831445,0.0,dev
ok,R0057_S+02,57,2,20318909,808.0352897707153,0.12675018767923768,0.12855808712331881,42.523001697747404,2869.269832930603,1.7212673085478034,3.834965069803327,0.28933596221891733,0.31777146846391985,0.055767429089684115,616.1999301680704,4,7.942817390128262e-13,8.041441856243837e-13,7.850179913199332e-13,6.566867088245814e-13,1.012406398687114e-12,0.16416486380556805,0.18582017919149887,3.419462457053937e-11,2.4302989363728975,3.112956436492126,1.012781694762017,1.4845458051294014,1.583638477420262,1.3100597116345991,212659790.3518639,2732906.8373959376,172.00306472316174,0.25475865208079373,240.91417769106056,156.1332211746654,2724845.362344824,17724845.362344824,2716993.879008159,259.3740844801742,259.3740844801742,259.3740844801742,258.7535063699186,0.6205781102555648,212659790.35186368,212659790.35186523,0.0,1.0000000000000073,0.0071999145227821595,0.002374346753007246,0.4633920277134022,0.0,7.287323859371871e-15,361,0,0.0,0.20079173699923558,0.0,2.571330548784429e-13,0,0.05,24000000.0,False,6275154.637655176,0.42145;0.42146;0.42148;0.42151;0.42155;0.42161;0.42169;0.42181;0.42239;0.42366;0.42643;0.43436;0.46276;0.44776;0.40795;0.35886;0.27834;0.02493;0.00000;0.00000;0.00000;0.00000;0.00000;0.00000,2.907430328371134,34360.08599875994,4.536054242142329,141389113.89081106,8.150415972691782,1.3477564222365699,1.583638477420262,0.16084787537570278,0.4632379150060295,0.22057250996382294,3.112956436492126,0.4931730430970791,0.0024408875034060613,616131.7916144691,5.78967361841282,67.47571239973396,0.3856596968214731,0.5545640505640966,0.6516229150738819,-0.25604828684555647,171.62491500280797,0.05981483966166905,2.9110505238872535,2.9005962079409775,2.823074824131557,3.0110714791227093,4.539674437658448,0.4366248271941313,2.7248453623448237,17.724845362344823,0.21265979035186522,0.2126597903518637,0.0,dev
ok,R0058_S+00,58,0,20319909,90.3067384157784,0.5595691593074409,0.24134797399064284,21.060766177444727,2757.185498245919,1.605660095603562,3.680800205706092,0.25838123203363617,0.20281191853126593,0.06794406739445098,767.8238980429869,4,7.697711886395576e-14,8.156260573814086e-14,7.134263607264565e-14,4.076346202624227e-14,9.751630673689709e-14,0.34571426875329603,0.3341695512797621,1.717770968274096e-12,1.9751113214932572,2.281711195182921,2.0138338465588674,2.511198598380936,2.8768448695111717,3.110772659949572,414692503.5401784,7051112.53021744,214.7620221196514,0.2756376436487476,295.7800833417654,184.7751878393577,7202210.952975802,22202210.952975802,6738017.479653951,327.8311315875435,327.8311315875435,327.8311315875435,276.36367721542973,51.467454372113764,414692503.5401773,414692503.54017776,0.0,1.000000000000001,0.012466704764708016,0.004230162725792786,0.5208216338558253,0.0,1.149857193299678e-15,840,0,0.0,0.4618276059991331,0.0,8.884349442539826e-15,0,0.05,24000000.0,False,1797789.0470241979,0.45422;0.45434;0.45472;0.45524;0.45598;0.45699;0.45841;0.46038;0.46193;0.46346;0.46552;0.46871;0.47493;0.49355;0.50912;0.46790;0.39059;0.18300;0.00096;0.00000;0.00000;0.00000;0.00000;0.00000,1.9557201572637266,1901.929102022374,3.279194323761047,121394683.69572483,8.084199667858133,2.628162493600137,3.110772659949572,0.1575534242319155,0.4304368980189346,0.4173786118863924,2.281711195182921,0.3582606732654068,0.004449025465954751,27992.570579866482,4.447042781902758,130.9157261903776,0.29559157841704237,1.3306401846824254,1.5749859899530692,0.12406063478890539,205.9766700981187,0.07470540891396608,1.9172076898072725,1.8590657500172163,1.6159876591428508,1.9947938425292477,3.240681856304593,0.8482576457311491,7.202210952975802,22.2022109529758,0.4146925035401778,0.4146925035401773,0.0,dev
ok,R0058_S+01,58,1,20319909,90.3067384157784,0.5595691593074409,0.24134797399064284,21.060766177444727,2757.185498245919,1.605660095603562,3.680800205706092,0.25838123203363617,0.20281191853126593,0.06794406739445098,767.8238980429869,4,7.697711886395576e-14,8.156260573814086e-14,7.134263607264565e-14,4.076346202624227e-14,9.751630673689709e-14,0.34571426875329603,0.3341695512797621,1.717770968274096e-12,1.9751113214932572,2.281711195182921,0.6891615024452363,0.38705567559406623,0.18143135583457468,0.07228854316676196,52462027.87802209,795297.3909733957,75.21661712839956,0.2672589541744727,103.46844694105066,65.4152667180146,748223.8238351587,15748223.823835159,711029.4712473173,116.37759585034674,116.37759585034674,116.37759585034674,104.04052890068293,12.337066949663807,52462027.878022105,52462027.878022246,0.0,1.0000000000000027,0.001658388547410254,0.0005591660443445621,0.596631414422034,0.0,2.6983522571924225e-15,220,0,0.0,0.1501168629984022,0.0,1.1947871172890606e-13,0,0.05,24000000.0,False,8251776.176164841,0.59061;0.59065;0.59075;0.59090;0.59110;0.59138;0.59177;0.59232;0.59576;0.58997;0.56054;0.51666;0.46260;0.38554;0.14619;0.00005;0.00000;0.00000;0.00000;0.00000;0.00000;0.00000;0.00000;0.00000,1.9557201572637266,1901.929102022374,3.279194323761047,121394683.69572483,8.084199667858133,0.3324842692601598,0.6891615024452363,0.7065051049129305,0.8092241329447623,-1.8553447976685726,2.281711195182921,0.3582606732654068,0.0005628384791921719,27992.570579866482,4.447042781902758,130.9157261903776,0.29559157841704237,0.16833697708177248,0.3489228657371093,-0.773820475951216,73.26178189820156,0.02657121979816361,1.9172076898072725,1.8590657500172163,1.6159876591428508,1.9947938425292477,3.240681856304593,-0.09947044227717745,0.7482238238351587,15.74822382383516,0.05246202787802225,0.05246202787802211,0.0,dev
ok,R0058_S+02,58,2,20319909,90.3067384157784,0.5595691593074409,0.24134797399064284,21.060766177444727,2757.185498245919,1.605660095603562,3.680800205706092,0.25838123203363617,0.20281191853126593,0.06794406739445098,767.8238980429869,4,7.697711886395576e-14,8.156260573814086e-14,7.134263607264565e-14,4.076346202624227e-14,9.751630673689709e-14,0.34571426875329603,0.3341695512797621,1.717770968274096e-12,1.9751113214932572,2.281711195182921,0.3611022192920134,0.5062381706593182,0.5409221719741102,0.4651542232363894,73900671.92427877,1214153.9871109775,90.45682701987626,0.2743999682379902,124.83974079497513,77.60226891443273,1177032.420629125,16177032.420629125,1129218.702229796,138.4612350532813,138.4612350532813,138.4612350532813,118.6472155400103,19.81401951327102,73900671.9242788,73900671.92427881,0.0,1.0000000000000002,0.0022122723217061456,0.0007855218260815378,0.594053162038867,0.0,2.0163769565066885e-16,202,0,0.0,0.107612235000488,0.0,3.2851605965389934e-14,0,0.05,24000000.0,False,7822967.579370875,0.56705;0.56714;0.56742;0.56781;0.56836;0.56912;0.57018;0.57165;0.57755;0.59056;0.57953;0.54097;0.49152;0.42925;0.30288;0.01440;0.00000;0.00000;0.00000;0.00000;0.00000;0.00000;0.00000;0.00000,1.9557201572637266,1901.929102022374,3.279194323761047,121394683.69572483,8.084199667858133,0.4683541962904578,0.5409221719741102,0.14408030168017574,0.46297246657604185,0.22216520054374905,2.281711195182921,0.3582606732654068,0.0007928428137366326,27992.570579866482,4.447042781902758,130.9157261903776,0.29559157841704237,0.23712799941644036,0.27386920731392145,-0.6250171627062521,86.95191158392525,0.03153647501745631,1.9172076898072725,1.8590657500172163,1.6159876591428508,1.9947938425292477,3.240681856304593,0.08427377035669167,1.1770324206291252,16.177032420629125,0.07390067192427881,0.0739006719242788,0.0,dev
ok,R0059_S+00,59,0,20320909,138.18486994864367,0.15806199283331412,0.1720240405410823,62.37100507799782,1200.016612449234,2.692427795417184,2.3242915359435274,0.2965803174006905,0.2587950423787723,0.05513559325272095,714.3757692270244,4,1.4680642974927863e-13,1.477536595403805e-13,1.458683530819626e-13,1.2881393226831175e-13,1.6865530005644987e-13,0.12276547663505855,0.13082935547361332,9.215544249485833e-12,0.9620469476262364,3.227464872369583,0.39902918648493635,0.776544152998412,1.2395032404706197,1.7879064489015595,165795071.539264,5398661.670983349,96.6410564646264,0.2534421537904141,114.63262241415714,77.22938670697592,5364530.901391145,20364530.901391145,5326785.652690209,125.39103249185318,125.39103249185318,125.39103249185318,123.77996857494789,1.6110639169052945,165795071.53926393,165795071.53926438,0.0,1.0000000000000027,0.010741221589524157,0.004534874534565833,0.5805075740903474,0.0,2.6963095565211777e-15,346,0,0.0,0.2800111600008677,0.0,1.760514526231372e-13,0,0.05,24000000.0,False,3635469.098608855,0.53034;0.53036;0.53040;0.53046;0.53054;0.53066;0.53081;0.53102;0.53157;0.53331;0.53683;0.54657;0.57854;0.56127;0.50921;0.38818;0.00430;0.00000;0.00000;0.00000;0.00000;0.00000;0.00000;0.00000,2.1404604941414345,8618.729225269322,3.935443236690423,48539609.263769664,7.686096276007623,1.0507457572138819,1.7879064489015595,0.49428141706662904,0.2796997588171221,1.3218014470972674,3.227464872369583,0.5088615241161268,0.0047813289653529465,156318.7900375768,5.194011184795646,19.2399755455048,-0.01680373399387754,1.0921980053120086,1.8584399163814784,0.03830137904554287,96.38121860783367,0.08031657029407252,2.1752548439939545,2.1696776773734796,2.1156794357910975,2.232716591374803,3.9702375865429427,0.732286111499947,5.364530901391145,20.364530901391145,0.16579507153926437,0.16579507153926393,0.0,dev
ok,R0059_S+01,59,1,20320909,138.18486994864367,0.15806199283331412,0.1720240405410823,62.37100507799782,1200.016612449234,2.692427795417184,2.3242915359435274,0.2965803174006905,0.2587950423787723,0.05513559325272095,714.3757692270244,4,1.4680642974927863e-13,1.477536595403805e-13,1.458683530819626e-13,1.2881393226831175e-13,1.6865530005644987e-13,0.12276547663505855,0.13082935547361332,9.215544249485833e-12,0.9620469476262364,3.227464872369583,0.1894540710146838,0.13990718965177906,0.1665384042631049,0.2693477148486613,30186713.390111804,995396.8882280608,41.21410934428564,0.2531646918932091,49.10376527860694,33.11146939006131,985761.1695548408,15985761.16955484,982073.524493916,55.21558231541366,55.21558231541366,55.21558231541366,54.8817744239717,0.333807891441964,30186713.390111793,30186713.390111268,0.0,0.9999999999999826,0.002159594310437403,0.0008618711493141694,0.6232561644217853,0.0,1.7400567106957405e-14,187,0,0.0,0.09407851300056791,0.0,4.82979936863948e-13,0,0.05,24000000.0,False,8014238.830445159,0.62257;0.62257;0.62261;0.62265;0.62272;0.62280;0.62292;0.62308;0.62178;0.60431;0.57006;0.52405;0.45056;0.05055;0.00000;0.00000;0.00000;0.00000;0.00000;0.00000;0.00000;0.00000;0.00000;0.00000,2.1404604941414345,8618.729225269322,3.935443236690423,48539609.263769664,7.686096276007623,0.19131184494455727,0.2693477148486613,0.2527060317318124,0.43039841673409285,0.41760949959544286,3.227464872369583,0.5088615241161268,0.0008705482362107971,156318.7900375768,5.194011184795646,19.2399755455048,-0.01680373399387754,0.19885915694301812,0.2799735662726776,-0.7014544060948396,41.12581527706554,0.03427103829265143,2.1752548439939545,2.1696776773734796,2.1156794357910975,2.232716591374803,3.9702375865429427,-0.0020037212647850116,0.9857611695548407,15.985761169554841,0.030186713390111267,0.030186713390111794,0.0,dev
ok,R0059_S+02,59,2,20320909,138.18486994864367,0.15806199283331412,0.1720240405410823,62.37100507799782,1200.016612449234,2.692427795417184,2.3242915359435274,0.2965803174006905,0.2587950423787723,0.05513559325272095,714.3757692270244,4,1.4680642974927863e-13,1.477536595403805e-13,1.458683530819626e-13,1.2881393226831175e-13,1.6865530005644987e-13,0.12276547663505855,0.13082935547361332,9.215544249485833e-12,0.9620469476262364,3.227464872369583,0.1267971838924294,0.1493399187723412,0.17185330863161893,0.19433735347026268,25337903.33675013,832266.3851843433,37.747805164520514,0.253011268352876,46.053838709588156,30.393640880952873,825436.408854764,15825436.408854764,822782.826442726,50.72160434212846,50.72160434212846,50.72160434212846,50.64374475900295,0.07785958312550889,25337903.336750124,25337903.33674994,0.0,0.9999999999999928,0.0016894537713901016,0.0007245873655026227,0.6237002636493494,0.0,7.204196108834258e-15,181,0,0.0,0.09099630499986233,0.0,4.303366540877931e-13,0,0.05,24000000.0,False,8174563.591145236,0.62363;0.62360;0.62352;0.62340;0.62323;0.62301;0.62271;0.62229;0.61819;0.59500;0.55763;0.50776;0.40470;0.00049;0.00000;0.00000;0.00000;0.00000;0.00000;0.00000;0.00000;0.00000;0.00000;0.00000,2.1404604941414345,8618.729225269322,3.935443236690423,48539609.263769664,7.686096276007623,0.16058194119166305,0.19433735347026268,0.15674701124114812,0.42990061742868446,0.42059629542789323,3.227464872369583,0.5088615241161268,0.0007307144296905454,156318.7900375768,5.194011184795646,19.2399755455048,-0.01680373399387754,0.16691694889514946,0.20200402272443405,-0.7774995624345133,37.67835575061567,0.031398195124744274,2.1752548439939545,2.1696776773734796,2.1156794357910975,2.232716591374803,3.9702375865429427,-0.07973764594588556,0.825436408854764,15.825436408854763,0.025337903336749942,0.025337903336750123,0.0,dev
ok,R0060_S+00,60,0,20321909,53.80722789309199,0.22168528788980602,0.10856102505688865,66.11755588342686,3104.5887621360835,1.8727989891120251,2.757667170067638,0.20533928688880837,0.28602834175760505,0.04769140307232843,711.9010635747788,4,5.365066775130984e-14,5.490018578706082e-14,5.2547608486376996e-14,4.318535665455995e-14,7.534190123168521e-14,0.21500983626351866,0.2593718359979646,3.629866101786511e-12,3.3052380097657084,2.583349706579934,1.5800252777752843,1.6294002623580404,2.3674978087305827,3.79431791689291,369667354.21030915,3950606.00153757,189.99924776853211,0.28551744792166567,238.1455907439774,150.55375613236012,3720086.1998426244,18720086.199842624,3541371.5164066963,267.34289530002457,267.34289530002457,267.34289530002457,250.28681072442254,17.05608457560203,369667354.21030915,369667354.21030915,0.0,1.0,0.006721767271759101,0.0023249779464722706,0.5517184760810648,0.0,0.0,444,0,0.0,0.2534590470004332,0.0,2.6081364954212757e-14,0,0.05,24000000.0,False,5279913.800157376,0.50079;0.50087;0.50113;0.50148;0.50198;0.50266;0.50362;0.50495;0.50620;0.50781;0.51046;0.51595;0.53677;0.54450;0.50231;0.44082;0.32172;0.00493;0.00000;0.00000;0.00000;0.00000;0.00000;0.00000,1.7308406181058669,3557.6023971537943,3.55115740907364,217344553.3524539,8.337148761257415,2.3428103164392042,3.79431791689291,0.38167264090784603,0.3424760337630826,0.9451437974215045,2.583349706579934,0.4121832003497892,0.0023891460328919418,74596.3039032079,4.872717309587846,46.955588733646536,0.5192027384377252,0.7088174314579162,1.1479711614359265,-0.1494656106852027,179.59115477502405,0.057847002786758146,1.74529041191048,1.726269553244559,1.6410531084200912,1.8827531730717693,3.5656072028782533,0.5966637191548975,3.7200861998426245,18.720086199842623,0.36966735421030916,0.36966735421030916,0.0,dev
ok,R0060_S+01,60,1,20321909,53.80722789309199,0.22168528788980602,0.10856102505688865,66.11755588342686,3104.5887621360835,1.8727989891120251,2.757667170067638,0.20533928688880837,0.28602834175760505,0.04769140307232843,711.9010635747788,4,5.365066775130984e-14,5.490018578706082e-14,5.2547608486376996e-14,4.318535665455995e-14,7.534190123168521e-14,0.21500983626351866,0.2593718359979646,3.629866101786511e-12,3.3052380097657084,2.583349706579934,0.3422009814084305,0.6668254999307321,1.3173944936502033,2.293907962566844,182258115.5997798,2103282.920363998,134.59315635197,0.29060231474780834,163.35605834071765,105.72685364476187,1927403.6627572328,16927403.662757233,1832499.6295173243,193.30821763379606,193.30821763379606,193.30821763379606,172.1157523320765,21.19246530171955,182258115.59977958,182258115.59977984,0.0,1.0000000000000016,0.0032607096529563362,0.001162015368468036,0.5775165646604138,0.0,1.4716540912682529e-15,297,0,0.0,0.17369615899951896,0.0,7.431972314101132e-14,0,0.05,24000000.0,False,7072596.337242767,0.53788;0.53795;0.53820;0.53854;0.53902;0.53968;0.54060;0.54188;0.54385;0.54750;0.55909;0.57436;0.54620;0.49877;0.43628;0.30272;0.01313;0.00000;0.00000;0.00000;0.00000;0.00000;0.00000;0.00000,1.7308406181058669,3557.6023971537943,3.55115740907364,217344553.3524539,8.337148761257415,1.1550822343890526,2.293907962566844,0.6453155208709631,0.2183884513367263,1.689669291979642,2.583349706579934,0.4121832003497892,0.0011779272605171567,74596.3039032079,4.872717309587846,46.955588733646536,0.5192027384377252,0.3494702139380669,0.694022020740784,-0.45658983414890664,126.10224873357134,0.04061802009706685,1.74529041191048,1.726269553244559,1.6410531084200912,1.8827531730717693,3.5656072028782533,0.3228976951725941,1.9274036627572328,16.927403662757232,0.18225811559977984,0.18225811559977959,0.0,dev
ok,R0060_S+02,60,2,20321909,53.80722789309199,0.22168528788980602,0.10856102505688865,66.11755588342686,3104.5887621360835,1.8727989891120251,2.757667170067638,0.20533928688880837,0.28602834175760505,0.04769140307232843,711.9010635747788,4,5.365066775130984e-14,5.490018578706082e-14,5.2547608486376996e-14,4.318535665455995e-14,7.534190123168521e-14,0.21500983626351866,0.2593718359979646,3.629866101786511e-12,3.3052380097657084,2.583349706579934,8.30474775647827,7.646454447122462,6.5965182874852895,5.154939277566755,1092786819.894046,9393859.491780747,320.5810835665028,0.2749668419938879,394.33203504878935,259.9751233207414,9320791.094924338,24320791.09492434,9042115.386459995,456.7897750160933,456.7897750160933,456.7897750160933,419.7497080618871,37.040066954206225,1092786819.8940446,1092786819.894045,0.0,1.0000000000000004,0.019058243583754773,0.0065395133162717565,0.49394891465309465,0.0,4.363496608143193e-16,1917,0,0.0,1.1907993029999488,0.0,9.702448962624348e-15,0,0.05,24000000.0,True,-320791.09492433816,0.44108;0.44114;0.44133;0.44160;0.44197;0.44248;0.44320;0.44420;0.44496;0.44566;0.44654;0.44779;0.44981;0.45348;0.46146;0.48559;0.47715;0.40908;0.19955;0.00004;0.00000;0.00000;0.00000;0.00000,1.7308406181058669,3557.6023971537943,3.55115740907364,217344553.3524539,8.337148761257415,6.925664942163194,8.30474775647827,0.17183699933948898,0.5758003865625377,-0.45480231937522647,2.583349706579934,0.4121832003497892,0.0070626396023629485,74596.3039032079,4.872717309587846,46.955588733646536,0.5192027384377252,2.0953604314426117,2.5126020371122837,0.32125873848269,308.77854580738114,0.09945875910306681,1.74529041191048,1.726269553244559,1.6410531084200912,1.8827531730717693,3.5656072028782533,0.9728440599561669,9.320791094924338,24.32079109492434,1.0927868198940451,1.0927868198940447,0.0,dev
ok,R0061_S+00,61,0,20322909,232.73952789629206,0.7086314566523398,0.1354652343610577,74.8155996606403,1285.1369724584308,1.6321842283646388,2.2827207783876315,0.5927489808392525,0.18447828949304626,0.051947544880898006,603.828747449769,4,1.901613490527158e-13,4.0492529592756e-13,1.0274331122059323e-13,4.140626855974636e-14,1.2156853496173369e-12,0.7654924212207488,1.3551116239562,3.029472883258264e-11,0.8921031012333756,6.846317555891459,0.2619018819022937,0.3287817398907113,0.33295207011962097,0.2744128725890226,47259421.72389653,1682130.3792041265,55.52019394786385,0.2841243998619543,80.60358774845663,49.73861343727373,1660024.6208069082,16660024.620806908,1659753.1388407107,87.12946699291007,87.12946699291007,87.12946699291007,86.27483469019317,0.8546323027168938,47259421.72389655,47259421.72389367,0.0,0.9999999999999392,0.004175139975535273,0.0014632347960151163,0.6195647923968151,0.0,6.085398435923725e-14,197,0,0.0,0.1705759129999933,0.0,2.015098894796985e-12,0,0.05,24000000.0,False,7339975.379193092,0.60371;0.60379;0.60408;0.60447;0.60501;0.60574;0.60674;0.60810;0.61512;0.61187;0.56874;0.50442;0.42966;0.34109;0.16788;0.00000;0.00000;0.00000;0.00000;0.00000;0.00000;0.00000;0.00000;0.00000,2.366870149033957,17412.547344295413,4.240862310269826,52585828.75673125,7.720868722823712,0.29951214112541213,0.33295207011962097,0.10583724280626432,0.4930381282487586,0.041771230507448034,6.846317555891459,0.8354570393494586,0.001488352821331415,335194.80822852714,5.525297283302023,17.177393194570996,-0.049584950882607434,0.3357371370095252,0.37322151403722137,-0.47400061732729226,54.90154952917236,0.04272038755849288,2.6130915060213606,2.0174701558622914,1.6227826923861803,3.090537780756689,4.487083667257229,0.2258596542291187,1.6600246208069083,16.660024620806908,0.04725942172389367,0.04725942172389655,0.0,dev
ok,R0061_S+01,61,1,20322909,232.73952789629206,0.7086314566523398,0.1354652343610577,74.8155996606403,1285.1369724584308,1.6321842283646388,2.2827207783876315,0.5927489808392525,0.18447828949304626,0.051947544880898006,603.828747449769,4,1.901613490527158e-13,4.0492529592756e-13,1.0274331122059323e-13,4.140626855974636e-14,1.2156853496173369e-12,0.7654924212207488,1.3551116239562,3.029472883258264e-11,0.8921031012333756,6.846317555891459,0.5490276724860998,0.7025852629384426,0.6333309045363215,0.3412645972797361,87817244.22382994,3080342.088364098,75.41431513454194,0.2821127821103214,110.2856048287762,67.71755763072315,3053536.777876012,18053536.777876012,3053134.7085794844,120.68510829768485,120.68510829768485,120.68510829768485,119.51262511814042,1.1724831795444288,87817244.22382997,87817244.22382995,0.0,0.9999999999999998,0.008813035967942258,0.0026806405437479887,0.5988115358186012,0.0,1.6968377139992394e-16,288,0,0.0,0.17875206200005778,0.0,2.1090581503237742e-12,0,0.05,24000000.0,False,5946463.222123988,0.54335;0.54338;0.54350;0.54365;0.54386;0.54416;0.54455;0.54510;0.54835;0.56448;0.59764;0.56821;0.50371;0.42842;0.33745;0.15622;0.00000;0.00000;0.00000;0.00000;0.00000;0.00000;0.00000;0.00000,2.366870149033957,17412.547344295413,4.240862310269826,52585828.75673125,7.720868722823712,0.55655210931015,0.7025852629384426,0.24376972129378605,0.5622173173397568,-0.37330390403854086,6.846317555891459,0.8354570393494586,0.0027656504974964123,335194.80822852714,5.525297283302023,17.177393194570996,-0.049584950882607434,0.6238652332232562,0.7875606103903064,-0.20490921606863474,74.83940097419953,0.058234571550014526,2.6130915060213606,2.0174701558622914,1.6227826923861803,3.090537780756689,4.487083667257229,0.488598949889718,3.053536777876012,18.053536777876012,0.08781724422382996,0.08781724422382997,0.0,dev
ok,R0061_S+02,61,2,20322909,232.73952789629206,0.7086314566523398,0.1354652343610577,74.8155996606403,1285.1369724584308,1.6321842283646388,2.2827207783876315,0.5927489808392525,0.18447828949304626,0.051947544880898006,603.828747449769,4,1.901613490527158e-13,4.0492529592756e-13,1.0274331122059323e-13,4.140626855974636e-14,1.2156853496173369e-12,0.7654924212207488,1.3551116239562,3.029472883258264e-11,0.8921031012333756,6.846317555891459,2.3868567889671417,1.9022021469611552,1.1459078186432685,0.11797380401348222,219046846.2145044,7419125.707173628,118.3504727967748,0.27854667280457157,171.26093944770918,106.99717775922736,7423320.545383487,22423320.545383487,7423137.740784798,184.14817702054742,184.14817702054742,184.14817702054742,183.98346700362484,0.1647100169225837,219046846.2145042,219046846.21450555,0.0,1.0000000000000062,0.018602857207402335,0.0064009226731400765,0.5387998607737038,0.0,6.122455221898044e-15,451,0,0.0,0.24615230900053575,0.0,5.9291532908290234e-12,11,0.05,24000000.0,False,1576679.454616513,0.45592;0.45593;0.45594;0.45597;0.45600;0.45605;0.45612;0.45620;0.45668;0.45842;0.46235;0.47183;0.50995;0.52845;0.46384;0.38041;0.26237;0.01770;0.00000;0.00000;0.00000;0.00000;0.00000;0.00000,2.366870149033957,17412.547344295413,4.240862310269826,52585828.75673125,7.720868722823712,1.388235139646262,2.3868567889671417,0.6168994077225632,0.7723941739835943,-1.634365043901566,6.846317555891459,0.8354570393494586,0.006898497266255292,335194.80822852714,5.525297283302023,17.177393194570996,-0.049584950882607434,1.556137555992082,2.6755391676894713,0.19204798414972585,118.19766654292664,0.09197281618691418,2.6130915060213606,2.0174701558622914,1.6227826923861803,3.090537780756689,4.487083667257229,0.8703527296831067,7.423320545383487,22.423320545383486,0.21904684621450554,0.2190468462145042,0.0,dev
ok,R0062_S+00,62,0,20323909,847.083608792453,0.7439174296491977,0.2133264513786833,46.09994521625921,2747.3957270380943,2.5507408834657572,2.155383300956973,0.24932621470339433,0.31912791680785674,0.07342123087305287,747.7122500584967,4,1.7620001734049137e-12,2.0492798832830945e-12,1.4637448229381293e-12,7.083434298621543e-13,3.2051368422759704e-12,0.49425785799841004,0.5517181369669801,9.447169035213272e-11,4.817073745591111,2.0374996039046436,6.2989019021906545,5.242521832101933,4.889831656713821,5.240831376026319,854898806.6991402,5396928.872154554,234.1126726155915,0.2611483478835157,269.12579705726307,180.5722685212356,5400104.293199722,20400104.29319972,5390413.897484619,293.5814070444013,293.5814070444013,293.5814070444013,291.63596086302067,1.945446181380646,854898806.6991384,854898806.699138,0.0,0.9999999999999996,0.009973181976878917,0.004644152413535016,0.5636969476420588,0.0,4.1832772001774765e-16,904,0,0.0,0.3911099680008192,0.0,2.6250639503788406e-13,0,0.05,24000000.0,False,3599895.7068002783,0.52100;0.52100;0.52102;0.52104;0.52107;0.52111;0.52116;0.52124;0.52144;0.52182;0.52255;0.52399;0.52706;0.53592;0.56039;0.54125;0.47392;0.16977;0.00000;0.00000;0.00000;0.00000;0.00000;0.00000,2.927926278152628,39050.50795892323,4.591626687440531,233204769.29056838,8.36773742797118,5.418021691758183,6.2989019021906545,0.09753968944773977,0.53254787406302,-0.19528724437811995,2.0374996039046436,0.309097532984017,0.004902784303196149,531869.4265210907,5.725805026464964,59.59650741773772,0.6827832950705326,1.124753735962024,1.3076199856719664,0.05105744438483452,233.1362722777582,0.08485718674720995,3.31731787459904,3.171181969811102,2.855960467789821,3.511563174079601,4.981018283886943,0.7321466943975571,5.400104293199722,20.40010429319972,0.8548988066991381,0.8548988066991384,0.0,dev
ok,R0062_S+01,62,1,20323909,847.083608792453,0.7439174296491977,0.2133264513786833,46.09994521625921,2747.3957270380943,2.5507408834657572,2.155383300956973,0.24932621470339433,0.31912791680785674,0.07342123087305287,747.7122500584967,4,1.7620001734049137e-12,2.0492798832830945e-12,1.4637448229381293e-12,7.083434298621543e-13,3.2051368422759704e-12,0.49425785799841004,0.5517181369669801,9.447169035213272e-11,4.817073745591111,2.0374996039046436,2.423511171904844,2.2442219547691535,2.184011474478706,2.242879731033501,358755646.03174925,2298330.060112746,151.65305459539607,0.2611293740814154,175.2397442030072,116.99042140396016,2294159.454228632,17294159.454228632,2290719.6396584623,191.16473397723874,191.16473397723874,191.16473397723874,189.93941051757986,1.2253234596588811,358755646.03174925,358755646.0317384,0.0,0.9999999999999698,0.004203537405367294,0.0020098758691829864,0.5951644290760308,0.0,3.023797804748991e-14,405,0,0.0,0.27370578500085685,0.0,5.689099256652305e-13,0,0.05,24000000.0,False,6705840.545771368,0.56261;0.56261;0.56263;0.56266;0.56270;0.56275;0.56282;0.56292;0.56352;0.56487;0.56783;0.57667;0.59493;0.57241;0.52636;0.44154;0.03347;0.00000;0.00000;0.00000;0.00000;0.00000;0.00000;0.00000,2.927926278152628,39050.50795892323,4.591626687440531,233204769.29056838,8.36773742797118,2.2736560830465513,2.423511171904844,0.039526516484258575,0.5132408944209736,-0.07944536652584176,2.0374996039046436,0.309097532984017,0.0020574383029481227,531869.4265210907,5.725805026464964,59.59650741773772,0.6827832950705326,0.471999434330343,0.5031085883048799,-0.32605852184760253,151.02605039007378,0.054970621415682104,3.31731787459904,3.171181969811102,2.855960467789821,3.511563174079601,4.981018283886943,0.36141239728198793,2.294159454228632,17.294159454228634,0.3587556460317384,0.35875564603174925,0.0,dev
ok,R0062_S+02,62,2,20323909,847.083608792453,0.7439174296491977,0.2133264513786833,46.09994521625921,2747.3957270380943,2.5507408834657572,2.155383300956973,0.24932621470339433,0.31912791680785674,0.07342123087305287,747.7122500584967,4,1.7620001734049137e-12,2.0492798832830945e-12,1.4637448229381293e-12,7.083434298621543e-13,3.2051368422759704e-12,0.49425785799841004,0.5517181369669801,9.447169035213272e-11,4.817073745591111,2.0374996039046436,3.4033403132824125,2.4765505725463233,1.5410208272136758,0.5967510772844709,316272744.09002453,2006047.1130301447,141.97986941941895,0.25962345551394245,168.18108563522372,109.73754353802084,2005207.821656242,17005207.821656242,2004316.178242188,185.18122011396503,185.18122011396503,185.18122011396503,184.8714991618906,0.3097209520744286,316272744.0900246,316272744.0900221,0.0,0.9999999999999921,0.004203537405367294,0.00177669629711676,0.5983357912504307,0.0,7.91530451910783e-15,338,0,0.0,0.1977097050003067,0.0,1.832718229568242e-12,0,0.05,24000000.0,False,6994792.178343758,0.56836;0.56836;0.56838;0.56840;0.56843;0.56847;0.56853;0.56861;0.56931;0.57087;0.57461;0.58735;0.59612;0.56522;0.51525;0.40784;0.00232;0.00000;0.00000;0.00000;0.00000;0.00000;0.00000;0.00000,2.927926278152628,39050.50795892323,4.591626687440531,233204769.29056838,8.36773742797118,2.0044156975817207,3.4033403132824125,0.5218294702732645,0.7333671968497706,-1.4002031810986235,2.0374996039046436,0.309097532984017,0.0018138018594743986,531869.4265210907,5.725805026464964,59.59650741773772,0.6827832950705326,0.4161065002204477,0.7065161326204241,-0.38079549980950017,141.802332945609,0.051613362993209184,3.31731787459904,3.171181969811102,2.855960467789821,3.511563174079601,4.981018283886943,0.30234112842953786,2.005207821656242,17.005207821656242,0.3162727440900221,0.3162727440900246,0.0,dev
ok,R0063_S+00,63,0,20324909,88.44423446849534,0.2931553354704536,0.24191644588176855,49.75875232042081,1944.0646191978926,2.0082404774328633,3.134442702112289,0.3460742706693807,0.31000121031274447,0.06902149104170582,767.4231436249796,4,9.743625956995724e-14,1.0331072122620361e-13,9.283360425914403e-14,7.089876061100683e-14,1.6828240337136665e-13,0.3154946291073255,0.42713298439990066,5.1406125895387075e-12,2.6742010567328105,3.008404473269933,4.102838951260203,4.7531148981428535,3.9925131339177438,1.8210336585848725,578667791.8212531,6133208.80975706,173.0869845506349,0.26768136057101244,221.17740175780392,146.32627767611987,6110613.4197055325,21110613.419705532,6059986.362459958,245.79284751310337,245.79284751310337,245.79284751310337,236.5040185695005,9.28882894360288,578667791.8212533,578667791.821253,0.0,0.9999999999999993,0.014307192739017574,0.004977369862918703,0.47437541020603713,0.0,6.180193086723801e-16,624,0,0.0,0.37094914500084997,0.0,3.3993832332250606e-14,0,0.05,24000000.0,False,2889386.5802944675,0.42628;0.42629;0.42636;0.42644;0.42657;0.42673;0.42697;0.42729;0.42779;0.42863;0.43016;0.43278;0.43945;0.46750;0.45577;0.40395;0.29097;0.00554;0.00000;0.00000;0.00000;0.00000;0.00000;0.00000,1.9466695272386225,4400.874757087085,3.643539009308245,142924322.12302333,8.155106141072222,3.667375160476418,4.7531148981428535,0.3012761467541026,0.603698385213241,-0.6221903112794459,3.008404473269933,0.47833622576937135,0.00527579943650518,63760.93432157069,4.804554672373776,39.069802367212,0.42719405608493394,1.3713909622625804,1.77739623809361,0.1371612830523372,169.99285605325431,0.08744197820100866,2.019861991191616,1.9734218100051295,1.856355241067207,2.2317553036523328,3.716731473261239,0.7876877508250313,6.110613419705532,21.110613419705533,0.5786677918212529,0.5786677918212533,0.0,dev
ok,R0063_S+01,63,1,20324909,88.44423446849534,0.2931553354704536,0.24191644588176855,49.75875232042081,1944.0646191978926,2.0082404774328633,3.134442702112289,0.3460742706693807,0.31000121031274447,0.06902149104170582,767.4231436249796,4,9.743625956995724e-14,1.0331072122620361e-13,9.283360425914403e-14,7.089876061100683e-14,1.6828240337136665e-13,0.3154946291073255,0.42713298439990066,5.1406125895387075e-12,2.6742010567328105,3.008404473269933,0.03645634538257387,0.6413944242590308,1.0363393156540144,1.2118042824389073,115421699.82402387,1443704.2808954797,79.66517699394218,0.2842943329321219,99.38244607637185,65.292906501998,1379029.6950367838,16379029.695036784,1353887.6081811972,115.22291984515695,115.22291984515695,115.22291984515695,105.01502188793643,10.207897957220524,115421699.82402387,115421699.82402366,0.0,0.9999999999999982,0.0030293332676988144,0.0010396377970483884,0.5351785979045823,0.0,1.807426654016802e-15,229,0,0.0,0.13155756200103497,0.0,4.881261315769885e-13,0,0.05,24000000.0,False,7620970.304963216,0.50998;0.51004;0.51023;0.51051;0.51089;0.51142;0.51216;0.51318;0.52026;0.53346;0.51762;0.48130;0.43617;0.37401;0.14757;0.00000;0.00000;0.00000;0.00000;0.00000;0.00000;0.00000;0.00000;0.00000,1.9466695272386225,4400.874757087085,3.643539009308245,142924322.12302333,8.155106141072222,0.7314985919336316,1.2118042824389073,0.6170045855139532,0.23166509721152875,1.6067671900084421,3.008404473269933,0.47833622576937135,0.0010523166270849814,63760.93432157069,4.804554672373776,39.069802367212,0.42719405608493394,0.2735391155769476,0.4531462880803069,-0.5629805615990554,75.92062037610435,0.03905251894735303,2.019861991191616,1.9734218100051295,1.856355241067207,2.2317553036523328,3.716731473261239,0.15947824425322424,1.3790296950367837,16.379029695036785,0.11542169982402366,0.11542169982402388,0.0,dev
ok,R0063_S+02,63,2,20324909,88.44423446849534,0.2931553354704536,0.24191644588176855,49.75875232042081,1944.0646191978926,2.0082404774328633,3.134442702112289,0.3460742706693807,0.31000121031274447,0.06902149104170582,767.4231436249796,4,9.743625956995724e-14,1.0331072122620361e-13,9.283360425914403e-14,7.089876061100683e-14,1.6828240337136665e-13,0.3154946291073255,0.42713298439990066,5.1406125895387075e-12,2.6742010567328105,3.008404473269933,0.3445015885205892,0.3680286397440485,0.6156257200668879,1.0872928294891075,95282207.93869051,1212169.8381680297,72.56114974317816,0.28570320785608544,92.5459780160804,59.32117398741694,1151864.203240946,16151864.203240946,1130125.8104717731,103.36087001238245,103.36087001238245,103.36087001238245,97.37079371877519,5.99007629360726,95282207.93869047,95282207.93869007,0.0,0.9999999999999958,0.0026173624653138094,0.0008600353353460706,0.5395317370485838,0.0,4.222523395897455e-15,215,0,0.0,0.12011900099969353,0.0,8.738020258518119e-14,0,0.05,24000000.0,False,7848135.796759054,0.52038;0.52046;0.52071;0.52107;0.52156;0.52224;0.52318;0.52449;0.53446;0.53529;0.50812;0.46890;0.42092;0.34509;0.05430;0.00000;0.00000;0.00000;0.00000;0.00000;0.00000;0.00000;0.00000;0.00000,1.9466695272386225,4400.874757087085,3.643539009308245,142924322.12302333,8.155106141072222,0.6038621944551583,1.0872928294891075,0.4945399043398324,0.29498875521903073,1.2300674686858155,3.008404473269933,0.47833622576937135,0.0008687019150828955,63760.93432157069,4.804554672373776,39.069802367212,0.42719405608493394,0.2258103192857621,0.40658604436328405,-0.6462562151725223,68.97979850563,0.03548225600345043,2.019861991191616,1.9734218100051295,1.856355241067207,2.2317553036523328,3.716731473261239,0.08356347347026506,1.1518642032409458,16.151864203240947,0.09528220793869006,0.09528220793869047,0.0,dev
ok,R0064_S+00,64,0,20325909,178.96697813339216,0.31978476170342257,0.1400424841868394,71.98456095563384,1415.5613418390008,1.514307964719069,2.7080275066905006,0.5274808857997902,0.32058656093839755,0.06710730599623324,731.6420535103202,4,2.0176698605215876e-13,2.0178884566220944e-13,2.01745134769952e-13,1.9813919873322322e-13,2.055611470654936e-13,0.016852345391074497,0.016998549399795445,1.4525681460738302e-11,1.2920215342859316,4.716156114173899,0.5759212987414197,0.5544904473018593,0.4369212061713232,0.22321357534981157,70631688.87283343,1693649.6557649153,66.98803616151335,0.2503236752737268,95.98656355009228,60.03310068580403,1686200.391450746,16686200.391450746,1684709.3271835651,102.75473196098277,102.75473196098277,102.75473196098277,102.74771861443764,0.00701334654512209,70631688.87283342,70631688.87283598,0.0,1.0000000000000362,0.004826299259918715,0.0014950062600980914,0.5140732763909871,0.0,3.628682488332211e-14,191,0,0.0,0.13201217000096221,0.0,9.154490703524578e-13,0,0.05,24000000.0,False,7313799.608549254,0.48887;0.48892;0.48908;0.48931;0.48963;0.49006;0.49065;0.49147;0.49805;0.51307;0.49583;0.45237;0.39834;0.33379;0.22924;0.01118;0.00000;0.00000;0.00000;0.00000;0.00000;0.00000;0.00000;0.00000,2.252772905072384,12882.859346488756,4.110012265242997,63460929.156201914,7.802506426485748,0.4476366318911035,0.5759212987414197,0.31266434470426724,0.6313221849537295,-0.7879331097223771,4.716156114173899,0.673588172674559,0.0015212286787203613,191974.020641089,5.283242460705565,19.664790936371094,0.11126975216031455,0.3464622067143031,0.4457520896195567,-0.46034413279997943,66.98211852359952,0.047318414641488386,2.310613753715424,2.310519667961553,2.302687000158196,2.318657630222707,4.167853113886037,0.22882357818835197,1.686200391450746,16.686200391450747,0.07063168887283598,0.07063168887283341,0.0,dev
ok,R0064_S+01,64,1,20325909,178.96697813339216,0.31978476170342257,0.1400424841868394,71.98456095563384,1415.5613418390008,1.514307964719069,2.7080275066905006,0.5274808857997902,0.32058656093839755,0.06710730599623324,731.6420535103202,4,2.0176698605215876e-13,2.0178884566220944e-13,2.01745134769952e-13,1.9813919873322322e-13,2.055611470654936e-13,0.016852345391074497,0.016998549399795445,1.4525681460738302e-11,1.2920215342859316,4.716156114173899,1.5052377367420497,1.8532469758840688,1.744285568412062,1.1783535143260304,247771490.35573202,5856900.908035506,125.47139891825682,0.2503486029497047,178.99941306626278,112.38656779873472,5825359.670814298,20825359.670814298,5814694.14392199,191.62629095910674,191.62629095910674,191.62629095910674,191.60729068835292,0.01900027075382127,247771490.35573214,247771490.35573506,0.0,1.0000000000000118,0.01718443081027762,0.005031918565568533,0.46080979312293524,0.0,1.1787585366665542e-14,368,0,0.0,0.24901324299935368,0.0,3.215123426845336e-13,0,0.05,24000000.0,False,3174640.329185702,0.39974;0.39975;0.39977;0.39980;0.39985;0.39991;0.39999;0.40010;0.40065;0.40227;0.40559;0.41361;0.44715;0.44895;0.39683;0.32956;0.22046;0.00765;0.00000;0.00000;0.00000;0.00000;0.00000;0.00000,2.252772905072384,12882.859346488756,4.110012265242997,63460929.156201914,7.802506426485748,1.5702809488410527,1.8532469758840688,0.1648959451050983,0.5346948765927606,-0.20816925955656312,4.716156114173899,0.673588172674559,0.005336373841733182,191974.020641089,5.283242460705565,19.664790936371094,0.11126975216031455,1.2153674742804563,1.4343777767669428,0.08470760955816865,125.4540686205271,0.08862496093425787,2.310613753715424,2.310519667961553,2.302687000158196,2.318657630222707,4.167853113886037,0.7676678763316256,5.825359670814298,20.825359670814297,0.24777149035573506,0.24777149035573215,0.0,dev
ok,R0064_S+02,64,2,20325909,178.96697813339216,0.31978476170342257,0.1400424841868394,71.98456095563384,1415.5613418390008,1.514307964719069,2.7080275066905006,0.5274808857997902,0.32058656093839755,0.06710730599623324,731.6420535103202,4,2.0176698605215876e-13,2.0178884566220944e-13,2.01745134769952e-13,1.9813919873322322e-13,2.055611470654936e-13,0.016852345391074497,0.016998549399795445,1.4525681460738302e-11,1.2920215342859316,4.716156114173899,0.07950390530881575,0.36759289442103243,0.5337827092692043,0.5780733498533311,61496013.42314997,1505071.170474576,62.51675243361506,0.2504106995284382,90.2681374461881,55.999177032433366,1484963.8917013835,16484963.891701384,1481221.1555163674,97.55751583274329,97.55751583274329,97.55751583274329,97.5286237223254,0.02889211041788542,61496013.42314993,61496013.42315099,0.0,1.000000000000017,0.004826299259918715,0.0013045290945970626,0.516979641678852,0.0,1.7204081791176896e-14,193,0,0.0,0.10402169699955266,0.0,1.1368080938826046e-12,0,0.05,24000000.0,False,7515036.1082986165,0.49834;0.49840;0.49862;0.49891;0.49931;0.49986;0.50061;0.50164;0.50894;0.51497;0.48763;0.44130;0.38552;0.31751;0.18718;0.00043;0.00000;0.00000;0.00000;0.00000;0.00000;0.00000;0.00000;0.00000,2.252772905072384,12882.859346488756,4.110012265242997,63460929.156201914,7.802506426485748,0.3897382147130959,0.5780733498533311,0.5017396238431101,0.2867930208351371,1.2792418749891774,4.716156114173899,0.673588172674559,0.0013244692395037623,191974.020641089,5.283242460705565,19.664790936371094,0.11126975216031455,0.3016499372268548,0.4474177360927796,-0.5204967607239515,62.500366697275766,0.04415235486445226,2.310613753715424,2.310519667961553,2.302687000158196,2.318657630222707,4.167853113886037,0.17755703694884814,1.4849638917013834,16.484963891701383,0.06149601342315099,0.06149601342314993,0.0,dev
ok,R0065_S+00,65,0,20326909,88.49771450114886,0.8397985895210437,0.23495776598870205,70.26150614877437,1388.6795005979309,1.5147491109493156,3.9534656202221483,0.23146067614585783,0.26162034864153955,0.07809940255666747,675.3851479886341,4,6.365083916266015e-14,2.4279990742747497e-13,1.1429433016837372e-14,3.1051035513526638e-15,7.89644619426422e-13,0.9002955945919475,1.515510938076201,1.7059487188637383e-11,1.7819478444561723,1.7782006153856116,2.5905334986641506,1.7975468465722086,2.084534573109524,3.4514966782760985,391476430.1519473,7946842.290805566,138.39860350990241,0.3641627589128169,181.16164819066285,115.10742789758446,8181634.968357541,23181634.96835754,8146209.614979431,207.793824686995,207.793824686995,207.793824686995,95.74536273583462,112.04846195116039,391476430.1519478,391476430.1519488,0.0,1.0000000000000027,0.016338325150533205,0.0053926242005663426,0.4860663385362304,0.0,2.588352409334953e-15,608,0,0.0,0.2990948599999683,0.0,9.532293791939714e-14,0,0.05,24000000.0,False,818365.0316424593,0.41395;0.41405;0.41441;0.41490;0.41557;0.41649;0.41775;0.41948;0.42173;0.42462;0.43114;0.43418;0.43025;0.43769;0.39960;0.30390;0.22838;0.01567;0.00000;0.00000;0.00000;0.00000;0.00000;0.00000,1.9469320549649862,6217.9827115749495,3.7936495102002517,100014088.50692382,8.000061181298488,2.4810278991554955,3.4514966782760985,0.253170504117772,0.44216354305507766,0.34701874166953417,1.7782006153856116,0.2499807562067564,0.005795526980462012,79616.26476032639,4.9010017985679575,19.764442533547292,0.2508949885917852,1.3923122985188567,1.936923512668493,0.14373665934876584,123.02932201956767,0.08859446831799152,2.3909651145865785,1.06374128452583,0.49779268570363594,2.9031482782382376,4.237682569821843,0.9001945943038552,8.18163496835754,23.18163496835754,0.39147643015194883,0.3914764301519478,0.0,dev
ok,R0065_S+01,65,1,20326909,88.49771450114886,0.8397985895210437,0.23495776598870205,70.26150614877437,1388.6795005979309,1.5147491109493156,3.9534656202221483,0.23146067614585783,0.26162034864153955,0.07809940255666747,675.3851479886341,4,6.365083916266015e-14,2.4279990742747497e-13,1.1429433016837372e-14,3.1051035513526638e-15,7.89644619426422e-13,0.9002955945919475,1.515510938076201,1.7059487188637383e-11,1.7819478444561723,1.7782006153856116,0.09047467391378781,0.7438324421560361,1.5339937995297743,2.460958746035003,190499805.87250012,4136261.7397679375,98.6998792385901,0.38060670886222714,130.54385977948024,81.64139913261732,4226077.324773766,19226077.324773766,4203562.1562700085,147.4510225484209,147.4510225484209,147.4510225484209,57.844578952588016,89.60644359583287,190499805.87250006,190499805.87250042,0.0,1.0000000000000018,0.008154886111994896,0.002717064187148279,0.5029849690435102,0.0,1.87731355953035e-15,320,0,0.0,0.2184237640012725,0.0,9.55838788245818e-13,0,0.05,24000000.0,False,4773922.675226234,0.45561;0.45573;0.45617;0.45676;0.45758;0.45869;0.46022;0.46231;0.46574;0.46608;0.46226;0.46785;0.44892;0.34676;0.29841;0.20879;0.00300;0.00000;0.00000;0.00000;0.00000;0.00000;0.00000;0.00000,1.9469320549649862,6217.9827115749495,3.7936495102002517,100014088.50692382,8.000061181298488,1.2073149154086504,2.460958746035003,0.7339190336496649,0.1727608732033739,1.9634347607797562,1.7782006153856116,0.2499807562067564,0.0028202126096795316,79616.26476032639,4.9010017985679575,19.764442533547292,0.2508949885917852,0.6775253940033849,1.3810498178671755,-0.16907442256593394,85.82288108853612,0.0618017915952406,2.3909651145865785,1.06374128452583,0.49779268570363594,2.9031482782382376,4.237682569821843,0.6166080128083927,4.226077324773766,19.226077324773765,0.19049980587250043,0.19049980587250007,0.0,dev
ok,R0065_S+02,65,2,20326909,88.49771450114886,0.8397985895210437,0.23495776598870205,70.26150614877437,1388.6795005979309,1.5147491109493156,3.9534656202221483,0.23146067614585783,0.26162034864153955,0.07809940255666747,675.3851479886341,4,6.365083916266015e-14,2.4279990742747497e-13,1.1429433016837372e-14,3.1051035513526638e-15,7.89644619426422e-13,0.9002955945919475,1.515510938076201,1.7059487188637383e-11,1.7819478444561723,1.7782006153856116,1.929528751716724,2.1905990069303063,2.528095477985712,2.9420181648829393,378306252.56558913,7618890.393867759,135.51737085482233,0.36131346746701987,178.82243219230037,113.21241611372574,7825082.031645782,22825082.031645782,7795659.761949476,201.1756179895837,201.1756179895837,201.1756179895837,91.67571345796792,109.4999045316158,378306252.5655893,378306252.5655893,0.0,1.0,0.016338325150533205,0.0052232915913863745,0.4852433673967075,0.0,0.0,569,0,0.0,0.3301262790009787,0.0,8.075990934130076e-14,0,0.05,24000000.0,False,1174917.9683542177,0.41654;0.41664;0.41699;0.41746;0.41811;0.41900;0.42021;0.42188;0.42405;0.42684;0.43304;0.43568;0.43187;0.44011;0.39320;0.30144;0.22163;0.01045;0.00000;0.00000;0.00000;0.00000;0.00000;0.00000,1.9469320549649862,6217.9827115749495,3.7936495102002517,100014088.50692382,8.000061181298488,2.3975603503789205,2.9420181648829393,0.15818685983138553,0.42961668910606027,0.42229986536363817,1.7782006153856116,0.2499807562067564,0.005600551973896256,79616.26476032639,4.9010017985679575,19.764442533547292,0.2508949885917852,1.3454716746272815,1.6510124996283524,0.12887455926621177,120.94212100016287,0.08709145699067943,2.3909651145865785,1.06374128452583,0.49779268570363594,2.9031482782382376,4.237682569821843,0.8818917258133562,7.825082031645782,22.82508203164578,0.3783062525655893,0.3783062525655893,0.0,dev
ok,R0066_S+00,66,0,20327909,112.67113026912202,0.5728975935333588,0.1323924466947595,20.336977755950286,1712.1605578435185,2.5441670401840257,3.728223865041265,0.444037222157463,0.26043323635790594,0.06188917033156161,644.0319497742931,4,1.7216609393967062e-13,1.7806008821645622e-13,1.6682206059360432e-13,1.260145347562012e-13,2.5354590003441364e-13,0.2560190767518238,0.3079810866111708,3.6212040532806155e-12,0.43137381175186085,4.304829615054807,0.8556364539064538,0.7303952205698062,0.5228237186217503,0.23292194806228575,92376090.77675019,6325049.537642565,151.77051011853888,0.256986730886704,201.40938432481553,134.56344641145486,6338676.814502649,21338676.81450265,6323468.733355954,217.92756484916998,217.92756484916998,217.92756484916998,217.42607066321574,0.5014941859542432,92376090.77675022,92376090.77675027,0.0,1.0000000000000004,0.014701034230909493,0.005428979231322836,0.4701749313368304,0.0,4.839291553220199e-16,577,0,0.0,0.33332195099865203,0.0,1.2980611996575e-13,0,0.05,24000000.0,False,2661323.185497351,0.42130;0.42131;0.42132;0.42135;0.42138;0.42142;0.42149;0.42157;0.42186;0.42251;0.42377;0.42622;0.43302;0.46369;0.45513;0.41044;0.30717;0.00446;0.00000;0.00000;0.00000;0.00000;0.00000;0.00000,2.0518126509974914,2291.3902700209114,3.36009906460701,24796390.721889403,7.394388471001991,0.585444335290074,0.8556364539064538,0.40259108960474144,0.6772768899072267,-1.0636613394433607,4.304829615054807,0.6339559667755317,0.005784471634822532,37024.09093133975,4.568484403902236,84.1895279814901,-0.36514622399213037,1.3571624408828025,1.9835150641890185,0.13263183215267543,151.42153460705507,0.08843886393328196,2.2562831819701996,2.2279700790842085,2.106137238125664,2.4097731899461445,3.564569595579718,0.8010639312455732,6.338676814502649,21.338676814502648,0.09237609077675027,0.09237609077675023,0.0,dev
ok,R0066_S+01,66,1,20327909,112.67113026912202,0.5728975935333588,0.1323924466947595,20.336977755950286,1712.1605578435185,2.5441670401840257,3.728223865041265,0.444037222157463,0.26043323635790594,0.06188917033156161,644.0319497742931,4,1.7216609393967062e-13,1.7806008821645622e-13,1.6682206059360432e-13,1.260145347562012e-13,2.5354590003441364e-13,0.2560190767518238,0.3079810866111708,3.6212040532806155e-12,0.43137381175186085,4.304829615054807,0.06920159588767812,0.2053392078589497,0.346489682020548,0.49265301837247283,43931473.18779672,3196623.2673987895,105.4555928560267,0.2608909173091297,138.62296184731014,92.86791371110138,3178990.2766594924,18178990.276659492,3152960.9927473217,153.98911578257793,153.98911578257793,153.98911578257793,148.579403138305,5.409712644272929,43931473.187796764,43931473.187796906,0.0,1.0000000000000033,0.0076823102135799215,0.0026667901331042508,0.502702390933214,0.0,3.2223146885243856e-15,310,0,0.0,0.21005297400006384,0.0,3.1519392987185736e-13,0,0.05,24000000.0,False,5821009.723340508,0.45891;0.45893;0.45899;0.45907;0.45918;0.45933;0.45954;0.45984;0.46092;0.46356;0.47081;0.49956;0.48772;0.45029;0.40290;0.28574;0.00000;0.00000;0.00000;0.00000;0.00000;0.00000;0.00000;0.00000,2.0518126509974914,2291.3902700209114,3.36009906460701,24796390.721889403,7.394388471001991,0.27842087603491217,0.49265301837247283,0.5668789381355447,0.2465160009339621,1.5209039943962273,4.304829615054807,0.6339559667755317,0.0027509321772981473,37024.09093133975,4.568484403902236,84.1895279814901,-0.36514622399213037,0.6454283233008781,1.1420559267882995,-0.19015198038953218,104.4228968496787,0.060988962963380175,2.2562831819701996,2.2279700790842085,2.106137238125664,2.4097731899461445,3.564569595579718,0.5046914562495924,3.1789902766594924,18.17899027665949,0.04393147318779691,0.04393147318779676,0.0,dev
ok,R0066_S+02,66,2,20327909,112.67113026912202,0.5728975935333588,0.1323924466947595,20.336977755950286,1712.1605578435185,2.5441670401840257,3.728223865041265,0.444037222157463,0.26043323635790594,0.06188917033156161,644.0319497742931,4,1.7216609393967062e-13,1.7806008821645622e-13,1.6682206059360432e-13,1.260145347562012e-13,2.5354590003441364e-13,0.2560190767518238,0.3079810866111708,3.6212040532806155e-12,0.43137381175186085,4.304829615054807,0.2552125108706623,0.6626918028118903,1.0877660229253832,1.5304351712111408,139488753.96693912,9853008.537465539,187.9758228370831,0.2610719938754295,248.98986772203762,165.3393725785166,9962470.549372017,24962470.549372017,9846906.536278274,274.782999930172,274.782999930172,274.782999930172,268.67042090246315,6.112579027708875,139488753.96693906,139488753.96693903,0.0,0.9999999999999998,0.02491319731814752,0.007957000494252705,0.45036354402466516,0.0,2.1365394370616368e-16,1016,0,0.0,0.5594616979997227,0.0,1.0519911101389128e-13,0,0.05,24000000.0,True,-962470.5493720174,0.39707;0.39709;0.39715;0.39724;0.39736;0.39752;0.39775;0.39806;0.39841;0.39885;0.39957;0.40084;0.40336;0.40923;0.43794;0.43934;0.38660;0.15461;0.00000;0.00000;0.00000;0.00000;0.00000;0.00000,2.0518126509974914,2291.3902700209114,3.36009906460701,24796390.721889403,7.394388471001991,0.8840263769547692,1.5304351712111408,0.5376862700540715,0.2595805785921467,1.44251652844712,4.304829615054807,0.6339559667755317,0.008734605826181768,37024.09093133975,4.568484403902236,84.1895279814901,-0.36514622399213037,2.0493278749691175,3.5478166024865065,0.31161144737059415,186.0704684077648,0.10867582923538562,2.2562831819701996,2.2279700790842085,2.106137238125664,2.4097731899461445,3.564569595579718,0.9935688590987265,9.962470549372018,24.962470549372018,0.13948875396693902,0.13948875396693905,0.0,dev
ok,R0067_S+00,67,0,20328909,61.821163588933345,0.46446094825667517,0.2789760824975632,50.01582485150043,2759.134005108368,2.655242385584158,2.1635374671001664,0.3411486936731426,0.29368654474457956,0.07368495794832292,745.344847291582,4,9.67127275199231e-14,1.1314369850839801e-13,7.786316163778788e-14,3.465410287522055e-14,1.804805992682073e-13,0.5113879319532038,0.5344654398323214,5.658975407647006e-12,4.475719844530702,2.7778968992211297,3.083462057780246,4.5652231440500675,9.062756532546455,16.57606222326941,1313092168.6172688,9718813.620303247,267.3184328247022,0.325717846227327,302.147307567379,190.05483345167218,9392844.904901579,24392844.90490158,8834907.038138233,339.06791319039405,339.06791319039405,339.06791319039405,244.00330417596598,95.06460901442807,1313092168.6172688,1313092168.617266,0.0,0.9999999999999978,0.011895476727713237,0.0049642077065242315,0.561903046195478,0.0,2.1788439666284095e-15,1378,0,0.0,0.6894863810011884,0.0,1.7276482873524442e-14,0,0.05,24000000.0,True,-392844.904901579,0.49549;0.49561;0.49602;0.49660;0.49739;0.49850;0.50004;0.50218;0.50390;0.50533;0.50706;0.50940;0.51318;0.52290;0.53723;0.53572;0.45505;0.23351;0.00218;0.00000;0.00000;0.00000;0.00000;0.00000,1.7911371750316731,3092.0364901800463,3.4902446105342326,333710496.4593369,8.52336986707636,8.321875989411545,16.57606222326941,0.6308213470133561,0.22977647142189525,1.6213411714686283,2.7778968992211297,0.44371612299617613,0.005279199699651957,41962.92671224116,4.622865770528442,55.16522047372765,0.6508628942588487,1.8593380011442893,3.7035522327263717,0.26935834549469784,238.53828868938888,0.0864540425538411,2.059346968879471,1.8970486320576878,1.5454712580882093,2.262147122105213,3.7584544043820305,0.987613253650335,9.39284490490158,24.39284490490158,1.3130921686172659,1.3130921686172687,0.0,dev
ok,R0067_S+01,67,1,20328909,61.821163588933345,0.46446094825667517,0.2789760824975632,50.01582485150043,2759.134005108368,2.655242385584158,2.1635374671001664,0.3411486936731426,0.29368654474457956,0.07368495794832292,745.344847291582,4,9.67127275199231e-14,1.1314369850839801e-13,7.786316163778788e-14,3.465410287522055e-14,1.804805992682073e-13,0.5113879319532038,0.5344654398323214,5.658975407647006e-12,4.475719844530702,2.7778968992211297,2.6265129479582723,3.1120478760223476,3.103523250987672,2.600939072854248,451392934.11215574,2697954.1227162415,151.617390471819,0.3048051015060192,172.86203791353375,110.56217102847567,2543798.7338616736,17543798.733861674,2489546.5055122115,193.50467933023594,193.50467933023594,193.50467933023594,157.07071522991347,36.43396410032247,451392934.1121558,451392934.11215544,0.0,0.9999999999999992,0.004302867243448168,0.0017765202713422507,0.599130544109425,0.0,7.922761780836502e-16,380,0,0.0,0.20283311400089588,0.0,3.2188230532532876e-14,0,0.05,24000000.0,False,6456201.266138326,0.56629;0.56634;0.56650;0.56671;0.56702;0.56744;0.56802;0.56884;0.57002;0.57206;0.57617;0.58636;0.59473;0.56377;0.50839;0.35909;0.01874;0.00000;0.00000;0.00000;0.00000;0.00000;0.00000;0.00000,1.7911371750316731,3092.0364901800463,3.4902446105342326,333710496.4593369,8.52336986707636,2.860755786955635,3.1120478760223476,0.08641547341387824,0.5014899253325896,-0.008939551995537405,2.7778968992211297,0.44371612299617613,0.001814795258964405,41962.92671224116,4.622865770528442,55.16522047372765,0.6508628942588487,0.6391722195149141,0.6953178447541233,-0.19438210912204307,139.85817985091325,0.05068915811699409,2.059346968879471,1.8970486320576878,1.5454712580882093,2.262147122105213,3.7584544043820305,0.4310345604505701,2.5437987338616734,17.543798733861674,0.4513929341121554,0.4513929341121558,0.0,dev
ok,R0067_S+02,67,2,20328909,61.821163588933345,0.46446094825667517,0.2789760824975632,50.01582485150043,2759.134005108368,2.655242385584158,2.1635374671001664,0.3411486936731426,0.29368654474457956,0.07368495794832292,745.344847291582,4,9.67127275199231e-14,1.1314369850839801e-13,7.786316163778788e-14,3.465410287522055e-14,1.804805992682073e-13,0.5113879319532038,0.5344654398323214,5.658975407647006e-12,4.475719844530702,2.7778968992211297,1.3196122740859382,1.2293752985195208,0.8388866644883165,0.14814637199232533,139485404.96661943,822574.9077612925,83.19428562309511,0.29698682189382974,95.6320049363908,61.33032379460973,763968.0693687182,15763968.069368718,750840.4611834642,106.44767414177164,106.44767414177164,106.44767414177164,90.51041143817473,15.937262703596915,139485404.9666195,139485404.96661925,0.0,0.9999999999999983,0.0012440747642242698,0.0005571082336603947,0.6307989606807386,0.0,1.709272587756539e-15,236,0,0.0,0.1639338660006615,0.0,1.6746146327293517e-13,11,0.05,24000000.0,False,8236031.930631282,0.61932;0.61935;0.61945;0.61958;0.61977;0.62003;0.62040;0.62090;0.62442;0.62774;0.61027;0.57477;0.52586;0.42974;0.08265;0.00000;0.00000;0.00000;0.00000;0.00000;0.00000;0.00000;0.00000;0.00000,1.7911371750316731,3092.0364901800463,3.4902446105342326,333710496.4593369,8.52336986707636,0.8840051522715252,1.3196122740859382,0.5222484455231351,0.7208633247373112,-1.3251799484238675,2.7778968992211297,0.44371612299617613,0.0005607917902526471,41962.92671224116,4.622865770528442,55.16522047372765,0.6508628942588487,0.1975112792977365,0.2948379969980684,-0.7044080980279341,77.74543135029306,0.028177475688513913,2.059346968879471,1.8970486320576878,1.5454712580882093,2.262147122105213,3.7584544043820305,-0.08482454256209508,0.7639680693687182,15.763968069368719,0.13948540496661926,0.1394854049666195,0.0,dev
ok,R0068_S+00,68,0,20329909,189.64448995412243,0.3108431576461734,0.1769928430179315,72.64986449349958,2768.170960610216,2.2122520691703245,2.768472535332629,0.4271881981263243,0.17884312215340006,0.053518664815793274,691.5846009073867,4,1.7551845972462602e-13,1.820791603515448e-13,1.6980888625356945e-13,1.303012753474783e-13,2.6667516968471734e-13,0.26355476176352965,0.32714305330768617,1.322802632662991e-11,5.442442305119775,4.789224838810946,11.039149210325416,6.559423005981529,3.463076418449939,1.7501094477306485,899855421.0798857,4747514.424703809,199.53048889331873,0.26011338389626376,266.2593701200441,172.09049539495317,4699175.414194368,19699175.414194368,4683310.220173892,290.7152700250443,290.7152700250443,290.7152700250443,289.44865069398526,1.2666193310590188,899855421.0798849,899855421.0798857,0.0,1.0000000000000009,0.009911725845652301,0.004011000781687623,0.5733469776669768,0.0,9.273323328474885e-16,630,0,0.0,0.3741917650004325,0.0,1.3093137487794574e-13,0,0.05,24000000.0,False,4300824.585805632,0.51955;0.51955;0.51959;0.51963;0.51969;0.51977;0.51988;0.52004;0.52049;0.52140;0.52310;0.52625;0.53477;0.56349;0.55325;0.49593;0.40930;0.12513;0.00000;0.00000;0.00000;0.00000;0.00000;0.00000,2.2779402289671884,13777.646497105838,4.139175037556077,309546717.7654445,8.490726203393624,5.702939520621883,11.039149210325416,0.6190221880377842,0.7714693515804587,-1.628816109482752,4.789224838810946,0.680265226260145,0.004203404834819032,257436.28964824392,5.410669767444413,38.102906039940386,0.7357938338176929,1.0478640288491539,2.0283447377918455,0.0203049321213564,198.05255557291568,0.07154635981343326,2.2659768397606217,2.235677011295279,2.1206652642369233,2.4316991778704744,4.12721164834951,0.676466292958239,4.699175414194368,19.699175414194368,0.8998554210798857,0.8998554210798849,0.0,dev
ok,R0068_S+01,68,1,20329909,189.64448995412243,0.3108431576461734,0.1769928430179315,72.64986449349958,2768.170960610216,2.2122520691703245,2.768472535332629,0.4271881981263243,0.17884312215340006,0.053518664815793274,691.5846009073867,4,1.7551845972462602e-13,1.820791603515448e-13,1.6980888625356945e-13,1.303012753474783e-13,2.6667516968471734e-13,0.26355476176352965,0.32714305330768617,1.322802632662991e-11,5.442442305119775,4.789224838810946,29.58936070582672,23.129523474733848,15.455764134165753,6.568082684122437,2948376509.7115865,14955536.980193352,362.0116338269038,0.2613238305735092,472.6964920449274,312.37082232991725,14976346.24215157,29976346.24215157,14892589.707665376,516.0807787602411,516.0807787602411,516.0807787602411,512.6462458061679,3.43453295407312,2948376509.711584,2948376509.711586,0.0,1.0000000000000007,0.03141318826021994,0.011959050902072214,0.49701645235689434,0.0,6.469148789274137e-16,3591,0,0.0,2.2033522309993714,0.0,3.269565107387674e-14,0,0.05,24000000.0,True,-5976346.24215157,0.43203;0.43205;0.43209;0.43215;0.43224;0.43236;0.43253;0.43277;0.43297;0.43320;0.43353;0.43407;0.43502;0.43680;0.43993;0.44835;0.48299;0.47517;0.37157;0.01311;0.00000;0.00000;0.00000;0.00000,2.2779402289671884,13777.646497105838,4.139175037556077,309546717.7654445,8.490726203393624,18.685682749712186,29.58936070582672,0.46029716475428584,0.7053379435837391,-1.2320276615024344,4.789224838810946,0.680265226260145,0.01377245698082906,257436.28964824392,5.410669767444413,38.102906039940386,0.7357938338176929,3.433326749671618,5.436779858555714,0.5357151371940452,358.49702270897586,0.12950682158371776,2.2659768397606217,2.235677011295279,2.1206652642369233,2.4316991778704744,4.12721164834951,1.1748020110382258,14.97634624215157,29.97634624215157,2.948376509711586,2.948376509711584,0.0,dev
ok,R0068_S+02,68,2,20329909,189.64448995412243,0.3108431576461734,0.1769928430179315,72.64986449349958,2768.170960610216,2.2122520691703245,2.768472535332629,0.4271881981263243,0.17884312215340006,0.053518664815793274,691.5846009073867,4,1.7551845972462602e-13,1.820791603515448e-13,1.6980888625356945e-13,1.303012753474783e-13,2.6667516968471734e-13,0.26355476176352965,0.32714305330768617,1.322802632662991e-11,5.442442305119775,4.789224838810946,4.089744635074612,12.226914162190702,19.338517798402272,25.42455554370932,2409412193.7020006,14368125.438254168,336.0190049803691,0.2755075355727199,423.4314856891215,282.12297490288125,13966286.580875598,28966286.580875598,13632857.65982803,489.80265717680925,489.80265717680925,489.80265717680925,451.5161062328861,38.286550943923146,2409412193.7020125,2409412193.702011,0.0,0.9999999999999994,0.027528890610552942,0.010003543638209877,0.5139126649710738,0.0,5.937180356057812e-16,2627,0,0.0,1.497725877999983,0.0,4.0335001474848453e-14,0,0.05,24000000.0,True,-4966286.580875598,0.43910;0.43916;0.43934;0.43959;0.43995;0.44043;0.44111;0.44206;0.44277;0.44340;0.44417;0.44521;0.44681;0.44963;0.45544;0.47552;0.51045;0.45497;0.29967;0.00004;0.00000;0.00000;0.00000;0.00000,2.2779402289671884,13777.646497105838,4.139175037556077,309546717.7654445,8.490726203393624,15.269933034844225,25.42455554370932,0.5217791590364667,0.26713703917418274,1.397177764954904,4.789224838810946,0.680265226260145,0.011254846752965016,257436.28964824392,5.410669767444413,38.102906039940386,0.7357938338176929,2.8057133505080256,4.671534233774444,0.44804329867675036,324.0780626658204,0.1170729941457014,2.2659768397606217,2.235677011295279,2.1206652642369233,2.4316991778704744,4.12721164834951,1.157400110867202,13.966286580875598,28.966286580875597,2.409412193702011,2.4094121937020123,0.0,dev
ok,R0069_S+00,69,0,20330909,428.98938592440777,0.14616361457958443,0.25633326609299817,52.7074543400231,2713.2511163569066,2.777199097275611,3.0486743709741573,0.5599267084147099,0.20008382249294607,0.048870929216572385,742.7587044284487,4,4.2014506622815806e-13,4.2696032466708274e-13,4.1385466556245827e-13,3.5609225787432235e-13,5.510860728142969e-13,0.1847229284690065,0.2129678433658338,2.2503991817391702e-11,6.158560225569948,6.874353126375619,11.808591108361739,12.243561002469102,10.189119393108495,5.645266280279921,1573404255.9740968,7574991.439896845,251.04873408010144,0.25665348589247344,337.4659650413461,220.00116716567112,7523467.009834591,22523467.00983459,7483658.448621556,371.49478430707484,371.49478430707484,371.49478430707484,369.7888629351664,1.7059213719084596,1573404255.974096,1573404255.9740953,0.0,0.9999999999999996,0.017901066604655173,0.0062977486307005765,0.5112094682370693,0.0,4.545912053999574e-16,1174,0,0.0,0.5567091419998178,0.0,6.162505758779724e-14,0,0.05,24000000.0,False,1476532.9901654087,0.45565;0.45566;0.45569;0.45573;0.45579;0.45587;0.45599;0.45614;0.45636;0.45671;0.45734;0.45852;0.46090;0.46626;0.49000;0.50592;0.45813;0.36475;0.01788;0.00000;0.00000;0.00000;0.00000;0.00000,2.632446546983126,22610.93847096527,4.354318588188055,312468948.39113235,8.49480686580033,9.971634446054813,12.243561002469102,0.2619940998423447,0.6030142861972557,-0.6180857171835337,6.874353126375619,0.8372318375040443,0.00677931329752639,462666.4324462606,5.665267991541849,51.477559490036214,0.789479192817756,1.61915026902769,1.9880557393324856,0.20928715633897146,249.78169175129895,0.09205992406876141,2.6361041178068927,2.6225644533189527,2.557279129152687,2.7469360333320356,4.357976159011821,0.8793821464010535,7.523467009834591,22.52346700983459,1.5734042559740953,1.5734042559740962,0.0,dev
ok,R0069_S+01,69,1,20330909,428.98938592440777,0.14616361457958443,0.25633326609299817,52.7074543400231,2713.2511163569066,2.777199097275611,3.0486743709741573,0.5599267084147099,0.20008382249294607,0.048870929216572385,742.7587044284487,4,4.2014506622815806e-13,4.2696032466708274e-13,4.1385466556245827e-13,3.5609225787432235e-13,5.510860728142969e-13,0.1847229284690065,0.2129678433658338,2.2503991817391702e-11,6.158560225569948,6.874353126375619,1.8959374870277201,12.960080242591303,20.561626760664698,24.700577041247893,2371483484.754328,12093446.95693115,311.1586286607911,0.26158630862538096,404.95724837442606,270.52734673487464,11959148.472674862,26959148.47267486,11751478.166688055,442.72253994374324,442.72253994374324,442.72253994374324,438.67582384449634,4.046716099246908,2371483484.7543197,2371483484.7543197,0.0,1.0,0.023860156365169218,0.009174282152709089,0.4876920705285301,0.0,0.0,2339,0,0.0,1.3823333799991815,0.0,1.7210894649599286e-13,0,0.05,24000000.0,True,-2959148.4726748616,0.42661;0.42664;0.42674;0.42687;0.42706;0.42732;0.42767;0.42817;0.42856;0.42894;0.42945;0.43020;0.43147;0.43386;0.43907;0.45989;0.48397;0.43153;0.24921;0.00000;0.00000;0.00000;0.00000;0.00000,2.632446546983126,22610.93847096527,4.354318588188055,312468948.39113235,8.49480686580033,15.029555382882904,24.700577041247893,0.5770854216375638,0.24711339342976302,1.5173196394214215,6.874353126375619,0.8372318375040443,0.010217990361991188,462666.4324462606,5.665267991541849,51.477559490036214,0.789479192817756,2.4404332883652176,4.010771371317062,0.38746694028966894,306.6553138318848,0.11302135360166447,2.6361041178068927,2.6225644533189527,2.557279129152687,2.7469360333320356,4.357976159011821,1.0825501040876122,11.959148472674862,26.959148472674862,2.37148348475432,2.37148348475432,0.0,dev
ok,R0069_S+02,69,2,20330909,428.98938592440777,0.14616361457958443,0.25633326609299817,52.7074543400231,2713.2511163569066,2.777199097275611,3.0486743709741573,0.5599267084147099,0.20008382249294607,0.048870929216572385,742.7587044284487,4,4.2014506622815806e-13,4.2696032466708274e-13,4.1385466556245827e-13,3.5609225787432235e-13,5.510860728142969e-13,0.1847229284690065,0.2129678433658338,2.2503991817391702e-11,6.158560225569948,6.874353126375619,2.3016805606778727,1.2241519008139996,0.5477008141569558,0.27232730070674127,171431162.15549815,832019.0657918019,82.62399970360111,0.255149120930673,111.0998804082062,72.6097912354201,826242.5891471636,15826242.589147164,825330.4993733652,121.11057472666148,121.11057472666148,121.11057472666148,120.9827243837033,0.1278503429581832,171431162.1554981,171431162.15550262,0.0,1.0000000000000264,0.0017968977962688935,0.0007323827001418252,0.6114214193992614,0.0,2.6424326510840283e-14,240,0,0.0,0.12364430700108642,0.0,1.2591355879663153e-12,0,0.05,24000000.0,False,8173757.410852836,0.59200;0.59205;0.59221;0.59244;0.59276;0.59320;0.59382;0.59468;0.60451;0.60855;0.58157;0.54116;0.49474;0.43839;0.28530;0.00039;0.00000;0.00000;0.00000;0.00000;0.00000;0.00000;0.00000;0.00000,2.632446546983126,22610.93847096527,4.354318588188055,312468948.39113235,8.49480686580033,1.0864651440888924,2.3016805606778727,0.7201621559205422,0.811308232177257,-1.8678493930635418,6.874353126375619,0.8372318375040443,0.0007386439643838772,462666.4324462606,5.665267991541849,51.477559490036214,0.789479192817756,0.17641544521688018,0.37373679502579876,-0.7534633949478459,82.4489875646886,0.030387525528928257,2.6361041178068927,2.6225644533189527,2.557279129152687,2.7469360333320356,4.357976159011821,-0.07986672169809633,0.8262425891471635,15.826242589147164,0.1714311621555026,0.17143116215549808,0.0,dev
ok,R0070_S+00,70,0,20331909,183.02896337911352,0.13271855888670148,0.12135630901399966,49.996656736787855,3854.5374559553084,2.9208617052560055,2.689714916698615,0.3101033071937578,0.2939075076760082,0.053599433554931485,666.1731259118401,4,2.0707820265674596e-13,2.0999723209518005e-13,2.0387445249121722e-13,1.5509745804265302e-13,2.4277292755624144e-13,0.18031065096050203,0.18230837707756894,1.0499159528738286e-11,4.585265160614493,3.4713423627055437,8.171770690336073,6.125547563500981,4.802320443451271,4.202089330186939,919183265.4998169,5832788.98196858,322.8327081125935,0.25657785100622144,389.1947699617545,262.8642750130097,5810949.192047279,20810949.19204728,5712087.73749195,439.7105694972299,439.7105694972299,439.7105694972299,418.9129992567562,20.797570240473704,919183265.4998151,919183265.4998167,0.0,1.0000000000000018,0.013013123742513847,0.004616160092459774,0.5213054613619668,0.0,1.6859758247638245e-15,1499,0,0.0,0.9456499240004632,0.0,3.093888131595957e-14,0,0.05,24000000.0,False,3189050.8079527207,0.47936;0.47938;0.47945;0.47955;0.47968;0.47987;0.48013;0.48049;0.48080;0.48115;0.48167;0.48252;0.48408;0.48728;0.49597;0.51965;0.50183;0.44609;0.22603;0.00000;0.00000;0.00000;0.00000;0.00000,2.2625198200059597,9150.836254955653,3.961460784155786,283202926.23199373,8.452097736446552,5.825432006868817,8.171770690336073,0.261429373566529,0.6135733039617906,-0.6814398237707433,3.4713423627055437,0.5404974482728129,0.0048721120054297925,170726.36123248207,5.232300584113529,77.09590415710967,0.6613644554830097,1.2704678579783864,1.7821806164075658,0.10396368215364458,320.1843533923532,0.08306686782811369,2.327930168245298,2.315079405510822,2.1963212778045094,2.3909168531997502,4.026871132395124,0.7658762648537509,5.810949192047279,20.81094919204728,0.9191832654998167,0.9191832654998151,0.0,dev
ok,R0070_S+01,70,1,20331909,183.02896337911352,0.13271855888670148,0.12135630901399966,49.996656736787855,3854.5374559553084,2.9208617052560055,2.689714916698615,0.3101033071937578,0.2939075076760082,0.053599433554931485,666.1731259118401,4,2.0707820265674596e-13,2.0999723209518005e-13,2.0387445249121722e-13,1.5509745804265302e-13,2.4277292755624144e-13,0.18031065096050203,0.18230837707756894,1.0499159528738286e-11,4.585265160614493,3.4713423627055437,0.6359364487379247,2.9477242802790524,6.092770183390467,10.07107415807217,778979832.5152092,5813090.451057984,300.64954472453195,0.2625796716069752,370.002500216864,242.30638258172755,5726847.316618115,20726847.316618115,5489159.458913587,409.0875606499808,409.0875606499808,409.0875606499808,395.9162112054432,13.171349444537611,778979832.5152102,778979832.5152094,0.0,0.9999999999999991,0.010251572746818993,0.003942838407426465,0.5309162500352781,0.0,9.18195449290687e-16,1267,0,0.0,0.744270866000079,0.0,1.566202564941994e-13,0,0.05,24000000.0,False,3273152.6833818853,0.48146;0.48151;0.48168;0.48192;0.48225;0.48271;0.48335;0.48424;0.48491;0.48557;0.48643;0.48770;0.48986;0.49426;0.51042;0.52674;0.49136;0.42362;0.12027;0.00000;0.00000;0.00000;0.00000;0.00000,2.2625198200059597,9150.836254955653,3.961460784155786,283202926.23199373,8.452097736446552,4.936876267619903,10.07107415807217,0.7172277327497671,0.18147410096752745,1.9111553941948358,3.4713423627055437,0.5404974482728129,0.004128966590706275,170726.36123248207,5.232300584113529,77.09590415710967,0.6613644554830097,1.076682829605058,2.196399511325643,0.03208778719868529,294.7556630002441,0.07646978823486147,2.327930168245298,2.315079405510822,2.1963212778045094,2.3909168531997502,4.026871132395124,0.7644070805840758,5.726847316618115,20.726847316618116,0.7789798325152094,0.7789798325152102,0.0,dev
ok,R0070_S+02,70,2,20331909,183.02896337911352,0.13271855888670148,0.12135630901399966,49.996656736787855,3854.5374559553084,2.9208617052560055,2.689714916698615,0.3101033071937578,0.2939075076760082,0.053599433554931485,666.1731259118401,4,2.0707820265674596e-13,2.0999723209518005e-13,2.0387445249121722e-13,1.5509745804265302e-13,2.4277292755624144e-13,0.18031065096050203,0.18230837707756894,1.0499159528738286e-11,4.585265160614493,3.4713423627055437,1.817254321520594,2.3379571643819363,2.9183094252372377,3.5583111040864974,419393877.5046305,2909511.3585588257,219.23920749642258,0.2593466095279403,272.3476322343591,177.47826511284887,2828158.3531223275,17828158.353122327,2760281.7664424367,300.6439551460872,300.6439551460872,300.6439551460872,295.1496556280778,5.49429951800937,419393877.50463045,419393877.50463027,0.0,0.9999999999999996,0.005566247572173727,0.0021675356134595223,0.5565992525752758,0.0,4.263627675971441e-16,525,0,0.0,0.33834412500073086,0.0,4.960166524745835e-14,0,0.05,24000000.0,False,6171841.6468776725,0.51695;0.51698;0.51707;0.51720;0.51738;0.51762;0.51797;0.51845;0.51901;0.51986;0.52135;0.52437;0.53361;0.55459;0.53642;0.49490;0.43289;0.15037;0.00000;0.00000;0.00000;0.00000;0.00000;0.00000,2.2625198200059597,9150.836254955653,3.961460784155786,283202926.23199373,8.452097736446552,2.6579580038065664,3.5583111040864974,0.2443750580059183,0.39082742089525946,0.655035474628443,3.4713423627055437,0.5404974482728129,0.0022229886272820414,170726.36123248207,5.232300584113529,77.09590415710967,0.6613644554830097,0.5796737834569116,0.7760316970653953,-0.23681634074956812,216.2768789686993,0.05610968409051229,2.327930168245298,2.315079405510822,2.1963212778045094,2.3909168531997502,4.026871132395124,0.46382005699249584,2.8281583531223276,17.828158353122326,0.41939387750463025,0.4193938775046304,0.0,dev
ok,R0071_S+00,71,0,20332909,473.9881123312769,0.17992777748529132,0.17117942504028988,38.16893374232774,3331.9757804989654,2.1920312563372732,3.7144811636724473,0.6102518326048814,0.28647852027869414,0.06866024054389297,779.4773176034324,4,5.143765935857851e-13,5.258428167887965e-13,5.046873467534901e-13,4.469053729798871e-13,7.289989616469567e-13,0.2088598983448381,0.2588227146477576,2.0070859632890556e-11,4.7363679834441115,5.332796632555584,5.994343746463978,4.21578917497865,3.9535988362584185,5.207772730303283,764147737.5383068,4979527.753782109,261.20383702968746,0.2601577492093745,366.1765003535885,237.77186786063916,4915604.74839497,19915604.74839497,4879377.169872973,401.95052674809705,401.95052674809705,401.95052674809705,392.9675503083095,8.982976439787535,764147737.5383064,764147737.538306,0.0,0.9999999999999996,0.015446475326036463,0.004100897172231494,0.4456423261079913,0.0,4.680088039054307e-16,868,0,0.0,0.5011179339999217,0.0,9.046213095930844e-14,0,0.05,24000000.0,False,4084395.25160503,0.39821;0.39822;0.39826;0.39831;0.39839;0.39849;0.39864;0.39884;0.39911;0.39953;0.40027;0.40170;0.40470;0.41341;0.44412;0.42750;0.38337;0.31911;0.06556;0.00000;0.00000;0.00000;0.00000;0.00000,2.6757674496621235,18091.620854223507,4.257477477667516,227884683.1794947,8.3577151359124,4.8428761220010825,5.994343746463978,0.16785015451571253,0.5270696928968621,-0.16241815738117274,5.332796632555584,0.7269550220772203,0.004301884180731198,263494.865600681,5.4207721570703225,87.29549017514064,0.6754454367408035,1.0224873022808338,1.2655992455436524,0.009657923443577372,258.71860866579794,0.07764720565497468,2.7265725434363772,2.708739014242417,2.655932173822651,2.8684435074962105,4.30828257144177,0.6971881572875238,4.91560474839497,19.91560474839497,0.764147737538306,0.7641477375383063,0.0,dev
ok,R0071_S+01,71,1,20332909,473.9881123312769,0.17992777748529132,0.17117942504028988,38.16893374232774,3331.9757804989654,2.1920312563372732,3.7144811636724473,0.6102518326048814,0.28647852027869414,0.06866024054389297,779.4773176034324,4,5.143765935857851e-13,5.258428167887965e-13,5.046873467534901e-13,4.469053729798871e-13,7.289989616469567e-13,0.2088598983448381,0.2588227146477576,2.0070859632890556e-11,4.7363679834441115,5.332796632555584,0.8114588233146174,12.588292953987002,22.484066561552073,29.765833586162763,2589681819.486124,16809357.181363486,484.6756777014628,0.2643084440443148,647.2824797439226,437.75001769963706,16956408.988326214,31956408.988326214,16649725.514741711,722.3499034615135,722.3499034615135,722.3499034615135,692.6149856542382,29.734917807275224,2589681819.4861054,2589681819.486106,0.0,1.0000000000000002,0.04109531805732698,0.012570718859296264,0.3860612903550757,0.0,1.841296311443188e-16,6761,0,0.0,3.6835811419987294,0.0,2.770313413899819e-13,0,0.05,24000000.0,True,-7956408.988326214,0.32831;0.32834;0.32844;0.32858;0.32877;0.32904;0.32941;0.32993;0.33030;0.33060;0.33094;0.33136;0.33191;0.33274;0.33416;0.33690;0.34353;0.37292;0.37286;0.29364;0.02865;0.00000;0.00000;0.00000,2.6757674496621235,18091.620854223507,4.257477477667516,227884683.1794947,8.3577151359124,16.412412981254114,29.765833586162763,0.6626992615283933,0.20411002015070107,1.7641753711607902,5.332796632555584,0.7269550220772203,0.014579001814836973,263494.865600681,5.4207721570703225,87.29549017514064,0.6754454367408035,3.4651895795730834,6.284527234836629,0.5397269997299937,476.2798466988065,0.14294216947383792,2.7265725434363772,2.708739014242417,2.655932173822651,2.8684435074962105,4.30828257144177,1.2255511055914845,16.956408988326213,31.956408988326213,2.5896818194861058,2.5896818194861053,0.0,dev
ok,R0071_S+02,71,2,20332909,473.9881123312769,0.17992777748529132,0.17117942504028988,38.16893374232774,3331.9757804989654,2.1920312563372732,3.7144811636724473,0.6102518326048814,0.28647852027869414,0.06866024054389297,779.4773176034324,4,5.143765935857851e-13,5.258428167887965e-13,5.046873467534901e-13,4.469053729798871e-13,7.289989616469567e-13,0.2088598983448381,0.2588227146477576,2.0070859632890556e-11,4.7363679834441115,5.332796632555584,20.192624824585135,20.776455701184627,15.779084667963648,5.200511724922187,2443689458.4102073,14575934.861138655,464.22278658211343,0.25695784802505284,634.7619001492083,425.36276178425857,14675773.662800774,29675773.662800774,14625158.486995436,684.8093714388737,684.8093714388737,684.8093714388737,683.1086457311966,1.7007257076770657,2443689458.410205,2443689458.410205,0.0,1.0,0.03775177738965556,0.011950906701284904,0.38647550362886884,0.0,0.0,5966,0,0.0,3.1981213010003557,0.0,6.604217604605388e-14,0,0.05,24000000.0,True,-5675773.662800774,0.33591;0.33592;0.33594;0.33596;0.33600;0.33605;0.33612;0.33622;0.33630;0.33640;0.33653;0.33675;0.33713;0.33783;0.33917;0.34171;0.34932;0.38098;0.36897;0.28100;0.01458;0.00000;0.00000;0.00000,2.6757674496621235,18091.620854223507,4.257477477667516,227884683.1794947,8.3577151359124,15.4871692296639,20.776455701184627,0.4032606739956269,0.6613390723350878,-0.9680344340105274,5.332796632555584,0.7269550220772203,0.013757115944123917,263494.865600681,5.4207721570703225,87.29549017514064,0.6754454367408035,3.2698407902002167,4.386579711248863,0.5145266072104984,462.66005901761173,0.1388545684291643,2.7265725434363772,2.708739014242417,2.655932173822651,2.8684435074962105,4.30828257144177,1.1636364188007637,14.675773662800774,29.675773662800776,2.443689458410205,2.443689458410205,0.0,dev
ok,R0072_S+00,72,0,20333909,143.20012230089014,0.3864567033726394,0.2624482117108801,36.24429895539504,1973.2478075400988,1.7507614065665797,2.254583965657518,0.24760079202804355,0.16171027501384308,0.06842571452438184,644.4441266281112,4,2.6973274449848715e-13,2.8380854281557934e-13,2.5812389242603744e-13,1.996415606363806e-13,4.4300977364712694e-13,0.3003368986671602,0.3905707417777278,1.0286441671902888e-11,1.9139501983302492,2.1711205538656118,0.513635125794984,0.43889260305610756,0.38952625190977724,0.36553607235599317,67359304.82530086,1043458.1634813736,65.23550077653024,0.26258087590462253,81.69953390099556,51.81063270991885,1031152.5880428813,16031152.588042881,1026722.4177437816,90.73472678299962,90.73472678299962,90.73472678299962,90.0557920035023,0.6789347794973111,67359304.82530086,67359304.82530056,0.0,0.9999999999999956,0.0019627338745472917,0.0008890520248906344,0.7346643744988361,0.0,4.424380932224414e-15,200,0,0.0,0.15011336099996697,0.0,1.9851975709689972e-13,0,0.05,24000000.0,False,7968847.411957119,0.71935;0.71941;0.71960;0.71987;0.72023;0.72074;0.72146;0.72244;0.73145;0.72776;0.69138;0.63248;0.54793;0.35068;0.00241;0.00000;0.00000;0.00000;0.00000;0.00000;0.00000;0.00000;0.00000;0.00000,2.1559433888837014,5190.1880431225945,3.7151830928409595,116358054.8091354,8.065796452410705,0.42689751327921555,0.513635125794984,0.1326615406665921,0.557819909475605,-0.3469194568536303,2.1711205538656118,0.336683938804499,0.0008982885708263593,75851.42631244569,4.879963751685711,54.44298453581696,0.2819306330898573,0.22304525669040165,0.26836389277165357,-0.6516070080874101,64.59404689565622,0.03273488846602638,2.458742061622316,2.4175448032739997,2.305967553937788,2.6521299054669516,4.017981765579574,0.01847504110303592,1.0311525880428813,16.031152588042882,0.06735930482530056,0.06735930482530086,0.0,dev
ok,R0072_S+01,72,1,20333909,143.20012230089014,0.3864567033726394,0.2624482117108801,36.24429895539504,1973.2478075400988,1.7507614065665797,2.254583965657518,0.24760079202804355,0.16171027501384308,0.06842571452438184,644.4441266281112,4,2.6973274449848715e-13,2.8380854281557934e-13,2.5812389242603744e-13,1.996415606363806e-13,4.4300977364712694e-13,0.3003368986671602,0.3905707417777278,1.0286441671902888e-11,1.9139501983302492,2.1711205538656118,0.019783038994348513,0.35512950009371597,0.6098157403474811,0.6908782999339897,66097652.73639006,1069493.014521576,65.20267788092146,0.26732373239263857,80.93191832401905,51.339467151941754,1046121.497770587,16046121.497770587,1037724.9226797074,90.59115465331053,90.59115465331053,90.59115465331053,89.1437702867335,1.447384366577026,66097652.73639,66097652.73639007,0.0,1.000000000000001,0.0019627338745472917,0.0008725644963690889,0.7344523126455382,0.0,1.0144872411694168e-15,221,0,0.0,0.1136584510004468,0.0,2.341176608118843e-12,0,0.05,24000000.0,False,7953878.502229413,0.71889;0.71895;0.71916;0.71946;0.71987;0.72044;0.72123;0.72233;0.73142;0.72708;0.68998;0.63050;0.54491;0.33949;0.00156;0.00000;0.00000;0.00000;0.00000;0.00000;0.00000;0.00000;0.00000;0.00000,2.1559433888837014,5190.1880431225945,3.7151830928409595,116358054.8091354,8.065796452410705,0.41890164484238385,0.6908782999339897,0.6245402271509646,0.223747354363534,1.602035392322577,2.1711205538656118,0.336683938804499,0.0008814634617376134,75851.42631244569,4.879963751685711,54.44298453581696,0.2819306330898573,0.21886757827232817,0.36096984160649503,-0.6598185674420098,63.98625829368374,0.03242687413571772,2.458742061622316,2.4175448032739997,2.305967553937788,2.6521299054669516,4.017981765579574,0.029177952287967,1.046121497770587,16.04612149777059,0.06609765273639007,0.06609765273639,0.0,dev
ok,R0072_S+02,72,2,20333909,143.20012230089014,0.3864567033726394,0.2624482117108801,36.24429895539504,1973.2478075400988,1.7507614065665797,2.254583965657518,0.24760079202804355,0.16171027501384308,0.06842571452438184,644.4441266281112,4,2.6973274449848715e-13,2.8380854281557934e-13,2.5812389242603744e-13,1.996415606363806e-13,4.4300977364712694e-13,0.3003368986671602,0.3905707417777278,1.0286441671902888e-11,1.9139501983302492,2.1711205538656118,3.291842129067487,3.9450349083038785,4.195607126858377,4.043558784730982,610483466.2076538,9230817.892974913,196.98391913081684,0.2641680735812192,242.41249075060105,155.97061746591015,9193439.378803663,24193439.378803663,9120878.427851606,268.79922864232356,268.79922864232356,268.79922864232356,265.9348901488342,2.864338493489356,610483466.207654,610483466.2076547,0.0,1.000000000000001,0.017158350153194106,0.007459948894345862,0.6329338839904214,0.0,1.1716217996007046e-15,834,0,0.0,0.47513443599927996,0.0,3.667754699380283e-14,0,0.05,24000000.0,True,-193439.37880366296,0.56359;0.56361;0.56369;0.56379;0.56394;0.56414;0.56442;0.56481;0.56534;0.56618;0.56767;0.57055;0.57672;0.59573;0.63159;0.57626;0.43079;0.02494;0.00000;0.00000;0.00000;0.00000;0.00000;0.00000,2.1559433888837014,5190.1880431225945,3.7151830928409595,116358054.8091354,8.065796452410705,3.869010737240181,4.195607126858377,0.08916404033723171,0.46761805076648155,0.19429169540111058,2.1711205538656118,0.336683938804499,0.008141270486610102,75851.42631244569,4.879963751685711,54.44298453581696,0.2819306330898573,2.021479315718637,2.192119277982609,0.305669301882794,194.46016479510385,0.0985482735883654,2.458742061622316,2.4175448032739997,2.305967553937788,2.6521299054669516,4.017981765579574,0.9652401832218889,9.193439378803664,24.193439378803664,0.6104834662076547,0.610483466207654,0.0,dev
ok,R0073_S+00,73,0,20334909,51.05509705078484,0.15159341265032067,0.14979064399719672,46.3219397966684,2440.472779180056,1.926061580548005,3.459148356716023,0.5218707758752872,0.34044822934445623,0.07018612360030226,611.8997287114543,4,5.167666031575408e-14,5.207844736262108e-14,5.1279183277593374e-14,4.472650158183552e-14,6.014764585943334e-14,0.13391434211830322,0.1434747361256497,2.4123747034352985e-12,1.751150604921586,4.4613158479637685,3.8320482477120033,3.940130894719788,3.2657959388625017,1.8090433801401433,506776337.24820423,7924902.953793969,243.44904332747802,0.25955405739293896,333.0400615102269,218.37718225009024,7742091.460097279,22742091.46009728,7578815.65484006,359.6266988660356,359.6266988660356,359.6266988660356,354.9014330691043,4.725265796931296,506776337.248204,506776337.2482047,0.0,1.0000000000000013,0.019315948654257717,0.005949178057595343,0.40054711193439374,0.0,1.4113834540667918e-15,1139,0,0.0,0.6886784079997597,0.0,1.657600951795344e-14,0,0.05,24000000.0,False,1257908.5399027206,0.35604;0.35607;0.35617;0.35630;0.35649;0.35675;0.35711;0.35761;0.35806;0.35859;0.35941;0.36080;0.36332;0.36795;0.38877;0.39318;0.34926;0.27069;0.01810;0.00000;0.00000;0.00000;0.00000;0.00000,1.7080391060806859,2364.971131899518,3.3738258438758346,129828259.32164888,8.113369234310719,3.2117546153586094,3.940130894719788,0.26446117669646874,0.6049792148865634,-0.6298752893193805,4.4613158479637685,0.6494629710945686,0.006379209033919365,33695.708077106756,4.527574587009819,52.68502981292639,0.24332349849561288,1.8340824634568922,2.250024003444422,0.26341885838915974,240.01199083547968,0.09834651420128451,1.7223746257102037,1.715657697334481,1.656281527616026,1.7849352317661167,3.3881613635053527,0.8989939526702527,7.74209146009728,22.742091460097278,0.5067763372482047,0.506776337248204,0.0,dev
ok,R0073_S+01,73,1,20334909,51.05509705078484,0.15159341265032067,0.14979064399719672,46.3219397966684,2440.472779180056,1.926061580548005,3.459148356716023,0.5218707758752872,0.34044822934445623,0.07018612360030226,611.8997287114543,4,5.167666031575408e-14,5.207844736262108e-14,5.1279183277593374e-14,4.472650158183552e-14,6.014764585943334e-14,0.13391434211830322,0.1434747361256497,2.4123747034352985e-12,1.751150604921586,4.4613158479637685,2.2229768817288167,2.852693310971357,3.4851985069117117,4.120492469549883,500241654.03992426,9186619.663170788,243.73791695966716,0.2635690097080543,331.687543380562,216.79568287836622,8757212.40245647,23757212.40245647,8355536.8732604645,359.6982004205134,359.6982004205134,359.6982004205134,352.0901457803057,7.608054640207683,500241654.0399241,500241654.0399241,0.0,1.0,0.019315948654257717,0.005877423743310667,0.40540784915756806,0.0,0.0,1120,0,0.0,0.5709066540002823,0.0,1.3953613856647292e-14,0,0.05,24000000.0,False,242787.59754353017,0.35021;0.35027;0.35047;0.35076;0.35115;0.35171;0.35247;0.35354;0.35437;0.35518;0.35625;0.35786;0.36072;0.36713;0.39352;0.39420;0.34827;0.26785;0.01553;0.00000;0.00000;0.00000;0.00000;0.00000,1.7080391060806859,2364.971131899518,3.3738258438758346,129828259.32164888,8.113369234310719,3.170340292290442,4.120492469549883,0.22305608125531579,0.4002464818242909,0.598521109054255,4.4613158479637685,0.6494629710945686,0.00629695162154211,33695.708077106756,4.527574587009819,52.68502981292639,0.24332349849561288,1.8104326854470667,2.3530200417766998,0.2577823817449267,238.45953952975975,0.09771038692342096,1.7223746257102037,1.715657697334481,1.656281527616026,1.7849352317661167,3.3881613635053527,0.9631557364465013,8.757212402456469,23.75721240245647,0.500241654039924,0.500241654039924,0.0,dev
ok,R0073_S+02,73,2,20334909,51.05509705078484,0.15159341265032067,0.14979064399719672,46.3219397966684,2440.472779180056,1.926061580548005,3.459148356716023,0.5218707758752872,0.34044822934445623,0.07018612360030226,611.8997287114543,4,5.167666031575408e-14,5.207844736262108e-14,5.1279183277593374e-14,4.472650158183552e-14,6.014764585943334e-14,0.13391434211830322,0.1434747361256497,2.4123747034352985e-12,1.751150604921586,4.4613158479637685,0.6389360372512699,0.5153982230615686,0.4971497316208033,0.5841905629289741,88190654.16566561,1568735.996290583,101.92344229639777,0.26142890726438067,140.97023266755883,90.66739810031133,1451979.0541702975,16451979.054170297,1416669.007233251,152.78866426581385,152.78866426581385,152.78866426581385,150.63087285459494,2.157791411218909,88190654.1656656,88190654.16566573,0.0,1.0000000000000016,0.0035588385924838666,0.0010960543426389456,0.476951000085799,0.0,1.5206877873102433e-15,223,0,0.0,0.11863604800055327,0.0,3.9903345706962095e-14,0,0.05,24000000.0,False,7548020.945829703,0.44686;0.44690;0.44704;0.44723;0.44750;0.44787;0.44839;0.44912;0.45257;0.46444;0.47497;0.45068;0.41298;0.36898;0.31070;0.12258;0.00000;0.00000;0.00000;0.00000;0.00000;0.00000;0.00000;0.00000,1.7080391060806859,2364.971131899518,3.3738258438758346,129828259.32164888,8.113369234310719,0.558918638715654,0.6389360372512699,0.1010163026393758,0.516324819192556,-0.0979489151553366,4.4613158479637685,0.6494629710945686,0.0011101280316593277,33695.708077106756,4.527574587009819,52.68502981292639,0.24332349849561288,0.3191722271886955,0.36486641152140115,-0.49597490586595466,100.1235079360207,0.04102627523248178,1.7223746257102037,1.715657697334481,1.656281527616026,1.7849352317661167,3.3881613635053527,0.19554986200543464,1.4519790541702975,16.451979054170298,0.08819065416566572,0.0881906541656656,0.0,dev
ok,R0074_S+00,74,0,20335909,434.72318682446354,0.7486194667456451,0.13178152017524808,68.90013525570211,2651.1902663482483,1.778922756624401,3.6147728180283547,0.23937235000351112,0.2914480261987409,0.044044331311738016,668.3603138299362,4,7.758968251596301e-13,1.821207619305826e-12,2.1168923406151384e-13,6.009444144094621e-14,4.500457618196518e-12,0.8479218839774939,1.085845356453412,1.2548145129888668e-10,3.6884283713415367,3.2608829723299793,2.5781170054742044,2.6307946661055217,2.16008654514201,1.1659926425836686,336679784.42702025,2844267.7624675417,160.29247917119216,0.2849082129714224,222.97057355179547,142.11173886312196,2825064.164487358,17825064.16448736,2824166.586923022,242.45097544118258,242.45097544118258,242.45097544118258,234.22778792285928,8.2231875183233,336679784.4270199,336679784.4270244,0.0,1.0000000000000135,0.007713588655364628,0.0024419268104847952,0.4906000419043152,0.0,1.3454781701963514e-14,399,0,0.0,0.26911237800050003,0.0,1.5513310901855023e-12,0,0.05,24000000.0,False,6174935.835512642,0.44503;0.44504;0.44508;0.44512;0.44519;0.44528;0.44540;0.44557;0.44629;0.44786;0.45121;0.46209;0.48858;0.46334;0.41857;0.36177;0.23333;0.00352;0.00000;0.00000;0.00000;0.00000;0.00000;0.00000,2.638212804767242,29952.486370995397,4.476432879225628,200496249.65751746,8.30210625342364,2.133747714826351,2.6307946661055217,0.2754506301667306,0.6103007908790705,-0.6618047452744231,3.2608829723299793,0.5133352129785077,0.0025124656492091215,680053.1527881982,5.832542858383398,38.47873819854132,0.5668413539505133,0.5784978044863794,0.7132562710303256,-0.2376982849425855,157.87199855164977,0.0595475928512301,3.266076056345732,2.3314153693124524,1.784550900665608,3.6589732739764864,5.104296130804118,0.45397047893825404,2.825064164487358,17.825064164487358,0.3366797844270244,0.3366797844270199,0.0,dev
ok,R0074_S+01,74,1,20335909,434.72318682446354,0.7486194667456451,0.13178152017524808,68.90013525570211,2651.1902663482483,1.778922756624401,3.6147728180283547,0.23937235000351112,0.2914480261987409,0.044044331311738016,668.3603138299362,4,7.758968251596301e-13,1.821207619305826e-12,2.1168923406151384e-13,6.009444144094621e-14,4.500457618196518e-12,0.8479218839774939,1.085845356453412,1.2548145129888668e-10,3.6884283713415367,3.2608829723299793,3.5314096341596892,5.537506908508127,7.6997612304655165,10.018172600031859,1056660886.6702474,9038077.017520092,289.49663713127546,0.29610594825283165,394.14019228154245,251.9767080159736,9017580.574057575,24017580.574057575,9006777.093457885,430.50591518826394,430.50591518826394,430.50591518826394,374.05530566484055,56.450609523423395,1056660886.6702468,1056660886.6702442,0.0,0.9999999999999976,0.022954925100988288,0.007238358886538221,0.4395901571618447,0.0,2.4819735481849306e-15,1607,0,0.0,0.7943333559996972,0.0,3.182513224582244e-13,0,0.05,24000000.0,True,-17580.574057575315,0.37727;0.37729;0.37737;0.37747;0.37761;0.37781;0.37809;0.37848;0.37883;0.37924;0.37985;0.38086;0.38275;0.38684;0.40036;0.43076;0.40258;0.33500;0.13269;0.00000;0.00000;0.00000;0.00000;0.00000,2.638212804767242,29952.486370995397,4.476432879225628,200496249.65751746,8.30210625342364,6.6967125932912985,10.018172600031859,0.3611823465804076,0.33855852466152453,0.9686488520308525,3.2608829723299793,0.5133352129785077,0.007885309137701782,680053.1527881982,5.832542858383398,38.47873819854132,0.5668413539505133,1.815600553700221,2.7161087572884326,0.25902030651678754,279.68192658989784,0.10549296674023022,3.266076056345732,2.3314153693124524,1.784550900665608,3.6589732739764864,5.104296130804118,0.9560760378296012,9.017580574057575,24.017580574057575,1.0566608866702443,1.056660886670247,0.0,dev
ok,R0074_S+02,74,2,20335909,434.72318682446354,0.7486194667456451,0.13178152017524808,68.90013525570211,2651.1902663482483,1.778922756624401,3.6147728180283547,0.23937235000351112,0.2914480261987409,0.044044331311738016,668.3603138299362,4,7.758968251596301e-13,1.821207619305826e-12,2.1168923406151384e-13,6.009444144094621e-14,4.500457618196518e-12,0.8479218839774939,1.085845356453412,1.2548145129888668e-10,3.6884283713415367,3.2608829723299793,13.031563576872156,12.566633548021093,8.82177612107721,1.7969912960405077,1428650600.2887065,11437385.772521926,328.35167180998684,0.28173976813265167,451.74633899354194,292.8283016126174,11480225.85953936,26480225.85953936,11478679.15461409,490.4839734505834,490.4839734505834,490.4839734505834,475.68751184521574,14.796461605367654,1428650600.2887075,1428650600.2887073,0.0,0.9999999999999998,0.03225906044180111,0.009531599114199926,0.4188647032530774,0.0,1.6688375663957437e-16,2890,0,0.0,1.6861158530009561,0.0,9.376381475258864e-13,285,0.05,24000000.0,True,-2480225.85953936,0.36171;0.36171;0.36173;0.36176;0.36180;0.36186;0.36194;0.36206;0.36218;0.36235;0.36264;0.36312;0.36400;0.36587;0.37019;0.38605;0.41471;0.37215;0.26977;0.00382;0.00000;0.00000;0.00000;0.00000,2.638212804767242,29952.486370995397,4.476432879225628,200496249.65751746,8.30210625342364,9.05424113550274,13.031563576872156,0.49662933542733045,0.7068012863198362,-1.2408077179190173,3.2608829723299793,0.5133352129785077,0.01066127437397544,680053.1527881982,5.832542858383398,38.47873819854132,0.5668413539505133,2.4547694096088892,3.5330938450981444,0.39001070263501786,325.206787005956,0.12266444665772559,3.266076056345732,2.3314153693124524,1.784550900665608,3.6589732739764864,5.104296130804118,1.0583267697095968,11.48022585953936,26.48022585953936,1.4286506002887072,1.4286506002887074,0.0,dev
ok,R0075_S+00,75,0,20336909,42.15585395186302,0.2611236181450147,0.19150770255543756,23.156369708424794,2659.2778699002615,1.5517348047276376,2.4630711337684734,0.4510337290394679,0.15622686299162938,0.0793688617740397,736.2176218600899,4,3.765013325701605e-14,3.9747785557516946e-14,3.5556840323872105e-14,2.3754056756219853e-14,5.212264521579028e-14,0.3218929020459659,0.36273086531828624,9.204144174610499e-13,1.3389777502779314,3.4096524931165932,0.8847576327714737,1.0640000981163986,1.363797625315736,1.784150214369485,201049744.64239684,5450369.107837196,163.9063457177295,0.2947545159833013,216.9967368425093,131.59937413931024,4609572.283476997,19609572.283476997,4369047.698089063,244.11621140074664,244.11621140074664,244.11621140074664,210.09479704802902,34.02141435271761,201049744.642397,201049744.642397,0.0,1.0,0.007227512399317334,0.0026847998026305266,0.6328812654059089,0.0,0.0,416,0,0.0,0.1919307950010989,0.0,1.4703843947510412e-14,0,0.05,24000000.0,False,4390427.716523003,0.56649;0.56661;0.56701;0.56757;0.56833;0.56941;0.57090;0.57297;0.57505;0.57788;0.58285;0.59561;0.62605;0.60088;0.52713;0.42362;0.20733;0.00346;0.00000;0.00000;0.00000;0.00000;0.00000;0.00000,1.624857891237462,976.1765394837006,2.9895283660174865,98522184.47247145,7.993534032621213,1.2741763926432734,1.784150214369485,0.2672790697355025,0.3823563484105177,0.7058619095368933,3.4096524931165932,0.5327101185782992,0.0027718088996086204,12299.238236058369,4.089878213868563,114.84001608994686,0.12677336042365794,0.9516038577779151,1.3324718905890327,-0.021543806012382864,152.4166859958409,0.05731506576315676,1.6050295358680604,1.556639759208319,1.3814543875759644,1.7227430457415012,2.969700010648085,0.7364259143993691,4.609572283476997,19.609572283476997,0.201049744642397,0.201049744642397,0.0,dev
ok,R0075_S+01,75,1,20336909,42.15585395186302,0.2611236181450147,0.19150770255543756,23.156369708424794,2659.2778699002615,1.5517348047276376,2.4630711337684734,0.4510337290394679,0.15622686299162938,0.0793688617740397,736.2176218600899,4,3.765013325701605e-14,3.9747785557516946e-14,3.5556840323872105e-14,2.3754056756219853e-14,5.212264521579028e-14,0.3218929020459659,0.36273086531828624,9.204144174610499e-13,1.3389777502779314,3.4096524931165932,0.9882365365548573,0.6473146546469789,0.4643642474755615,0.4393853150406054,100167796.83191407,2139471.2664460265,113.88887218426518,0.2856320393977667,149.54134627468378,92.50806574499458,1908160.5251238644,16908160.525123864,1862592.257069137,171.90457993852053,171.90457993852053,171.90457993852053,154.51714998499853,17.387429953522002,100167796.83191411,100167796.8319141,0.0,0.9999999999999999,0.0038094447575642413,0.0013591019440687578,0.6641178144664807,0.0,1.4876199402540967e-16,263,0,0.0,0.12025867400006973,0.0,4.7596194966573355e-14,0,0.05,24000000.0,False,7091839.474876136,0.63405;0.63411;0.63432;0.63462;0.63503;0.63559;0.63639;0.63749;0.64080;0.64793;0.66027;0.65213;0.60008;0.52420;0.42078;0.19775;0.00008;0.00000;0.00000;0.00000;0.00000;0.00000;0.00000;0.00000,1.624857891237462,976.1765394837006,2.9895283660174865,98522184.47247145,7.993534032621213,0.6348251884295008,0.9882365365548573,0.3453949111745616,0.6440951072089781,-0.8645706432538688,3.4096524931165932,0.5327101185782992,0.0013809815635763725,12299.238236058369,4.089878213868563,114.84001608994686,0.12677336042365794,0.4741118276967113,0.7380529933000972,-0.32411921017494344,107.5832878037017,0.04045582788523589,1.6050295358680604,1.556639759208319,1.3814543875759644,1.7227430457415012,2.969700010648085,0.33030645819189247,1.9081605251238645,16.908160525123865,0.1001677968319141,0.10016779683191411,0.0,dev
ok,R0075_S+02,75,2,20336909,42.15585395186302,0.2611236181450147,0.19150770255543756,23.156369708424794,2659.2778699002615,1.5517348047276376,2.4630711337684734,0.4510337290394679,0.15622686299162938,0.0793688617740397,736.2176218600899,4,3.765013325701605e-14,3.9747785557516946e-14,3.5556840323872105e-14,2.3754056756219853e-14,5.212264521579028e-14,0.3218929020459659,0.36273086531828624,9.204144174610499e-13,1.3389777502779314,3.4096524931165932,1.6291412846762985,1.0702352971756468,0.6493540077982224,0.3664974165440257,146554599.16034234,3122925.563375106,137.05808608632722,0.28273679570721627,182.72321863963262,112.18205148161037,2589562.5265580676,17589562.526558068,2533155.99263224,206.7947642430458,206.7947642430458,206.7947642430458,184.87517748384232,21.91958675920347,146554599.1603424,146554599.16034254,0.0,1.000000000000001,0.005428026067173947,0.001974163761726264,0.6379439878573118,0.0,1.0167651700609273e-15,334,0,0.0,0.2695318350015441,0.0,3.441142448042765e-14,0,0.05,24000000.0,False,6410437.473441932,0.61063;0.61067;0.61081;0.61101;0.61129;0.61168;0.61222;0.61297;0.61455;0.61639;0.62141;0.63346;0.62659;0.56949;0.48487;0.35477;0.06031;0.00000;0.00000;0.00000;0.00000;0.00000;0.00000;0.00000,1.624857891237462,976.1765394837006,2.9895283660174865,98522184.47247145,7.993534032621213,0.9288070015485483,1.6291412846762985,0.5120475441784109,0.726570906913768,-1.3594254414826081,3.4096524931165932,0.5327101185782992,0.0020205016572080146,12299.238236058369,4.089878213868563,114.84001608994686,0.12677336042365794,0.6936687344922319,1.216705269626876,-0.158847879874839,130.13091322830195,0.048934680614321296,1.6050295358680604,1.556639759208319,1.3814543875759644,1.7227430457415012,2.969700010648085,0.4945616327089976,2.5895625265580677,17.58956252655807,0.14655459916034255,0.14655459916034239,0.0,dev
ok,R0076_S+00,76,0,20337909,179.27344720983805,0.35891428021790595,0.13213731131641468,63.81236471137245,3090.6802950916444,2.4386976980179105,3.4052550088582634,0.6100039342075875,0.3207187918972874,0.05559137363696995,730.1800399468165,4,1.6978467778563937e-13,1.8570390124043777e-13,1.4975489254901258e-13,7.578203258274438e-14,2.296685510348479e-13,0.4168394149647847,0.39748003257306985,1.1850205074279506e-11,4.699489326722495,6.583797747374779,9.437505744454269,7.335793787481597,9.982155186227644,17.376589940692405,1740876765.6578894,12029909.531847112,374.4488765652607,0.26935092015559714,505.0027523177729,330.00444241766877,11769457.704076484,26769457.704076484,11470259.79705729,550.7127265812242,550.7127265812242,550.7127265812242,491.0169378522621,59.69578872896204,1740876765.6578925,1740876765.6578898,0.0,0.9999999999999984,0.02757450859623906,0.008520523692655255,0.4001197433600032,0.0,1.506484790797976e-15,3055,0,0.0,1.5738398280009278,0.0,3.1771002680451635e-14,0,0.05,24000000.0,True,-2769457.704076484,0.34353;0.34357;0.34370;0.34389;0.34414;0.34450;0.34499;0.34567;0.34618;0.34662;0.34713;0.34780;0.34879;0.35043;0.35368;0.36341;0.39321;0.37579;0.30992;0.06984;0.00000;0.00000;0.00000;0.00000,2.2535159695164166,11439.862596419161,4.058420808200421,253039513.31854925,8.403188343611777,11.03301116471398,17.376589940692405,0.343825146343725,0.38007075497169357,0.7195754701698382,6.583797747374779,0.818476480990933,0.009422143807736158,205784.8520010541,5.313413402814754,48.433878121755804,0.672050667587607,2.347704271180586,3.6975485489209823,0.37064339006998287,364.0023164005268,0.11777417320665755,2.274537625197818,2.181097617625354,1.8852828472628884,2.3668181282381857,4.079442463881823,1.0802623613408986,11.769457704076483,26.769457704076483,1.7408767656578898,1.7408767656578925,0.0,dev
ok,R0076_S+01,76,1,20337909,179.27344720983805,0.35891428021790595,0.13213731131641468,63.81236471137245,3090.6802950916444,2.4386976980179105,3.4052550088582634,0.6100039342075875,0.3207187918972874,0.05559137363696995,730.1800399468165,4,1.6978467778563937e-13,1.8570390124043777e-13,1.4975489254901258e-13,7.578203258274438e-14,2.296685510348479e-13,0.4168394149647847,0.39748003257306985,1.1850205074279506e-11,4.699489326722495,6.583797747374779,6.071682969461521,11.922087884775548,21.238304295982942,34.020332203083704,2889587712.8657713,20071917.20398347,485.2001120155259,0.27246287297442556,647.5916500603145,425.27113054697713,20121211.379138127,35121211.37913813,19412475.10756083,713.8662749959178,713.8662749959178,713.8662749959178,628.7435285483274,85.12274644759043,2889587712.865759,2889587712.865755,0.0,0.9999999999999987,0.04964756585178068,0.013339944977282787,0.37959778938653765,0.0,1.3201527846482156e-15,7601,0,0.0,3.672408536000148,0.0,2.941509386001166e-14,0,0.05,24000000.0,True,-11121211.379138127,0.31455;0.31460;0.31479;0.31504;0.31539;0.31587;0.31655;0.31749;0.31830;0.31885;0.31943;0.32008;0.32087;0.32191;0.32349;0.32629;0.33285;0.35792;0.36018;0.26846;0.01636;0.00000;0.00000;0.00000,2.2535159695164166,11439.862596419161,4.058420808200421,253039513.31854925,8.403188343611777,18.313101838325927,34.020332203083704,0.5765826166044218,0.2456406759091385,1.5261559445451693,6.583797747374779,0.818476480990933,0.015639309750566852,205784.8520010541,5.313413402814754,48.433878121755804,0.672050667587607,3.896828051974277,7.239155116202822,0.5907112429170766,468.96245412009847,0.15173437863012385,2.274537625197818,2.181097617625354,1.8852828472628884,2.3668181282381857,4.079442463881823,1.3025888568594006,20.121211379138128,35.121211379138124,2.889587712865755,2.889587712865759,0.0,dev
ok,R0076_S+02,76,2,20337909,179.27344720983805,0.35891428021790595,0.13213731131641468,63.81236471137245,3090.6802950916444,2.4386976980179105,3.4052550088582634,0.6100039342075875,0.3207187918972874,0.05559137363696995,730.1800399468165,4,1.6978467778563937e-13,1.8570390124043777e-13,1.4975489254901258e-13,7.578203258274438e-14,2.296685510348479e-13,0.4168394149647847,0.39748003257306985,1.1850205074279506e-11,4.699489326722495,6.583797747374779,0.4500315808317513,0.7905881881635636,1.4673663935013317,2.4803661968450554,204664935.5189521,1517634.8070529094,128.89577435132108,0.2714784403961028,177.25562670618075,112.95051840373493,1405005.6061514206,16405005.60615142,1383916.5531998184,194.60168977578587,194.60168977578587,194.60168977578587,173.28278936649951,21.318900409286357,204664935.51895198,204664935.51895308,0.0,1.0000000000000053,0.003520804898914023,0.001093633522480307,0.49032409653064063,0.0,5.387761833988498e-15,265,0,0.0,0.1577455419992475,0.0,2.8937642107943807e-13,0,0.05,24000000.0,False,7594994.393848579,0.45477;0.45480;0.45490;0.45503;0.45522;0.45549;0.45586;0.45637;0.45836;0.46370;0.48349;0.48076;0.44849;0.41009;0.36584;0.29014;0.02579;0.00000;0.00000;0.00000;0.00000;0.00000;0.00000;0.00000,2.2535159695164166,11439.862596419161,4.058420808200421,253039513.31854925,8.403188343611777,1.2970880898354253,2.4803661968450554,0.5975778146130899,0.23911632885950038,1.5653020268429982,6.583797747374779,0.818476480990933,0.0011077076177370116,205784.8520010541,5.313413402814754,48.433878121755804,0.672050667587607,0.2760061784713185,0.5277948356518357,-0.5590811960291046,124.80783633168201,0.040381995035167886,2.274537625197818,2.181097617625354,1.8852828472628884,2.3668181282381857,4.079442463881823,0.18116727856699216,1.4050056061514207,16.40500560615142,0.2046649355189531,0.20466493551895198,0.0,dev
ok,R0077_S+00,77,0,20338909,258.1262885255653,0.7855200712301321,0.10300459525091601,28.978773030372786,1367.60281149757,2.768467981796987,3.724590226130504,0.4142968693419963,0.32787239277005104,0.07947070440716769,698.8331626800069,4,2.060160209425141e-13,3.7875298587974047e-13,1.0421307080581553e-13,3.609599878986325e-14,9.927038225416279e-13,0.7526139919269519,1.1292578240331945,1.0975796812384987e-11,0.34548103741278086,3.127921458096171,1.933143568923419,1.135220695943396,0.6141637910416261,0.36997285421810927,159859003.40176204,13696762.70229557,191.28978663530904,0.2758378807282819,237.95271123619253,163.88536114356396,13854439.92537124,28854439.92537124,13847308.793809697,263.70090785535666,263.70090785535666,263.70090785535666,251.53037536008307,12.17053249527359,159859003.401762,159859003.40176207,0.0,1.0000000000000004,0.03767268231031675,0.011404851733876169,0.41720973798499533,0.0,3.7285760268122408e-16,1604,0,0.0,0.894410709001022,0.0,2.4165507846377604e-13,3,0.05,24000000.0,True,-4854439.925371241,0.36958;0.36959;0.36960;0.36962;0.36965;0.36968;0.36973;0.36980;0.36991;0.37008;0.37039;0.37095;0.37199;0.37409;0.37898;0.40187;0.40686;0.32568;0.00001;0.00000;0.00000;0.00000;0.00000;0.00000,2.4118322369351826,7480.183128354876,3.8739122303056988,17539064.930421416,7.244006435872486,1.0131252275316376,1.933143568923419,0.5910239911069406,0.7571532574365287,-1.5429195446191726,3.127921458096171,0.4952558394186028,0.013042389301969368,94125.03870646725,4.973705167801072,47.19326142843174,-0.46157578496994633,2.932506035985863,5.595512805565935,0.46723891469810575,190.50777181147492,0.13930051196872187,2.5840726630292825,2.0236387910380986,1.5631756611744354,3.0025362919600926,4.046152656399799,1.136617931633288,13.85443992537124,28.854439925371242,0.15985900340176207,0.159859003401762,0.0,dev
ok,R0077_S+01,77,1,20338909,258.1262885255653,0.7855200712301321,0.10300459525091601,28.978773030372786,1367.60281149757,2.768467981796987,3.724590226130504,0.4142968693419963,0.32787239277005104,0.07947070440716769,698.8331626800069,4,2.060160209425141e-13,3.7875298587974047e-13,1.0421307080581553e-13,3.609599878986325e-14,9.927038225416279e-13,0.7526139919269519,1.1292578240331945,1.0975796812384987e-11,0.34548103741278086,3.127921458096171,0.6048489426616301,0.5217468675952778,0.3706521086200402,0.1515646657359173,65040710.0252237,5786343.13932159,121.9866231905018,0.27570623542680367,155.00617878677838,104.59487893472537,5809337.690088704,20809337.690088704,5807087.679066207,167.70568653983744,167.70568653983744,167.70568653983744,166.40326269208643,1.3024238477510153,65040710.0252237,65040710.02522372,0.0,1.0000000000000002,0.013736644647685009,0.0050052125552363285,0.45265323263236895,0.0,2.2910514334896986e-16,504,0,0.0,0.27611461200103804,0.0,5.832619193421167e-13,3,0.05,24000000.0,False,3190662.309911296,0.41057;0.41057;0.41059;0.41061;0.41064;0.41068;0.41073;0.41081;0.41106;0.41175;0.41307;0.41583;0.42493;0.45054;0.43078;0.38776;0.21404;0.00000;0.00000;0.00000;0.00000;0.00000;0.00000;0.00000,2.4118322369351826,7480.183128354876,3.8739122303056988,17539064.930421416,7.244006435872486,0.41220314615321635,0.6048489426616301,0.41803645606106044,0.6832770569381771,-1.0996623416290632,3.127921458096171,0.4952558394186028,0.005306465338668058,94125.03870646725,4.973705167801072,47.19326142843174,-0.46157578496994633,1.1931281358887316,1.7507442584727346,0.07668708719180779,121.51692853926527,0.08885396221597427,2.5840726630292825,2.0236387910380986,1.5631756611744354,3.0025362919600926,4.046152656399799,0.7624041844269206,5.809337690088705,20.809337690088704,0.06504071002522371,0.0650407100252237,0.0,dev
ok,R0077_S+02,77,2,20338909,258.1262885255653,0.7855200712301321,0.10300459525091601,28.978773030372786,1367.60281149757,2.768467981796987,3.724590226130504,0.4142968693419963,0.32787239277005104,0.07947070440716769,698.8331626800069,4,2.060160209425141e-13,3.7875298587974047e-13,1.0421307080581553e-13,3.609599878986325e-14,9.927038225416279e-13,0.7526139919269519,1.1292578240331945,1.0975796812384987e-11,0.34548103741278086,3.127921458096171,0.15071876304851928,1.1200552523871792,1.6868784511944008,1.8511883594701837,189694344.06717786,16522042.644198347,211.12136460495424,0.2831505630879991,259.147976322982,178.42613499647211,17027874.787762318,32027874.787762318,16988893.099079505,281.7380299823915,281.7380299823915,281.7380299823915,267.7710404015038,13.966989580887684,189694344.06717834,189694344.0671786,0.0,1.0000000000000013,0.03767268231031675,0.013233583696035908,0.4130757333522779,0.0,1.4139636203084162e-15,2011,0,0.0,1.074047400001291,0.0,4.210185911532031e-13,0,0.05,24000000.0,True,-8027874.787762318,0.36007;0.36009;0.36014;0.36022;0.36032;0.36046;0.36065;0.36092;0.36122;0.36148;0.36183;0.36238;0.36329;0.36498;0.36847;0.38073;0.40816;0.35927;0.02329;0.00000;0.00000;0.00000;0.00000;0.00000,2.4118322369351826,7480.183128354876,3.8739122303056988,17539064.930421416,7.244006435872486,1.2022102065250708,1.8511883594701837,0.553079001732568,0.2642578661656866,1.41445280300588,3.127921458096171,0.4952558394186028,0.015476560162757693,94125.03870646725,4.973705167801072,47.19326142843174,-0.46157578496994633,3.4798153193243704,5.358292233151955,0.5415561956917986,207.52543746068693,0.15174393889512391,2.5840726630292825,2.0236387910380986,1.5631756611744354,3.0025362919600926,4.046152656399799,1.2180637387630728,17.027874787762318,32.027874787762315,0.1896943440671786,0.18969434406717833,0.0,dev
ok,R0078_S+00,78,0,20339909,174.99844078232476,0.6044537317848507,0.18750862320601405,35.04205979026004,3940.5659743949955,2.760927017267944,3.092486835451829,0.30796543240214724,0.1666918854950219,0.040426622056037226,677.4211377475156,4,1.0002217421195766e-13,1.3238915339714426e-13,7.976058448428222e-14,4.165519129871592e-14,3.1052717566397776e-13,0.5682674026480465,0.915196874041565,4.639188628924638e-12,4.787279615725802,4.57073210779662,6.731551092013903,10.017221951479081,11.569449309162106,11.388233165062978,1566300550.8074248,12464170.624810321,436.4178552599069,0.3783164347168127,520.67637547778,319.9248506396759,12617766.739911605,27617766.739911605,12179634.21409735,631.3600421217982,631.3600421217982,631.3600421217982,419.20180870475315,212.15823341704504,1566300550.8074272,1566300550.807424,0.0,0.999999999999998,0.01715807871447025,0.006635050108998995,0.5393821806364917,0.0,1.9788293675326564e-15,4384,0,0.0,1.9494727450000937,0.0,1.0648873999074076e-14,0,0.05,24000000.0,True,-3617766.7399116047,0.46838;0.46851;0.46895;0.46955;0.47040;0.47157;0.47320;0.47547;0.47739;0.47875;0.48021;0.48187;0.48395;0.48692;0.49211;0.50506;0.52105;0.49742;0.36912;0.08269;0.00001;0.00000;0.00000;0.00000,2.2430341791854422,6132.305825096505,3.7876238054843414,320536839.1802483,8.505877950027322,9.926613879429517,11.569449309162106,0.19541782705024754,0.4218148617173658,0.4691108296958051,4.57073210779662,0.659985767884148,0.007213373278667215,151689.79037121206,5.180956351158132,112.45246420960328,0.6800887945219093,2.073539604167144,2.416706404856207,0.3167123347118491,366.62746920380374,0.09303929221996922,2.127569002714243,1.9075049255853984,1.6253857310464035,2.4978162110541713,3.6721586290131425,1.095663385523162,12.617766739911605,27.617766739911605,1.5663005508074241,1.5663005508074272,0.0,dev
ok,R0078_S+01,78,1,20339909,174.99844078232476,0.6044537317848507,0.18750862320601405,35.04205979026004,3940.5659743949955,2.760927017267944,3.092486835451829,0.30796543240214724,0.1666918854950219,0.040426622056037226,677.4211377475156,4,1.0002217421195766e-13,1.3238915339714426e-13,7.976058448428222e-14,4.165519129871592e-14,3.1052717566397776e-13,0.5682674026480465,0.915196874041565,4.639188628924638e-12,4.787279615725802,4.57073210779662,3.986133997143898,2.625395253801039,1.9800956567864347,2.0502352061000857,419789455.9103095,3032427.5974684954,216.8274007479892,0.348435253414425,262.15189168265334,164.3401134256442,2842286.7180632427,17842286.718063243,2800450.3847647347,306.2738842145371,306.2738842145371,306.2738842145371,230.4109086611854,75.86297555335167,419789455.91030955,419789455.91030955,0.0,1.0,0.00451270293475333,0.0018897506524495934,0.5989338127007241,0.0,0.0,539,0,0.0,0.2845851220008626,0.0,3.5106812999174127e-14,0,0.05,24000000.0,False,6157713.281936757,0.56145;0.56151;0.56172;0.56201;0.56241;0.56297;0.56375;0.56484;0.56594;0.56745;0.57006;0.57556;0.58744;0.59199;0.56047;0.50743;0.40816;0.07458;0.00000;0.00000;0.00000;0.00000;0.00000;0.00000,2.2430341791854422,6132.305825096505,3.7876238054843414,320536839.1802483,8.505877950027322,2.6604650284578644,3.986133997143898,0.3026843641333275,0.6212757149806722,-0.7276542898840335,4.57073210779662,0.659985767884148,0.0019332803288415476,151689.79037121206,5.180956351158132,112.45246420960328,0.6800887945219093,0.5557362932631855,0.8326511750117521,-0.2551312399804294,189.8030616412714,0.04816644686945314,2.127569002714243,1.9075049255853984,1.6253857310464035,2.4978162110541713,3.6721586290131425,0.48179044040578767,2.8422867180632427,17.842286718063242,0.41978945591030953,0.41978945591030953,0.0,dev
ok,R0078_S+02,78,2,20339909,174.99844078232476,0.6044537317848507,0.18750862320601405,35.04205979026004,3940.5659743949955,2.760927017267944,3.092486835451829,0.30796543240214724,0.1666918854950219,0.040426622056037226,677.4211377475156,4,1.0002217421195766e-13,1.3238915339714426e-13,7.976058448428222e-14,4.165519129871592e-14,3.1052717566397776e-13,0.5682674026480465,0.915196874041565,4.639188628924638e-12,4.787279615725802,4.57073210779662,0.8322747611155862,0.8637866419921532,1.2423868556436026,1.9680754020699347,193547638.8484169,1768382.6465450677,155.99153832919296,0.39114653900882856,182.45415174286,111.55969035452662,1572309.2977564223,16572309.297756422,1532018.6043505054,222.51177913610724,222.51177913610724,222.51177913610724,151.8950454941008,70.61673364200644,193547638.84841704,193547638.84841678,0.0,0.9999999999999987,0.0022494985860627217,0.0008816551431670002,0.6390914975215659,0.0,1.3858133485127323e-15,345,0,0.0,0.18608889200004342,0.0,6.66620394303646e-14,0,0.05,24000000.0,False,7427690.702243578,0.59744;0.59753;0.59781;0.59820;0.59875;0.59952;0.60058;0.60207;0.60449;0.61004;0.62533;0.62917;0.59778;0.55186;0.49324;0.33842;0.04862;0.00000;0.00000;0.00000;0.00000;0.00000;0.00000;0.00000,2.2430341791854422,6132.305825096505,3.7876238054843414,320536839.1802483,8.505877950027322,1.2266309152053192,1.9680754020699347,0.37295855313692106,0.3456747628979832,0.9259514226121007,4.57073210779662,0.659985767884148,0.0008913559824125708,151689.79037121206,5.180956351158132,112.45246420960328,0.6800887945219093,0.2562271297410626,0.41110517037796923,-0.5913748883577156,128.87877202104545,0.032705650116880106,2.127569002714243,1.9075049255853984,1.6253857310464035,2.4978162110541713,3.6721586290131425,0.24757624444538495,1.5723092977564224,16.572309297756423,0.19354763884841678,0.19354763884841705,0.0,dev
ok,R0079_S+00,79,0,20340909,54.957755027316345,0.6990666695949683,0.12438900665827415,77.02064893499035,1983.218004392323,2.4302539777780323,3.7768505785822004,0.30870365391310345,0.27632150296859737,0.06703130979383114,613.7474066981,4,3.220819070212223e-14,6.461084694026766e-14,1.7242208053284646e-14,7.073660930662616e-15,1.7916106793805539e-13,0.7620281507867943,1.2306235061942459,4.9763693595787504e-12,1.8073637089464276,2.7632190526718308,4.4596664451384465,2.534935151437238,1.7175295634893895,2.0074496812949003,422855305.4491269,7989249.954479518,198.52708414044776,0.3435764766779354,251.3054609345709,156.52828538233152,8446741.926791754,23446741.926791754,8361809.581252713,287.29423175407464,287.29423175407464,287.29423175407464,195.16705364996372,92.12717810411093,422855305.4491266,422855305.44912684,0.0,1.0000000000000007,0.015966342163060348,0.005433890710582844,0.4696874581465773,0.0,5.638301708153605e-16,1150,0,0.0,0.6119757910000772,0.0,2.262604096799086e-14,0,0.05,24000000.0,False,553258.0732082464,0.41820;0.41829;0.41857;0.41896;0.41950;0.42025;0.42130;0.42276;0.42398;0.42519;0.42687;0.42967;0.43558;0.44616;0.45146;0.41894;0.27178;0.03458;0.00000;0.00000;0.00000;0.00000;0.00000;0.00000,1.7400289838920735,4232.881956214133,3.6266361573283334,118380442.42077094,8.073279958718622,2.6798952103399936,4.4596664451384465,0.398716634444099,0.6525070056459681,-0.9150420338758088,2.7632190526718308,0.4414153147376116,0.005819988883583712,63147.83299376441,4.800358451724318,25.749172875267096,0.2570455575935768,1.4827647567971771,2.467498059777981,0.1710722549199693,177.85197808532317,0.08967848097961309,1.8160220317197773,1.242309478974691,0.8553608362439823,2.2589602402773648,3.702629205156037,0.9025060088608239,8.446741926791754,23.446741926791752,0.42285530544912686,0.4228553054491266,0.0,dev
ok,R0079_S+01,79,1,20340909,54.957755027316345,0.6990666695949683,0.12438900665827415,77.02064893499035,1983.218004392323,2.4302539777780323,3.7768505785822004,0.30870365391310345,0.27632150296859737,0.06703130979383114,613.7474066981,4,3.220819070212223e-14,6.461084694026766e-14,1.7242208053284646e-14,7.073660930662616e-15,1.7916106793805539e-13,0.7620281507867943,1.2306235061942459,4.9763693595787504e-12,1.8073637089464276,2.7632190526718308,1.0003806305911953,2.7644819771258042,4.309931101585195,5.636728003969366,540878397.0234233,11889886.321213948,239.92363702831707,0.3923034384134746,297.7443995067627,179.743688018153,13088544.743102014,28088544.743102014,12763668.782564308,349.84081646243817,349.84081646243817,349.84081646243817,190.90429918008098,158.9365172823572,540878397.0234227,540878397.0234227,0.0,1.0,0.01927060916094886,0.006784311388687976,0.4710738390876965,0.0,0.0,1913,0,0.0,1.105432127000313,0.0,2.6207819607086338e-14,0,0.05,24000000.0,True,-4088544.743102014,0.39651;0.39665;0.39710;0.39772;0.39858;0.39979;0.40147;0.40380;0.40625;0.40795;0.41004;0.41298;0.41892;0.43053;0.43192;0.41962;0.29435;0.14797;0.00033;0.00000;0.00000;0.00000;0.00000;0.00000,1.7400289838920735,4232.881956214133,3.6266361573283334,118380442.42077094,8.073279958718622,3.4278804283178905,5.636728003969366,0.5050700840490077,0.27457657045263906,1.3525405772841652,2.7632190526718308,0.4414153147376116,0.007444405255134303,63147.83299376441,4.800358451724318,25.749172875267096,0.2570455575935768,1.89661904316764,3.1187568811233914,0.2779801068164451,201.14656744452267,0.10142433509530178,1.8160220317197773,1.242309478974691,0.8553608362439823,2.2589602402773648,3.702629205156037,1.0751777023642337,13.088544743102014,28.088544743102013,0.5408783970234227,0.5408783970234227,0.0,dev
ok,R0079_S+02,79,2,20340909,54.957755027316345,0.6990666695949683,0.12438900665827415,77.02064893499035,1983.218004392323,2.4302539777780323,3.7768505785822004,0.30870365391310345,0.27632150296859737,0.06703130979383114,613.7474066981,4,3.220819070212223e-14,6.461084694026766e-14,1.7242208053284646e-14,7.073660930662616e-15,1.7916106793805539e-13,0.7620281507867943,1.2306235061942459,4.9763693595787504e-12,1.8073637089464276,2.7632190526718308,0.5823844468276614,0.7925241974905844,0.7499255082654483,0.45458837915225314,101750480.6093879,1980606.9033322427,97.79663202464283,0.34648704859396035,124.3362605133047,76.48004495636573,1992650.805513464,16992650.805513464,1982151.346952673,138.8319812088574,138.8319812088574,138.8319812088574,94.76332456625164,44.06865664260576,101750480.60938789,101750480.60938779,0.0,0.999999999999999,0.0037344488506276864,0.0013766206204102096,0.5230092117352434,0.0,1.025136468469022e-15,287,0,0.0,0.15481887600071786,0.0,9.631801138312294e-14,0,0.05,24000000.0,False,7007349.194486536,0.49122;0.49129;0.49151;0.49181;0.49224;0.49283;0.49364;0.49478;0.49744;0.50410;0.51474;0.49897;0.46276;0.41158;0.25116;0.00794;0.00000;0.00000;0.00000;0.00000;0.00000;0.00000;0.00000;0.00000,1.7400289838920735,4232.881956214133,3.6266361573283334,118380442.42077094,8.073279958718622,0.6448556329339867,0.7925241974905844,0.20942090757844026,0.5330296325638959,-0.19817779538337485,2.7632190526718308,0.4414153147376116,0.0014004475252284206,63147.83299376441,4.800358451724318,25.749172875267096,0.2570455575935768,0.35679350522640213,0.43849735034935117,-0.4475830597611807,87.24309066849871,0.04399067095764433,1.8160220317197773,1.242309478974691,0.8553608362439823,2.2589602402773648,3.702629205156037,0.2967982884339768,1.992650805513464,16.992650805513463,0.10175048060938778,0.10175048060938789,0.0,dev
ok,R0080_S+00,80,0,20341909,208.76121728086036,0.05461483999006642,0.10410665284724671,49.947880613380946,3106.4858679447316,1.783215075977075,3.4311636716203266,0.5096759355035728,0.21132379546196342,0.0473543431982334,607.4791929674298,4,1.9975178629582042e-13,1.997593949986224e-13,1.9974413776447374e-13,1.968602700349113e-13,2.014565350664954e-13,0.010040921386211266,0.010051795652377403,9.977558412792397e-12,2.522060477178082,6.457814439997386,3.4459104750556158,3.5961811469363427,2.855720891703904,1.2245297093583014,438743033.67281765,5148149.218012256,236.80172988654277,0.2502052783819863,361.6416469874918,225.86850034083957,5082557.557954311,20082557.55795431,5062027.359668516,390.82756092056513,390.82756092056513,390.82756092056513,390.7173906723034,0.11017024826173838,438743033.6728173,438743033.67281747,0.0,1.0000000000000004,0.01624345205557115,0.0043543108035202695,0.47666905847767604,0.0,4.075595977656441e-16,729,0,0.0,0.4065845189998072,0.0,1.5232304158922326e-13,0,0.05,24000000.0,False,3917442.4420456886,0.41784;0.41784;0.41787;0.41790;0.41794;0.41800;0.41809;0.41821;0.41852;0.41912;0.42029;0.42261;0.42731;0.44671;0.47370;0.43303;0.37312;0.28983;0.06065;0.00000;0.00000;0.00000;0.00000;0.00000,2.319649820549869,10427.180357448493,4.018166885535466,157646446.50917858,8.197684185811179,2.7805855557635413,3.5961811469363427,0.3380778277439093,0.633148259670994,-0.7988895580259637,6.457814439997386,0.8100855617646058,0.004581362331740578,220194.8048101634,5.342807068182987,62.19454819295195,0.4017554964281068,1.1025055033076452,1.4258901320875887,0.042380765985842006,236.76490781833624,0.07621631576099241,2.3062238117862632,2.3061906399514247,2.299874674262694,2.3098979578374577,4.0047408767718595,0.7116511263481495,5.082557557954312,20.08255755795431,0.4387430336728175,0.4387430336728173,0.0,dev
ok,R0080_S+01,80,1,20341909,208.76121728086036,0.05461483999006642,0.10410665284724671,49.947880613380946,3106.4858679447316,1.783215075977075,3.4311636716203266,0.5096759355035728,0.21132379546196342,0.0473543431982334,607.4791929674298,4,1.9975178629582042e-13,1.997593949986224e-13,1.9974413776447374e-13,1.968602700349113e-13,2.014565350664954e-13,0.010040921386211266,0.010051795652377403,9.977558412792397e-12,2.522060477178082,6.457814439997386,1.9360893505155747,2.3326029702890265,2.42345004693665,2.208630580458445,351108790.4876334,4316345.404048769,211.87252108747902,0.25029059215820104,323.2784598948125,201.89841281174358,4183843.306580309,19183843.30658031,4148903.1299887374,349.3038586234529,349.3038586234529,349.3038586234529,349.18712136983146,0.1167372536214657,351108790.48763293,351108790.48763293,0.0,1.0,0.012102347623671112,0.0035188922173884723,0.48907604375365976,0.0,0.0,563,0,0.0,0.36857501799931924,0.0,9.435986800025159e-14,0,0.05,24000000.0,False,4816156.693419691,0.43194;0.43195;0.43200;0.43206;0.43214;0.43226;0.43242;0.43265;0.43313;0.43405;0.43583;0.43960;0.45033;0.48829;0.46756;0.41429;0.34982;0.24289;0.00389;0.00000;0.00000;0.00000;0.00000;0.00000,2.319649820549869,10427.180357448493,4.018166885535466,157646446.50917858,8.197684185811179,2.225193237049924,2.42345004693665,0.0824675009623908,0.4795866994526585,0.12247980328404878,6.457814439997386,0.8100855617646058,0.003666284051549367,220194.8048101634,5.342807068182987,62.19454819295195,0.4017554964281068,0.8822917837163362,0.9609008462985921,-0.05438776509296855,211.80346866844602,0.06818105012290829,2.3062238117862632,2.3061906399514247,2.299874674262694,2.3098979578374577,4.0047408767718595,0.635116190661079,4.183843306580309,19.183843306580307,0.35110879048763294,0.35110879048763294,0.0,dev
ok,R0080_S+02,80,2,20341909,208.76121728086036,0.05461483999006642,0.10410665284724671,49.947880613380946,3106.4858679447316,1.783215075977075,3.4311636716203266,0.5096759355035728,0.21132379546196342,0.0473543431982334,607.4791929674298,4,1.9975178629582042e-13,1.997593949986224e-13,1.9974413776447374e-13,1.968602700349113e-13,2.014565350664954e-13,0.010040921386211266,0.010051795652377403,9.977558412792397e-12,2.522060477178082,6.457814439997386,3.283781026070748,7.652527509180691,9.684792063986814,9.380574690489114,1183476085.1538754,14262624.74733984,389.03040980391984,0.25034825858174087,581.5931068750318,371.1032690305863,13928786.844918817,28928786.844918817,13714209.44638642,627.0439102268487,627.0439102268487,627.0439102268487,626.7051669775245,0.3387432493241249,1183476085.153878,1183476085.1538763,0.0,0.9999999999999986,0.03927393583673656,0.010874076522882732,0.41505312970585573,0.0,1.4101933065203763e-15,3414,0,0.0,1.8015445960008947,0.0,3.3214508006199444e-14,0,0.05,24000000.0,True,-4928786.844918817,0.34537;0.34539;0.34547;0.34557;0.34572;0.34592;0.34620;0.34659;0.34689;0.34718;0.34756;0.34811;0.34901;0.35063;0.35391;0.36196;0.39810;0.40124;0.33436;0.18194;0.00102;0.00000;0.00000;0.00000,2.319649820549869,10427.180357448493,4.018166885535466,157646446.50917858,8.197684185811179,7.5004188224318415,9.684792063986814,0.3406316229068074,0.36452326177252015,0.8128604293648788,6.457814439997386,0.8100855617646058,0.012357877711815816,220194.8048101634,5.342807068182987,62.19454819295195,0.4017554964281068,2.9739250467237066,3.840031653334129,0.47333001858926405,388.85882543712,0.12517643471347614,2.3062238117862632,2.3061906399514247,2.299874674262694,2.3098979578374577,4.0047408767718595,1.1541994559780253,13.928786844918818,28.928786844918818,1.1834760851538764,1.183476085153878,0.0,dev
ok,R0081_S+00,81,0,20342909,60.080630510515604,0.2701814892187137,0.10336271457867263,27.40054619318623,3480.1494082840154,1.9622851423900582,2.0682891669696457,0.33303114186273675,0.25209358577875346,0.052973068713995916,737.9284091041816,4,6.574905010860916e-14,6.906155197613774e-14,6.240223558074246e-14,4.183201750716842e-14,9.252963565616014e-14,0.3093545662626306,0.345586495567495,1.8923242450952933e-12,1.663715253865581,3.7720806056464746,3.5249858347735072,2.3737382912177876,1.3613097096497624,0.4877000900694311,305624860.1675016,4892774.060880924,256.07404998491734,0.26880070538980405,321.74356222632605,205.2975518913131,4522532.429594953,19522532.429594953,4450997.684312347,363.6809112367184,363.6809112367184,363.6809112367184,339.43844334701686,24.242467889701516,305624860.1675018,305624860.1675018,0.0,1.0,0.010390518647019953,0.0036811410359509373,0.5792569734403625,0.0,0.0,860,0,0.0,0.4592017710001528,0.0,7.792293056239174e-14,0,0.05,24000000.0,False,4477467.570405047,0.53949;0.53951;0.53955;0.53962;0.53971;0.53984;0.54002;0.54026;0.54067;0.54137;0.54219;0.54334;0.54723;0.55841;0.57746;0.54217;0.46614;0.31891;0.01572;0.00000;0.00000;0.00000;0.00000;0.00000,1.7787344816825448,1646.2420916191368,3.216493701667991,107762777.83060288,8.032468777786882,1.9369334814276222,3.5249858347735072,0.5854902405026167,0.761348309396204,-1.5680898563772236,3.7720806056464746,0.5765809646096819,0.0038433122454041334,31076.96290934692,4.492438569454462,127.0102202980696,0.22107899848302012,1.1642217482392065,2.1187434728288586,0.06603570786078243,249.4750367010119,0.07168515124872829,1.8449529315126911,1.8009167464718279,1.6272254083458975,1.9719974498640336,3.282712151498137,0.6895551613192639,4.5225324295949525,19.522532429594953,0.3056248601675018,0.3056248601675018,0.0,dev
ok,R0081_S+01,81,1,20342909,60.080630510515604,0.2701814892187137,0.10336271457867263,27.40054619318623,3480.1494082840154,1.9622851423900582,2.0682891669696457,0.33303114186273675,0.25209358577875346,0.052973068713995916,737.9284091041816,4,6.574905010860916e-14,6.906155197613774e-14,6.240223558074246e-14,4.183201750716842e-14,9.252963565616014e-14,0.3093545662626306,0.345586495567495,1.8923242450952933e-12,1.663715253865581,3.7720806056464746,0.09536596223774842,0.3304053467674007,0.5880549310485097,0.8683147150810752,74244814.25719985,1622090.5586549994,131.00756056502064,0.28961065521546026,162.57529762835037,100.72966704608777,1374797.399958713,16374797.399958713,1336047.6266493835,182.126326681578,182.126326681578,182.126326681578,159.8538683174374,22.27245836414062,74244814.2571998,74244814.25719991,0.0,1.0000000000000016,0.002317102197295971,0.0009235856159678122,0.6486356726798015,0.0,1.6056244566497934e-15,270,0,0.0,0.14501354899948637,0.0,2.1183245079568006e-13,0,0.05,24000000.0,False,7625202.600041287,0.61561;0.61566;0.61583;0.61606;0.61638;0.61683;0.61745;0.61832;0.62057;0.62568;0.64139;0.63951;0.59694;0.53585;0.45485;0.28262;0.00502;0.00000;0.00000;0.00000;0.00000;0.00000;0.00000;0.00000,1.7787344816825448,1646.2420916191368,3.216493701667991,107762777.83060288,8.032468777786882,0.47053523878368353,0.8683147150810752,0.6126698289319151,0.22621648386301121,1.6427010968219322,3.7720806056464746,0.5765809646096819,0.0009336478833432072,31076.96290934692,4.492438569454462,127.0102202980696,0.22107899848302012,0.28282197791383606,0.5219130575761555,-0.5484868448191635,122.96055616142033,0.03533197622743716,1.8449529315126911,1.8009167464718279,1.6272254083458975,1.9719974498640336,3.282712151498137,0.2100750965004727,1.374797399958713,16.374797399958712,0.0742448142571999,0.0742448142571998,0.0,dev
ok,R0081_S+02,81,2,20342909,60.080630510515604,0.2701814892187137,0.10336271457867263,27.40054619318623,3480.1494082840154,1.9622851423900582,2.0682891669696457,0.33303114186273675,0.25209358577875346,0.052973068713995916,737.9284091041816,4,6.574905010860916e-14,6.906155197613774e-14,6.240223558074246e-14,4.183201750716842e-14,9.252963565616014e-14,0.3093545662626306,0.345586495567495,1.8923242450952933e-12,1.663715253865581,3.7720806056464746,0.451086357674529,0.39163770293773226,0.23163376645307784,0.013067904691073813,42895682.840595216,753782.1210522107,97.30986270584572,0.27655917785196116,122.04458720358184,76.45223270294986,684460.4214465674,15684460.421446567,675987.4790768195,135.11649860649135,135.11649860649135,135.11649860649135,131.1875536156037,3.9289449908876577,42895682.840595216,42895682.84059507,0.0,0.9999999999999966,0.0013569243429343199,0.0005360666945076929,0.664131106560799,0.0,3.473813728346955e-15,209,0,0.0,0.10581738200016844,0.0,5.276705164375308e-13,14,0.05,24000000.0,False,8315539.578553433,0.65010;0.65013;0.65022;0.65034;0.65052;0.65076;0.65110;0.65157;0.65538;0.66279;0.64765;0.60605;0.54830;0.47314;0.34181;0.00877;0.00000;0.00000;0.00000;0.00000;0.00000;0.00000;0.00000;0.00000,1.7787344816825448,1646.2420916191368,3.216493701667991,107762777.83060288,8.032468777786882,0.2718564329391032,0.451086357674529,0.6238685755567238,0.7749716012799248,-1.6112123897453359,3.7720806056464746,0.5765809646096819,0.0005394243879436937,31076.96290934692,4.492438569454462,127.0102202980696,0.22107899848302012,0.1634032219801164,0.2711319479859588,-0.7867393843128463,93.46296386483867,0.026856020503706817,1.8449529315126911,1.8009167464718279,1.6272254083458975,1.9719974498640336,3.282712151498137,-0.12275416778910975,0.6844604214465674,15.684460421446568,0.04289568284059506,0.042895682840595216,0.0,dev
ok,R0082_S+00,82,0,20343909,228.5373402620797,0.08859366456953958,0.17849915184221804,45.60528728424977,2907.344659761266,1.625883306286477,3.902757379266102,0.31188141983950235,0.2066589074946515,0.05791838066764037,706.6023142947845,4,2.1796502575109869e-13,2.1951042579628242e-13,2.1649196234915666e-13,1.9153113095380408e-13,2.61317845145882e-13,0.1271289195786076,0.13988396975724335,1.001083603032745e-11,3.9139174586378465,3.2309061432073554,8.610111875812237,7.8623170888315705,12.075920326435638,21.250921588624443,1964431838.3916793,16044408.009858642,376.0001967822327,0.2607454962119138,533.1954416922263,344.17571980538287,16269336.766803518,31269336.766803518,15692305.27266046,587.9393876795828,587.9393876795828,587.9393876795828,567.5512181260177,20.388169553565035,1964431838.391666,1964431838.391666,0.0,1.0,0.040769489129310214,0.01126265047898063,0.4323533593380144,0.0,0.0,3685,0,0.0,1.6938644089987065,0.0,1.6837535012294652e-14,0,0.05,24000000.0,True,-7269336.766803518,0.35922;0.35928;0.35948;0.35976;0.36014;0.36068;0.36143;0.36247;0.36323;0.36386;0.36457;0.36545;0.36666;0.36854;0.37195;0.37960;0.41396;0.41699;0.34216;0.10762;0.00000;0.00000;0.00000;0.00000,2.358957168716141,10422.511057830487,4.017972364566118,216169423.5732268,8.334794264489972,12.449817719925973,21.250921588624443,0.4276515445510573,0.33077650884557996,1.0153409469265202,3.2309061432073554,0.5093243420847492,0.012860789925357186,179951.69992129385,5.2551559535893775,63.75016654626679,0.5926116624982459,3.1809096260959118,5.42957837338255,0.502551330394567,370.1692736192661,0.12732211586144115,2.3471717499455913,2.3411583747973777,2.2879559708636537,2.422885666062242,4.006186945795568,1.2053236975739507,16.26933676680352,31.26933676680352,1.964431838391666,1.964431838391666,0.0,dev
ok,R0082_S+01,82,1,20343909,228.5373402620797,0.08859366456953958,0.17849915184221804,45.60528728424977,2907.344659761266,1.625883306286477,3.902757379266102,0.31188141983950235,0.2066589074946515,0.05791838066764037,706.6023142947845,4,2.1796502575109869e-13,2.1951042579628242e-13,2.1649196234915666e-13,1.9153113095380408e-13,2.61317845145882e-13,0.1271289195786076,0.13988396975724335,1.001083603032745e-11,3.9139174586378465,3.2309061432073554,6.436073675996688,3.5664134894109263,1.852415957386734,1.2940810799241116,518687979.8446351,3868344.443673517,190.92142435549343,0.2546131227070815,276.5458129270503,176.61315420543772,3848706.8844731264,18848706.884473126,3823961.61708802,299.2268806743047,299.2268806743047,299.2268806743047,298.2706025467659,0.9562781275388375,518687979.8446346,518687979.84463483,0.0,1.0000000000000004,0.009520711433074393,0.0032687058172484874,0.5029354818403576,0.0,4.596570353779498e-16,518,0,0.0,0.28543309300039255,0.0,8.797163232847144e-14,0,0.05,24000000.0,False,5151293.115526874,0.45586;0.45588;0.45591;0.45597;0.45604;0.45615;0.45629;0.45649;0.45700;0.45801;0.45998;0.46399;0.47564;0.50153;0.47408;0.42061;0.34698;0.14231;0.00000;0.00000;0.00000;0.00000;0.00000;0.00000,2.358957168716141,10422.511057830487,4.017972364566118,216169423.5732268,8.334794264489972,3.2872460506796153,6.436073675996688,0.6088775377874328,0.7607041738889359,-1.5642250433336151,3.2309061432073554,0.5093243420847492,0.003395759025699372,179951.69992129385,5.2551559535893775,63.75016654626679,0.5926116624982459,0.8398864016472308,1.6444071046497295,-0.07577945021669977,190.21071427693272,0.06542420543030894,2.3471717499455913,2.3411583747973777,2.2879559708636537,2.422885666062242,4.006186945795568,0.5875251374188931,3.8487068844731263,18.848706884473128,0.5186879798446349,0.5186879798446346,0.0,dev
ok,R0082_S+02,82,2,20343909,228.5373402620797,0.08859366456953958,0.17849915184221804,45.60528728424977,2907.344659761266,1.625883306286477,3.902757379266102,0.31188141983950235,0.2066589074946515,0.05791838066764037,706.6023142947845,4,2.1796502575109869e-13,2.1951042579628242e-13,2.1649196234915666e-13,1.9153113095380408e-13,2.61317845145882e-13,0.1271289195786076,0.13988396975724335,1.001083603032745e-11,3.9139174586378465,3.2309061432073554,0.2216519610505083,0.5390094489674015,1.0111527489885264,1.638081861113883,134510168.30568624,1178048.8474534901,98.43646960829999,0.2609964369103351,142.83625691500143,89.84401547100843,1127663.4119962677,16127663.411996268,1103319.379665902,158.31580078134044,158.31580078134044,158.31580078134044,153.39535777549844,4.920443005842003,134510168.30568624,134510168.30568627,0.0,1.0000000000000002,0.0029739695358264955,0.0008717319223670073,0.5681979164643038,0.0,2.2156185486265175e-16,233,0,0.0,0.12797569400026987,0.0,2.436704512924738e-13,0,0.05,24000000.0,False,7872336.588003732,0.53389;0.53395;0.53413;0.53438;0.53473;0.53522;0.53590;0.53685;0.54294;0.56318;0.55741;0.51997;0.47320;0.41918;0.34487;0.12233;0.00000;0.00000;0.00000;0.00000;0.00000;0.00000;0.00000;0.00000,2.358957168716141,10422.511057830487,4.017972364566118,216169423.5732268,8.334794264489972,0.8524740050300799,1.638081861113883,0.6258437092051488,0.2230746643092858,1.6615520141442852,3.2309061432073554,0.5093243420847492,0.0008806144268259159,179951.69992129385,5.2551559535893775,63.75016654626679,0.5926116624982459,0.21780582090424688,0.4185274417319934,-0.6619305178180155,96.86334055886618,0.03331677248297766,2.3471717499455913,2.3411583747973777,2.2879559708636537,2.422885666062242,4.006186945795568,0.07116329871906227,1.1276634119962676,16.127663411996267,0.13451016830568627,0.13451016830568624,0.0,dev
ok,R0083_S+00,83,0,20344909,45.412329634058466,0.7413282108612074,0.25499411855220655,38.89075289645068,1435.0076884103348,2.96658940473052,2.4957568774309173,0.4744892984296402,0.25359258772875737,0.051605328871859986,638.1450866766837,4,1.3544616469219488e-13,2.7609609088234695e-13,5.95619996134489e-14,1.920998340064248e-14,7.717917779175414e-13,0.7835047190879882,1.2263359388332347,1.0737584846181346e-11,0.986344902472421,5.516747694113145,5.080316063148238,4.137067153337571,3.0780287186659505,1.9032007591333726,560092674.9514656,15189151.900209667,200.8466155577044,0.29509416761384705,237.8453572396373,161.98101060359102,15159648.719462175,30159648.719462175,15139628.612344943,267.1672263462434,267.1672263462434,267.1672263462434,244.28915549587572,22.878070850367692,560092674.9514648,560092674.9514649,0.0,1.0000000000000002,0.034673140453614054,0.011882394351778573,0.49118187466031593,0.0,2.1283850848631688e-16,1544,0,0.0,0.950912211999821,0.0,8.47761416123964e-14,0,0.05,24000000.0,True,-6159648.719462175,0.43135;0.43137;0.43143;0.43152;0.43165;0.43182;0.43206;0.43238;0.43276;0.43314;0.43372;0.43466;0.43636;0.43966;0.44802;0.48041;0.46672;0.31733;0.00000;0.00000;0.00000;0.00000;0.00000;0.00000,1.6571737816029022,1766.1196902503323,3.247020132454371,64155640.17271167,7.807234842912196,3.549653173571283,5.080316063148238,0.3339637623733024,0.6491749169407063,-0.8950495016442381,5.516747694113145,0.7416831221560258,0.013680614969562422,34223.591416997726,4.5343255823746444,36.898429100386466,-0.00597119555720488,3.5987950712509855,5.150648673109848,0.5561571170172316,194.27596114321346,0.13538321969440278,2.4467768554739813,1.7806858672117831,1.2892435873548977,2.8932167453841524,4.036623206325451,1.181533525321527,15.159648719462174,30.159648719462176,0.5600926749514649,0.5600926749514648,0.0,dev
ok,R0083_S+01,83,1,20344909,45.412329634058466,0.7413282108612074,0.25499411855220655,38.89075289645068,1435.0076884103348,2.96658940473052,2.4957568774309173,0.4744892984296402,0.25359258772875737,0.051605328871859986,638.1450866766837,4,1.3544616469219488e-13,2.7609609088234695e-13,5.95619996134489e-14,1.920998340064248e-14,7.717917779175414e-13,0.7835047190879882,1.2263359388332347,1.0737584846181346e-11,0.986344902472421,5.516747694113145,1.5554210534195676,1.5873971284954056,1.7894180830745376,2.1614839171569646,279825980.025132,8236354.10422288,144.90349328727595,0.30744055856795044,174.68211233083514,114.44981641671967,8041039.179106347,23041039.179106347,8021678.319288939,194.27265255869332,194.27265255869332,194.27265255869332,169.02865779970946,25.24399475898386,279825980.0251323,279825980.02513254,0.0,1.0000000000000009,0.016149879806372926,0.006340583278037418,0.5303664875976383,0.0,8.520244584871968e-16,619,0,0.0,0.3566625759995077,0.0,1.4592495293801331e-13,0,0.05,24000000.0,False,958960.8208936527,0.47204;0.47206;0.47216;0.47229;0.47247;0.47271;0.47305;0.47351;0.47414;0.47507;0.47668;0.47981;0.48773;0.51558;0.51512;0.46172;0.29595;0.00090;0.00000;0.00000;0.00000;0.00000;0.00000;0.00000,1.6571737816029022,1766.1196902503323,3.247020132454371,64155640.17271167,7.807234842912196,1.7734300455366188,2.1614839171569646,0.13608586493335087,0.44304231083498896,0.34174613499006645,5.516747694113145,0.7416831221560258,0.00683492511580521,34223.591416997726,4.5343255823746444,36.898429100386466,-0.00597119555720488,1.7979816604630399,2.1914078044494194,0.2547852575861294,137.31979186973868,0.0956927220521432,2.4467768554739813,1.7806858672117831,1.2892435873548977,2.8932167453841524,4.036623206325451,0.9157350098988993,8.041039179106347,23.04103917910635,0.27982598002513254,0.2798259800251323,0.0,dev
ok,R0083_S+02,83,2,20344909,45.412329634058466,0.7413282108612074,0.25499411855220655,38.89075289645068,1435.0076884103348,2.96658940473052,2.4957568774309173,0.4744892984296402,0.25359258772875737,0.051605328871859986,638.1450866766837,4,1.3544616469219488e-13,2.7609609088234695e-13,5.95619996134489e-14,1.920998340064248e-14,7.717917779175414e-13,0.7835047190879882,1.2263359388332347,1.0737584846181346e-11,0.986344902472421,5.516747694113145,1.6056773714658805,1.044025069051133,0.7021554404993455,0.5800684858105181,155102699.3922198,4414161.033265177,105.48317579059639,0.2939263489986171,126.99912273726504,85.15676127286665,4320137.175808772,19320137.175808772,4316187.532037657,144.9530166767326,144.9530166767326,144.9530166767326,132.56933188749025,12.383684789242352,155102699.39221987,155102699.39221978,0.0,0.9999999999999994,0.009704055709280544,0.0036308288267237728,0.5590190561565437,0.0,5.764372091100478e-16,379,0,0.0,0.225780331000351,0.0,3.30750341254518e-13,0,0.05,24000000.0,False,4679862.824191228,0.50980;0.50981;0.50987;0.50994;0.51005;0.51019;0.51038;0.51065;0.51147;0.51358;0.51811;0.53330;0.55398;0.52136;0.46911;0.34079;0.00001;0.00000;0.00000;0.00000;0.00000;0.00000;0.00000;0.00000,1.6571737816029022,1766.1196902503323,3.247020132454371,64155640.17271167,7.807234842912196,0.9829815917067193,1.6056773714658805,0.4045909881663406,0.67389421706169,-1.0433653023701397,5.516747694113145,0.7416831221560258,0.0037884807390287946,34223.591416997726,4.5343255823746444,36.898429100386466,-0.00597119555720488,0.9965901270871161,1.6279065947834375,-0.0014834195659496703,102.23481087858478,0.07124338894088987,2.4467768554739813,1.7806858672117831,1.2892435873548977,2.8932167453841524,4.036623206325451,0.6448481726368702,4.320137175808773,19.32013717580877,0.1551026993922198,0.15510269939221988,0.0,dev
ok,R0084_S+00,84,0,20345909,115.11467899653327,0.08383841084915673,0.1284495409117198,29.28519178302686,3643.3424010258605,2.637335868957149,3.3660473476364183,0.29462849697300025,0.21891595968089586,0.04702228179525917,622.6432643851672,4,1.1643048833150702e-13,1.16470506409946e-13,1.163912377310107e-13,1.140674235698231e-13,1.2176576758085727e-13,0.029680326814819136,0.03055732451677374,3.410861117281528e-12,2.211936382600915,3.7594325803564677,2.412330459752401,1.5415989327010462,0.8031753721855888,0.1970597782060286,195426928.72160926,2451207.1509402427,184.76222071488178,0.2516607299378775,239.41629741553717,159.82836007042783,2411947.8653995134,17411947.865399513,2354327.635020949,268.39509468994066,268.39509468994066,268.39509468994066,266.80654756682577,1.5885471231148927,195426928.7216091,195426928.72160918,0.0,1.0000000000000004,0.005846518403476862,0.001955744315985829,0.5569665351180715,0.0,4.574956365939136e-16,444,0,0.0,0.19054505500025698,0.0,1.3103370392166294e-13,0,0.05,24000000.0,False,6588052.134600487,0.52921;0.52922;0.52925;0.52929;0.52935;0.52943;0.52954;0.52969;0.53007;0.52970;0.53089;0.53531;0.54765;0.55238;0.51990;0.47156;0.38409;0.03789;0.00000;0.00000;0.00000;0.00000;0.00000;0.00000,2.061130706781124,3371.1554514550508,3.527778779264535,156866597.93132243,8.195530477822503,1.2385411357112661,2.412330459752401,0.6687132426496081,0.798102153906821,-1.788612923440926,3.7594325803564677,0.5751223008276392,0.00200085047467766,71692.72359290173,4.85547507946401,124.40903334419932,0.34477263208895115,0.5599352429182082,1.090596673000085,-0.25186219668931326,184.39894134992707,0.05061257522707875,2.0719325615406774,2.0716368843670296,2.0628782300565445,2.0912418085571263,3.538580634024088,0.38938001492760693,2.4119478653995134,17.41194786539951,0.1954269287216092,0.19542692872160908,0.0,dev
ok,R0084_S+01,84,1,20345909,115.11467899653327,0.08383841084915673,0.1284495409117198,29.28519178302686,3643.3424010258605,2.637335868957149,3.3660473476364183,0.29462849697300025,0.21891595968089586,0.04702228179525917,622.6432643851672,4,1.1643048833150702e-13,1.16470506409946e-13,1.163912377310107e-13,1.140674235698231e-13,1.2176576758085727e-13,0.029680326814819136,0.03055732451677374,3.410861117281528e-12,2.211936382600915,3.7594325803564677,1.1924610019452138,0.9735790491839531,0.7679309466355377,0.5755166942999675,138438760.98887512,1805243.2969807296,155.77255272909392,0.25252110548244244,202.666334712847,134.376729072405,1766654.838354025,16766654.838354025,1728443.3735563364,220.95366638262269,220.95366638262269,220.95366638262269,220.3770408762983,0.5766255063243761,138438760.9888752,138438760.98887524,0.0,1.0000000000000002,0.003192855536300371,0.0013945605222998956,0.5764626093868629,0.0,2.152744085169196e-16,311,0,0.0,0.15692381100052444,0.0,3.0262956078755556e-14,0,0.05,24000000.0,False,7233345.161645975,0.54360;0.54362;0.54371;0.54384;0.54401;0.54425;0.54459;0.54506;0.54616;0.54837;0.55281;0.56714;0.57200;0.54033;0.49662;0.43851;0.23462;0.00000;0.00000;0.00000;0.00000;0.00000;0.00000;0.00000,2.061130706781124,3371.1554514550508,3.527778779264535,156866597.93132243,8.195530477822503,0.8773719230161681,1.1924610019452138,0.2621656301630826,0.6171955114778762,-0.7031730688672576,3.7594325803564677,0.5751223008276392,0.0014173853237644891,71692.72359290173,4.85547507946401,124.40903334419932,0.34477263208895115,0.3966533259806082,0.5391027568989364,-0.40158889975680506,155.20119893258686,0.042598576210922875,2.0719325615406774,2.0716368843670296,2.0628782300565445,2.0912418085571263,3.538580634024088,0.2565357410980078,1.766654838354025,16.766654838354025,0.13843876098887525,0.1384387609888752,0.0,dev
ok,R0084_S+02,84,2,20345909,115.11467899653327,0.08383841084915673,0.1284495409117198,29.28519178302686,3643.3424010258605,2.637335868957149,3.3660473476364183,0.29462849697300025,0.21891595968089586,0.04702228179525917,622.6432643851672,4,1.1643048833150702e-13,1.16470506409946e-13,1.163912377310107e-13,1.140674235698231e-13,1.2176576758085727e-13,0.029680326814819136,0.03055732451677374,3.410861117281528e-12,2.211936382600915,3.7594325803564677,13.939311504541537,9.238831444154927,5.236074028035982,1.9310392561846939,1197029322.6198823,14237362.654723406,457.5747545150858,0.25199552781754864,583.8431331862894,397.98303317681814,14996409.941664584,29996409.941664584,14348318.32521778,635.2680048022631,635.2680048022631,635.2680048022631,633.542430214118,1.7255745881451503,1197029322.6198843,1197029322.619884,0.0,0.9999999999999998,0.02652725352264781,0.010786880958312275,0.46659309760720974,0.0,1.9917522035278674e-16,6788,0,0.0,3.0535945409992564,0.0,1.803882172401023e-14,0,0.05,24000000.0,True,-5996409.941664584,0.42468;0.42470;0.42477;0.42487;0.42501;0.42520;0.42547;0.42584;0.42611;0.42634;0.42663;0.42700;0.42754;0.42843;0.42953;0.43112;0.43803;0.45944;0.44840;0.30806;0.00077;0.00000;0.00000;0.00000,2.061130706781124,3371.1554514550508,3.527778779264535,156866597.93132243,8.195530477822503,7.586314058229285,13.939311504541537,0.591696544939692,0.763814375821743,-1.5828862549304588,3.7594325803564677,0.5751223008276392,0.012255612386862602,71692.72359290173,4.85547507946401,124.40903334419932,0.34477263208895115,3.42971620608224,6.301859137626254,0.5352581855729328,456.37160429610617,0.1252617937220518,2.0719325615406774,2.0716368843670296,2.0628782300565445,2.0912418085571263,3.538580634024088,1.153429547546616,14.996409941664584,29.996409941664584,1.197029322619884,1.1970293226198843,0.0,dev
ok,R0085_S+00,85,0,20346909,370.91422768676495,0.8015735806066001,0.14573435846129518,79.45702245857808,2467.2622846070626,2.2940925359747393,3.508868428109715,0.5538542100378314,0.2988537905656513,0.0766768500642875,745.4783920726512,4,1.2735689887543061e-12,2.597586624293317e-12,6.57849792406294e-13,3.001486414362073e-13,6.6798616488966904e-12,0.7748987490208186,1.1490622928387493,2.0639649874457607e-10,4.525923394930086,4.333935545657926,16.936652774752314,15.172428724710443,9.650854910568006,0.526648346779447,1668078908.9018924,10725367.99801358,296.70288567051216,0.2758194258712879,390.7020616779139,263.20461659679614,10764964.77551604,25764964.77551604,10759269.980057865,421.29545004561334,421.29545004561334,421.29545004561334,420.40093691198933,0.8945131336240024,1668078908.901895,1668078908.9018936,0.0,0.9999999999999991,0.025420829928458913,0.009083352859130242,0.42369771286611274,0.0,8.575802181631132e-16,2202,0,0.0,1.2212248029991315,0.0,1.9745500878096975e-12,113,0.05,24000000.0,True,-1764964.7755160406,0.37132;0.37132;0.37132;0.37133;0.37133;0.37134;0.37135;0.37137;0.37145;0.37159;0.37186;0.37233;0.37318;0.37531;0.38043;0.40375;0.41569;0.36515;0.18393;0.00000;0.00000;0.00000;0.00000;0.00000,2.5692734925018166,29471.740119513426,4.469405778944317,221449524.7935195,8.345274752673278,10.571646189202554,16.936652774752314,0.6046356303465467,0.7593207558406954,-1.5522657620469151,4.333935545657926,0.636882448199017,0.010104312717980445,384362.9478102412,5.584741515476386,31.051532114650744,0.6557071988805961,2.335798745742107,3.7421430494658083,0.368435420898009,296.18592329496056,0.12004638709991519,3.4202866370859875,2.8238433397457947,2.4830529797149348,3.8304840653709946,5.3204189235284876,1.0304122021868163,10.76496477551604,25.76496477551604,1.6680789089018937,1.668078908901895,0.0,dev
ok,R0085_S+01,85,1,20346909,370.91422768676495,0.8015735806066001,0.14573435846129518,79.45702245857808,2467.2622846070626,2.2940925359747393,3.508868428109715,0.5538542100378314,0.2988537905656513,0.0766768500642875,745.4783920726512,4,1.2735689887543061e-12,2.597586624293317e-12,6.57849792406294e-13,3.001486414362073e-13,6.6798616488966904e-12,0.7748987490208186,1.1490622928387493,2.0639649874457607e-10,4.525923394930086,4.333935545657926,1.1095554654773654,2.8511346215712785,3.6729965913259934,3.5751413747415097,442154640.21127266,3003097.999023021,154.0653274686983,0.2805650284359742,210.0774767122454,135.48903540970844,2989585.0988560766,17989585.098856077,2988144.7588811554,229.6582717442966,229.6582717442966,229.6582717442966,226.38644460718157,3.271827137115025,442154640.21127343,442154640.2112655,0.0,0.9999999999999821,0.00821256382811474,0.0025984899677789935,0.4853200788587431,0.0,1.792906154131735e-14,401,0,0.0,0.23145965699950466,0.0,2.2583228452500337e-12,0,0.05,24000000.0,False,6010414.901143923,0.44149;0.44150;0.44153;0.44156;0.44161;0.44167;0.44177;0.44190;0.44255;0.44401;0.44723;0.45756;0.48436;0.46120;0.41994;0.36634;0.19363;0.00005;0.00000;0.00000;0.00000;0.00000;0.00000;0.00000,2.5692734925018166,29471.740119513426,4.469405778944317,221449524.7935195,8.345274752673278,2.8022070132790367,3.6729965913259934,0.3666813514034325,0.3533545227279617,0.87987286363223,4.333935545657926,0.636882448199017,0.0026783317806841206,384362.9478102412,5.584741515476386,31.051532114650744,0.6557071988805961,0.6191459220052318,0.811546345534806,-0.20820698320427897,152.49064875719338,0.06180560928141417,3.4202866370859875,2.8238433397457947,2.4830529797149348,3.8304840653709946,5.3204189235284876,0.4775695046067375,2.9895850988560766,17.989585098856075,0.4421546402112655,0.44215464021127343,0.0,dev
ok,R0085_S+02,85,2,20346909,370.91422768676495,0.8015735806066001,0.14573435846129518,79.45702245857808,2467.2622846070626,2.2940925359747393,3.508868428109715,0.5538542100378314,0.2988537905656513,0.0766768500642875,745.4783920726512,4,1.2735689887543061e-12,2.597586624293317e-12,6.57849792406294e-13,3.001486414362073e-13,6.6798616488966904e-12,0.7748987490208186,1.1490622928387493,2.0639649874457607e-10,4.525923394930086,4.333935545657926,3.6241839907555566,2.346628654532566,1.3409506051945224,0.6071498427414261,312377364.7884099,2093352.418481299,128.48978499641677,0.2762202721801332,176.25147049512853,113.93739208010412,2091076.8499531336,17091076.849953134,2090855.7096378803,193.02665274800538,193.02665274800538,193.02665274800538,191.74869112691388,1.2779616210914924,312377364.78841,312377364.7884123,0.0,1.0000000000000073,0.00619157282443135,0.0018518774090697466,0.5005224087588487,0.0,7.25077024386525e-15,332,0,0.0,0.2110418350002874,0.0,5.666465994219341e-12,0,0.05,24000000.0,False,6908923.150046866,0.46001;0.46002;0.46004;0.46008;0.46012;0.46019;0.46028;0.46041;0.46158;0.46445;0.47379;0.49881;0.47882;0.44065;0.39499;0.31833;0.03309;0.00000;0.00000;0.00000;0.00000;0.00000;0.00000;0.00000,2.5692734925018166,29471.740119513426,4.469405778944317,221449524.7935195,8.345274752673278,1.9797282733060175,3.6241839907555566,0.572083545972981,0.7539939604081691,-1.523963762449015,4.333935545657926,0.636882448199017,0.001892211791058853,384362.9478102412,5.584741515476386,31.051532114650744,0.6557071988805961,0.43741974853655236,0.8007612313578589,-0.3591016134180929,128.17280743169997,0.05194940490573455,3.4202866370859875,2.8238433397457947,2.4830529797149348,3.8304840653709946,5.3204189235284876,0.32084234850957066,2.091076849953134,17.091076849953133,0.31237736478841227,0.31237736478841,0.0,dev
ok,R0086_S+00,86,0,20347909,137.7974810580771,0.09029146587674015,0.20271677058540383,76.90168879039317,2482.210134379484,1.7468599772120004,2.3164685308931547,0.4792565879831702,0.2649796566323759,0.04995638990367033,743.3672811122078,4,1.2670670207985203e-13,1.2752693621757699e-13,1.2588091400541488e-13,1.0855443059729873e-13,1.4459591674359722e-13,0.12341970375630051,0.13003903943690112,9.807036761396426e-12,5.549993937032839,5.756099536903792,0.05481808819752369,1.0442466209887662,1.6117595560799407,1.7159898420033557,174624536.08946338,1065172.3528328124,81.9029660142601,0.2590240297601434,114.92590258323314,70.94340803745605,961209.8069550302,15961209.80695503,950040.1833404358,126.51841430598247,126.51841430598247,126.51841430598247,123.70136446089367,2.8170498450888033,174624536.08946332,174624536.0894636,0.0,1.0000000000000016,0.0026359823982772725,0.0007715301480700126,0.6033838571547199,0.0,1.5359863367187035e-15,196,0,0.0,0.11535900700073398,0.0,7.319984294736143e-13,0,0.05,24000000.0,False,8038790.19304497,0.58327;0.58334;0.58357;0.58389;0.58433;0.58494;0.58579;0.58698;0.59761;0.59931;0.56464;0.51060;0.44627;0.36881;0.23246;0.00025;0.00000;0.00000;0.00000;0.00000;0.00000;0.00000;0.00000;0.00000,2.1392412787285293,10596.859004428343,4.0251771559070155,301753640.06327856,8.479652517708445,1.1067035268173966,1.7159898420033557,0.595385176415564,0.24827442096143987,1.5010088190311888,5.756099536903792,0.7601282953330699,0.0007784833092729859,212122.19347438845,5.326586109342705,32.277706425214035,0.7442925086876095,0.19940625870468376,0.3091876966843617,-0.7002612147392521,80.78179843847715,0.03254430288540878,2.111318523832173,2.1056764853771517,2.0413641514414254,2.1658726268199744,3.997254401010659,0.02741988554762742,0.9612098069550302,15.961209806955031,0.1746245360894636,0.17462453608946332,0.0,dev
ok,R0086_S+01,86,1,20347909,137.7974810580771,0.09029146587674015,0.20271677058540383,76.90168879039317,2482.210134379484,1.7468599772120004,2.3164685308931547,0.4792565879831702,0.2649796566323759,0.04995638990367033,743.3672811122078,4,1.2670670207985203e-13,1.2752693621757699e-13,1.2588091400541488e-13,1.0855443059729873e-13,1.4459591674359722e-13,0.12341970375630051,0.13003903943690112,9.807036761396426e-12,5.549993937032839,5.756099536903792,7.062396804821104,5.746344052532485,4.2957608898931054,2.7106473169029637,781648185.1335115,4124593.5748009244,171.91710485473592,0.25496050807442994,243.0752037746091,150.36702004502874,3967033.383420028,18967033.383420028,3942238.6510440037,264.0074074148213,264.0074074148213,264.0074074148213,262.9454108946066,1.0619965202146773,781648185.1335123,781648185.1335118,0.0,0.9999999999999994,0.010839372131669899,0.0033509902049225497,0.5362207126703221,0.0,6.100406388350752e-16,397,0,0.0,0.2422176270010823,0.0,8.111199177960325e-14,0,0.05,24000000.0,False,5032966.616579972,0.48133;0.48134;0.48139;0.48145;0.48155;0.48167;0.48185;0.48210;0.48295;0.48475;0.48832;0.49637;0.52554;0.52105;0.46303;0.38848;0.27611;0.01180;0.00000;0.00000;0.00000;0.00000;0.00000;0.00000,2.1392412787285293,10596.859004428343,4.0251771559070155,301753640.06327856,8.479652517708445,4.9537872660374145,7.062396804821104,0.3276676057434165,0.6464115316966079,-0.8784691901796479,5.756099536903792,0.7601282953330699,0.0034846195126795572,212122.19347438845,5.326586109342705,32.277706425214035,0.7442925086876095,0.8925752572417817,1.2725053189151467,-0.04935515625002441,170.90963506449089,0.06885381406567168,2.111318523832173,2.1056764853771517,2.0413641514414254,2.1658726268199744,3.997254401010659,0.6153811609059978,3.967033383420028,18.967033383420027,0.7816481851335118,0.7816481851335123,0.0,dev
ok,R0086_S+02,86,2,20347909,137.7974810580771,0.09029146587674015,0.20271677058540383,76.90168879039317,2482.210134379484,1.7468599772120004,2.3164685308931547,0.4792565879831702,0.2649796566323759,0.04995638990367033,743.3672811122078,4,1.2670670207985203e-13,1.2752693621757699e-13,1.2588091400541488e-13,1.0855443059729873e-13,1.4459591674359722e-13,0.12341970375630051,0.13003903943690112,9.807036761396426e-12,5.549993937032839,5.756099536903792,2.8420368634760886,2.8928971683872318,2.963969913987899,3.0552551002780906,463666311.8926629,2634770.0346097993,132.89983411381817,0.25685581176449923,186.63316524269118,115.64923625847132,2449056.2567473613,17449056.25674736,2424386.8502003886,202.4105359968936,202.4105359968936,202.4105359968936,201.10727547399065,1.3032605229029457,463666311.89266354,463666311.8926637,0.0,1.0000000000000004,0.006157147379849285,0.002019006165497022,0.5681343232705692,0.0,3.8565220232684583e-16,270,0,0.0,0.16610411399960867,0.0,1.0340756326918519e-13,0,0.05,24000000.0,False,6550943.743252639,0.51773;0.51775;0.51783;0.51795;0.51811;0.51832;0.51863;0.51906;0.52095;0.52543;0.53853;0.56711;0.53711;0.47771;0.40641;0.30935;0.07003;0.00000;0.00000;0.00000;0.00000;0.00000;0.00000;0.00000,2.1392412787285293,10596.859004428343,4.0251771559070155,301753640.06327856,8.479652517708445,2.9385397615323274,3.0552551002780906,0.027259062573407187,0.4879067919156544,0.07255924850607344,5.756099536903792,0.7601282953330699,0.0020670433431856103,212122.19347438845,5.326586109342705,32.277706425214035,0.7442925086876095,0.5294672021035292,0.5504970158420577,-0.27616093713651035,131.63265966816957,0.05303042552482198,2.111318523832173,2.1056764853771517,2.0413641514414254,2.1658726268199744,3.997254401010659,0.4207427155415972,2.4490562567473613,17.44905625674736,0.4636663118926637,0.46366631189266355,0.0,dev
ok,R0087_S+00,87,0,20348909,234.26787791374818,0.5682305088598697,0.10633936297499216,49.47510339173163,2003.0117025060533,1.5637535199104518,3.0520849546740525,0.23435190860744412,0.29787113219673134,0.058064700661803324,628.8292982462167,4,1.2223209848044185e-13,1.3750645078404987e-13,1.1227982151337815e-13,8.914460192238741e-14,2.6724579939149425e-13,0.40737744119330477,0.6296649323566336,6.803145869570925e-12,1.1546053822141262,2.421628692851673,2.956047790885853,1.9627055704969552,1.0546178828562507,0.23178472796373903,244774787.6354838,6382426.922400913,183.59752013149046,0.26303093615438017,246.7304565356719,157.47313698847944,6391193.7797339335,21391193.779733934,6386013.571802996,267.94131333864806,267.94131333864806,267.94131333864806,267.4294516357454,0.5118617029026495,244774787.63548356,244774787.6354838,0.0,1.0000000000000009,0.016961884432857476,0.005504166858558722,0.487170550644467,0.0,9.740324214134886e-16,655,0,0.0,0.36094092700113833,0.0,2.851714456357177e-13,14,0.05,24000000.0,False,2608806.2202660665,0.43322;0.43322;0.43323;0.43325;0.43328;0.43331;0.43336;0.43343;0.43377;0.43440;0.43542;0.43825;0.44562;0.47417;0.47101;0.41484;0.31340;0.02121;0.00000;0.00000;0.00000;0.00000;0.00000;0.00000,2.369712743564169,11590.427481144254,4.064099454020401,66312837.3770843,7.8215976107931375,1.5512889930506997,2.956047790885853,0.6550471154372369,0.7926881102453056,-1.7561286614718339,2.421628692851673,0.3841075537501881,0.0058699757030213065,199612.28335012807,5.300187262537734,40.485245410134915,0.06243357763900868,1.343566396750961,2.560223463723333,0.12825913338923967,183.1442228928116,0.09143442480324605,2.1440396702912636,2.0560183113499946,1.9558116477317047,2.4326274853975183,3.8384263807474968,0.8049858509138553,6.391193779733934,21.391193779733932,0.2447747876354838,0.24477478763548358,0.0,dev
ok,R0087_S+01,87,1,20348909,234.26787791374818,0.5682305088598697,0.10633936297499216,49.47510339173163,2003.0117025060533,1.5637535199104518,3.0520849546740525,0.23435190860744412,0.29787113219673134,0.058064700661803324,628.8292982462167,4,1.2223209848044185e-13,1.3750645078404987e-13,1.1227982151337815e-13,8.914460192238741e-14,2.6724579939149425e-13,0.40737744119330477,0.6296649323566336,6.803145869570925e-12,1.1546053822141262,2.421628692851673,0.7201470051510258,0.4039218880819501,0.2417698523504907,0.2336908979566474,63096645.848726876,1722834.0787181086,93.83248726357193,0.2665263030264936,126.05662724916365,79.87342804129322,1712009.079498386,16712009.079498386,1707910.7438266128,137.2743577670669,137.2743577670669,137.2743577670669,136.40541556050323,0.8689422065636734,63096645.84872686,63096645.84872674,0.0,0.9999999999999981,0.004358112447127205,0.0014871741792617955,0.5462225521427578,0.0,1.88931262426506e-15,238,0,0.0,0.13042896299884887,0.0,2.138480126007059e-13,0,0.05,24000000.0,False,7287990.920501614,0.51317;0.51320;0.51327;0.51338;0.51352;0.51372;0.51400;0.51439;0.51792;0.52977;0.54486;0.51775;0.47193;0.41319;0.31302;0.01032;0.00000;0.00000;0.00000;0.00000;0.00000;0.00000;0.00000;0.00000,2.369712743564169,11590.427481144254,4.064099454020401,66312837.3770843,7.8215976107931375,0.3998824108850285,0.7201470051510258,0.49259551763605364,0.7027496475433628,-1.216497885260177,2.421628692851673,0.3841075537501881,0.0015131287893331844,199612.28335012807,5.300187262537734,40.485245410134915,0.06243357763900868,0.3463368671625235,0.6237169999762496,-0.4605012758399994,92.98502650541403,0.046422607710717066,2.1440396702912636,2.0560183113499946,1.9558116477317047,2.4326274853975183,3.8384263807474968,0.23624345378759373,1.712009079498386,16.712009079498387,0.06309664584872675,0.06309664584872686,0.0,dev
ok,R0087_S+02,87,2,20348909,234.26787791374818,0.5682305088598697,0.10633936297499216,49.47510339173163,2003.0117025060533,1.5637535199104518,3.0520849546740525,0.23435190860744412,0.29787113219673134,0.058064700661803324,628.8292982462167,4,1.2223209848044185e-13,1.3750645078404987e-13,1.1227982151337815e-13,8.914460192238741e-14,2.6724579939149425e-13,0.40737744119330477,0.6296649323566336,6.803145869570925e-12,1.1546053822141262,2.421628692851673,0.06400103351397975,0.21331041507844628,0.4179656702269656,0.6779667989595378,54170352.824625425,1592788.7357532617,88.7743296228899,0.2778772741518426,114.98509305191462,74.01309660241473,1558778.52104762,16558778.52104762,1547090.768410664,130.86753048813264,130.86753048813264,130.86753048813264,122.97698413229176,7.890546355840883,54170352.82462546,54170352.82462552,0.0,1.000000000000001,0.0035924152812603785,0.0012798570880955549,0.5512165483946335,0.0,1.100318562966693e-15,234,0,0.0,0.13403010000001814,0.0,3.748387372793436e-13,0,0.05,24000000.0,False,7441221.47895238,0.51921;0.51925;0.51938;0.51956;0.51981;0.52015;0.52063;0.52130;0.52624;0.54362;0.54407;0.50832;0.45978;0.39658;0.26563;0.00010;0.00000;0.00000;0.00000;0.00000;0.00000;0.00000;0.00000;0.00000,2.369712743564169,11590.427481144254,4.064099454020401,66312837.3770843,7.8215976107931375,0.3433109794447323,0.6779667989595378,0.6713413816167009,0.20193896000715353,1.7883662399570792,2.421628692851673,0.3841075537501881,0.0012990662068438745,199612.28335012807,5.300187262537734,40.485245410134915,0.06243357763900868,0.2973405327336885,0.5871848593494657,-0.5267458847987145,86.15702903768518,0.043013742221221396,2.1440396702912636,2.0560183113499946,1.9558116477317047,2.4326274853975183,3.8384263807474968,0.20215817568742234,1.5587785210476202,16.55877852104762,0.05417035282462552,0.05417035282462546,0.0,dev
ok,R0088_S+00,88,0,20349909,446.35084597572984,0.3015647848796847,0.18044840534009335,40.134709807612275,1497.2322918969219,1.9332483874635944,3.1704741723533814,0.339037058281639,0.2983902094358878,0.06298266947090625,733.6079817033448,4,3.74304942211292e-13,3.758221802418162e-13,3.7285927135540635e-13,3.4338981866445997e-13,4.321525119912457e-13,0.0976606622448829,0.1060769785921705,1.5083514143269453e-11,1.0518772550155486,3.2298128465791804,0.036952408426406395,0.5413287307094932,1.0007320947870166,1.3961709704242862,117362091.30888408,3531231.35762361,100.30494941744584,0.25314436775392657,133.47296816064798,86.89322164187588,3512412.6163203567,18512412.616320357,3495948.531709645,146.8413568440647,146.8413568440647,146.8413568440647,146.31148044795387,0.5298763961108364,117362091.3088841,117362091.30888438,0.0,1.0000000000000024,0.009818390758577615,0.00302791087666263,0.5037278402908572,0.0,2.412380859318188e-15,291,0,0.0,0.1488993799994205,0.0,1.5965742720926522e-12,0,0.05,24000000.0,False,5487587.383679643,0.45761;0.45762;0.45766;0.45772;0.45780;0.45791;0.45806;0.45827;0.45928;0.46215;0.46971;0.49840;0.49022;0.44844;0.39414;0.28404;0.00011;0.00000;0.00000;0.00000;0.00000;0.00000;0.00000;0.00000,2.6496763622357746,17914.16167561816,4.253196489411322,51003669.0326533,7.707601418908142,0.7437960510868006,1.3961709704242862,0.6829743588319266,0.19436818005787396,1.8274076072491272,3.2298128465791804,0.5091773576088782,0.0031366233631284286,284430.0158457605,5.453975425490679,37.305172980544256,0.02196506436185711,0.7071129711572725,1.3273135850852182,-0.1505111960605551,100.10886820150186,0.06686261627089855,2.5806990054432313,2.5772615443045392,2.5415040121698182,2.6413536395525457,4.184219132618779,0.5479261724052648,3.512412616320357,18.512412616320358,0.11736209130888438,0.1173620913088841,0.0,dev
ok,R0088_S+01,88,1,20349909,446.35084597572984,0.3015647848796847,0.18044840534009335,40.134709807612275,1497.2322918969219,1.9332483874635944,3.1704741723533814,0.339037058281639,0.2983902094358878,0.06298266947090625,733.6079817033448,4,3.74304942211292e-13,3.758221802418162e-13,3.7285927135540635e-13,3.4338981866445997e-13,4.321525119912457e-13,0.0976606622448829,0.1060769785921705,1.5083514143269453e-11,1.0518772550155486,3.2298128465791804,0.5578053585046735,0.38055888741410965,0.26491454895689065,0.2108723431330164,55784019.9410288,1659111.2210725308,69.0604745050144,0.2524647162516241,93.17931600454295,59.9765906761108,1655472.7008269932,16655472.700826993,1653406.7240451574,101.82244264028114,101.82244264028114,101.82244264028114,101.75266011200918,0.06978252827195774,55784019.9410288,55784019.94102764,0.0,0.9999999999999791,0.00454338900101742,0.001465687681441981,0.5281942450808886,0.0,2.083554706793835e-14,236,0,0.0,0.14908936400024686,0.0,4.2961399590873153e-13,0,0.05,24000000.0,False,7344527.299173007,0.50251;0.50254;0.50266;0.50283;0.50305;0.50336;0.50378;0.50436;0.50961;0.52605;0.51829;0.48417;0.44041;0.38419;0.24142;0.00028;0.00000;0.00000;0.00000;0.00000;0.00000;0.00000;0.00000;0.00000,2.6496763622357746,17914.16167561816,4.253196489411322,51003669.0326533,7.707601418908142,0.35353778450217255,0.5578053585046735,0.37594980106797854,0.6635530112008556,-0.9813180672051339,3.2298128465791804,0.5091773576088782,0.0014908856708742708,284430.0158457605,5.453975425490679,37.305172980544256,0.02196506436185711,0.33610174838978396,0.5302951041530298,-0.47352922833962574,69.01818515688332,0.04609717912872462,2.5806990054432313,2.5772615443045392,2.5415040121698182,2.6413536395525457,4.184219132618779,0.2198755005988107,1.6554727008269932,16.655472700826994,0.05578401994102764,0.0557840199410288,0.0,dev
ok,R0088_S+02,88,2,20349909,446.35084597572984,0.3015647848796847,0.18044840534009335,40.134709807612275,1497.2322918969219,1.9332483874635944,3.1704741723533814,0.339037058281639,0.2983902094358878,0.06298266947090625,733.6079817033448,4,3.74304942211292e-13,3.758221802418162e-13,3.7285927135540635e-13,3.4338981866445997e-13,4.321525119912457e-13,0.0976606622448829,0.1060769785921705,1.5083514143269453e-11,1.0518772550155486,3.2298128465791804,1.2912173150275934,1.0692726039504794,1.251405381884082,1.8376156488284014,214966858.43244335,6332109.256805965,135.68177282546563,0.25288489632652256,181.05513776494513,117.55011352440573,6322977.23508703,21322977.23508703,6297826.776026346,196.61100382800728,196.61100382800728,196.61100382800728,196.3684441392047,0.24255968880257228,214966858.43244365,214966858.43244255,0.0,0.9999999999999949,0.016411454532868117,0.005394440918634343,0.47671000443089057,0.0,5.129562465514939e-15,438,0,0.0,0.24364883599992027,0.0,1.9265737794592174e-13,0,0.05,24000000.0,False,2677022.7649129704,0.42215;0.42215;0.42218;0.42221;0.42226;0.42233;0.42241;0.42254;0.42293;0.42388;0.42576;0.42978;0.44345;0.47547;0.44578;0.38986;0.26494;0.00160;0.00000;0.00000;0.00000;0.00000;0.00000;0.00000,2.6496763622357746,17914.16167561816,4.253196489411322,51003669.0326533,7.707601418908142,1.362377737422639,1.8376156488284014,0.21055377718544488,0.4331562851730962,0.401062288961423,3.2298128465791804,0.5091773576088782,0.005745211788045926,284430.0158457605,5.453975425490679,37.305172980544256,0.02196506436185711,1.2951869915682326,1.74698677062015,0.1123324738564156,135.48598915290714,0.09049096114621791,2.5806990054432313,2.5772615443045392,2.5415040121698182,2.6413536395525457,4.184219132618779,0.801548399749791,6.32297723508703,21.32297723508703,0.21496685843244254,0.21496685843244365,0.0,dev
ok,R0089_S+00,89,0,20350909,253.42741941425743,0.328106674662431,0.24573220173893434,41.04930979940413,2918.0297026636304,2.184799120399145,3.574654947195833,0.29213299767546375,0.2604188558870575,0.04186476342643007,745.5908687291256,4,2.1288408646214815e-13,2.1527049024930085e-13,2.1045608746375439e-13,1.7241234887954576e-13,2.480085588456944e-13,0.15963913515826722,0.16931159280835065,8.836705044913154e-12,5.026999305091983,4.1868097239651565,21.883047689621943,16.036394279816783,9.597077348044317,2.565096894304559,1975569514.7063854,11171800.634035466,337.6961936551021,0.2544869552604755,462.7457557890452,302.95415654418434,11248070.740574613,26248070.740574613,10982707.04986526,506.73921809646225,506.73921809646225,506.73921809646225,499.3630598517549,7.376158244707369,1975569514.70639,1975569514.7063863,0.0,0.9999999999999982,0.030410368403771766,0.008848583042342177,0.4315943030181649,0.0,1.8102520108258228e-15,2945,0,0.0,1.7160981340002763,0.0,4.6388986997869165e-14,0,0.05,24000000.0,True,-2248070.740574613,0.38496;0.38497;0.38500;0.38504;0.38510;0.38519;0.38531;0.38547;0.38562;0.38582;0.38612;0.38662;0.38739;0.38818;0.39137;0.40198;0.43126;0.40181;0.30693;0.01632;0.00000;0.00000;0.00000;0.00000,2.4038536012975853,10403.020651199377,4.017159460613454,269834341.1621673,8.431097220458739,12.5204040529469,21.883047689621943,0.5754982988621091,0.7571529203267547,-1.5429175219605282,4.1868097239651565,0.6218832241561698,0.009819616226104583,248491.08891970327,5.395310819216671,71.08596263672108,0.7013088251933154,2.4906317453166635,4.353103384648574,0.3963095192668568,336.2358762403445,0.11522702319768106,2.3387010976311933,2.3288780900449733,2.242284966321841,2.4001832664777103,3.9520069569470624,1.0481231769116355,11.248070740574613,26.24807074057461,1.9755695147063863,1.9755695147063899,0.0,dev
ok,R0089_S+01,89,1,20350909,253.42741941425743,0.328106674662431,0.24573220173893434,41.04930979940413,2918.0297026636304,2.184799120399145,3.574654947195833,0.29213299767546375,0.2604188558870575,0.04186476342643007,745.5908687291256,4,2.1288408646214815e-13,2.1527049024930085e-13,2.1045608746375439e-13,1.7241234887954576e-13,2.480085588456944e-13,0.15963913515826722,0.16931159280835065,8.836705044913154e-12,5.026999305091983,4.1868097239651565,0.7704243971060525,12.384604344761888,22.43185813798723,28.479625332705552,2527231707.248883,16938823.202679493,387.76794008582897,0.2623035981688928,507.6939568409794,342.78965751532917,17445952.88828028,32445952.88828028,16526748.255349707,572.0345168425586,572.0345168425586,572.0345168425586,537.3083287494344,34.726188093124165,2527231707.2488785,2527231707.2488756,0.0,0.9999999999999989,0.035591701891642916,0.01102760810334874,0.4228505011492914,0.0,1.132077815030753e-15,4446,0,0.0,2.6204857129996526,0.0,1.2633023775056238e-13,0,0.05,24000000.0,True,-8445952.88828028,0.35802;0.35810;0.35835;0.35869;0.35917;0.35984;0.36077;0.36206;0.36317;0.36394;0.36477;0.36573;0.36694;0.36866;0.37148;0.37718;0.39870;0.41633;0.35439;0.08741;0.00000;0.00000;0.00000;0.00000,2.4038536012975853,10403.020651199377,4.017159460613454,269834341.1621673,8.431097220458739,16.01662805314018,28.479625332705552,0.6564004901692339,0.2053339301228388,1.730027122042514,4.1868097239651565,0.6218832241561698,0.012561666544705415,248491.08891970327,5.395310819216671,71.08596263672108,0.7013088251933154,3.1861210000400253,5.6653330554189205,0.5032622650783692,380.29483192303337,0.13032589475559256,2.3387010976311933,2.3288780900449733,2.242284966321841,2.4001832664777103,3.9520069569470624,1.2288832351366414,17.44595288828028,32.44595288828028,2.5272317072488755,2.5272317072488786,0.0,dev
ok,R0089_S+02,89,2,20350909,253.42741941425743,0.328106674662431,0.24573220173893434,41.04930979940413,2918.0297026636304,2.184799120399145,3.574654947195833,0.29213299767546375,0.2604188558870575,0.04186476342643007,745.5908687291256,4,2.1288408646214815e-13,2.1527049024930085e-13,2.1045608746375439e-13,1.7241234887954576e-13,2.480085588456944e-13,0.15963913515826722,0.16931159280835065,8.836705044913154e-12,5.026999305091983,4.1868097239651565,0.8421085528330033,1.024869333754596,1.1220420775525908,1.1336267842269874,162626046.28284004,1047255.5095939602,97.62254767159614,0.2583542924553649,133.30902617549862,86.55562864240395,1003392.9991534054,16003392.999153405,986930.0408386774,145.15086411574373,145.15086411574373,145.15086411574373,143.5088814154259,1.6419827003178398,162626046.28284013,162626046.28283945,0.0,0.9999999999999958,0.0022145601943919244,0.0008008434510827301,0.548595309395395,0.0,4.214905487678448e-15,228,0,0.0,0.13278452600025048,0.0,7.840228854148798e-14,0,0.05,24000000.0,False,7996607.000846595,0.52073;0.52078;0.52093;0.52113;0.52141;0.52180;0.52235;0.52311;0.52891;0.54546;0.53785;0.50488;0.46417;0.41723;0.34787;0.07241;0.00000;0.00000;0.00000;0.00000;0.00000;0.00000;0.00000;0.00000,2.4038536012975853,10403.020651199377,4.017159460613454,269834341.1621673,8.431097220458739,1.0306616870917944,1.1336267842269874,0.11329312769764077,0.4528590491841285,0.28284570489522853,4.1868097239651565,0.6218832241561698,0.0008083367104920883,248491.08891970327,5.395310819216671,71.08596263672108,0.7013088251933154,0.2050252296728606,0.22550764689358646,-0.6881926929271498,96.47014794136598,0.03306002946210804,2.3387010976311933,2.3288780900449733,2.242284966321841,2.4001832664777103,3.9520069569470624,0.02005265385537236,1.0033929991534054,16.003392999153405,0.16262604628283944,0.16262604628284014,0.0,dev
ok,R0090_S+00,90,0,20351909,416.5257609100893,0.7955493908034322,0.10391294404563067,73.03181163205608,2281.771088460518,1.9158197413073614,2.8645904917419687,0.4004489339824163,0.3230376011737206,0.07722889639581151,629.7491526947207,4,4.615260573387277e-13,9.126505342565724e-13,1.825704468999128e-13,5.581417251770161e-14,2.3700085541619628e-12,0.7928248522471872,1.1142568253331118,6.665252190372131e-11,2.182046822098463,3.1111328997636787,0.14679578988430703,0.5732425912067082,0.7697490344827198,0.7363151197123418,87813066.70942988,1301210.947735899,94.9669471154334,0.28658786146212845,121.72040386725892,79.05032451306224,1283461.9669221565,16283461.966922157,1282623.1991362385,135.898484963064,135.898484963064,135.898484963064,127.62360665683063,8.274878306233362,87813066.70942985,87813066.7094298,0.0,0.9999999999999994,0.003610607219136466,0.001108932089447838,0.5435959607031665,0.0,5.090755312015822e-16,242,0,0.0,0.14282680700125638,0.0,2.9196694807914723e-12,0,0.05,24000000.0,False,7716538.0330778435,0.51482;0.51485;0.51494;0.51506;0.51523;0.51548;0.51581;0.51628;0.52073;0.53609;0.53729;0.50549;0.46212;0.40787;0.30962;0.02194;0.00000;0.00000;0.00000;0.00000;0.00000;0.00000;0.00000;0.00000,2.6196418664273833,30419.630910684467,4.48315394034073,124129710.3635658,8.093875742035884,0.5565256338215192,0.7697490344827198,0.4455589138789345,0.3234524778969729,1.0592851326181623,3.1111328997636787,0.4929185634716794,0.0011233518645109026,393889.2348633156,5.59537411154449,31.243523027422384,0.3388640653911056,0.2550475215221603,0.352764673373258,-0.5933788924600999,92.94963844844492,0.04073574203762782,2.9660211101340566,2.2671470764033805,1.7524610881870144,3.380466511295664,4.829533184047404,0.1143477085610064,1.2834619669221565,16.283461966922157,0.0878130667094298,0.08781306670942984,0.0,dev
ok,R0090_S+01,90,1,20351909,416.5257609100893,0.7955493908034322,0.10391294404563067,73.03181163205608,2281.771088460518,1.9158197413073614,2.8645904917419687,0.4004489339824163,0.3230376011737206,0.07722889639581151,629.7491526947207,4,4.615260573387277e-13,9.126505342565724e-13,1.825704468999128e-13,5.581417251770161e-14,2.3700085541619628e-12,0.7928248522471872,1.1142568253331118,6.665252190372131e-11,2.182046822098463,3.1111328997636787,7.097626861368458,4.052980688070628,2.1280514623969684,1.3228391843474796,575985299.3448519,7997577.040094041,239.65604985071718,0.27825141162152073,311.53913291324875,202.40795963191394,7999004.397742361,22999004.39774236,7996728.897885039,338.2850183368372,338.2850183368372,338.2850183368372,334.3841697295222,3.9008486073149697,575985299.3448517,575985299.3448534,0.0,1.0000000000000029,0.02027129519041775,0.0068042553298243045,0.46506991539485515,0.0,2.8975219603855237e-15,1182,0,0.0,0.6706317709995346,0.0,7.467570205399675e-13,2,0.05,24000000.0,False,1000995.6022576392,0.41081;0.41081;0.41083;0.41085;0.41088;0.41092;0.41097;0.41105;0.41124;0.41160;0.41229;0.41361;0.41639;0.42316;0.45139;0.45088;0.39500;0.26239;0.00362;0.00000;0.00000;0.00000;0.00000;0.00000,2.6196418664273833,30419.630910684467,4.48315394034073,124129710.3635658,8.093875742035884,3.6503745490458837,7.097626861368458,0.6091882580047655,0.7636618790497524,-1.5819712742985137,3.1111328997636787,0.4929185634716794,0.007368312987985277,393889.2348633156,5.59537411154449,31.243523027422384,0.3388640653911056,1.6729130246322295,3.2527381124400936,0.22347336241835306,238.05309500525124,0.10432821075222871,2.9660211101340566,2.2671470764033805,1.7524610881870144,3.380466511295664,4.829533184047404,0.9029584323043256,7.999004397742361,22.99900439774236,0.5759852993448534,0.5759852993448518,0.0,dev
ok,R0090_S+02,90,2,20351909,416.5257609100893,0.7955493908034322,0.10391294404563067,73.03181163205608,2281.771088460518,1.9158197413073614,2.8645904917419687,0.4004489339824163,0.3230376011737206,0.07722889639581151,629.7491526947207,4,4.615260573387277e-13,9.126505342565724e-13,1.825704468999128e-13,5.581417251770161e-14,2.3700085541619628e-12,0.7928248522471872,1.1142568253331118,6.665252190372131e-11,2.182046822098463,3.1111328997636787,0.9460844461177483,0.6690546091448083,0.42923688552335504,0.2266312752533885,89584421.65110227,1285359.9778497913,94.54329171260164,0.2784203184353243,122.4301144943841,79.87220631170601,1279479.6061056964,16279479.606105696,1279224.42948097,135.97380468506626,135.97380468506626,135.97380468506626,130.77102242258795,5.202782262478308,89584421.6511023,89584421.65110181,0.0,0.9999999999999946,0.003610607219136466,0.0011310372939194924,0.5432986047057393,0.0,5.489105252162132e-15,253,0,0.0,0.14216211799976008,0.0,2.1652381342877543e-12,0,0.05,24000000.0,False,7720520.393894304,0.51459;0.51461;0.51468;0.51478;0.51491;0.51511;0.51537;0.51574;0.51979;0.53423;0.53742;0.50672;0.46369;0.40994;0.31643;0.02644;0.00000;0.00000;0.00000;0.00000;0.00000;0.00000;0.00000;0.00000,2.6196418664273833,30419.630910684467,4.48315394034073,124129710.3635658,8.093875742035884,0.5677518040098251,0.9460844461177483,0.473391995427432,0.7111994377892837,-1.2671966267357022,3.1111328997636787,0.4929185634716794,0.0011460119873263675,393889.2348633156,5.59537411154449,31.243523027422384,0.3388640653911056,0.2601923103848987,0.43357660181091073,-0.584705542542895,93.88244246525278,0.04114454904790387,2.9660211101340566,2.2671470764033805,1.7524610881870144,3.380466511295664,4.829533184047404,0.10902477319256358,1.2794796061056963,16.279479606105696,0.08958442165110181,0.08958442165110231,0.0,dev
ok,R0091_S+00,91,0,20352909,68.37803887112912,0.4825203095664513,0.20306852472065878,22.017236556921095,1903.3514202722167,2.011550220653297,2.633799920269467,0.6041043321051961,0.18642345948170308,0.05078279905135256,764.8430037259702,4,6.599707655530313e-14,7.282340093387652e-14,5.96359689697942e-14,3.533134995305772e-14,1.1863926852850673e-13,0.4066307615520911,0.4961414695751051,1.603370045240668e-12,0.9436347149415041,7.137507306294565,0.017590182502231027,0.2873002091975249,0.5090476919352501,0.6380545736294414,57276754.35111066,2129152.267395968,86.37232794921852,0.2946160214507573,116.36084474751526,73.08500180546471,1879408.3478127941,16879408.347812794,1858807.5666952431,131.64976941902867,131.64976941902867,131.64976941902867,118.22921812329457,13.4205512957341,57276754.35111061,57276754.351110786,0.0,1.000000000000003,0.0043315375721885395,0.0014469898020124411,0.6014549745219173,0.0,3.121928544170461e-15,267,0,0.0,0.1721718980006699,0.0,4.802637945968302e-13,0,0.05,24000000.0,False,7120591.652187206,0.56112;0.56118;0.56139;0.56167;0.56207;0.56262;0.56339;0.56445;0.57184;0.59435;0.58799;0.53979;0.47945;0.40848;0.28566;0.00250;0.00000;0.00000;0.00000;0.00000;0.00000;0.00000;0.00000;0.00000,1.8349166407767417,1505.4954571239957,3.1776794493546183,50885407.40792358,7.706593255994127,0.36299816431611187,0.6380545736294414,0.6490301894170168,0.20998067047678404,1.709276938896274,7.137507306294565,0.8535465658187785,0.0014716781631401719,29645.775444587238,4.4719628146708885,86.44824319126009,-0.025196090433527697,0.3846808076985745,0.6761669145130956,-0.4148994807545992,80.95174126332354,0.04253115867155307,1.8679875548743634,1.7812248778643331,1.5538768292003902,2.0799450581491365,3.2107503634522403,0.3282067213374141,1.879408347812794,16.879408347812795,0.057276754351110785,0.057276754351110605,0.0,dev
ok,R0091_S+01,91,1,20352909,68.37803887112912,0.4825203095664513,0.20306852472065878,22.017236556921095,1903.3514202722167,2.011550220653297,2.633799920269467,0.6041043321051961,0.18642345948170308,0.05078279905135256,764.8430037259702,4,6.599707655530313e-14,7.282340093387652e-14,5.96359689697942e-14,3.533134995305772e-14,1.1863926852850673e-13,0.4066307615520911,0.4961414695751051,1.603370045240668e-12,0.9436347149415041,7.137507306294565,4.664937480913217,4.472081144910407,3.028302130346869,0.3336004372226006,493044944.3157774,15345480.968369901,245.7667938031408,0.2771056675164659,327.8276815512251,215.53161036775933,14514948.431587443,29514948.431587443,14324253.318780042,363.2549696072926,363.2549696072926,363.2549696072926,349.3476334076,13.907336199692622,493044944.3157767,493044944.3157771,0.0,1.0000000000000009,0.03263763500597462,0.011109907192520961,0.46761603756047915,0.0,8.462362675815466e-16,1733,0,0.0,1.1003504889995384,0.0,8.06623111913315e-14,156,0.05,24000000.0,True,-5514948.431587443,0.39813;0.39814;0.39818;0.39823;0.39829;0.39839;0.39852;0.39870;0.39858;0.39878;0.39951;0.40045;0.40208;0.40648;0.42100;0.46513;0.42626;0.32532;0.03325;0.00000;0.00000;0.00000;0.00000;0.00000,1.8349166407767417,1505.4954571239957,3.1776794493546183,50885407.40792358,7.706593255994127,3.1247302983482736,4.664937480913217,0.5540106256561638,0.731024580797696,-1.3861474847861757,7.137507306294565,0.8535465658187785,0.012668376311063118,29645.775444587238,4.4719628146708885,86.44824319126009,-0.025196090433527697,3.31137700730094,4.943584002420255,0.5200086289156,237.50909763468223,0.12478467985734014,1.8679875548743634,1.7812248778643331,1.5538768292003902,2.0799450581491365,3.2107503634522403,1.1859805049304692,14.514948431587444,29.51494843158744,0.4930449443157771,0.4930449443157767,0.0,dev
ok,R0091_S+02,91,2,20352909,68.37803887112912,0.4825203095664513,0.20306852472065878,22.017236556921095,1903.3514202722167,2.011550220653297,2.633799920269467,0.6041043321051961,0.18642345948170308,0.05078279905135256,764.8430037259702,4,6.599707655530313e-14,7.282340093387652e-14,5.96359689697942e-14,3.533134995305772e-14,1.1863926852850673e-13,0.4066307615520911,0.4961414695751051,1.603370045240668e-12,0.9436347149415041,7.137507306294565,1.5658610837016316,2.05132539595851,2.2955308518915256,2.2984774515006783,323907000.60706586,10703596.617538773,201.81116530755847,0.2844170032968373,273.3325858442774,174.15413008422433,9961612.52370236,24961612.52370236,9832944.529061403,300.8966500034709,300.8966500034709,300.8966500034709,286.14357808682445,14.753071916646434,323907000.6070657,323907000.60706574,0.0,1.0000000000000002,0.02308990554255524,0.007609837364839361,0.5007443752449854,0.0,1.840177725818823e-16,863,0,0.0,0.5012003869996988,0.0,3.3681114710908576e-14,0,0.05,24000000.0,True,-961612.5237023607,0.42627;0.42631;0.42644;0.42662;0.42688;0.42723;0.42772;0.42839;0.42909;0.43001;0.43150;0.43422;0.43992;0.45836;0.49747;0.45372;0.37116;0.15797;0.00000;0.00000;0.00000;0.00000;0.00000;0.00000,1.8349166407767417,1505.4954571239957,3.1776794493546183,50885407.40792358,7.706593255994127,2.0527986957630864,2.2984774515006783,0.145406823477363,0.44051889831256996,0.3568866101245799,7.137507306294565,0.8535465658187785,0.008322518709065184,29645.775444587238,4.4719628146708885,86.44824319126009,-0.025196090433527697,2.1754166768762206,2.4357703411146345,0.33754245353731815,192.50728186267833,0.10114121849087962,1.8679875548743634,1.7812248778643331,1.5538768292003902,2.0799450581491365,3.2107503634522403,1.0295297336376805,9.96161252370236,24.96161252370236,0.32390700060706573,0.3239070006070657,0.0,dev
ok,R0092_S+00,92,0,20353909,565.767931869928,0.5478547852139523,0.19305366429196696,22.348651193217936,3123.0139746378873,2.3939103881501342,2.293847718128172,0.3312111666324902,0.2785883996772891,0.06858117453423014,606.075164447671,4,6.463993599735669e-13,7.052759437283359e-13,5.967117357693917e-13,3.8339559459834086e-13,1.1998251758351388e-12,0.3785261759161549,0.4980951256079625,1.576196606135218e-11,2.1610365018272106,2.897685863929115,1.4046913196812258,1.940404894065258,2.6327281171401213,3.4816609889058157,373148317.4098516,5422232.092588159,255.35562483248964,0.26851180946241227,310.0205851650644,201.28974750179253,5356242.934469674,20356242.934469674,5321382.561058551,349.1427233169865,349.1427233169865,349.1427233169865,336.17104011236734,12.971683204619183,373148317.40985245,373148317.4098519,0.0,0.9999999999999986,0.012053048293159164,0.0044228516731757775,0.5680808016897283,0.0,1.4376101350319304e-15,912,0,0.0,0.5712356770000042,0.0,1.0565717482055135e-13,0,0.05,24000000.0,False,3643757.065530326,0.51809;0.51811;0.51816;0.51823;0.51833;0.51846;0.51865;0.51892;0.51925;0.51975;0.52063;0.52229;0.52573;0.53507;0.56446;0.54544;0.48393;0.33734;0.00016;0.00000;0.00000;0.00000;0.00000;0.00000,2.7526383276974578,12644.15016566931,4.101889645007963,132198672.59316528,8.121227094420743,2.3648713299481052,3.4816609889058157,0.3289784118550511,0.35362349014353023,0.8782590591388186,2.897685863929115,0.4620513021300169,0.004657232347292726,184367.65266185955,5.265684726355504,139.7406021346656,0.33466210256498796,1.0943227140997143,1.611106978508685,0.03914541366584026,250.92637893943967,0.08034750435868111,2.854075668504968,2.7814811771392636,2.589363716083259,3.084834568230368,4.203326985815474,0.7341781031325257,5.356242934469674,20.356242934469673,0.3731483174098519,0.37314831740985244,0.0,dev
ok,R0092_S+01,92,1,20353909,565.767931869928,0.5478547852139523,0.19305366429196696,22.348651193217936,3123.0139746378873,2.3939103881501342,2.293847718128172,0.3312111666324902,0.2785883996772891,0.06858117453423014,606.075164447671,4,6.463993599735669e-13,7.052759437283359e-13,5.967117357693917e-13,3.8339559459834086e-13,1.1998251758351388e-12,0.3785261759161549,0.4980951256079625,1.576196606135218e-11,2.1610365018272106,2.897685863929115,0.9865170929428829,1.2431978212655668,1.681795363566661,2.3023097198461646,245116557.44616646,3590716.8212754666,206.93085270219993,0.2684305045416075,248.77549223414428,163.28642455512008,3534662.0731685236,18534662.073168524,3513927.284831658,273.15084039576413,273.15084039576413,273.15084039576413,269.1917649435468,3.9590754522173484,245116557.4461669,245116557.4461669,0.0,1.0,0.006687181238915534,0.0029556830587616693,0.5880783449633171,0.0,0.0,568,0,0.0,0.28092758700040577,0.0,1.3348420026651534e-13,0,0.05,24000000.0,False,5465337.926831476,0.54266;0.54267;0.54272;0.54278;0.54287;0.54299;0.54316;0.54340;0.54386;0.54470;0.54632;0.54974;0.55959;0.58697;0.56434;0.51049;0.41733;0.02660;0.00000;0.00000;0.00000;0.00000;0.00000;0.00000,2.7526383276974578,12644.15016566931,4.101889645007963,132198672.59316528,8.121227094420743,1.5534549994053188,2.3023097198461646,0.3210466851240538,0.35883159072229504,0.8470104556662298,2.897685863929115,0.4620513021300169,0.0030592788629446553,184367.65266185955,5.265684726355504,139.7406021346656,0.33466210256498796,0.7188471819387751,1.0653728976347712,-0.14336342546515565,203.37234666684557,0.06512053686548955,2.854075668504968,2.7814811771392636,2.589363716083259,3.084834568230368,4.203326985815474,0.5551811562241513,3.5346620731685237,18.534662073168523,0.2451165574461669,0.2451165574461669,0.0,dev
ok,R0092_S+02,92,2,20353909,565.767931869928,0.5478547852139523,0.19305366429196696,22.348651193217936,3123.0139746378873,2.3939103881501342,2.293847718128172,0.3312111666324902,0.2785883996772891,0.06858117453423014,606.075164447671,4,6.463993599735669e-13,7.052759437283359e-13,5.967117357693917e-13,3.8339559459834086e-13,1.1998251758351388e-12,0.3785261759161549,0.4980951256079625,1.576196606135218e-11,2.1610365018272106,2.897685863929115,1.45886950676756,3.033997269074455,4.522161636536755,5.923362609154463,589274710.6264215,8500414.781889398,321.47226970312994,0.2694779601399972,383.73771525386815,253.2454960138914,8439321.590887371,23439321.59088737,8371963.513367854,422.05783346683063,422.05783346683063,422.05783346683063,415.1332827937743,6.924550673056331,589274710.6264186,589274710.6264179,0.0,0.9999999999999988,0.01618168660975482,0.006792421803319038,0.5458948501247294,0.0,1.2137899767399603e-15,1764,0,0.0,0.9189794029989571,0.0,1.035972316887457e-13,0,0.05,24000000.0,False,560678.4091126285,0.48939;0.48941;0.48947;0.48956;0.48969;0.48986;0.49010;0.49043;0.49073;0.49108;0.49160;0.49249;0.49410;0.49734;0.50582;0.53586;0.52675;0.45543;0.18567;0.00000;0.00000;0.00000;0.00000;0.00000,2.7526383276974578,12644.15016566931,4.101889645007963,132198672.59316528,8.121227094420743,3.7345977553833083,5.923362609154463,0.44566684931259093,0.3007597517942652,1.1954414892344087,2.897685863929115,0.4620513021300169,0.007354687441231579,184367.65266185955,5.265684726355504,139.7406021346656,0.33466210256498796,1.7281511683053998,2.7409822111501176,0.23758172928256638,315.3294093023073,0.10096957998366615,2.854075668504968,2.7814811771392636,2.589363716083259,3.084834568230368,4.203326985815474,0.9294401178426149,8.43932159088737,23.43932159088737,0.5892747106264179,0.5892747106264186,0.0,dev
ok,R0093_S+00,93,0,20354909,345.9405074159287,0.8340488350213403,0.2368407442696557,69.89067666448287,2696.283963245395,1.8375518074635666,2.1113028034878005,0.39454681537194713,0.2118535331240947,0.07372173318837051,718.9248144070824,4,1.2679541392266637e-13,6.221243400800922e-13,5.290991358380784e-14,2.1174502737974196e-14,2.320322049830852e-12,0.8683173968354386,1.8202826486755044,4.348069109764249e-11,7.147139623213449,3.2111031440117004,27.02951842297634,25.671844215257188,22.26382506726004,16.805460978984907,3620076778.656623,18264992.151165463,405.3054771622187,0.3925762592588656,464.6128921000168,289.92055016973717,17457924.147058036,32457924.147058036,17431304.5719428,541.5580957757901,541.5580957757901,541.5580957757901,382.4042339893716,159.15386178641847,3620076778.6566105,3620076778.6566153,0.0,1.0000000000000013,0.03193065391173154,0.01154266509767166,0.5413514406409902,0.0,1.3172017815049672e-15,3884,0,0.0,1.9881777980008337,0.0,6.426598850581267e-14,0,0.05,24000000.0,True,-8457924.147058036,0.45928;0.45938;0.45969;0.46012;0.46073;0.46157;0.46274;0.46437;0.46582;0.46687;0.46807;0.46956;0.47165;0.47497;0.48117;0.49638;0.51784;0.47551;0.28221;0.01665;0.00000;0.00000;0.00000;0.00000,2.5390014180918694,24178.01614895381,4.383420663319284,378056572.285105,8.577556792411052,22.942662171119622,27.02951842297634,0.17198463209707363,0.5742725304190545,-0.4456351825143268,3.2111031440117004,0.5066542557862739,0.01331918083059426,327963.2084500132,5.515825126445373,38.57859291002681,0.8541322663601357,3.2100481284293556,3.7818651723531755,0.506511543854903,350.5104091299199,0.12999758701528838,2.799593790840545,1.7292536499794926,1.3315298179179635,3.371264864881205,4.6440130360679595,1.2616194899229005,17.457924147058037,32.45792414705804,3.6200767786566153,3.6200767786566104,0.0,dev
ok,R0093_S+01,93,1,20354909,345.9405074159287,0.8340488350213403,0.2368407442696557,69.89067666448287,2696.283963245395,1.8375518074635666,2.1113028034878005,0.39454681537194713,0.2118535331240947,0.07372173318837051,718.9248144070824,4,1.2679541392266637e-13,6.221243400800922e-13,5.290991358380784e-14,2.1174502737974196e-14,2.320322049830852e-12,0.8683173968354386,1.8202826486755044,4.348069109764249e-11,7.147139623213449,3.2111031440117004,3.9217462015436952,2.087011690173562,1.0121573386706673,0.6971831470350113,304455826.69420254,1489614.528527405,111.47888110004078,0.35313257468893644,133.40846552513617,83.0791414486475,1390969.6712355092,16390969.67123551,1390479.2091547605,155.44213308633093,155.44213308633093,155.44213308633093,121.76556889796893,33.67656418836199,304455826.69420254,304455826.6942035,0.0,1.000000000000003,0.0028998164744247087,0.0011055359212979539,0.6834453075333455,0.0,3.132389768201503e-15,265,0,0.0,0.15763066900035483,0.0,5.882984586142892e-13,14,0.05,24000000.0,False,7609030.328764491,0.65030;0.65034;0.65044;0.65059;0.65080;0.65109;0.65150;0.65206;0.65424;0.65977;0.66899;0.65042;0.59661;0.52054;0.38970;0.06813;0.00000;0.00000;0.00000;0.00000;0.00000;0.00000;0.00000;0.00000,2.5390014180918694,24178.01614895381,4.383420663319284,378056572.285105,8.577556792411052,1.929524594355734,3.9217462015436952,0.6531944909386672,0.7785282848031765,-1.6711697088190587,3.2111031440117004,0.5066542557862739,0.0011201702225147173,327963.2084500132,5.515825126445373,38.57859291002681,0.8541322663601357,0.2699715824899744,0.5487154873547057,-0.5686819477569918,101.64924890787474,0.03769975651434136,2.799593790840545,1.7292536499794926,1.3315298179179635,3.371264864881205,4.6440130360679595,0.1730738994243998,1.3909696712355093,16.39096967123551,0.3044558266942035,0.30445582669420257,0.0,dev
ok,R0093_S+02,93,2,20354909,345.9405074159287,0.8340488350213403,0.2368407442696557,69.89067666448287,2696.283963245395,1.8375518074635666,2.1113028034878005,0.39454681537194713,0.2118535331240947,0.07372173318837051,718.9248144070824,4,1.2679541392266637e-13,6.221243400800922e-13,5.290991358380784e-14,2.1174502737974196e-14,2.320322049830852e-12,0.8683173968354386,1.8202826486755044,4.348069109764249e-11,7.147139623213449,3.2111031440117004,3.0628634626657636,3.28977595926366,2.5373929080107724,0.8057143089071003,382468117.6626093,2055211.5812398633,130.56068496293727,0.3855728716527742,150.98952552185762,93.22690621195315,1844541.1519699655,16844541.151969966,1842140.5038623735,178.64285945724254,178.64285945724254,178.64285945724254,136.03448189160636,42.608377565636175,382468117.6626094,382468117.6626055,0.0,0.9999999999999899,0.003347699140257633,0.0013839896774200434,0.6726713295071846,0.0,1.0129738222567532e-14,312,0,0.0,0.18397796499994,0.0,2.4968342921235185e-13,17,0.05,24000000.0,False,7155458.848030034,0.63634;0.63637;0.63649;0.63666;0.63690;0.63723;0.63768;0.63831;0.63971;0.64218;0.65342;0.65860;0.61662;0.54753;0.44345;0.19843;0.00022;0.00000;0.00000;0.00000;0.00000;0.00000;0.00000;0.00000,2.5390014180918694,24178.01614895381,4.383420663319284,378056572.285105,8.577556792411052,2.423936659711824,3.28977595926366,0.4015458750468462,0.655198579186953,-0.931191475121718,3.2111031440117004,0.5066542557862739,0.0014071972315945441,327963.2084500132,5.515825126445373,38.57859291002681,0.8541322663601357,0.339147797230522,0.46029266709421485,-0.4696109993382659,113.93040682461292,0.042254602400067696,2.799593790840545,1.7292536499794926,1.3315298179179635,3.371264864881205,4.6440130360679595,0.3128565385404983,1.8445411519699655,16.844541151969967,0.3824681176626055,0.3824681176626094,0.0,dev
ok,R0094_S+00,94,0,20355909,429.03960671508923,0.2088109271503465,0.2150252707559758,35.44667060852714,3994.807825262016,1.7792162191824066,3.5886669397481183,0.46291432198825677,0.3055989535538497,0.05297224498950215,741.2559432882634,4,4.4782091314987227e-13,4.510389358636476e-13,4.4462539508764027e-13,3.952356632432971e-13,5.063495460220829e-13,0.12920671725347233,0.137680521412692,1.5987828591179312e-11,7.078014407475426,5.243285294931285,4.5536846469093994,5.986043653079921,6.654321125328797,6.558517063656025,936967490.2905629,4117718.1926162234,277.9319733864357,0.2559027274979837,407.8059688506754,258.8251159551198,3939918.3613962233,18939918.361396223,3883532.6682990566,438.1433512049104,438.1433512049104,438.1433512049104,429.4270584894912,8.716292715419229,936967490.290561,936967490.2905607,0.0,0.9999999999999998,0.01177964640717705,0.0031871984356516845,0.44039554864883906,0.0,2.544576856424624e-16,729,0,0.0,0.4700480609990336,0.0,5.862245201783319e-14,0,0.05,24000000.0,False,5060081.638603777,0.39236;0.39238;0.39244;0.39253;0.39265;0.39282;0.39305;0.39338;0.39376;0.39432;0.39527;0.39708;0.40100;0.41448;0.43930;0.41283;0.36561;0.30539;0.16541;0.00000;0.00000;0.00000;0.00000;0.00000,2.6324973858533314,15208.025617241798,4.182072835407714,382126018.5112507,8.582206609295746,5.938141622243535,6.654321125328797,0.14131785422661816,0.4437300830157376,0.337619501905575,5.243285294931285,0.7196034889636689,0.0033078798361973814,287094.2249144938,5.458024456470754,112.69909858053114,0.8499114423196803,0.8389558540559033,0.9401395281564916,-0.07626089119077052,275.71828659696035,0.06901916153598107,2.65993063166473,2.653710861868899,2.6025727230829694,2.7101670227072505,4.209506081219113,0.6146566211602065,3.939918361396223,18.939918361396224,0.9369674902905607,0.9369674902905609,0.0,dev
ok,R0094_S+01,94,1,20355909,429.03960671508923,0.2088109271503465,0.2150252707559758,35.44667060852714,3994.807825262016,1.7792162191824066,3.5886669397481183,0.46291432198825677,0.3055989535538497,0.05297224498950215,741.2559432882634,4,4.4782091314987227e-13,4.510389358636476e-13,4.4462539508764027e-13,3.952356632432971e-13,5.063495460220829e-13,0.12920671725347233,0.137680521412692,1.5987828591179312e-11,7.078014407475426,5.243285294931285,13.63060872234801,7.453644140196511,3.462566258656652,1.6573750777284277,1033676848.5651759,4106549.7780317673,290.2524009283549,0.2529817937232938,434.58586151234675,272.0003302401104,4069148.516610045,19069148.516610045,4054845.2656395435,467.9693927850642,467.9693927850642,467.9693927850642,466.93847711500115,1.0309156700630524,1033676848.5651761,1033676848.565177,0.0,1.0000000000000009,0.013559988309088623,0.003503100345620418,0.43153903483185363,0.0,8.072784333070545e-16,867,0,0.0,0.4558855039995251,0.0,1.8872545855884377e-13,0,0.05,24000000.0,False,4930851.483389955,0.38983;0.38984;0.38985;0.38988;0.38991;0.38996;0.39003;0.39012;0.39033;0.39072;0.39146;0.39280;0.39548;0.40306;0.42631;0.41700;0.37313;0.31592;0.19879;0.00103;0.00000;0.00000;0.00000;0.00000,2.6324973858533314,15208.025617241798,4.182072835407714,382126018.5112507,8.582206609295746,6.5510485497324,13.63060872234801,0.7012712131055046,0.8046136699523384,-1.8276820197140302,5.243285294931285,0.7196034889636689,0.0036493035670345907,287094.2249144938,5.458024456470754,112.69909858053114,0.8499114423196803,0.9255489142284773,1.9257673038856884,-0.03360062432526922,289.59809747152855,0.07249362425901777,2.65993063166473,2.653710861868899,2.6025727230829694,2.7101670227072505,4.209506081219113,0.6134770915474779,4.069148516610045,19.069148516610046,1.033676848565177,1.0336768485651762,0.0,dev
ok,R0094_S+02,94,2,20355909,429.03960671508923,0.2088109271503465,0.2150252707559758,35.44667060852714,3994.807825262016,1.7792162191824066,3.5886669397481183,0.46291432198825677,0.3055989535538497,0.05297224498950215,741.2559432882634,4,4.4782091314987227e-13,4.510389358636476e-13,4.4462539508764027e-13,3.952356632432971e-13,5.063495460220829e-13,0.12920671725347233,0.137680521412692,1.5987828591179312e-11,7.078014407475426,5.243285294931285,0.5137332960789809,3.5083825293105453,6.744371553184892,10.221700367702022,827921042.0273666,3985262.3681681524,262.61947213529425,0.25857548196142555,384.83791421409967,243.3530756958746,3703778.3207799196,18703778.32077992,3617296.1791603193,415.8640433759608,415.8640433759608,415.8640433759608,411.450014995413,4.414028380547791,827921042.0273645,827921042.0273637,0.0,0.999999999999999,0.009973538147277956,0.0028280779779431726,0.4466577165987265,0.0,1.007904117054544e-15,659,0,0.0,0.3607123279998632,0.0,3.293008469574195e-13,0,0.05,24000000.0,False,5296221.67922008,0.39652;0.39655;0.39665;0.39679;0.39699;0.39726;0.39764;0.39817;0.39871;0.39943;0.40063;0.40289;0.40797;0.42832;0.44128;0.40494;0.35581;0.29076;0.11754;0.00000;0.00000;0.00000;0.00000;0.00000,2.6324973858533314,15208.025617241798,4.182072835407714,382126018.5112507,8.582206609295746,5.2470469365691095,10.221700367702022,0.6899037803632841,0.19163711865037508,1.85017728809775,5.243285294931285,0.7196034889636689,0.0029229011137158712,287094.2249144938,5.458024456470754,112.69909858053114,0.8499114423196803,0.7413162271932443,1.4441480024265563,-0.12999649319628098,259.17778262973127,0.0648786609935941,2.65993063166473,2.653710861868899,2.6025727230829694,2.7101670227072505,4.209506081219113,0.6004569182783821,3.7037783207799198,18.703778320779918,0.8279210420273636,0.8279210420273645,0.0,dev
ok,R0095_S+00,95,0,20356909,312.8891789791478,0.4333449533454873,0.1982828187206538,77.7492725004947,2139.872891619635,2.318766870281895,2.031384334997539,0.45893810139491403,0.3034257551028959,0.05518711035976748,779.9336366158881,4,2.124830154056319e-13,2.139407773491767e-13,2.1100970920494333e-13,1.801116211899819e-13,2.4446174133058844e-13,0.12692751534979296,0.13361826836090362,1.6633739797088805e-11,4.706406875853837,4.989622740561056,2.294064582404196,4.595130495979321,5.7178565088294,5.662242620954435,720668848.6295775,4902185.6653094925,166.3811696357862,0.2548043750678413,206.97913582196307,135.71644922146893,4741968.989426564,19741968.989426564,4706260.074863955,231.28138371803533,231.28138371803533,231.28138371803533,228.17260457792128,3.108779140114052,720668848.6295776,720668848.6295781,0.0,1.0000000000000007,0.012242965224480162,0.003977565261258293,0.5459905640928504,0.0,6.616591782895536e-16,473,0,0.0,0.26499749700087705,0.0,8.610633856159755e-14,0,0.05,24000000.0,False,4258031.010573436,0.49209;0.49210;0.49215;0.49221;0.49230;0.49242;0.49259;0.49283;0.49348;0.49478;0.49740;0.50349;0.52683;0.54048;0.49139;0.41965;0.23648;0.00001;0.00000;0.00000;0.00000;0.00000;0.00000;0.00000,2.495390543680204,24326.90603890582,4.386086877707068,221772271.5502176,8.34590724485402,4.567323552041838,5.7178565088294,0.3035995614702144,0.3770914738076569,0.7374511571540587,4.989622740561056,0.6980677103756222,0.00416649489612042,440807.7516709523,5.644249223044998,27.522738448851978,0.6726894698650263,0.9704480875791754,1.2149090929993311,-0.013027691476963732,165.4968369269331,0.07733956422134551,2.3360101672377582,2.330019036747868,2.2612583331067078,2.393927498735494,4.226706501264622,0.6903897556905225,4.741968989426565,19.741968989426564,0.7206688486295781,0.7206688486295776,0.0,dev
ok,R0095_S+01,95,1,20356909,312.8891789791478,0.4333449533454873,0.1982828187206538,77.7492725004947,2139.872891619635,2.318766870281895,2.031384334997539,0.45893810139491403,0.3034257551028959,0.05518711035976748,779.9336366158881,4,2.124830154056319e-13,2.139407773491767e-13,2.1100970920494333e-13,1.801116211899819e-13,2.4446174133058844e-13,0.12692751534979296,0.13361826836090362,1.6633739797088805e-11,4.706406875853837,4.989622740561056,1.252459075157363,0.9362802991084535,0.5848304771088544,0.1981096091585659,117223839.6796546,763358.386062894,66.82422284517072,0.2526889060368428,85.59881102552721,54.71203674095948,757376.9726457484,15757376.972645748,756592.687065281,93.53739381749219,93.53739381749219,93.53739381749219,93.46066573153458,0.07672808595761182,117223839.67965461,117223839.67965032,0.0,0.9999999999999634,0.001783758532910199,0.0006724453365120198,0.607575944098084,0.0,3.660974112054243e-14,190,0,0.0,0.09197308600050746,0.0,1.1759368121757605e-12,0,0.05,24000000.0,False,8242623.027354252,0.59927;0.59932;0.59948;0.59970;0.60002;0.60045;0.60106;0.60191;0.60734;0.59384;0.55704;0.50684;0.44396;0.33205;0.00352;0.00000;0.00000;0.00000;0.00000;0.00000;0.00000;0.00000;0.00000;0.00000,2.495390543680204,24326.90603890582,4.386086877707068,221772271.5502176,8.34590724485402,0.7429198651333092,1.252459075157363,0.52943584156031,0.7365327934369712,-1.419196760621827,4.989622740561056,0.6980677103756222,0.0006777211623031626,440807.7516709523,5.644249223044998,27.522738448851978,0.6726894698650263,0.15785287688254293,0.26611789167296374,-0.8017474986445667,66.74669928500091,0.031191899082604585,2.3360101672377582,2.330019036747868,2.2612583331067078,2.393927498735494,4.226706501264622,-0.11727151899506351,0.7573769726457484,15.757376972645748,0.11722383967965032,0.1172238396796546,0.0,dev
ok,R0095_S+02,95,2,20356909,312.8891789791478,0.4333449533454873,0.1982828187206538,77.7492725004947,2139.872891619635,2.318766870281895,2.031384334997539,0.45893810139491403,0.3034257551028959,0.05518711035976748,779.9336366158881,4,2.124830154056319e-13,2.139407773491767e-13,2.1100970920494333e-13,1.801116211899819e-13,2.4446174133058844e-13,0.12692751534979296,0.13361826836090362,1.6633739797088805e-11,4.706406875853837,4.989622740561056,4.907854205002491,3.906753046380553,3.8940568219825282,4.869765531808418,693416312.6352984,4682292.541233712,163.1085051527865,0.2545033160575787,203.6261385681297,133.05378083451077,4544129.478239574,19544129.478239574,4513798.719063994,220.79388913992753,220.79388913992753,220.79388913992753,219.91542124417754,0.8784678957499921,693416312.6352981,693416312.6353008,0.0,1.0000000000000038,0.009297784689898914,0.0038336142345162453,0.5482256113377143,0.0,3.7821498028364734e-15,438,0,0.0,0.21236295699964103,0.0,1.150041774115285e-13,0,0.05,24000000.0,False,4455870.521760426,0.49487;0.49488;0.49493;0.49498;0.49506;0.49518;0.49533;0.49555;0.49622;0.49760;0.50041;0.50720;0.53327;0.53907;0.48787;0.41443;0.21515;0.00000;0.00000;0.00000;0.00000;0.00000;0.00000;0.00000,2.495390543680204,24326.90603890582,4.386086877707068,221772271.5502176,8.34590724485402,4.394607401293498,4.907854205002491,0.11250294652243936,0.501444523166539,-0.008667138999233954,4.989622740561056,0.6980677103756222,0.004008936327656661,440807.7516709523,5.644249223044998,27.522738448851978,0.6726894698650263,0.9337499959555086,1.042802786597601,-0.029769387057669645,162.33749864229193,0.07586315022637691,2.3360101672377582,2.330019036747868,2.2612583331067078,2.393927498735494,4.226706501264622,0.6704585441479932,4.544129478239573,19.544129478239572,0.6934163126353008,0.6934163126352981,0.0,dev
ok,R0096_S+00,96,0,20357909,266.8900752032141,0.7597889448899121,0.2621942094459754,69.43169320081196,2076.323004841666,1.8772891678878363,3.061135229611315,0.2099362011724115,0.18974420958553406,0.06253577207645963,705.3182849608991,4,2.8960332500815064e-13,5.628489462610375e-13,1.8786587250508201e-13,9.158084080528132e-14,1.723393192474515e-12,0.7192202207439489,1.3810164575579111,3.907955535519665e-11,4.635022901033177,2.0142346775448656,0.3327135904264882,0.6090323289850986,0.850349374466382,1.0566647268703382,112375036.53845847,803156.8800662621,61.679016799316265,0.30622137571333363,76.08591833857582,49.245721879830356,793722.2938389108,15793722.29383891,791587.0119973328,88.45794083635039,88.45794083635039,88.45794083635039,79.66537457596793,8.792566260382458,112375036.53845848,112375036.53846213,0.0,1.0000000000000324,0.0015283169063698278,0.0006413691353525814,0.6602815145009725,0.0,3.2487504386646015e-14,221,0,0.0,0.1119012040016969,0.0,6.047080124827539e-13,0,0.05,24000000.0,False,8206277.706161089,0.65208;0.65216;0.65241;0.65275;0.65323;0.65390;0.65483;0.65613;0.65829;0.63677;0.59681;0.54502;0.47283;0.23398;0.00001;0.00000;0.00000;0.00000;0.00000;0.00000;0.00000;0.00000;0.00000;0.00000,2.4263324240512016,18530.629819851194,4.267890180389464,246558827.83769366,8.39192055670517,0.7121900051870768,1.0566647268703382,0.37962856077527507,0.3305809940298905,1.016514035820657,2.0142346775448656,0.30411006861345524,0.0006461958230135027,296320.4771373837,5.471761664306531,29.9045422792222,0.6660518842772296,0.1536540423626224,0.2279740034584944,-0.8134560097474173,58.63621348019163,0.028240410255755487,2.7561084551275403,2.2795644916044493,1.9675212242422717,3.24210097088605,4.5976662114658025,-0.09519961600081737,0.7937222938389108,15.793722293838911,0.11237503653846213,0.11237503653845848,0.0,dev
ok,R0096_S+01,96,1,20357909,266.8900752032141,0.7597889448899121,0.2621942094459754,69.43169320081196,2076.323004841666,1.8772891678878363,3.061135229611315,0.2099362011724115,0.18974420958553406,0.06253577207645963,705.3182849608991,4,2.8960332500815064e-13,5.628489462610375e-13,1.8786587250508201e-13,9.158084080528132e-14,1.723393192474515e-12,0.7192202207439489,1.3810164575579111,3.907955535519665e-11,4.635022901033177,2.0142346775448656,3.502334683816559,2.681493468784547,2.080099429627899,1.698152566346613,392974175.6208624,2624498.9846331566,112.4046461719065,0.2908271711900273,143.3513147104903,92.01878478851393,2622878.365460653,17622878.365460653,2618616.061607253,160.2624815791992,160.2624815791992,160.2624815791992,152.66634007348702,7.596141505712183,392974175.62086236,392974175.62086487,0.0,1.0000000000000064,0.0055223317674201475,0.0022024291086997516,0.6247299649695192,0.0,6.370380640435918e-15,341,0,0.0,0.21594759300023725,0.0,2.858614736953226e-13,0,0.05,24000000.0,False,6377121.634539347,0.57994;0.57997;0.58004;0.58015;0.58030;0.58051;0.58080;0.58120;0.58295;0.58705;0.59918;0.62190;0.59247;0.53862;0.45883;0.16219;0.00000;0.00000;0.00000;0.00000;0.00000;0.00000;0.00000;0.00000,2.4263324240512016,18530.629819851194,4.267890180389464,246558827.83769366,8.39192055670517,2.4905200371439045,3.502334683816559,0.27354644092556957,0.6207366393739838,-0.7244198362439028,2.0142346775448656,0.30411006861345524,0.002259739161477112,296320.4771373837,5.471761664306531,29.9045422792222,0.6660518842772296,0.5373263714810883,0.7556240300421958,-0.2697618441369442,109.65110185300742,0.052810233088646574,2.7561084551275403,2.2795644916044493,1.9675212242422717,3.24210097088605,4.5976662114658025,0.41904640908423085,2.622878365460653,17.622878365460654,0.39297417562086484,0.39297417562086234,0.0,dev
ok,R0096_S+02,96,2,20357909,266.8900752032141,0.7597889448899121,0.2621942094459754,69.43169320081196,2076.323004841666,1.8772891678878363,3.061135229611315,0.2099362011724115,0.18974420958553406,0.06253577207645963,705.3182849608991,4,2.8960332500815064e-13,5.628489462610375e-13,1.8786587250508201e-13,9.158084080528132e-14,1.723393192474515e-12,0.7192202207439489,1.3810164575579111,3.907955535519665e-11,4.635022901033177,2.0142346775448656,0.20105459497345435,0.6711815015703149,1.158266938555954,1.662310905930372,145670431.5318142,1063862.9855220162,70.92956666828452,0.31240190340083,87.1643897209822,56.06446911137835,1050737.6145496573,16050737.614549657,1047190.1059263088,102.00394983038916,102.00394983038916,102.00394983038916,89.80083726527226,12.203112565116896,145670431.53181416,145670431.5318163,0.0,1.0000000000000147,0.0020093213972880047,0.0008295481669550158,0.6551746338891545,0.0,1.4730286643281008e-14,250,0,0.0,0.1508831069986627,0.0,9.278595356390005e-13,0,0.05,24000000.0,False,7949262.385450343,0.63728;0.63736;0.63764;0.63801;0.63854;0.63927;0.64029;0.64171;0.65184;0.64733;0.61418;0.56663;0.50451;0.37792;0.01901;0.00000;0.00000;0.00000;0.00000;0.00000;0.00000;0.00000;0.00000;0.00000,2.4263324240512016,18530.629819851194,4.267890180389464,246558827.83769366,8.39192055670517,0.9232034852575239,1.662310905930372,0.5899502018660597,0.23619822457138537,1.5828106525716874,2.0142346775448656,0.30411006861345524,0.000837656006992423,296320.4771373837,5.471761664306531,29.9045422792222,0.6660518842772296,0.19917991884176792,0.35864135764244703,-0.7007544489234877,66.7600568363322,0.03215302083570717,2.7561084551275403,2.2795644916044493,1.9675212242422717,3.24210097088605,4.5976662114658025,0.02688569895211833,1.0507376145496574,16.050737614549657,0.1456704315318163,0.14567043153181417,0.0,dev
ok,R0097_S+00,97,0,20358909,248.5346136205516,0.1869023346010395,0.2505979059944399,36.56973114739746,3200.3627350942024,1.774576322858159,3.797592536179648,0.21443762453138474,0.1523478628398872,0.07624721681983224,647.6295613584126,4,2.556258644401238e-13,2.6353918920519324e-13,2.4769043147506146e-13,1.789369724196025e-13,3.5005677984206295e-13,0.2506489698080697,0.2788958107197324,9.63755729603703e-12,4.621547949512674,1.6874396218665013,2.489258481137299,2.0507621956740563,1.7726333901861189,1.6548720646734871,314295003.3160244,2059646.3836611316,143.68615799057696,0.2644487495604514,188.90350345016842,122.93047033638999,2107495.0630748235,17107495.063074823,2058199.4677513503,211.9313314958818,211.9313314958818,211.9313314958818,202.320379056715,9.610952439166795,314295003.31602466,314295003.3160246,0.0,0.9999999999999998,0.003940372800441428,0.0016150516350971365,0.6190269193797078,0.0,1.8964553730260215e-16,311,0,0.0,0.18242110599931038,0.0,3.1737602047915104e-14,0,0.05,24000000.0,False,6892504.9369251765,0.57786;0.57791;0.57804;0.57824;0.57850;0.57888;0.57939;0.58011;0.58154;0.58432;0.59086;0.61116;0.60980;0.56913;0.51494;0.43051;0.11296;0.00000;0.00000;0.00000;0.00000;0.00000;0.00000;0.00000,2.395386881832172,9088.84400092588,3.9585086493446506,294881473.2272696,8.46964748761481,1.9918815329177404,2.489258481137299,0.16121903319500513,0.5698155991939264,-0.41889359516355823,1.6874396218665013,0.22722824232716796,0.0016457479579952393,119202.30508088304,5.076284653677947,87.5139804062235,0.6647874632907732,0.4309987810745915,0.5386200702298852,-0.36552395808364735,141.0171835874387,0.04406287513633603,2.426561803236252,2.3996258274541313,2.2584166826544823,2.5498550911805737,3.989683570748731,0.31379266366658415,2.1074950630748233,17.107495063074822,0.3142950033160246,0.31429500331602467,0.0,dev
ok,R0097_S+01,97,1,20358909,248.5346136205516,0.1869023346010395,0.2505979059944399,36.56973114739746,3200.3627350942024,1.774576322858159,3.797592536179648,0.21443762453138474,0.1523478628398872,0.07624721681983224,647.6295613584126,4,2.556258644401238e-13,2.6353918920519324e-13,2.4769043147506146e-13,1.789369724196025e-13,3.5005677984206295e-13,0.2506489698080697,0.2788958107197324,9.63755729603703e-12,4.621547949512674,1.6874396218665013,1.3046971982592086,0.9529462661116801,0.5760062038053909,0.17387701134034123,118637904.92689213,734846.7577139843,87.32613171184697,0.2587701074898043,117.68852297603988,75.41723422525283,741715.6592197269,15741715.659219727,727988.3342632893,129.67654887669218,129.67654887669218,129.67654887669218,128.05584418942743,1.6207046872647481,118637904.92689218,118637904.92689279,0.0,1.000000000000005,0.001491491460632031,0.0006167859353850448,0.653990952528348,0.0,5.149683057233993e-15,235,0,0.0,0.1505260209996777,0.0,1.8151999318604497e-13,0,0.05,24000000.0,False,8258284.340780273,0.63582;0.63585;0.63597;0.63614;0.63636;0.63668;0.63712;0.63773;0.64448;0.65271;0.63217;0.59345;0.54546;0.48419;0.34123;0.00500;0.00000;0.00000;0.00000;0.00000;0.00000;0.00000;0.00000;0.00000,2.395386881832172,9088.84400092588,3.9585086493446506,294881473.2272696,8.46964748761481,0.7518816698791552,1.3046971982592086,0.5607530701816059,0.7506644844572898,-1.5039869067437386,1.6874396218665013,0.22722824232716796,0.0006212255610629088,119202.30508088304,5.076284653677947,87.5139804062235,0.6647874632907732,0.1626904401064233,0.2823074027386829,-0.7886379659998854,86.63931953574853,0.027071718647917048,2.426561803236252,2.3996258274541313,2.2584166826544823,2.5498550911805737,3.989683570748731,-0.13380321767500833,0.7417156592197269,15.741715659219727,0.11863790492689279,0.11863790492689218,0.0,dev
ok,R0097_S+02,97,2,20358909,248.5346136205516,0.1869023346010395,0.2505979059944399,36.56973114739746,3200.3627350942024,1.774576322858159,3.797592536179648,0.21443762453138474,0.1523478628398872,0.07624721681983224,647.6295613584126,4,2.556258644401238e-13,2.6353918920519324e-13,2.4769043147506146e-13,1.789369724196025e-13,3.5005677984206295e-13,0.2506489698080697,0.2788958107197324,9.63755729603703e-12,4.621547949512674,1.6874396218665013,6.405590015672174,4.217043765362181,4.051184804284939,5.908013132440447,811891515.7704685,5496524.429256859,232.20997266094247,0.2673701140291888,300.1058049800183,197.84004497936698,5820704.144219726,20820704.144219726,5599947.582129482,350.4539214639249,350.4539214639249,350.4539214639249,317.73410815248485,32.71981331144008,811891515.7704672,811891515.7704678,0.0,1.0000000000000007,0.01108730045575576,0.00405418374421791,0.5742798912606354,0.0,7.341454322111881e-16,865,0,0.0,0.49928023199936433,0.0,1.878183101162577e-14,0,0.05,24000000.0,False,3179295.8557802737,0.51537;0.51544;0.51566;0.51596;0.51639;0.51698;0.51781;0.51896;0.51989;0.52091;0.52236;0.52477;0.52948;0.54413;0.57080;0.53886;0.47296;0.30453;0.00013;0.00000;0.00000;0.00000;0.00000;0.00000,2.395386881832172,9088.84400092588,3.9585086493446506,294881473.2272696,8.46964748761481,5.145457929439935,6.405590015672174,0.19982740616601982,0.5161170262541915,-0.09670215752514895,1.6874396218665013,0.22722824232716796,0.004251320543105761,119202.30508088304,5.076284653677947,87.5139804062235,0.6647874632907732,1.1133624460138958,1.386026951499577,0.046636568359461957,226.64821333291968,0.07081953893774741,2.426561803236252,2.3996258274541313,2.2584166826544823,2.5498550911805737,3.989683570748731,0.7400881625279861,5.820704144219726,20.820704144219725,0.8118915157704678,0.8118915157704671,0.0,dev
ok,R0098_S+00,98,0,20359909,56.02140886759637,0.1188523424211806,0.21260351352172577,73.36839185512619,1970.7641025539883,2.262445617236719,3.9615559635763438,0.2165147597820487,0.17631474827741758,0.07534302324380618,606.2286301676015,4,5.582531832684574e-14,5.621600987967331e-14,5.545965009741663e-14,4.922936818688362e-14,6.753870007530589e-14,0.12581015815638597,0.14028038320490807,4.124478241383518e-12,2.648670770602006,1.724232055950964,2.123975117016712,2.2042852713578625,2.277467542940837,2.343521931765634,353021059.34895796,4136509.0697177146,122.45629860977617,0.26282328337364297,157.66108570128986,103.72713380373037,4576070.622409619,19576070.62240962,4301945.699281082,177.81842769518312,177.81842769518312,177.81842769518312,170.25966685207732,7.5587608431058015,353021059.3489581,353021059.34895813,0.0,1.0000000000000002,0.007618603755118309,0.0029557571436392175,0.570332384253897,0.0,1.6884161212737165e-16,378,0,0.0,0.20591964300001564,0.0,9.119722051125319e-15,0,0.05,24000000.0,False,4423929.377590381,0.52221;0.52229;0.52257;0.52296;0.52351;0.52426;0.52531;0.52677;0.52833;0.53059;0.53478;0.54727;0.56939;0.54153;0.48928;0.35991;0.00037;0.00000;0.00000;0.00000;0.00000;0.00000;0.00000;0.00000,1.7483540265819617,4110.200678074052,3.61386302656039,190326208.53240308,8.279498596155024,2.237312465770261,2.343521931765634,0.03660545894361714,0.4836450489811715,0.09812970611297085,1.724232055950964,0.2365957149903803,0.003059606499983199,54553.16897456653,4.736819983672175,26.861214382965827,0.42302797890998534,0.8446925494110208,0.8847917067597587,-0.07330133648380584,120.1121070245171,0.06094697324193151,1.75557661462133,1.7496937229938367,1.6979408598102521,1.835269295233932,3.6210856145997585,0.6166339808993511,4.5760706224096195,19.57607062240962,0.3530210593489581,0.35302105934895806,0.0,dev
ok,R0098_S+01,98,1,20359909,56.02140886759637,0.1188523424211806,0.21260351352172577,73.36839185512619,1970.7641025539883,2.262445617236719,3.9615559635763438,0.2165147597820487,0.17631474827741758,0.07534302324380618,606.2286301676015,4,5.582531832684574e-14,5.621600987967331e-14,5.545965009741663e-14,4.922936818688362e-14,6.753870007530589e-14,0.12581015815638597,0.14028038320490807,4.124478241383518e-12,2.648670770602006,1.724232055950964,10.930460101426362,10.650665726245935,7.267253594691756,0.7802237067638231,1168759507.6347072,12879404.054585269,220.6643407045406,0.25777532972757683,282.4276530139124,189.93308420316959,15390571.05460684,30390571.05460684,14279651.6382037,310.995775563919,310.995775563919,310.995775563919,305.5900634823167,5.405712081602303,1168759507.6347067,1168759507.6347055,0.0,0.999999999999999,0.022520078015360493,0.00909790484723411,0.5080168191561732,0.0,1.0199642336346225e-15,2018,0,0.0,1.1649734250004258,0.0,2.3924667678174257e-14,77,0.05,24000000.0,True,-6390571.05460684,0.46243;0.46245;0.46251;0.46258;0.46269;0.46285;0.46306;0.46336;0.46426;0.46485;0.46557;0.46485;0.46354;0.46774;0.47773;0.50618;0.47262;0.23400;0.00000;0.00000;0.00000;0.00000;0.00000;0.00000,1.7483540265819617,4110.200678074052,3.61386302656039,190326208.53240308,8.279498596155024,7.407150782281969,10.930460101426362,0.5519934611845033,0.7283882312513037,-1.3703293875078226,1.724232055950964,0.2365957149903803,0.0101295491919691,54553.16897456653,4.736819983672175,26.861214382965827,0.42302797890998534,2.796553978884445,4.1267718973400465,0.44662320646612913,218.54911740933025,0.11089562526844493,1.75557661462133,1.7496937229938367,1.6979408598102521,1.835269295233932,3.6210856145997585,1.1098957681640962,15.39057105460684,30.39057105460684,1.1687595076347055,1.1687595076347068,0.0,dev
ok,R0098_S+02,98,2,20359909,56.02140886759637,0.1188523424211806,0.21260351352172577,73.36839185512619,1970.7641025539883,2.262445617236719,3.9615559635763438,0.2165147597820487,0.17631474827741758,0.07534302324380618,606.2286301676015,4,5.582531832684574e-14,5.621600987967331e-14,5.545965009741663e-14,4.922936818688362e-14,6.753870007530589e-14,0.12581015815638597,0.14028038320490807,4.124478241383518e-12,2.648670770602006,1.724232055950964,1.0759739251312188,1.0322353617983668,0.8649493147907205,0.5741157841082802,139929332.69778022,1533115.639390377,76.68633674406874,0.2600335682146934,97.81090767592765,65.25723429007458,1596320.2026572358,16596320.202657236,1545689.331459945,109.05541448359324,109.05541448359324,109.05541448359324,105.44413596064777,3.6112785229454687,139929332.69778028,139929332.69778025,0.0,0.9999999999999998,0.0027802141628190747,0.001195984488452745,0.604565265734473,0.0,2.1298123712247268e-16,250,0,0.0,0.12908636199972534,0.0,1.705821159957387e-14,0,0.05,24000000.0,False,7403679.797342764,0.57874;0.57880;0.57899;0.57925;0.57962;0.58014;0.58085;0.58185;0.58547;0.59878;0.59823;0.56622;0.52302;0.46089;0.14870;0.00000;0.00000;0.00000;0.00000;0.00000;0.00000;0.00000;0.00000;0.00000,1.7483540265819617,4110.200678074052,3.61386302656039,190326208.53240308,8.279498596155024,0.8868185964571464,1.0759739251312188,0.22210738816748568,0.594318075689863,-0.5659084541391772,1.724232055950964,0.2365957149903803,0.001212756815839813,54553.16897456653,4.736819983672175,26.861214382965827,0.42302797890998534,0.33481646956657624,0.40623166045158,-0.4751931872798473,75.6207290625456,0.0383712738447721,1.75557661462133,1.7496937229938367,1.6979408598102521,1.835269295233932,3.6210856145997585,0.1855749139248486,1.5963202026572358,16.596320202657235,0.13992933269778024,0.13992933269778027,0.0,dev
ok,R0099_S+00,99,0,20360909,932.2824959666949,0.7151072680379471,0.2517969090431141,27.598024181464552,3863.2499818492893,1.6854963477220029,3.2740223953140624,0.49166032090644357,0.22540326043520612,0.06776381159307868,632.4609915472486,4,1.1437996782816925e-12,1.6696333829164205e-12,8.491486666285449e-13,4.764778186103786e-13,4.149713313858291e-12,0.6270033269570217,1.0244671012124567,4.6078582475907844e-11,5.4874883851794385,4.353299875091393,16.33569101825695,13.986677440753393,15.770170465685574,21.68617009305349,2673666734.623161,14729562.910909895,518.0321887684212,0.28912059219336306,708.5440970613773,459.0110553564013,14567155.897200093,29567155.897200093,14513243.91606187,776.1531259370398,776.1531259370398,776.1531259370398,749.5617208424462,26.591405094593597,2673666734.623165,2673666734.623158,0.0,0.9999999999999973,0.034729079128784354,0.011349735820455314,0.4339951453011359,0.0,2.675186581941365e-15,5584,0,0.0,2.6934400760001154,0.0,5.930225890665977e-14,0,0.05,24000000.0,True,-5567155.897200093,0.36526;0.36529;0.36536;0.36547;0.36562;0.36583;0.36613;0.36653;0.36683;0.36710;0.36742;0.36786;0.36851;0.36960;0.37161;0.37573;0.38721;0.42776;0.40579;0.31739;0.07917;0.00000;0.00000;0.00000,2.969547530218441,25729.154867644975,4.410425521058918,325824607.36164767,8.512983880579657,16.94467725443735,21.68617009305349,0.16946272818782143,0.44737306004264166,0.31576163974415017,4.353299875091393,0.6388185843666312,0.012974470636406952,379688.7197276979,5.579427694762166,139.98284646927493,0.7393736140232409,3.0878748281638995,3.9519300216877564,0.4896596872143766,499.9882550341085,0.12942166760711932,3.228337717264564,2.9347003297592176,2.683759285576043,3.6237346919466913,4.669215708105041,1.168189859660257,14.567155897200093,29.56715589720009,2.673666734623158,2.6736667346231653,0.0,dev
ok,R0099_S+01,99,1,20360909,932.2824959666949,0.7151072680379471,0.2517969090431141,27.598024181464552,3863.2499818492893,1.6854963477220029,3.2740223953140624,0.49166032090644357,0.22540326043520612,0.06776381159307868,632.4609915472486,4,1.1437996782816925e-12,1.6696333829164205e-12,8.491486666285449e-13,4.764778186103786e-13,4.149713313858291e-12,0.6270033269570217,1.0244671012124567,4.6078582475907844e-11,5.4874883851794385,4.353299875091393,4.20253454794634,3.289446868565149,1.8698424525763997,0.11631931461334974,373884314.16746277,2079941.2210672249,189.7089670944131,0.277275360552713,275.14025489429287,171.26865677065535,2039580.1522797123,17039580.152279712,2036817.7816783711,299.373304990679,299.373304990679,299.373304990679,297.4450895952907,1.9282153953882926,373884314.16746277,373884314.16746885,0.0,1.0000000000000162,0.005555302193751194,0.001777201273618109,0.552047298385421,0.0,1.626084202175638e-14,386,0,0.0,0.21614896899882297,0.0,8.515491688686057e-13,15,0.05,24000000.0,False,6960419.847720288,0.50444;0.50445;0.50447;0.50449;0.50453;0.50458;0.50465;0.50475;0.50520;0.50668;0.51071;0.52292;0.54806;0.52239;0.47171;0.41145;0.33061;0.12218;0.00000;0.00000;0.00000;0.00000;0.00000;0.00000,2.969547530218441,25729.154867644975,4.410425521058918,325824607.36164767,8.512983880579657,2.3695357959253096,4.20253454794634,0.651503784631564,0.7904482208492921,-1.7244792167139695,4.353299875091393,0.6388185843666312,0.001814343946745709,379688.7197276979,5.579427694762166,139.98284646927493,0.7393736140232409,0.4318069815555203,0.7658393518055563,-0.3647103401710192,186.97123167978918,0.04839739404859543,3.228337717264564,2.9347003297592176,2.683759285576043,3.6237346919466913,4.669215708105041,0.31805106201715894,2.0395801522797123,17.03958015227971,0.37388431416746887,0.37388431416746276,0.0,dev
ok,R0099_S+02,99,2,20360909,932.2824959666949,0.7151072680379471,0.2517969090431141,27.598024181464552,3863.2499818492893,1.6854963477220029,3.2740223953140624,0.49166032090644357,0.22540326043520612,0.06776381159307868,632.4609915472486,4,1.1437996782816925e-12,1.6696333829164205e-12,8.491486666285449e-13,4.764778186103786e-13,4.149713313858291e-12,0.6270033269570217,1.0244671012124567,4.6078582475907844e-11,5.4874883851794385,4.353299875091393,2.024489603336494,3.582321306298333,4.1301512009599035,3.667979287321205,528784723.32359,3021959.8599118306,228.67157868763704,0.28485135213485424,325.0854866682629,203.7467504711481,2947160.1966905817,17947160.19669058,2941246.147979278,355.1551866234945,355.1551866234945,355.1551866234945,347.3636598012312,7.791526822263279,528784723.32359046,528784723.3235898,0.0,0.9999999999999988,0.007540010768883893,0.0024925512820897795,0.532246068672217,0.0,1.2399206399313288e-15,521,0,0.0,0.2819707519993244,0.0,2.9521994059950613e-13,0,0.05,24000000.0,False,6052839.803309418,0.48004;0.48005;0.48009;0.48016;0.48024;0.48036;0.48053;0.48076;0.48130;0.48235;0.48441;0.48901;0.50493;0.53112;0.49887;0.44396;0.37670;0.25862;0.01208;0.00000;0.00000;0.00000;0.00000;0.00000,2.969547530218441,25729.154867644975,4.410425521058918,325824607.36164767,8.512983880579657,3.3512353494789844,4.1301512009599035,0.23687811299588366,0.4182644849537736,0.4904130902773581,4.353299875091393,0.6388185843666312,0.002566027312566116,379688.7197276979,5.579427694762166,139.98284646927493,0.7393736140232409,0.6107047731581486,0.7526487367362052,-0.21416868562367875,222.35434289283336,0.05755629170711731,3.228337717264564,2.9347003297592176,2.683759285576043,3.6237346919466913,4.669215708105041,0.48028869139461094,2.947160196690582,17.947160196690582,0.5287847233235898,0.5287847233235905,0.0,dev
