t_s,T_avg_K,Q_top_W_per_m,Q_bottom_W_per_m,H_top_J_per_m,H_bottom_J_per_m
0.000,300.000000,3.591576e+05,6.625270e+05,0.000000e+00,0.000000e+00
5.289,301.717701,2.334449e+05,4.303894e+05,1.234795e+06,2.276523e+06
10.579,302.386300,1.734385e+05,3.195304e+05,2.152189e+06,3.966664e+06
15.868,302.928368,1.406793e+05,2.589968e+05,2.896305e+06,5.336614e+06
21.158,303.392713,1.205574e+05,2.218121e+05,3.533988e+06,6.509878e+06
26.447,303.804607,1.069783e+05,1.967179e+05,4.099844e+06,7.550408e+06
31.737,304.178498,9.713973e+04,1.785365e+05,4.613660e+06,8.494767e+06
37.026,304.523367,8.962599e+04,1.646516e+05,5.087732e+06,9.365684e+06
42.316,304.845185,8.365792e+04,1.536234e+05,5.530237e+06,1.017827e+07
47.605,305.148138,7.877388e+04,1.445986e+05,5.946907e+06,1.094311e+07
52.895,305.435291,7.468296e+04,1.370396e+05,6.341939e+06,1.166798e+07
58.184,305.708962,7.119231e+04,1.305900e+05,6.718507e+06,1.235873e+07
63.473,305.970955,6.816864e+04,1.250034e+05,7.079082e+06,1.301993e+07
68.763,306.222706,6.551659e+04,1.201036e+05,7.425629e+06,1.365521e+07
74.052,306.465379,6.316593e+04,1.157608e+05,7.759742e+06,1.426752e+07
79.342,306.699933,6.106369e+04,1.118770e+05,8.082735e+06,1.485929e+07
84.631,306.927171,5.916905e+04,1.083769e+05,8.395707e+06,1.543254e+07
89.921,307.147770,5.744998e+04,1.052013e+05,8.699586e+06,1.598900e+07
95.210,307.362310,5.588097e+04,1.023030e+05,8.995165e+06,1.653013e+07
100.500,307.571291,5.444142e+04,9.964386e+04,9.283131e+06,1.705719e+07
105.789,307.775148,5.311444e+04,9.719281e+04,9.564077e+06,1.757128e+07
111.078,307.974262,5.188612e+04,9.492405e+04,9.838526e+06,1.807338e+07
116.368,308.168969,5.074481e+04,9.281607e+04,1.010694e+07,1.856433e+07
121.657,308.359568,4.968070e+04,9.085076e+04,1.036972e+07,1.904488e+07
126.947,308.546324,4.868547e+04,8.901274e+04,1.062724e+07,1.951570e+07
132.236,308.729475,4.775201e+04,8.728883e+04,1.087982e+07,1.997741e+07
137.526,308.909238,4.687417e+04,8.566771e+04,1.112776e+07,2.043055e+07
142.815,309.085805,4.604665e+04,8.413957e+04,1.137132e+07,2.087560e+07
148.105,309.259354,4.526481e+04,8.269585e+04,1.161075e+07,2.131302e+07
153.394,309.430046,4.452461e+04,8.132905e+04,1.184626e+07,2.174320e+07
158.684,309.598027,4.382248e+04,8.003259e+04,1.207806e+07,2.216653e+07
163.973,309.763432,4.315526e+04,7.880064e+04,1.230632e+07,2.258334e+07
169.262,309.926385,4.252016e+04,7.762803e+04,1.253123e+07,2.299395e+07
174.552,310.087001,4.191467e+04,7.651013e+04,1.275294e+07,2.339865e+07
179.841,310.245385,4.133656e+04,7.544284e+04,1.297159e+07,2.379770e+07
185.131,310.401636,4.078384e+04,7.442244e+04,1.318731e+07,2.419136e+07
190.420,310.555844,4.025470e+04,7.344560e+04,1.340024e+07,2.457984e+07
195.710,310.708095,3.974751e+04,7.250931e+04,1.361048e+07,2.496338e+07
200.999,310.858467,3.926079e+04,7.161085e+04,1.381815e+07,2.534216e+07
206.289,311.007034,3.879319e+04,7.074773e+04,1.402334e+07,2.571638e+07
211.578,311.153865,3.834351e+04,6.991769e+04,1.422616e+07,2.608620e+07
216.867,311.299026,3.791063e+04,6.911869e+04,1.442668e+07,2.645180e+07
222.157,311.442576,3.749352e+04,6.834883e+04,1.462500e+07,2.681333e+07
227.446,311.584575,3.709125e+04,6.760638e+04,1.482120e+07,2.717093e+07
232.736,311.725074,3.670296e+04,6.688976e+04,1.501533e+07,2.752474e+07
238.025,311.864126,3.632786e+04,6.619751e+04,1.520749e+07,2.787489e+07
243.315,312.001779,3.596521e+04,6.552827e+04,1.539772e+07,2.822150e+07
248.604,312.138077,3.561436e+04,6.488080e+04,1.558610e+07,2.856468e+07
253.894,312.273065,3.527466e+04,6.425395e+04,1.577269e+07,2.890455e+07
259.183,312.406782,3.494554e+04,6.364664e+04,1.595753e+07,2.924120e+07
264.473,312.539269,3.462647e+04,6.305788e+04,1.614069e+07,2.957475e+07
269.762,312.670561,3.431693e+04,6.248675e+04,1.632220e+07,2.990527e+07
275.051,312.800693,3.401648e+04,6.193238e+04,1.650213e+07,3.023285e+07
280.341,312.929700,3.372466e+04,6.139398e+04,1.668052e+07,3.055760e+07
285.630,313.057612,3.344108e+04,6.087078e+04,1.685740e+07,3.087957e+07
290.920,313.184460,3.316535e+04,6.036209e+04,1.703283e+07,3.119885e+07
296.209,313.310274,3.289712e+04,5.986725e+04,1.720684e+07,3.151552e+07
301.499,313.435080,3.263606e+04,5.938565e+04,1.737946e+07,3.182963e+07
306.788,313.558905,3.238185e+04,5.891670e+04,1.755075e+07,3.214127e+07
312.078,313.681775,3.213419e+04,5.845986e+04,1.772072e+07,3.245049e+07
317.367,313.803714,3.189281e+04,5.801461e+04,1.788941e+07,3.275736e+07
322.656,313.924745,3.165745e+04,5.758049e+04,1.805686e+07,3.306193e+07
327.946,314.044890,3.142787e+04,5.715702e+04,1.822310e+07,3.336425e+07
333.235,314.164170,3.120382e+04,5.674379e+04,1.838815e+07,3.366440e+07
338.525,314.282607,3.098510e+04,5.634039e+04,1.855204e+07,3.396241e+07
343.814,314.400220,3.077149e+04,5.594643e+04,1.871481e+07,3.425833e+07
349.104,314.517028,3.056280e+04,5.556155e+04,1.887647e+07,3.455222e+07
354.393,314.633049,3.035884e+04,5.518541e+04,1.903705e+07,3.484412e+07
359.683,314.748301,3.015943e+04,5.481768e+04,1.919658e+07,3.513408e+07
364.972,314.862800,2.996442e+04,5.445806e+04,1.935507e+07,3.542213e+07
370.262,314.976564,2.977363e+04,5.410626e+04,1.951256e+07,3.570832e+07
375.551,315.089608,2.958692e+04,5.376198e+04,1.966906e+07,3.599270e+07
380.840,315.201946,2.940415e+04,5.342497e+04,1.982459e+07,3.627528e+07
386.130,315.313595,2.922518e+04,5.309498e+04,1.997917e+07,3.655613e+07
391.419,315.424567,2.904988e+04,5.277177e+04,2.013283e+07,3.683526e+07
396.709,315.534876,2.887812e+04,5.245510e+04,2.028558e+07,3.711272e+07
401.998,315.644537,2.870980e+04,5.214476e+04,2.043744e+07,3.738854e+07
407.288,315.753561,2.854478e+04,5.184055e+04,2.058843e+07,3.766275e+07
412.577,315.861961,2.838298e+04,5.154226e+04,2.073856e+07,3.793538e+07
417.867,315.969749,2.822428e+04,5.124970e+04,2.088785e+07,3.820646e+07
423.156,316.076937,2.806859e+04,5.096270e+04,2.103632e+07,3.847602e+07
428.445,316.183536,2.791581e+04,5.068108e+04,2.118398e+07,3.874410e+07
433.735,316.289556,2.776586e+04,5.040467e+04,2.133084e+07,3.901071e+07
439.024,316.395009,2.761864e+04,5.013332e+04,2.147693e+07,3.927589e+07
444.314,316.499904,2.747408e+04,4.986687e+04,2.162225e+07,3.953966e+07
449.603,316.604251,2.733210e+04,4.960517e+04,2.176682e+07,3.980204e+07
454.893,316.708061,2.719261e+04,4.934810e+04,2.191066e+07,4.006307e+07
460.182,316.811343,2.705556e+04,4.909551e+04,2.205377e+07,4.032275e+07
465.472,316.914105,2.692086e+04,4.884727e+04,2.219616e+07,4.058113e+07
470.761,317.016356,2.678846e+04,4.860327e+04,2.233786e+07,4.083821e+07
476.051,317.118106,2.665828e+04,4.836338e+04,2.247887e+07,4.109403e+07
481.340,317.219362,2.653027e+04,4.812748e+04,2.261920e+07,4.134860e+07
486.629,317.320132,2.640437e+04,4.789548e+04,2.275886e+07,4.160194e+07
491.919,317.420425,2.628052e+04,4.766726e+04,2.289787e+07,4.185407e+07
497.208,317.520249,2.615866e+04,4.744272e+04,2.303624e+07,4.210502e+07
502.498,317.619610,2.603874e+04,4.722177e+04,2.317397e+07,4.235480e+07
507.787,317.718516,2.592071e+04,4.700430e+04,2.331107e+07,4.260342e+07
513.077,317.816974,2.580452e+04,4.679024e+04,2.344757e+07,4.285092e+07
518.366,317.914991,2.569013e+04,4.657948e+04,2.358345e+07,4.309730e+07
523.656,318.012574,2.557749e+04,4.637196e+04,2.371874e+07,4.334258e+07
528.945,318.109729,2.546655e+04,4.616758e+04,2.385345e+07,4.358678e+07
534.234,318.206463,2.535727e+04,4.596626e+04,2.398757e+07,4.382992e+07
539.524,318.302782,2.524961e+04,4.576794e+04,2.412113e+07,4.407200e+07
544.813,318.398692,2.514353e+04,4.557254e+04,2.425412e+07,4.431306e+07
550.103,318.494199,2.503900e+04,4.537998e+04,2.438657e+07,4.455309e+07
555.392,318.589309,2.493597e+04,4.519020e+04,2.451846e+07,4.479212e+07
560.682,318.684027,2.483441e+04,4.500314e+04,2.464983e+07,4.503017e+07
565.971,318.778360,2.473428e+04,4.481872e+04,2.478066e+07,4.526723e+07
571.261,318.872312,2.463556e+04,4.463689e+04,2.491096e+07,4.550334e+07
576.550,318.965889,2.453821e+04,4.445759e+04,2.504076e+07,4.573849e+07
581.840,319.059096,2.444219e+04,4.428076e+04,2.517004e+07,4.597271e+07
587.129,319.151938,2.434748e+04,4.410634e+04,2.529883e+07,4.620601e+07
592.418,319.244419,2.425405e+04,4.393428e+04,2.542712e+07,4.643840e+07
597.708,319.336546,2.416187e+04,4.376453e+04,2.555492e+07,4.666989e+07
602.997,319.428322,2.407091e+04,4.359703e+04,2.568224e+07,4.690049e+07
608.287,319.519752,2.398115e+04,4.343174e+04,2.580909e+07,4.713022e+07
613.576,319.610840,2.389255e+04,4.326860e+04,2.593547e+07,4.735909e+07
618.866,319.701592,2.380510e+04,4.310758e+04,2.606139e+07,4.758711e+07
624.155,319.792011,2.371877e+04,4.294862e+04,2.618684e+07,4.781428e+07
629.445,319.882101,2.363354e+04,4.279169e+04,2.631185e+07,4.804063e+07
634.734,319.971868,2.354937e+04,4.263674e+04,2.643642e+07,4.826615e+07
640.024,320.061314,2.346626e+04,4.248372e+04,2.656054e+07,4.849087e+07
645.313,320.150443,2.338418e+04,4.233261e+04,2.668423e+07,4.871478e+07
650.602,320.239261,2.330311e+04,4.218335e+04,2.680749e+07,4.893791e+07
655.892,320.327769,2.322302e+04,4.203592e+04,2.693033e+07,4.916026e+07
661.181,320.415973,2.314390e+04,4.189027e+04,2.705275e+07,4.938183e+07
666.471,320.503876,2.306573e+04,4.174638e+04,2.717475e+07,4.960265e+07
671.760,320.591481,2.298849e+04,4.160419e+04,2.729635e+07,4.982271e+07
677.050,320.678792,2.291216e+04,4.146369e+04,2.741754e+07,5.004203e+07
682.339,320.765812,2.283672e+04,4.132484e+04,2.753833e+07,5.026062e+07
687.629,320.852545,2.276216e+04,4.118761e+04,2.765873e+07,5.047848e+07
692.918,320.938994,2.268846e+04,4.105196e+04,2.777874e+07,5.069562e+07
698.207,321.025163,2.261560e+04,4.091786e+04,2.789837e+07,5.091205e+07
703.497,321.111054,2.254357e+04,4.078529e+04,2.801761e+07,5.112778e+07
708.786,321.196671,2.247235e+04,4.065422e+04,2.813648e+07,5.134282e+07
714.076,321.282016,2.240193e+04,4.052462e+04,2.825497e+07,5.155718e+07
719.365,321.367093,2.233229e+04,4.039646e+04,2.837310e+07,5.177085e+07
724.655,321.451905,2.226341e+04,4.026972e+04,2.849086e+07,5.198386e+07
729.944,321.536454,2.219529e+04,4.014436e+04,2.860826e+07,5.219620e+07
735.234,321.620744,2.212791e+04,4.002037e+04,2.872530e+07,5.240788e+07
740.523,321.704777,2.206126e+04,3.989773e+04,2.884199e+07,5.261892e+07
745.813,321.788556,2.199531e+04,3.977639e+04,2.895834e+07,5.282932e+07
751.102,321.872084,2.193007e+04,3.965635e+04,2.907434e+07,5.303908e+07
756.391,321.955363,2.186552e+04,3.953758e+04,2.918999e+07,5.324821e+07
761.681,322.038396,2.180164e+04,3.942006e+04,2.930531e+07,5.345672e+07
766.970,322.121186,2.173843e+04,3.930376e+04,2.942030e+07,5.366461e+07
772.260,322.203735,2.167587e+04,3.918867e+04,2.953495e+07,5.387190e+07
777.549,322.286045,2.161396e+04,3.907477e+04,2.964927e+07,5.407858e+07
782.839,322.368119,2.155267e+04,3.896203e+04,2.976328e+07,5.428467e+07
788.128,322.449960,2.149201e+04,3.885043e+04,2.987696e+07,5.449017e+07
793.418,322.531569,2.143195e+04,3.873996e+04,2.999032e+07,5.469508e+07
798.707,322.612949,2.137250e+04,3.863059e+04,3.010337e+07,5.489942e+07
803.996,322.694103,2.131363e+04,3.852232e+04,3.021611e+07,5.510318e+07
809.286,322.775032,2.125535e+04,3.841511e+04,3.032854e+07,5.530637e+07
814.575,322.855739,2.119764e+04,3.830896e+04,3.044066e+07,5.550901e+07
819.865,322.936226,2.114049e+04,3.820384e+04,3.055248e+07,5.571108e+07
825.154,323.016495,2.108389e+04,3.809974e+04,3.066400e+07,5.591261e+07
830.444,323.096548,2.102783e+04,3.799665e+04,3.077523e+07,5.611359e+07
835.733,323.176387,2.097231e+04,3.789454e+04,3.088616e+07,5.631403e+07
841.023,323.256015,2.091732e+04,3.779340e+04,3.099680e+07,5.651394e+07
846.312,323.335433,2.086284e+04,3.769322e+04,3.110716e+07,5.671332e+07
851.602,323.414643,2.080887e+04,3.759398e+04,3.121722e+07,5.691217e+07
856.891,323.493647,2.075541e+04,3.749567e+04,3.132701e+07,5.711050e+07
862.180,323.572447,2.070244e+04,3.739827e+04,3.143651e+07,5.730832e+07
867.470,323.651045,2.064996e+04,3.730177e+04,3.154574e+07,5.750562e+07
872.759,323.729443,2.059796e+04,3.720615e+04,3.165469e+07,5.770242e+07
878.049,323.807643,2.054643e+04,3.711140e+04,3.176337e+07,5.789872e+07
883.338,323.885646,2.049537e+04,3.701751e+04,3.187178e+07,5.809452e+07
888.628,323.963454,2.044476e+04,3.692447e+04,3.197992e+07,5.828983e+07
893.917,324.041069,2.039460e+04,3.683226e+04,3.208780e+07,5.848466e+07
899.207,324.118493,2.034489e+04,3.674087e+04,3.219541e+07,5.867899e+07
904.496,324.195727,2.029562e+04,3.665028e+04,3.230276e+07,5.887285e+07
909.785,324.272773,2.024678e+04,3.656050e+04,3.240986e+07,5.906624e+07
915.075,324.349632,2.019837e+04,3.647150e+04,3.251670e+07,5.925915e+07
920.364,324.426307,2.015037e+04,3.638327e+04,3.262328e+07,5.945160e+07
925.654,324.502799,2.010279e+04,3.629580e+04,3.272961e+07,5.964359e+07
930.943,324.579109,2.005562e+04,3.620909e+04,3.283570e+07,5.983511e+07
936.233,324.655239,2.000885e+04,3.612312e+04,3.294153e+07,6.002618e+07
941.522,324.731190,1.996247e+04,3.603787e+04,3.304712e+07,6.021680e+07
946.812,324.806965,1.991648e+04,3.595335e+04,3.315247e+07,6.040698e+07
952.101,324.882564,1.987088e+04,3.586954e+04,3.325758e+07,6.059671e+07
957.391,324.957989,1.982566e+04,3.578642e+04,3.336244e+07,6.078600e+07
962.680,325.033241,1.978081e+04,3.570400e+04,3.346707e+07,6.097485e+07
967.969,325.108322,1.973634e+04,3.562226e+04,3.357147e+07,6.116327e+07
973.259,325.183234,1.969222e+04,3.554119e+04,3.367563e+07,6.135127e+07
978.548,325.257977,1.964847e+04,3.546078e+04,3.377956e+07,6.153884e+07
983.838,325.332553,1.960507e+04,3.538103e+04,3.388326e+07,6.172598e+07
989.127,325.406963,1.956202e+04,3.530192e+04,3.398673e+07,6.191271e+07
994.417,325.481209,1.951932e+04,3.522345e+04,3.408998e+07,6.209902e+07
999.706,325.555292,1.947695e+04,3.514560e+04,3.419300e+07,6.228492e+07
1004.996,325.629213,1.943492e+04,3.506838e+04,3.429580e+07,6.247042e+07
1010.285,325.702974,1.939323e+04,3.499176e+04,3.439838e+07,6.265550e+07
1015.574,325.776575,1.935186e+04,3.491575e+04,3.450074e+07,6.284019e+07
1020.864,325.850019,1.931081e+04,3.484034e+04,3.460288e+07,6.302448e+07
1026.153,325.923306,1.927008e+04,3.476551e+04,3.470481e+07,6.320837e+07
1031.443,325.996437,1.922967e+04,3.469126e+04,3.480652e+07,6.339186e+07
1036.732,326.069414,1.918957e+04,3.461759e+04,3.490803e+07,6.357497e+07
1042.022,326.142238,1.914977e+04,3.454448e+04,3.500932e+07,6.375769e+07
1047.311,326.214910,1.911028e+04,3.447193e+04,3.511040e+07,6.394003e+07
1052.601,326.287431,1.907109e+04,3.439993e+04,3.521128e+07,6.412199e+07
1057.890,326.359802,1.903219e+04,3.432847e+04,3.531195e+07,6.430357e+07
1063.180,326.432025,1.899358e+04,3.425755e+04,3.541241e+07,6.448477e+07
1068.469,326.504101,1.895526e+04,3.418717e+04,3.551268e+07,6.466560e+07
1073.758,326.576030,1.891722e+04,3.411730e+04,3.561274e+07,6.484606e+07
1079.048,326.647813,1.887947e+04,3.404796e+04,3.571260e+07,6.502616e+07
1084.337,326.719453,1.884199e+04,3.397912e+04,3.581226e+07,6.520589e+07
1089.627,326.790950,1.880479e+04,3.391079e+04,3.591173e+07,6.538526e+07
1094.916,326.862304,1.876786e+04,3.384296e+04,3.601100e+07,6.556427e+07
1100.206,326.933517,1.873119e+04,3.377562e+04,3.611008e+07,6.574292e+07
1105.495,327.004591,1.869479e+04,3.370877e+04,3.620896e+07,6.592122e+07
1110.785,327.075525,1.865865e+04,3.364241e+04,3.630766e+07,6.609917e+07
1116.074,327.146321,1.862277e+04,3.357651e+04,3.640616e+07,6.627677e+07
1121.364,327.216981,1.858715e+04,3.351109e+04,3.650448e+07,6.645403e+07
1126.653,327.287504,1.855177e+04,3.344613e+04,3.660261e+07,6.663094e+07
1131.942,327.357892,1.851665e+04,3.338163e+04,3.670055e+07,6.680751e+07
1137.232,327.428146,1.848177e+04,3.331758e+04,3.679831e+07,6.698374e+07
1142.521,327.498266,1.844713e+04,3.325398e+04,3.689588e+07,6.715964e+07
1147.811,327.568255,1.841273e+04,3.319082e+04,3.699328e+07,6.733520e+07
1153.100,327.638112,1.837857e+04,3.312811e+04,3.709049e+07,6.751043e+07
1158.390,327.707838,1.834465e+04,3.306582e+04,3.718752e+07,6.768533e+07
1163.679,327.777435,1.831096e+04,3.300396e+04,3.728438e+07,6.785990e+07
1168.969,327.846903,1.827750e+04,3.294253e+04,3.738106e+07,6.803415e+07
1174.258,327.916243,1.824426e+04,3.288151e+04,3.747756e+07,6.820808e+07
1179.547,327.985457,1.821125e+04,3.282091e+04,3.757389e+07,6.838168e+07
1184.837,328.054544,1.817846e+04,3.276072e+04,3.767004e+07,6.855497e+07
1190.126,328.123506,1.814589e+04,3.270093e+04,3.776602e+07,6.872794e+07
1195.416,328.192344,1.811354e+04,3.264154e+04,3.786183e+07,6.890059e+07
1200.705,328.261058,1.808140e+04,3.258255e+04,3.795747e+07,6.907294e+07
1205.995,328.329649,1.804948e+04,3.252394e+04,3.805294e+07,6.924497e+07
1211.284,328.398118,1.801776e+04,3.246573e+04,3.814825e+07,6.941670e+07
1216.574,328.466466,1.798625e+04,3.240789e+04,3.824339e+07,6.958812e+07
1221.863,328.534694,1.795495e+04,3.235044e+04,3.833836e+07,6.975923e+07
1227.153,328.602802,1.792385e+04,3.229336e+04,3.843316e+07,6.993005e+07
1232.442,328.670791,1.789295e+04,3.223665e+04,3.852781e+07,7.010056e+07
1237.731,328.738662,1.786225e+04,3.218031e+04,3.862229e+07,7.027078e+07
1243.021,328.806416,1.783175e+04,3.212432e+04,3.871661e+07,7.044070e+07
1248.310,328.874053,1.780144e+04,3.206870e+04,3.881077e+07,7.061032e+07
1253.600,328.941575,1.777133e+04,3.201343e+04,3.890477e+07,7.077966e+07
1258.889,329.008981,1.774140e+04,3.195851e+04,3.899861e+07,7.094870e+07
1264.179,329.076274,1.771166e+04,3.190394e+04,3.909230e+07,7.111745e+07
1269.468,329.143452,1.768211e+04,3.184972e+04,3.918583e+07,7.128592e+07
1274.758,329.210518,1.765275e+04,3.179583e+04,3.927920e+07,7.145410e+07
1280.047,329.277471,1.762356e+04,3.174228e+04,3.937242e+07,7.162200e+07
1285.336,329.344313,1.759456e+04,3.168907e+04,3.946548e+07,7.178962e+07
1290.626,329.411044,1.756574e+04,3.163618e+04,3.955840e+07,7.195696e+07
1295.915,329.477665,1.753709e+04,3.158362e+04,3.965116e+07,7.212402e+07
1301.205,329.544176,1.750862e+04,3.153138e+04,3.974377e+07,7.229080e+07
1306.494,329.610579,1.748032e+04,3.147946e+04,3.983623e+07,7.245731e+07
1311.784,329.676873,1.745220e+04,3.142786e+04,3.992854e+07,7.262355e+07
1317.073,329.743061,1.742424e+04,3.137657e+04,4.002071e+07,7.278951e+07
1322.363,329.809141,1.739645e+04,3.132559e+04,4.011273e+07,7.295521e+07
1327.652,329.875115,1.736883e+04,3.127492e+04,4.020460e+07,7.312063e+07
1332.942,329.940983,1.734138e+04,3.122455e+04,4.029632e+07,7.328579e+07
1338.231,330.006747,1.731408e+04,3.117449e+04,4.038791e+07,7.345069e+07
1343.520,330.072406,1.728695e+04,3.112472e+04,4.047934e+07,7.361532e+07
1348.810,330.137962,1.725998e+04,3.107524e+04,4.057064e+07,7.377969e+07
1354.099,330.203414,1.723317e+04,3.102606e+04,4.066179e+07,7.394380e+07
1359.389,330.268764,1.720651e+04,3.097717e+04,4.075281e+07,7.410766e+07
1364.678,330.334012,1.718001e+04,3.092856e+04,4.084368e+07,7.427125e+07
1369.968,330.399159,1.715367e+04,3.088024e+04,4.093441e+07,7.443459e+07
1375.257,330.464206,1.712747e+04,3.083220e+04,4.102501e+07,7.459768e+07
1380.547,330.529152,1.710143e+04,3.078444e+04,4.111547e+07,7.476051e+07
1385.836,330.593998,1.707554e+04,3.073695e+04,4.120579e+07,7.492309e+07
1391.125,330.658746,1.704979e+04,3.068973e+04,4.129597e+07,7.508542e+07
1396.415,330.723395,1.702419e+04,3.064279e+04,4.138602e+07,7.524751e+07
1401.704,330.787947,1.699874e+04,3.059611e+04,4.147593e+07,7.540934e+07
1406.994,330.852401,1.697343e+04,3.054970e+04,4.156571e+07,7.557093e+07
1412.283,330.916758,1.694827e+04,3.050355e+04,4.165536e+07,7.573228e+07
1417.573,330.981020,1.692324e+04,3.045766e+04,4.174487e+07,7.589339e+07
1422.862,331.045185,1.689836e+04,3.041203e+04,4.183426e+07,7.605425e+07
1428.152,331.109256,1.687361e+04,3.036665e+04,4.192351e+07,7.621487e+07
1433.441,331.173232,1.684900e+04,3.032153e+04,4.201263e+07,7.637526e+07
1438.731,331.237114,1.682453e+04,3.027666e+04,4.210162e+07,7.653540e+07
1444.020,331.300902,1.680019e+04,3.023203e+04,4.219049e+07,7.669531e+07
1449.309,331.364597,1.677599e+04,3.018766e+04,4.227922e+07,7.685499e+07
1454.599,331.428200,1.675192e+04,3.014352e+04,4.236783e+07,7.701443e+07
1459.888,331.491711,1.672798e+04,3.009963e+04,4.245631e+07,7.717364e+07
1465.178,331.555130,1.670417e+04,3.005598e+04,4.254467e+07,7.733262e+07
1470.467,331.618459,1.668048e+04,3.001256e+04,4.263290e+07,7.749137e+07
1475.757,331.681696,1.665693e+04,2.996938e+04,4.272101e+07,7.764989e+07
1481.046,331.744844,1.663350e+04,2.992644e+04,4.280899e+07,7.780819e+07
1486.336,331.807903,1.661020e+04,2.988372e+04,4.289685e+07,7.796626e+07
1491.625,331.870872,1.658702e+04,2.984123e+04,4.298458e+07,7.812410e+07
1496.914,331.933752,1.656397e+04,2.979897e+04,4.307220e+07,7.828172e+07
1502.204,331.996545,1.654104e+04,2.975694e+04,4.315969e+07,7.843912e+07
1507.493,332.059250,1.651823e+04,2.971513e+04,4.324706e+07,7.859630e+07
1512.783,332.121868,1.649553e+04,2.967354e+04,4.333432e+07,7.875325e+07
1518.072,332.184399,1.647296e+04,2.963216e+04,4.342145e+07,7.890999e+07
1523.362,332.246843,1.645051e+04,2.959101e+04,4.350846e+07,7.906651e+07
1528.651,332.309202,1.642817e+04,2.955007e+04,4.359536e+07,7.922281e+07
1533.941,332.371476,1.640595e+04,2.950934e+04,4.368214e+07,7.937890e+07
1539.230,332.433664,1.638384e+04,2.946882e+04,4.376880e+07,7.953478e+07
1544.520,332.495768,1.636185e+04,2.942852e+04,4.385534e+07,7.969044e+07
1549.809,332.557788,1.633997e+04,2.938842e+04,4.394177e+07,7.984588e+07
1555.098,332.619725,1.631820e+04,2.934853e+04,4.402809e+07,8.000112e+07
1560.388,332.681578,1.629654e+04,2.930884e+04,4.411429e+07,8.015615e+07
1565.677,332.743348,1.627500e+04,2.926936e+04,4.420037e+07,8.031097e+07
1570.967,332.805036,1.625356e+04,2.923007e+04,4.428635e+07,8.046558e+07
1576.256,332.866642,1.623223e+04,2.919099e+04,4.437221e+07,8.061998e+07
1581.546,332.928167,1.621101e+04,2.915210e+04,4.445795e+07,8.077418e+07
1586.835,332.989610,1.618989e+04,2.911341e+04,4.454359e+07,8.092818e+07
1592.125,333.050973,1.616888e+04,2.907491e+04,4.462911e+07,8.108197e+07
1597.414,333.112256,1.614797e+04,2.903661e+04,4.471453e+07,8.123555e+07
1602.703,333.173458,1.612717e+04,2.899850e+04,4.479983e+07,8.138894e+07
1607.993,333.234581,1.610647e+04,2.896057e+04,4.488502e+07,8.154213e+07
1613.282,333.295625,1.608588e+04,2.892284e+04,4.497011e+07,8.169511e+07
1618.572,333.356590,1.606538e+04,2.888529e+04,4.505509e+07,8.184790e+07
1623.861,333.417477,1.604498e+04,2.884792e+04,4.513996e+07,8.200049e+07
1629.151,333.478286,1.602469e+04,2.881074e+04,4.522472e+07,8.215288e+07
1634.440,333.539018,1.600449e+04,2.877374e+04,4.530937e+07,8.230508e+07
1639.730,333.599672,1.598439e+04,2.873692e+04,4.539392e+07,8.245708e+07
1645.019,333.660249,1.596439e+04,2.870028e+04,4.547836e+07,8.260889e+07
1650.309,333.720750,1.594448e+04,2.866382e+04,4.556270e+07,8.276051e+07
1655.598,333.781175,1.592467e+04,2.862753e+04,4.564694e+07,8.291193e+07
1660.887,333.841524,1.590496e+04,2.859142e+04,4.573106e+07,8.306316e+07
1666.177,333.901798,1.588534e+04,2.855548e+04,4.581509e+07,8.321421e+07
1671.466,333.961996,1.586581e+04,2.851971e+04,4.589901e+07,8.336506e+07
1676.756,334.022120,1.584637e+04,2.848412e+04,4.598283e+07,8.351573e+07
1682.045,334.082170,1.582703e+04,2.844869e+04,4.606654e+07,8.366620e+07
1687.335,334.142146,1.580778e+04,2.841343e+04,4.615016e+07,8.381649e+07
1692.624,334.202048,1.578862e+04,2.837834e+04,4.623367e+07,8.396660e+07
1697.914,334.261877,1.576955e+04,2.834341e+04,4.631708e+07,8.411652e+07
1703.203,334.321634,1.575056e+04,2.830864e+04,4.640040e+07,8.426626e+07
1708.493,334.381317,1.573167e+04,2.827404e+04,4.648361e+07,8.441581e+07
1713.782,334.440928,1.571286e+04,2.823960e+04,4.656672e+07,8.456518e+07
1719.071,334.500468,1.569414e+04,2.820532e+04,4.664973e+07,8.471438e+07
1724.361,334.559936,1.567551e+04,2.817120e+04,4.673265e+07,8.486339e+07
1729.650,334.619333,1.565696e+04,2.813724e+04,4.681547e+07,8.501222e+07
1734.940,334.678659,1.563850e+04,2.810343e+04,4.689818e+07,8.516087e+07
1740.229,334.737914,1.562012e+04,2.806978e+04,4.698081e+07,8.530934e+07
1745.519,334.797099,1.560183e+04,2.803628e+04,4.706333e+07,8.545764e+07
1750.808,334.856214,1.558361e+04,2.800294e+04,4.714576e+07,8.560576e+07
1756.098,334.915259,1.556549e+04,2.796974e+04,4.722809e+07,8.575370e+07
1761.387,334.974236,1.554744e+04,2.793670e+04,4.731033e+07,8.590147e+07
1766.676,335.033143,1.552947e+04,2.790381e+04,4.739247e+07,8.604907e+07
1771.966,335.091981,1.551159e+04,2.787106e+04,4.747452e+07,8.619649e+07
1777.255,335.150752,1.549378e+04,2.783846e+04,4.755647e+07,8.634374e+07
1782.545,335.209454,1.547605e+04,2.780601e+04,4.763833e+07,8.649082e+07
1787.834,335.268088,1.545841e+04,2.777371e+04,4.772010e+07,8.663773e+07
1793.124,335.326655,1.544084e+04,2.774154e+04,4.780177e+07,8.678446e+07
1798.413,335.385155,1.542335e+04,2.770952e+04,4.788336e+07,8.693103e+07
1803.703,335.443588,1.540593e+04,2.767765e+04,4.796484e+07,8.707743e+07
1808.992,335.501954,1.538860e+04,2.764591e+04,4.804624e+07,8.722366e+07
1814.282,335.560254,1.537133e+04,2.761431e+04,4.812755e+07,8.736973e+07
1819.571,335.618488,1.535415e+04,2.758286e+04,4.820876e+07,8.751563e+07
1824.860,335.676657,1.533704e+04,2.755153e+04,4.828989e+07,8.766136e+07
1830.150,335.734760,1.532000e+04,2.752035e+04,4.837092e+07,8.780693e+07
1835.439,335.792798,1.530304e+04,2.748930e+04,4.845187e+07,8.795233e+07
1840.729,335.850771,1.528615e+04,2.745839e+04,4.853272e+07,8.809757e+07
1846.018,335.908680,1.526933e+04,2.742761e+04,4.861349e+07,8.824265e+07
1851.308,335.966524,1.525258e+04,2.739696e+04,4.869417e+07,8.838756e+07
1856.597,336.024304,1.523591e+04,2.736645e+04,4.877475e+07,8.853232e+07
1861.887,336.082021,1.521931e+04,2.733607e+04,4.885526e+07,8.867691e+07
1867.176,336.139674,1.520278e+04,2.730581e+04,4.893567e+07,8.882134e+07
1872.465,336.197264,1.518631e+04,2.727569e+04,4.901600e+07,8.896561e+07
1877.755,336.254791,1.516992e+04,2.724569e+04,4.909624e+07,8.910973e+07
1883.044,336.312255,1.515360e+04,2.721582e+04,4.917639e+07,8.925369e+07
1888.334,336.369657,1.513735e+04,2.718608e+04,4.925646e+07,8.939749e+07
1893.623,336.426997,1.512116e+04,2.715646e+04,4.933644e+07,8.954113e+07
1898.913,336.484275,1.510504e+04,2.712697e+04,4.941634e+07,8.968461e+07
1904.202,336.541491,1.508899e+04,2.709760e+04,4.949615e+07,8.982795e+07
1909.492,336.598646,1.507301e+04,2.706835e+04,4.957588e+07,8.997112e+07
1914.781,336.655740,1.505709e+04,2.703923e+04,4.965553e+07,9.011415e+07
1920.071,336.712773,1.504124e+04,2.701023e+04,4.973509e+07,9.025701e+07
1925.360,336.769746,1.502545e+04,2.698135e+04,4.981456e+07,9.039973e+07
1930.649,336.826658,1.500973e+04,2.695258e+04,4.989395e+07,9.054230e+07
1935.939,336.883510,1.499407e+04,2.692394e+04,4.997327e+07,9.068471e+07
1941.228,336.940302,1.497848e+04,2.689541e+04,5.005249e+07,9.082697e+07
1946.518,336.997035,1.496295e+04,2.686700e+04,5.013164e+07,9.096908e+07
1951.807,337.053708,1.494749e+04,2.683871e+04,5.021070e+07,9.111104e+07
1957.097,337.110323,1.493208e+04,2.681053e+04,5.028969e+07,9.125286e+07
1962.386,337.166878,1.491674e+04,2.678247e+04,5.036859e+07,9.139452e+07
1967.676,337.223375,1.490146e+04,2.675452e+04,5.044741e+07,9.153604e+07
1972.965,337.279813,1.488625e+04,2.672668e+04,5.052615e+07,9.167741e+07
1978.254,337.336193,1.487109e+04,2.669896e+04,5.060481e+07,9.181863e+07
1983.544,337.392516,1.485599e+04,2.667135e+04,5.068339e+07,9.195971e+07
1988.833,337.448780,1.484096e+04,2.664385e+04,5.076189e+07,9.210064e+07
1994.123,337.504987,1.482598e+04,2.661646e+04,5.084031e+07,9.224143e+07
1999.412,337.561137,1.481107e+04,2.658918e+04,5.091865e+07,9.238207e+07
2004.702,337.617230,1.479621e+04,2.656200e+04,5.099692e+07,9.252257e+07
2009.991,337.673266,1.478141e+04,2.653494e+04,5.107510e+07,9.266292e+07
2015.281,337.729246,1.476667e+04,2.650798e+04,5.115321e+07,9.280313e+07
2020.570,337.785169,1.475199e+04,2.648113e+04,5.123124e+07,9.294320e+07
2025.860,337.841036,1.473737e+04,2.645439e+04,5.130919e+07,9.308313e+07
2031.149,337.896847,1.472280e+04,2.642775e+04,5.138707e+07,9.322292e+07
2036.438,337.952603,1.470829e+04,2.640121e+04,5.146487e+07,9.336257e+07
2041.728,338.008303,1.469384e+04,2.637478e+04,5.154259e+07,9.350208e+07
2047.017,338.063948,1.467944e+04,2.634845e+04,5.162023e+07,9.364145e+07
2052.307,338.119538,1.466510e+04,2.632223e+04,5.169780e+07,9.378068e+07
2057.596,338.175073,1.465081e+04,2.629610e+04,5.177530e+07,9.391977e+07
2062.886,338.230553,1.463658e+04,2.627008e+04,5.185272e+07,9.405872e+07
2068.175,338.285979,1.462240e+04,2.624416e+04,5.193006e+07,9.419754e+07
2073.465,338.341351,1.460828e+04,2.621833e+04,5.200733e+07,9.433622e+07
2078.754,338.396669,1.459421e+04,2.619261e+04,5.208453e+07,9.447477e+07
2084.043,338.451933,1.458020e+04,2.616699e+04,5.216165e+07,9.461317e+07
2089.333,338.507144,1.456623e+04,2.614146e+04,5.223870e+07,9.475145e+07
2094.622,338.562301,1.455232e+04,2.611603e+04,5.231567e+07,9.488959e+07
2099.912,338.617405,1.453847e+04,2.609070e+04,5.239257e+07,9.502759e+07
2105.201,338.672456,1.452466e+04,2.606546e+04,5.246940e+07,9.516546e+07
2110.491,338.727455,1.451091e+04,2.604032e+04,5.254615e+07,9.530320e+07
2115.780,338.782400,1.449721e+04,2.601527e+04,5.262284e+07,9.544081e+07
2121.070,338.837294,1.448356e+04,2.599032e+04,5.269945e+07,9.557828e+07
2126.359,338.892135,1.446996e+04,2.596546e+04,5.277598e+07,9.571563e+07
2131.649,338.946925,1.445641e+04,2.594069e+04,5.285245e+07,9.585284e+07
2136.938,339.001662,1.444292e+04,2.591602e+04,5.292885e+07,9.598992e+07
2142.227,339.056348,1.442947e+04,2.589144e+04,5.300517e+07,9.612687e+07
2147.517,339.110983,1.441607e+04,2.586695e+04,5.308142e+07,9.626369e+07
2152.806,339.165566,1.440272e+04,2.584255e+04,5.315760e+07,9.640039e+07
2158.096,339.220099,1.438942e+04,2.581824e+04,5.323372e+07,9.653695e+07
2163.385,339.274580,1.437617e+04,2.579402e+04,5.330976e+07,9.667339e+07
2168.675,339.329011,1.436297e+04,2.576989e+04,5.338573e+07,9.680970e+07
2173.964,339.383392,1.434982e+04,2.574585e+04,5.346163e+07,9.694588e+07
2179.254,339.437722,1.433671e+04,2.572190e+04,5.353747e+07,9.708193e+07
2184.543,339.492002,1.432365e+04,2.569804e+04,5.361323e+07,9.721786e+07
2189.833,339.546233,1.431064e+04,2.567426e+04,5.368893e+07,9.735366e+07
2195.122,339.600413,1.429768e+04,2.565056e+04,5.376455e+07,9.748934e+07
2200.411,339.654544,1.428476e+04,2.562696e+04,5.384011e+07,9.762489e+07
2205.701,339.708626,1.427189e+04,2.560344e+04,5.391560e+07,9.776032e+07
2210.990,339.762658,1.425906e+04,2.558000e+04,5.399103e+07,9.789563e+07
2216.280,339.816642,1.424629e+04,2.555665e+04,5.406638e+07,9.803081e+07
2221.569,339.870576,1.423355e+04,2.553338e+04,5.414167e+07,9.816586e+07
2226.859,339.924463,1.422087e+04,2.551020e+04,5.421689e+07,9.830080e+07
2232.148,339.978300,1.420822e+04,2.548710e+04,5.429204e+07,9.843561e+07
2237.438,340.032089,1.419562e+04,2.546408e+04,5.436713e+07,9.857030e+07
2242.727,340.085830,1.418307e+04,2.544114e+04,5.444215e+07,9.870487e+07
2248.016,340.139524,1.417056e+04,2.541828e+04,5.451710e+07,9.883932e+07
2253.306,340.193169,1.415810e+04,2.539551e+04,5.459199e+07,9.897365e+07
2258.595,340.246767,1.414568e+04,2.537282e+04,5.466682e+07,9.910786e+07
2263.885,340.300317,1.413330e+04,2.535020e+04,5.474157e+07,9.924195e+07
2269.174,340.353820,1.412096e+04,2.532767e+04,5.481627e+07,9.937592e+07
2274.464,340.407276,1.410867e+04,2.530521e+04,5.489089e+07,9.950977e+07
2279.753,340.460685,1.409642e+04,2.528283e+04,5.496545e+07,9.964350e+07
2285.043,340.514047,1.408422e+04,2.526053e+04,5.503995e+07,9.977711e+07
2290.332,340.567362,1.407205e+04,2.523831e+04,5.511439e+07,9.991061e+07
2295.622,340.620631,1.405993e+04,2.521617e+04,5.518876e+07,1.000440e+08
2300.911,340.673854,1.404785e+04,2.519410e+04,5.526306e+07,1.001773e+08
2306.200,340.727030,1.403581e+04,2.517211e+04,5.533730e+07,1.003104e+08
2311.490,340.780161,1.402381e+04,2.515019e+04,5.541148e+07,1.004434e+08
2316.779,340.833245,1.401186e+04,2.512835e+04,5.548560e+07,1.005763e+08
2322.069,340.886284,1.399994e+04,2.510659e+04,5.555965e+07,1.007091e+08
2327.358,340.939278,1.398807e+04,2.508490e+04,5.563364e+07,1.008418e+08
2332.648,340.992226,1.397623e+04,2.506328e+04,5.570756e+07,1.009744e+08
2337.937,341.045129,1.396444e+04,2.504174e+04,5.578143e+07,1.011069e+08
2343.227,341.097987,1.395268e+04,2.502027e+04,5.585523e+07,1.012392e+08
2348.516,341.150800,1.394097e+04,2.499888e+04,5.592897e+07,1.013714e+08
2353.805,341.203568,1.392929e+04,2.497755e+04,5.600265e+07,1.015036e+08
2359.095,341.256291,1.391766e+04,2.495630e+04,5.607626e+07,1.016356e+08
2364.384,341.308970,1.390606e+04,2.493512e+04,5.614982e+07,1.017674e+08
2369.674,341.361605,1.389450e+04,2.491401e+04,5.622331e+07,1.018992e+08
2374.963,341.414196,1.388298e+04,2.489297e+04,5.629675e+07,1.020309e+08
2380.253,341.466742,1.387150e+04,2.487201e+04,5.637012e+07,1.021625e+08
2385.542,341.519245,1.386005e+04,2.485111e+04,5.644343e+07,1.022939e+08
2390.832,341.571704,1.384865e+04,2.483028e+04,5.651668e+07,1.024252e+08
2396.121,341.624120,1.383728e+04,2.480952e+04,5.658988e+07,1.025565e+08
2401.411,341.676492,1.382595e+04,2.478883e+04,5.666301e+07,1.026876e+08
2406.700,341.728821,1.381466e+04,2.476821e+04,5.673608e+07,1.028186e+08
2411.989,341.781106,1.380340e+04,2.474766e+04,5.680909e+07,1.029495e+08
2417.279,341.833349,1.379218e+04,2.472717e+04,5.688204e+07,1.030803e+08
2422.568,341.885549,1.378100e+04,2.470676e+04,5.695494e+07,1.032110e+08
2427.858,341.937706,1.376985e+04,2.468641e+04,5.702777e+07,1.033416e+08
2433.147,341.989820,1.375874e+04,2.466612e+04,5.710055e+07,1.034720e+08
2438.437,342.041892,1.374767e+04,2.464590e+04,5.717327e+07,1.036024e+08
2443.726,342.093922,1.373663e+04,2.462575e+04,5.724593e+07,1.037327e+08
2449.016,342.145909,1.372563e+04,2.460567e+04,5.731853e+07,1.038628e+08
2454.305,342.197855,1.371466e+04,2.458565e+04,5.739107e+07,1.039928e+08
2459.594,342.249759,1.370373e+04,2.456569e+04,5.746356e+07,1.041228e+08
2464.884,342.301620,1.369283e+04,2.454580e+04,5.753598e+07,1.042526e+08
2470.173,342.353441,1.368197e+04,2.452597e+04,5.760835e+07,1.043823e+08
2475.463,342.405219,1.367115e+04,2.450621e+04,5.768067e+07,1.045120e+08
2480.752,342.456957,1.366035e+04,2.448651e+04,5.775292e+07,1.046415e+08
2486.042,342.508653,1.364960e+04,2.446687e+04,5.782512e+07,1.047709e+08
2491.331,342.560308,1.363887e+04,2.444730e+04,5.789726e+07,1.049002e+08
2496.621,342.611922,1.362818e+04,2.442778e+04,5.796935e+07,1.050294e+08
2501.910,342.663496,1.361753e+04,2.440833e+04,5.804138e+07,1.051585e+08
2507.200,342.715028,1.360690e+04,2.438895e+04,5.811335e+07,1.052875e+08
2512.489,342.766520,1.359631e+04,2.436962e+04,5.818527e+07,1.054164e+08
2517.778,342.817972,1.358576e+04,2.435035e+04,5.825713e+07,1.055452e+08
2523.068,342.869383,1.357524e+04,2.433115e+04,5.832893e+07,1.056739e+08
2528.357,342.920754,1.356475e+04,2.431200e+04,5.840068e+07,1.058025e+08
2533.647,342.972085,1.355429e+04,2.429292e+04,5.847238e+07,1.059310e+08
2538.936,343.023376,1.354387e+04,2.427390e+04,5.854402e+07,1.060594e+08
2544.226,343.074628,1.353347e+04,2.425493e+04,5.861560e+07,1.061877e+08
2549.515,343.125839,1.352311e+04,2.423603e+04,5.868713e+07,1.063159e+08
2554.805,343.177011,1.351279e+04,2.421718e+04,5.875861e+07,1.064440e+08
2560.094,343.228144,1.350249e+04,2.419839e+04,5.883003e+07,1.065720e+08
2565.383,343.279237,1.349223e+04,2.417966e+04,5.890140e+07,1.066999e+08
2570.673,343.330291,1.348199e+04,2.416099e+04,5.897271e+07,1.068277e+08
2575.962,343.381306,1.347179e+04,2.414238e+04,5.904397e+07,1.069554e+08
2581.252,343.432282,1.346162e+04,2.412382e+04,5.911517e+07,1.070830e+08
2586.541,343.483219,1.345149e+04,2.410532e+04,5.918632e+07,1.072105e+08
2591.831,343.534117,1.344138e+04,2.408688e+04,5.925742e+07,1.073379e+08
2597.120,343.584977,1.343130e+04,2.406849e+04,5.932846e+07,1.074652e+08
2602.410,343.635799,1.342125e+04,2.405016e+04,5.939946e+07,1.075924e+08
2607.699,343.686582,1.341124e+04,2.403189e+04,5.947039e+07,1.077196e+08
2612.989,343.737326,1.340125e+04,2.401367e+04,5.954128e+07,1.078466e+08
2618.278,343.788033,1.339130e+04,2.399551e+04,5.961211e+07,1.079735e+08
2623.567,343.838701,1.338137e+04,2.397740e+04,5.968289e+07,1.081003e+08
2628.857,343.889332,1.337148e+04,2.395935e+04,5.975362e+07,1.082271e+08
2634.146,343.939925,1.336161e+04,2.394135e+04,5.982429e+07,1.083537e+08
2639.436,343.990480,1.335177e+04,2.392340e+04,5.989492e+07,1.084802e+08
2644.725,344.040998,1.334197e+04,2.390551e+04,5.996549e+07,1.086067e+08
2650.015,344.091478,1.333219e+04,2.388768e+04,6.003601e+07,1.087330e+08
2655.304,344.141921,1.332244e+04,2.386989e+04,6.010648e+07,1.088593e+08
2660.594,344.192326,1.331272e+04,2.385216e+04,6.017690e+07,1.089855e+08
2665.883,344.242695,1.330303e+04,2.383449e+04,6.024726e+07,1.091115e+08
2671.172,344.293026,1.329337e+04,2.381686e+04,6.031758e+07,1.092375e+08
2676.462,344.343321,1.328373e+04,2.379929e+04,6.038784e+07,1.093634e+08
2681.751,344.393579,1.327413e+04,2.378177e+04,6.045805e+07,1.094892e+08
2687.041,344.443800,1.326455e+04,2.376430e+04,6.052821e+07,1.096149e+08
2692.330,344.493984,1.325500e+04,2.374688e+04,6.059833e+07,1.097405e+08
2697.620,344.544132,1.324548e+04,2.372952e+04,6.066839e+07,1.098660e+08
2702.909,344.594244,1.323598e+04,2.371220e+04,6.073840e+07,1.099914e+08
2708.199,344.644319,1.322652e+04,2.369494e+04,6.080836e+07,1.101168e+08
2713.488,344.694359,1.321708e+04,2.367773e+04,6.087827e+07,1.102420e+08
2718.778,344.744362,1.320767e+04,2.366057e+04,6.094813e+07,1.103672e+08
2724.067,344.794329,1.319829e+04,2.364345e+04,6.101794e+07,1.104922e+08
2729.356,344.844261,1.318893e+04,2.362639e+04,6.108771e+07,1.106172e+08
2734.646,344.894156,1.317960e+04,2.360938e+04,6.115742e+07,1.107421e+08
2739.935,344.944017,1.317030e+04,2.359241e+04,6.122708e+07,1.108669e+08
2745.225,344.993841,1.316102e+04,2.357550e+04,6.129670e+07,1.109916e+08
2750.514,345.043630,1.315177e+04,2.355863e+04,6.136626e+07,1.111162e+08
2755.804,345.093384,1.314255e+04,2.354181e+04,6.143578e+07,1.112407e+08
2761.093,345.143103,1.313335e+04,2.352505e+04,6.150525e+07,1.113651e+08
2766.383,345.192786,1.312418e+04,2.350833e+04,6.157467e+07,1.114895e+08
2771.672,345.242435,1.311504e+04,2.349165e+04,6.164404e+07,1.116137e+08
2776.962,345.292049,1.310592e+04,2.347503e+04,6.171336e+07,1.117379e+08
2782.251,345.341627,1.309683e+04,2.345845e+04,6.178264e+07,1.118620e+08
2787.540,345.391172,1.308776e+04,2.344192e+04,6.185186e+07,1.119860e+08
2792.830,345.440681,1.307872e+04,2.342544e+04,6.192104e+07,1.121099e+08
2798.119,345.490156,1.306970e+04,2.340900e+04,6.199017e+07,1.122337e+08
2803.409,345.539596,1.306071e+04,2.339261e+04,6.205926e+07,1.123575e+08
2808.698,345.589003,1.305175e+04,2.337626e+04,6.212829e+07,1.124811e+08
2813.988,345.638375,1.304281e+04,2.335997e+04,6.219728e+07,1.126047e+08
2819.277,345.687712,1.303389e+04,2.334371e+04,6.226623e+07,1.127281e+08
2824.567,345.737016,1.302500e+04,2.332751e+04,6.233512e+07,1.128515e+08
2829.856,345.786286,1.301613e+04,2.331135e+04,6.240397e+07,1.129748e+08
2835.145,345.835522,1.300729e+04,2.329523e+04,6.247277e+07,1.130980e+08
2840.435,345.884724,1.299848e+04,2.327916e+04,6.254153e+07,1.132212e+08
2845.724,345.933893,1.298969e+04,2.326314e+04,6.261023e+07,1.133442e+08
2851.014,345.983028,1.298092e+04,2.324715e+04,6.267890e+07,1.134672e+08
2856.303,346.032129,1.297217e+04,2.323122e+04,6.274751e+07,1.135901e+08
2861.593,346.081198,1.296345e+04,2.321532e+04,6.281608e+07,1.137129e+08
2866.882,346.130233,1.295476e+04,2.319948e+04,6.288460e+07,1.138356e+08
2872.172,346.179234,1.294609e+04,2.318367e+04,6.295308e+07,1.139582e+08
2877.461,346.228203,1.293744e+04,2.316791e+04,6.302151e+07,1.140808e+08
2882.751,346.277138,1.292882e+04,2.315219e+04,6.308990e+07,1.142032e+08
2888.040,346.326041,1.292021e+04,2.313652e+04,6.315824e+07,1.143256e+08
2893.329,346.374911,1.291164e+04,2.312089e+04,6.322654e+07,1.144479e+08
2898.619,346.423748,1.290308e+04,2.310530e+04,6.329479e+07,1.145701e+08
2903.908,346.472552,1.289455e+04,2.308975e+04,6.336299e+07,1.146922e+08
2909.198,346.521324,1.288604e+04,2.307425e+04,6.343115e+07,1.148143e+08
2914.487,346.570063,1.287756e+04,2.305878e+04,6.349927e+07,1.149363e+08
2919.777,346.618770,1.286910e+04,2.304336e+04,6.356734e+07,1.150582e+08
2925.066,346.667445,1.286066e+04,2.302799e+04,6.363536e+07,1.151800e+08
2930.356,346.716088,1.285224e+04,2.301265e+04,6.370335e+07,1.153017e+08
2935.645,346.764698,1.284385e+04,2.299735e+04,6.377128e+07,1.154233e+08
2940.934,346.813276,1.283547e+04,2.298210e+04,6.383917e+07,1.155449e+08
2946.224,346.861822,1.282713e+04,2.296689e+04,6.390702e+07,1.156664e+08
2951.513,346.910337,1.281880e+04,2.295171e+04,6.397483e+07,1.157878e+08
2956.803,346.958820,1.281049e+04,2.293658e+04,6.404259e+07,1.159091e+08
2962.092,347.007271,1.280221e+04,2.292149e+04,6.411030e+07,1.160303e+08
2967.382,347.055690,1.279395e+04,2.290644e+04,6.417798e+07,1.161515e+08
2972.671,347.104078,1.278571e+04,2.289143e+04,6.424561e+07,1.162726e+08
2977.961,347.152434,1.277749e+04,2.287646e+04,6.431319e+07,1.163936e+08
2983.250,347.200759,1.276930e+04,2.286153e+04,6.438074e+07,1.165145e+08
2988.540,347.249053,1.276112e+04,2.284664e+04,6.444823e+07,1.166354e+08
2993.829,347.297315,1.275297e+04,2.283178e+04,6.451569e+07,1.167561e+08
2999.118,347.345547,1.274484e+04,2.281697e+04,6.458310e+07,1.168768e+08
3004.408,347.393747,1.273673e+04,2.280220e+04,6.465047e+07,1.169974e+08
3009.697,347.441916,1.272864e+04,2.278746e+04,6.471780e+07,1.171180e+08
3014.987,347.490055,1.272057e+04,2.277277e+04,6.478509e+07,1.172384e+08
3020.276,347.538163,1.271252e+04,2.275811e+04,6.485233e+07,1.173588e+08
3025.566,347.586240,1.270450e+04,2.274349e+04,6.491953e+07,1.174791e+08
3030.855,347.634286,1.269649e+04,2.272891e+04,6.498669e+07,1.175993e+08
3036.145,347.682302,1.268851e+04,2.271436e+04,6.505380e+07,1.177195e+08
3041.434,347.730287,1.268054e+04,2.269986e+04,6.512087e+07,1.178395e+08
3046.723,347.778242,1.267260e+04,2.268539e+04,6.518791e+07,1.179595e+08
3052.013,347.826167,1.266468e+04,2.267096e+04,6.525489e+07,1.180794e+08
3057.302,347.874061,1.265677e+04,2.265657e+04,6.532184e+07,1.181993e+08
3062.592,347.921926,1.264889e+04,2.264221e+04,6.538875e+07,1.183190e+08
3067.881,347.969760,1.264103e+04,2.262789e+04,6.545561e+07,1.184387e+08
3073.171,348.017564,1.263319e+04,2.261361e+04,6.552243e+07,1.185583e+08
3078.460,348.065338,1.262536e+04,2.259937e+04,6.558922e+07,1.186779e+08
3083.750,348.113082,1.261756e+04,2.258516e+04,6.565596e+07,1.187973e+08
3089.039,348.160797,1.260978e+04,2.257098e+04,6.572265e+07,1.189167e+08
3094.329,348.208482,1.260202e+04,2.255685e+04,6.578931e+07,1.190361e+08
3099.618,348.256137,1.259427e+04,2.254275e+04,6.585593e+07,1.191553e+08
3104.907,348.303763,1.258655e+04,2.252868e+04,6.592251e+07,1.192745e+08
3110.197,348.351359,1.257884e+04,2.251465e+04,6.598904e+07,1.193935e+08
3115.486,348.398926,1.257116e+04,2.250066e+04,6.605553e+07,1.195126e+08
3120.776,348.446463,1.256349e+04,2.248670e+04,6.612199e+07,1.196315e+08
3126.065,348.493972,1.255585e+04,2.247278e+04,6.618840e+07,1.197504e+08
3131.355,348.541451,1.254822e+04,2.245889e+04,6.625478e+07,1.198692e+08
3136.644,348.588901,1.254061e+04,2.244504e+04,6.632111e+07,1.199879e+08
3141.934,348.636322,1.253302e+04,2.243123e+04,6.638740e+07,1.201065e+08
3147.223,348.683714,1.252545e+04,2.241744e+04,6.645365e+07,1.202251e+08
3152.512,348.731077,1.251790e+04,2.240369e+04,6.651987e+07,1.203436e+08
3157.802,348.778411,1.251037e+04,2.238998e+04,6.658604e+07,1.204620e+08
3163.091,348.825717,1.250285e+04,2.237630e+04,6.665217e+07,1.205804e+08
3168.381,348.872993,1.249536e+04,2.236266e+04,6.671827e+07,1.206987e+08
3173.670,348.920242,1.248788e+04,2.234904e+04,6.678432e+07,1.208169e+08
3178.960,348.967461,1.248042e+04,2.233547e+04,6.685034e+07,1.209350e+08
3184.249,349.014653,1.247298e+04,2.232192e+04,6.691631e+07,1.210531e+08
3189.539,349.061816,1.246556e+04,2.230841e+04,6.698225e+07,1.211711e+08
3194.828,349.108950,1.245815e+04,2.229493e+04,6.704814e+07,1.212890e+08
3200.118,349.156056,1.245077e+04,2.228149e+04,6.711400e+07,1.214069e+08
3205.407,349.203134,1.244340e+04,2.226808e+04,6.717982e+07,1.215247e+08
3210.696,349.250184,1.243605e+04,2.225470e+04,6.724560e+07,1.216424e+08
3215.986,349.297206,1.242872e+04,2.224136e+04,6.731134e+07,1.217600e+08
3221.275,349.344200,1.242140e+04,2.222804e+04,6.737704e+07,1.218776e+08
3226.565,349.391167,1.241411e+04,2.221476e+04,6.744271e+07,1.219951e+08
3231.854,349.438105,1.240683e+04,2.220152e+04,6.750833e+07,1.221126e+08
3237.144,349.485015,1.239957e+04,2.218830e+04,6.757392e+07,1.222299e+08
3242.433,349.531898,1.239232e+04,2.217512e+04,6.763947e+07,1.223472e+08
3247.723,349.578753,1.238510e+04,2.216197e+04,6.770498e+07,1.224644e+08
3253.012,349.625581,1.237789e+04,2.214885e+04,6.777045e+07,1.225816e+08
3258.301,349.672381,1.237070e+04,2.213576e+04,6.783588e+07,1.226987e+08
3263.591,349.719153,1.236352e+04,2.212270e+04,6.790128e+07,1.228157e+08
3268.880,349.765899,1.235637e+04,2.210968e+04,6.796664e+07,1.229326e+08
3274.170,349.812616,1.234922e+04,2.209669e+04,6.803196e+07,1.230495e+08
3279.459,349.859307,1.234210e+04,2.208372e+04,6.809724e+07,1.231663e+08
3284.749,349.905971,1.233500e+04,2.207079e+04,6.816249e+07,1.232831e+08
3290.038,349.952607,1.232791e+04,2.205789e+04,6.822770e+07,1.233998e+08
3295.328,349.999216,1.232083e+04,2.204502e+04,6.829287e+07,1.235164e+08
3300.617,350.045799,1.231378e+04,2.203219e+04,6.835800e+07,1.236329e+08
3305.907,350.092354,1.230674e+04,2.201938e+04,6.842310e+07,1.237494e+08
3311.196,350.138883,1.229971e+04,2.200660e+04,6.848815e+07,1.238658e+08
3316.485,350.185385,1.229271e+04,2.199385e+04,6.855318e+07,1.239821e+08
3321.775,350.231860,1.228572e+04,2.198114e+04,6.861816e+07,1.240984e+08
3327.064,350.278308,1.227875e+04,2.196845e+04,6.868311e+07,1.242146e+08
3332.354,350.324730,1.227179e+04,2.195579e+04,6.874802e+07,1.243307e+08
3337.643,350.371125,1.226485e+04,2.194317e+04,6.881289e+07,1.244468e+08
3342.933,350.417494,1.225792e+04,2.193057e+04,6.887773e+07,1.245628e+08
3348.222,350.463837,1.225101e+04,2.191800e+04,6.894253e+07,1.246787e+08
3353.512,350.510153,1.224412e+04,2.190546e+04,6.900730e+07,1.247946e+08
3358.801,350.556442,1.223725e+04,2.189295e+04,6.907203e+07,1.249104e+08
3364.091,350.602706,1.223038e+04,2.188047e+04,6.913672e+07,1.250261e+08
3369.380,350.648943,1.222354e+04,2.186802e+04,6.920137e+07,1.251418e+08
3374.669,350.695154,1.221671e+04,2.185560e+04,6.926599e+07,1.252574e+08
3379.959,350.741340,1.220990e+04,2.184321e+04,6.933058e+07,1.253729e+08
3385.248,350.787499,1.220310e+04,2.183085e+04,6.939512e+07,1.254884e+08
3390.538,350.833632,1.219632e+04,2.181851e+04,6.945964e+07,1.256038e+08
3395.827,350.879739,1.218955e+04,2.180620e+04,6.952411e+07,1.257192e+08
3401.117,350.925821,1.218280e+04,2.179393e+04,6.958855e+07,1.258344e+08
3406.406,350.971877,1.217607e+04,2.178168e+04,6.965296e+07,1.259496e+08
3411.696,351.017907,1.216935e+04,2.176945e+04,6.971733e+07,1.260648e+08
3416.985,351.063912,1.216264e+04,2.175726e+04,6.978166e+07,1.261799e+08
3422.274,351.109891,1.215595e+04,2.174510e+04,6.984596e+07,1.262949e+08
3427.564,351.155844,1.214928e+04,2.173296e+04,6.991022e+07,1.264099e+08
3432.853,351.201772,1.214262e+04,2.172085e+04,6.997445e+07,1.265247e+08
3438.143,351.247675,1.213598e+04,2.170877e+04,7.003864e+07,1.266396e+08
3443.432,351.293552,1.212935e+04,2.169671e+04,7.010280e+07,1.267543e+08
3448.722,351.339404,1.212273e+04,2.168468e+04,7.016692e+07,1.268690e+08
3454.011,351.385230,1.211613e+04,2.167268e+04,7.023101e+07,1.269837e+08
3459.301,351.431032,1.210955e+04,2.166071e+04,7.029506e+07,1.270982e+08
3464.590,351.476808,1.210298e+04,2.164877e+04,7.035908e+07,1.272128e+08
3469.880,351.522560,1.209642e+04,2.163685e+04,7.042306e+07,1.273272e+08
3475.169,351.568286,1.208988e+04,2.162496e+04,7.048701e+07,1.274416e+08
3480.458,351.613988,1.208336e+04,2.161309e+04,7.055093e+07,1.275559e+08
3485.748,351.659664,1.207685e+04,2.160125e+04,7.061481e+07,1.276702e+08
3491.037,351.705316,1.207035e+04,2.158944e+04,7.067865e+07,1.277844e+08
3496.327,351.750943,1.206387e+04,2.157766e+04,7.074246e+07,1.278985e+08
3501.616,351.796545,1.205740e+04,2.156590e+04,7.080624e+07,1.280126e+08
3506.906,351.842123,1.205095e+04,2.155416e+04,7.086998e+07,1.281266e+08
3512.195,351.887676,1.204451e+04,2.154246e+04,7.093369e+07,1.282405e+08
3517.485,351.933204,1.203808e+04,2.153078e+04,7.099737e+07,1.283544e+08
3522.774,351.978708,1.203167e+04,2.151912e+04,7.106101e+07,1.284682e+08
3528.063,352.024188,1.202528e+04,2.150750e+04,7.112462e+07,1.285820e+08
3533.353,352.069643,1.201889e+04,2.149589e+04,7.118819e+07,1.286957e+08
3538.642,352.115073,1.201252e+04,2.148432e+04,7.125173e+07,1.288093e+08
3543.932,352.160480,1.200617e+04,2.147277e+04,7.131523e+07,1.289229e+08
3549.221,352.205862,1.199983e+04,2.146124e+04,7.137871e+07,1.290364e+08
3554.511,352.251220,1.199350e+04,2.144974e+04,7.144215e+07,1.291499e+08
3559.800,352.296554,1.198719e+04,2.143826e+04,7.150555e+07,1.292633e+08
3565.090,352.341864,1.198089e+04,2.142682e+04,7.156892e+07,1.293766e+08
3570.379,352.387150,1.197460e+04,2.141539e+04,7.163226e+07,1.294899e+08
3575.669,352.432412,1.196833e+04,2.140399e+04,7.169557e+07,1.296031e+08
3580.958,352.477650,1.196207e+04,2.139262e+04,7.175884e+07,1.297163e+08
3586.247,352.522864,1.195583e+04,2.138127e+04,7.182208e+07,1.298294e+08
3591.537,352.568054,1.194959e+04,2.136994e+04,7.188529e+07,1.299424e+08
3596.826,352.613220,1.194338e+04,2.135864e+04,7.194846e+07,1.300554e+08
3602.116,352.658363,1.193717e+04,2.134736e+04,7.201160e+07,1.301683e+08
3607.405,352.703482,1.193098e+04,2.133611e+04,7.207471e+07,1.302812e+08
3612.695,352.748578,1.192480e+04,2.132489e+04,7.213779e+07,1.303940e+08
3617.984,352.793650,1.191864e+04,2.131368e+04,7.220083e+07,1.305067e+08
3623.274,352.838698,1.191248e+04,2.130250e+04,7.226384e+07,1.306194e+08
3628.563,352.883723,1.190635e+04,2.129135e+04,7.232682e+07,1.307320e+08
3633.852,352.928725,1.190022e+04,2.128022e+04,7.238976e+07,1.308445e+08
3639.142,352.973703,1.189411e+04,2.126911e+04,7.245268e+07,1.309570e+08
3644.431,353.018658,1.188801e+04,2.125803e+04,7.251556e+07,1.310695e+08
3649.721,353.063590,1.188192e+04,2.124697e+04,7.257841e+07,1.311819e+08
3655.010,353.108498,1.187585e+04,2.123593e+04,7.264122e+07,1.312942e+08
3660.300,353.153384,1.186979e+04,2.122492e+04,7.270401e+07,1.314065e+08
3665.589,353.198246,1.186374e+04,2.121393e+04,7.276676e+07,1.315187e+08
3670.879,353.243085,1.185770e+04,2.120297e+04,7.282948e+07,1.316308e+08
3676.168,353.287901,1.185168e+04,2.119203e+04,7.289217e+07,1.317429e+08
3681.458,353.332694,1.184567e+04,2.118111e+04,7.295483e+07,1.318550e+08
3686.747,353.377465,1.183967e+04,2.117021e+04,7.301745e+07,1.319669e+08
3692.036,353.422212,1.183369e+04,2.115934e+04,7.308005e+07,1.320789e+08
3697.326,353.466937,1.182771e+04,2.114849e+04,7.314261e+07,1.321907e+08
3702.615,353.511639,1.182175e+04,2.113766e+04,7.320514e+07,1.323025e+08
3707.905,353.556318,1.181581e+04,2.112686e+04,7.326764e+07,1.324143e+08
3713.194,353.600974,1.180987e+04,2.111608e+04,7.333011e+07,1.325260e+08
3718.484,353.645608,1.180395e+04,2.110532e+04,7.339254e+07,1.326376e+08
3723.773,353.690219,1.179804e+04,2.109458e+04,7.345495e+07,1.327492e+08
3729.063,353.734808,1.179214e+04,2.108387e+04,7.351732e+07,1.328607e+08
3734.352,353.779374,1.178625e+04,2.107318e+04,7.357966e+07,1.329722e+08
3739.641,353.823918,1.178038e+04,2.106251e+04,7.364198e+07,1.330836e+08
3744.931,353.868439,1.177452e+04,2.105186e+04,7.370426e+07,1.331949e+08
3750.220,353.912939,1.176867e+04,2.104124e+04,7.376651e+07,1.333062e+08
3755.510,353.957415,1.176283e+04,2.103063e+04,7.382873e+07,1.334175e+08
3760.799,354.001870,1.175700e+04,2.102005e+04,7.389091e+07,1.335287e+08
3766.089,354.046302,1.175119e+04,2.100949e+04,7.395307e+07,1.336398e+08
3771.378,354.090712,1.174538e+04,2.099896e+04,7.401520e+07,1.337509e+08
3776.668,354.135100,1.173959e+04,2.098844e+04,7.407729e+07,1.338619e+08
3781.957,354.179466,1.173382e+04,2.097795e+04,7.413936e+07,1.339728e+08
3787.247,354.223810,1.172805e+04,2.096748e+04,7.420139e+07,1.340837e+08
3792.536,354.268132,1.172229e+04,2.095703e+04,7.426340e+07,1.341946e+08
3797.825,354.312432,1.171655e+04,2.094660e+04,7.432537e+07,1.343054e+08
3803.115,354.356710,1.171082e+04,2.093619e+04,7.438732e+07,1.344161e+08
3808.404,354.400967,1.170510e+04,2.092580e+04,7.444923e+07,1.345268e+08
3813.694,354.445201,1.169939e+04,2.091544e+04,7.451111e+07,1.346375e+08
3818.983,354.489414,1.169369e+04,2.090509e+04,7.457297e+07,1.347480e+08
3824.273,354.533605,1.168801e+04,2.089477e+04,7.463479e+07,1.348586e+08
3829.562,354.577774,1.168233e+04,2.088447e+04,7.469658e+07,1.349690e+08
3834.852,354.621922,1.167667e+04,2.087419e+04,7.475835e+07,1.350794e+08
3840.141,354.666048,1.167102e+04,2.086392e+04,7.482008e+07,1.351898e+08
3845.431,354.710153,1.166538e+04,2.085368e+04,7.488178e+07,1.353001e+08
3850.720,354.754236,1.165975e+04,2.084347e+04,7.494346e+07,1.354103e+08
3856.009,354.798297,1.165413e+04,2.083327e+04,7.500510e+07,1.355205e+08
3861.299,354.842338,1.164852e+04,2.082309e+04,7.506671e+07,1.356307e+08
3866.588,354.886357,1.164293e+04,2.081293e+04,7.512830e+07,1.357408e+08
3871.878,354.930354,1.163734e+04,2.080279e+04,7.518985e+07,1.358508e+08
3877.167,354.974330,1.163177e+04,2.079268e+04,7.525138e+07,1.359608e+08
3882.457,355.018285,1.162621e+04,2.078258e+04,7.531288e+07,1.360707e+08
3887.746,355.062219,1.162065e+04,2.077250e+04,7.537434e+07,1.361806e+08
3893.036,355.106132,1.161511e+04,2.076245e+04,7.543578e+07,1.362904e+08
3898.325,355.150024,1.160958e+04,2.075241e+04,7.549719e+07,1.364002e+08
3903.614,355.193894,1.160407e+04,2.074240e+04,7.555857e+07,1.365099e+08
3908.904,355.237744,1.159856e+04,2.073240e+04,7.561992e+07,1.366196e+08
3914.193,355.281572,1.159306e+04,2.072242e+04,7.568124e+07,1.367292e+08
3919.483,355.325380,1.158757e+04,2.071247e+04,7.574253e+07,1.368387e+08
3924.772,355.369166,1.158210e+04,2.070253e+04,7.580379e+07,1.369482e+08
3930.062,355.412932,1.157663e+04,2.069261e+04,7.586503e+07,1.370577e+08
3935.351,355.456677,1.157118e+04,2.068271e+04,7.592623e+07,1.371671e+08
3940.641,355.500401,1.156574e+04,2.067283e+04,7.598741e+07,1.372764e+08
3945.930,355.544105,1.156030e+04,2.066297e+04,7.604856e+07,1.373857e+08
3951.220,355.587787,1.155488e+04,2.065313e+04,7.610968e+07,1.374950e+08
3956.509,355.631450,1.154947e+04,2.064331e+04,7.617077e+07,1.376042e+08
3961.798,355.675091,1.154407e+04,2.063351e+04,7.623183e+07,1.377133e+08
3967.088,355.718712,1.153868e+04,2.062373e+04,7.629286e+07,1.378224e+08
3972.377,355.762312,1.153329e+04,2.061397e+04,7.635387e+07,1.379314e+08
3977.667,355.805892,1.152792e+04,2.060422e+04,7.641484e+07,1.380404e+08
3982.956,355.849451,1.152256e+04,2.059450e+04,7.647579e+07,1.381494e+08
3988.246,355.892990,1.151721e+04,2.058479e+04,7.653671e+07,1.382582e+08
3993.535,355.936509,1.151187e+04,2.057510e+04,7.659760e+07,1.383671e+08
3998.825,355.980007,1.150654e+04,2.056544e+04,7.665847e+07,1.384758e+08
4004.114,356.023485,1.150123e+04,2.055579e+04,7.671930e+07,1.385846e+08
4009.403,356.066943,1.149592e+04,2.054615e+04,7.678011e+07,1.386933e+08
4014.693,356.110380,1.149062e+04,2.053654e+04,7.684089e+07,1.388019e+08
4019.982,356.153798,1.148533e+04,2.052695e+04,7.690164e+07,1.389105e+08
4025.272,356.197195,1.148005e+04,2.051737e+04,7.696236e+07,1.390190e+08
4030.561,356.240572,1.147478e+04,2.050781e+04,7.702306e+07,1.391275e+08
4035.851,356.283929,1.146952e+04,2.049827e+04,7.708372e+07,1.392359e+08
4041.140,356.327266,1.146427e+04,2.048875e+04,7.714436e+07,1.393443e+08
4046.430,356.370582,1.145903e+04,2.047925e+04,7.720498e+07,1.394526e+08
4051.719,356.413879,1.145380e+04,2.046977e+04,7.726556e+07,1.395609e+08
4057.009,356.457156,1.144858e+04,2.046030e+04,7.732612e+07,1.396691e+08
4062.298,356.500414,1.144337e+04,2.045085e+04,7.738665e+07,1.397773e+08
4067.587,356.543651,1.143817e+04,2.044142e+04,7.744715e+07,1.398854e+08
4072.877,356.586868,1.143298e+04,2.043201e+04,7.750762e+07,1.399934e+08
4078.166,356.630066,1.142780e+04,2.042261e+04,7.756807e+07,1.401015e+08
4083.456,356.673244,1.142263e+04,2.041323e+04,7.762849e+07,1.402094e+08
4088.745,356.716403,1.141747e+04,2.040387e+04,7.768888e+07,1.403174e+08
4094.035,356.759541,1.141232e+04,2.039453e+04,7.774924e+07,1.404253e+08
4099.324,356.802660,1.140718e+04,2.038521e+04,7.780958e+07,1.405331e+08
4104.614,356.845760,1.140205e+04,2.037590e+04,7.786989e+07,1.406409e+08
4109.903,356.888840,1.139692e+04,2.036661e+04,7.793018e+07,1.407486e+08
4115.192,356.931900,1.139181e+04,2.035734e+04,7.799043e+07,1.408563e+08
4120.482,356.974941,1.138671e+04,2.034809e+04,7.805066e+07,1.409639e+08
4125.771,357.017962,1.138161e+04,2.033885e+04,7.811086e+07,1.410715e+08
4131.061,357.060964,1.137653e+04,2.032963e+04,7.817104e+07,1.411790e+08
4136.350,357.103947,1.137145e+04,2.032043e+04,7.823119e+07,1.412865e+08
4141.640,357.146911,1.136638e+04,2.031124e+04,7.829131e+07,1.413939e+08
4146.929,357.189855,1.136133e+04,2.030207e+04,7.835141e+07,1.415013e+08
4152.219,357.232780,1.135628e+04,2.029292e+04,7.841147e+07,1.416086e+08
4157.508,357.275685,1.135124e+04,2.028379e+04,7.847152e+07,1.417159e+08
4162.798,357.318572,1.134621e+04,2.027467e+04,7.853153e+07,1.418232e+08
4168.087,357.361439,1.134119e+04,2.026557e+04,7.859152e+07,1.419304e+08
4173.376,357.404287,1.133618e+04,2.025648e+04,7.865148e+07,1.420375e+08
4178.666,357.447116,1.133118e+04,2.024742e+04,7.871142e+07,1.421446e+08
4183.955,357.489926,1.132618e+04,2.023837e+04,7.877133e+07,1.422517e+08
4189.245,357.532717,1.132120e+04,2.022933e+04,7.883121e+07,1.423587e+08
4194.534,357.575489,1.131622e+04,2.022031e+04,7.889107e+07,1.424656e+08
4199.824,357.618242,1.131126e+04,2.021131e+04,7.895090e+07,1.425725e+08
4205.113,357.660976,1.130630e+04,2.020233e+04,7.901070e+07,1.426794e+08
4210.403,357.703692,1.130135e+04,2.019336e+04,7.907048e+07,1.427862e+08
4215.692,357.746388,1.129641e+04,2.018441e+04,7.913023e+07,1.428930e+08
4220.981,357.789066,1.129148e+04,2.017547e+04,7.918996e+07,1.429997e+08
4226.271,357.831725,1.128656e+04,2.016655e+04,7.924966e+07,1.431064e+08
4231.560,357.874365,1.128165e+04,2.015765e+04,7.930933e+07,1.432130e+08
4236.850,357.916986,1.127675e+04,2.014876e+04,7.936898e+07,1.433196e+08
4242.139,357.959589,1.127185e+04,2.013989e+04,7.942860e+07,1.434261e+08
4247.429,358.002173,1.126696e+04,2.013104e+04,7.948820e+07,1.435326e+08
4252.718,358.044739,1.126209e+04,2.012220e+04,7.954777e+07,1.436390e+08
4258.008,358.087286,1.125722e+04,2.011338e+04,7.960731e+07,1.437454e+08
4263.297,358.129814,1.125236e+04,2.010457e+04,7.966683e+07,1.438517e+08
4268.587,358.172324,1.124751e+04,2.009578e+04,7.972632e+07,1.439580e+08
4273.876,358.214816,1.124266e+04,2.008700e+04,7.978579e+07,1.440643e+08
4279.165,358.257289,1.123783e+04,2.007824e+04,7.984523e+07,1.441705e+08
4284.455,358.299743,1.123300e+04,2.006950e+04,7.990465e+07,1.442766e+08
4289.744,358.342180,1.122818e+04,2.006077e+04,7.996404e+07,1.443827e+08
4295.034,358.384598,1.122337e+04,2.005206e+04,8.002341e+07,1.444888e+08
4300.323,358.426997,1.121857e+04,2.004336e+04,8.008275e+07,1.445948e+08
4305.613,358.469379,1.121378e+04,2.003468e+04,8.014206e+07,1.447008e+08
4310.902,358.511742,1.120900e+04,2.002601e+04,8.020135e+07,1.448067e+08
4316.192,358.554086,1.120422e+04,2.001736e+04,8.026061e+07,1.449126e+08
4321.481,358.596413,1.119945e+04,2.000873e+04,8.031985e+07,1.450184e+08
4326.770,358.638722,1.119470e+04,2.000011e+04,8.037907e+07,1.451242e+08
4332.060,358.681012,1.118995e+04,1.999150e+04,8.043825e+07,1.452300e+08
4337.349,358.723285,1.118520e+04,1.998291e+04,8.049742e+07,1.453357e+08
4342.639,358.765539,1.118047e+04,1.997434e+04,8.055656e+07,1.454413e+08
4347.928,358.807775,1.117574e+04,1.996578e+04,8.061567e+07,1.455469e+08
4353.218,358.849993,1.117103e+04,1.995724e+04,8.067476e+07,1.456525e+08
4358.507,358.892194,1.116632e+04,1.994871e+04,8.073382e+07,1.457580e+08
4363.797,358.934376,1.116161e+04,1.994019e+04,8.079286e+07,1.458635e+08
4369.086,358.976541,1.115692e+04,1.993169e+04,8.085188e+07,1.459689e+08
4374.376,359.018687,1.115224e+04,1.992321e+04,8.091086e+07,1.460743e+08
4379.665,359.060816,1.114756e+04,1.991474e+04,8.096983e+07,1.461796e+08
4384.954,359.102927,1.114289e+04,1.990628e+04,8.102877e+07,1.462849e+08
4390.244,359.145021,1.113823e+04,1.989784e+04,8.108768e+07,1.463902e+08
4395.533,359.187096,1.113358e+04,1.988942e+04,8.114657e+07,1.464954e+08
4400.823,359.229154,1.112893e+04,1.988101e+04,8.120544e+07,1.466005e+08
4406.112,359.271194,1.112429e+04,1.987261e+04,8.126428e+07,1.467057e+08
4411.402,359.313217,1.111966e+04,1.986423e+04,8.132310e+07,1.468107e+08
4416.691,359.355221,1.111504e+04,1.985586e+04,8.138189e+07,1.469158e+08
4421.981,359.397209,1.111043e+04,1.984751e+04,8.144066e+07,1.470207e+08
4427.270,359.439179,1.110582e+04,1.983917e+04,8.149940e+07,1.471257e+08
4432.560,359.481131,1.110122e+04,1.983084e+04,8.155812e+07,1.472306e+08
4437.849,359.523065,1.109663e+04,1.982253e+04,8.161682e+07,1.473354e+08
4443.138,359.564983,1.109205e+04,1.981424e+04,8.167549e+07,1.474402e+08
4448.428,359.606883,1.108748e+04,1.980596e+04,8.173414e+07,1.475450e+08
4453.717,359.648765,1.108291e+04,1.979769e+04,8.179276e+07,1.476497e+08
4459.007,359.690630,1.107835e+04,1.978944e+04,8.185136e+07,1.477544e+08
4464.296,359.732478,1.107380e+04,1.978120e+04,8.190993e+07,1.478590e+08
4469.586,359.774308,1.106925e+04,1.977297e+04,8.196848e+07,1.479636e+08
4474.875,359.816121,1.106472e+04,1.976476e+04,8.202701e+07,1.480681e+08
4480.165,359.857917,1.106019e+04,1.975657e+04,8.208551e+07,1.481727e+08
4485.454,359.899696,1.105567e+04,1.974838e+04,8.214399e+07,1.482771e+08
4490.743,359.941457,1.105115e+04,1.974021e+04,8.220244e+07,1.483815e+08
4496.033,359.983201,1.104665e+04,1.973206e+04,8.226087e+07,1.484859e+08
4501.322,360.024928,1.104215e+04,1.972392e+04,8.231928e+07,1.485902e+08
4506.612,360.066638,1.103766e+04,1.971579e+04,8.237766e+07,1.486945e+08
4511.901,360.108331,1.103317e+04,1.970768e+04,8.243602e+07,1.487988e+08
4517.191,360.150007,1.102870e+04,1.969958e+04,8.249436e+07,1.489030e+08
4522.480,360.191666,1.102423e+04,1.969149e+04,8.255267e+07,1.490071e+08
4527.770,360.233307,1.101977e+04,1.968342e+04,8.261096e+07,1.491112e+08
4533.059,360.274932,1.101531e+04,1.967536e+04,8.266922e+07,1.492153e+08
4538.349,360.316540,1.101087e+04,1.966731e+04,8.272747e+07,1.493193e+08
4543.638,360.358131,1.100643e+04,1.965928e+04,8.278568e+07,1.494233e+08
4548.927,360.399705,1.100199e+04,1.965126e+04,8.284388e+07,1.495273e+08
4554.217,360.441262,1.099757e+04,1.964325e+04,8.290205e+07,1.496312e+08
4559.506,360.482803,1.099315e+04,1.963526e+04,8.296020e+07,1.497350e+08
4564.796,360.524326,1.098874e+04,1.962728e+04,8.301832e+07,1.498388e+08
4570.085,360.565833,1.098434e+04,1.961931e+04,8.307642e+07,1.499426e+08
4575.375,360.607323,1.097994e+04,1.961136e+04,8.313450e+07,1.500463e+08
4580.664,360.648796,1.097555e+04,1.960342e+04,8.319255e+07,1.501500e+08
4585.954,360.690253,1.097117e+04,1.959550e+04,8.325059e+07,1.502537e+08
4591.243,360.731693,1.096679e+04,1.958758e+04,8.330859e+07,1.503573e+08
4596.532,360.773116,1.096243e+04,1.957968e+04,8.336658e+07,1.504609e+08
4601.822,360.814523,1.095807e+04,1.957180e+04,8.342454e+07,1.505644e+08
4607.111,360.855913,1.095371e+04,1.956392e+04,8.348248e+07,1.506679e+08
4612.401,360.897287,1.094937e+04,1.955606e+04,8.354040e+07,1.507713e+08
4617.690,360.938644,1.094503e+04,1.954821e+04,8.359829e+07,1.508747e+08
4622.980,360.979984,1.094069e+04,1.954038e+04,8.365616e+07,1.509781e+08
4628.269,361.021308,1.093637e+04,1.953255e+04,8.371401e+07,1.510814e+08
4633.559,361.062616,1.093205e+04,1.952475e+04,8.377183e+07,1.511847e+08
4638.848,361.103907,1.092774e+04,1.951695e+04,8.382963e+07,1.512879e+08
4644.138,361.145182,1.092343e+04,1.950916e+04,8.388741e+07,1.513911e+08
4649.427,361.186441,1.091914e+04,1.950139e+04,8.394517e+07,1.514942e+08
4654.716,361.227683,1.091484e+04,1.949363e+04,8.400290e+07,1.515973e+08
4660.006,361.268908,1.091056e+04,1.948589e+04,8.406061e+07,1.517004e+08
4665.295,361.310118,1.090628e+04,1.947815e+04,8.411830e+07,1.518034e+08
4670.585,361.351311,1.090201e+04,1.947043e+04,8.417597e+07,1.519064e+08
4675.874,361.392488,1.089775e+04,1.946272e+04,8.423361e+07,1.520094e+08
4681.164,361.433649,1.089349e+04,1.945503e+04,8.429123e+07,1.521123e+08
4686.453,361.474793,1.088924e+04,1.944734e+04,8.434883e+07,1.522151e+08
4691.743,361.515922,1.088500e+04,1.943967e+04,8.440640e+07,1.523180e+08
4697.032,361.557034,1.088076e+04,1.943201e+04,8.446396e+07,1.524208e+08
4702.321,361.598130,1.087653e+04,1.942437e+04,8.452149e+07,1.525235e+08
4707.611,361.639210,1.087231e+04,1.941673e+04,8.457900e+07,1.526262e+08
4712.900,361.680274,1.086809e+04,1.940911e+04,8.463648e+07,1.527289e+08
4718.190,361.721322,1.086388e+04,1.940150e+04,8.469395e+07,1.528315e+08
4723.479,361.762354,1.085967e+04,1.939390e+04,8.475139e+07,1.529341e+08
4728.769,361.803370,1.085548e+04,1.938632e+04,8.480881e+07,1.530366e+08
4734.058,361.844370,1.085129e+04,1.937874e+04,8.486621e+07,1.531391e+08
4739.348,361.885355,1.084710e+04,1.937118e+04,8.492358e+07,1.532416e+08
4744.637,361.926323,1.084292e+04,1.936363e+04,8.498093e+07,1.533440e+08
4749.927,361.967275,1.083875e+04,1.935609e+04,8.503827e+07,1.534464e+08
4755.216,362.008212,1.083459e+04,1.934857e+04,8.509557e+07,1.535487e+08
4760.505,362.049132,1.083043e+04,1.934105e+04,8.515286e+07,1.536510e+08
4765.795,362.090037,1.082628e+04,1.933355e+04,8.521013e+07,1.537533e+08
4771.084,362.130926,1.082213e+04,1.932606e+04,8.526737e+07,1.538555e+08
4776.374,362.171800,1.081799e+04,1.931858e+04,8.532459e+07,1.539577e+08
4781.663,362.212657,1.081386e+04,1.931112e+04,8.538179e+07,1.540599e+08
4786.953,362.253499,1.080974e+04,1.930366e+04,8.543897e+07,1.541620e+08
4792.242,362.294325,1.080562e+04,1.929622e+04,8.549612e+07,1.542640e+08
4797.532,362.335136,1.080150e+04,1.928879e+04,8.555326e+07,1.543661e+08
4802.821,362.375931,1.079740e+04,1.928137e+04,8.561037e+07,1.544680e+08
4808.110,362.416710,1.079329e+04,1.927396e+04,8.566746e+07,1.545700e+08
4813.400,362.457474,1.078920e+04,1.926657e+04,8.572453e+07,1.546719e+08
4818.689,362.498222,1.078511e+04,1.925918e+04,8.578158e+07,1.547738e+08
4823.979,362.538954,1.078103e+04,1.925181e+04,8.583860e+07,1.548756e+08
4829.268,362.579672,1.077695e+04,1.924445e+04,8.589561e+07,1.549774e+08
4834.558,362.620373,1.077288e+04,1.923710e+04,8.595259e+07,1.550792e+08
4839.847,362.661059,1.076882e+04,1.922976e+04,8.600955e+07,1.551809e+08
4845.137,362.701730,1.076476e+04,1.922243e+04,8.606649e+07,1.552825e+08
4850.426,362.742385,1.076071e+04,1.921511e+04,8.612341e+07,1.553842e+08
4855.716,362.783025,1.075667e+04,1.920781e+04,8.618031e+07,1.554858e+08
4861.005,362.823650,1.075263e+04,1.920051e+04,8.623718e+07,1.555873e+08
4866.294,362.864259,1.074859e+04,1.919323e+04,8.629403e+07,1.556889e+08
4871.584,362.904853,1.074457e+04,1.918596e+04,8.635087e+07,1.557903e+08
4876.873,362.945431,1.074055e+04,1.917870e+04,8.640768e+07,1.558918e+08
4882.163,362.985995,1.073653e+04,1.917145e+04,8.646447e+07,1.559932e+08
4887.452,363.026543,1.073252e+04,1.916421e+04,8.652124e+07,1.560946e+08
4892.742,363.067075,1.072852e+04,1.915699e+04,8.657799e+07,1.561959e+08
4898.031,363.107593,1.072452e+04,1.914977e+04,8.663471e+07,1.562972e+08
4903.321,363.148095,1.072053e+04,1.914257e+04,8.669142e+07,1.563984e+08
4908.610,363.188583,1.071655e+04,1.913538e+04,8.674810e+07,1.564997e+08
4913.900,363.229055,1.071257e+04,1.912819e+04,8.680477e+07,1.566008e+08
4919.189,363.269512,1.070860e+04,1.912102e+04,8.686141e+07,1.567020e+08
4924.478,363.309954,1.070463e+04,1.911386e+04,8.691803e+07,1.568031e+08
4929.768,363.350381,1.070067e+04,1.910671e+04,8.697463e+07,1.569041e+08
4935.057,363.390792,1.069671e+04,1.909957e+04,8.703121e+07,1.570052e+08
4940.347,363.431189,1.069276e+04,1.909244e+04,8.708777e+07,1.571062e+08
4945.636,363.471571,1.068882e+04,1.908533e+04,8.714431e+07,1.572071e+08
4950.926,363.511938,1.068488e+04,1.907822e+04,8.720083e+07,1.573080e+08
4956.215,363.552289,1.068095e+04,1.907113e+04,8.725732e+07,1.574089e+08
4961.505,363.592626,1.067702e+04,1.906404e+04,8.731380e+07,1.575097e+08
4966.794,363.632948,1.067310e+04,1.905697e+04,8.737025e+07,1.576105e+08
4972.083,363.673255,1.066919e+04,1.904990e+04,8.742669e+07,1.577113e+08
4977.373,363.713548,1.066528e+04,1.904285e+04,8.748310e+07,1.578120e+08
4982.662,363.753825,1.066138e+04,1.903581e+04,8.753949e+07,1.579127e+08
4987.952,363.794088,1.065748e+04,1.902878e+04,8.759587e+07,1.580134e+08
4993.241,363.834335,1.065359e+04,1.902175e+04,8.765222e+07,1.581140e+08
4998.531,363.874568,1.064970e+04,1.901474e+04,8.770855e+07,1.582146e+08
5003.820,363.914787,1.064582e+04,1.900774e+04,8.776486e+07,1.583151e+08
5009.110,363.954990,1.064195e+04,1.900075e+04,8.782115e+07,1.584156e+08
5014.399,363.995179,1.063808e+04,1.899377e+04,8.787742e+07,1.585161e+08
5019.689,364.035353,1.063421e+04,1.898680e+04,8.793367e+07,1.586165e+08
5024.978,364.075512,1.063036e+04,1.897985e+04,8.798990e+07,1.587169e+08
5030.267,364.115657,1.062650e+04,1.897290e+04,8.804610e+07,1.588172e+08
5035.557,364.155787,1.062266e+04,1.896596e+04,8.810229e+07,1.589176e+08
5040.846,364.195903,1.061882e+04,1.895903e+04,8.815846e+07,1.590178e+08
5046.136,364.236004,1.061498e+04,1.895211e+04,8.821461e+07,1.591181e+08
5051.425,364.276090,1.061115e+04,1.894521e+04,8.827074e+07,1.592183e+08
5056.715,364.316162,1.060732e+04,1.893831e+04,8.832684e+07,1.593185e+08
5062.004,364.356219,1.060351e+04,1.893142e+04,8.838293e+07,1.594186e+08
5067.294,364.396262,1.059969e+04,1.892454e+04,8.843900e+07,1.595187e+08
5072.583,364.436290,1.059588e+04,1.891768e+04,8.849504e+07,1.596188e+08
5077.872,364.476304,1.059208e+04,1.891082e+04,8.855107e+07,1.597188e+08
5083.162,364.516304,1.058828e+04,1.890397e+04,8.860707e+07,1.598188e+08
5088.451,364.556289,1.058449e+04,1.889714e+04,8.866306e+07,1.599187e+08
5093.741,364.596259,1.058070e+04,1.889031e+04,8.871903e+07,1.600187e+08
5099.030,364.636216,1.057692e+04,1.888349e+04,8.877497e+07,1.601186e+08
5104.320,364.676158,1.057315e+04,1.887669e+04,8.883090e+07,1.602184e+08
5109.609,364.716085,1.056938e+04,1.886989e+04,8.888680e+07,1.603182e+08
5114.899,364.755998,1.056561e+04,1.886310e+04,8.894269e+07,1.604180e+08
5120.188,364.795897,1.056185e+04,1.885632e+04,8.899856e+07,1.605177e+08
5125.478,364.835782,1.055810e+04,1.884956e+04,8.905440e+07,1.606174e+08
5130.767,364.875652,1.055435e+04,1.884280e+04,8.911023e+07,1.607171e+08
5136.056,364.915509,1.055060e+04,1.883605e+04,8.916604e+07,1.608167e+08
5141.346,364.955351,1.054686e+04,1.882931e+04,8.922182e+07,1.609163e+08
5146.635,364.995179,1.054313e+04,1.882259e+04,8.927759e+07,1.610159e+08
5151.925,365.034992,1.053940e+04,1.881587e+04,8.933334e+07,1.611154e+08
5157.214,365.074792,1.053568e+04,1.880916e+04,8.938907e+07,1.612149e+08
5162.504,365.114577,1.053196e+04,1.880246e+04,8.944478e+07,1.613144e+08
5167.793,365.154348,1.052825e+04,1.879577e+04,8.950046e+07,1.614138e+08
5173.083,365.194105,1.052454e+04,1.878909e+04,8.955613e+07,1.615132e+08
5178.372,365.233849,1.052084e+04,1.878242e+04,8.961178e+07,1.616125e+08
5183.661,365.273578,1.051714e+04,1.877576e+04,8.966741e+07,1.617118e+08
5188.951,365.313293,1.051345e+04,1.876911e+04,8.972302e+07,1.618111e+08
5194.240,365.352994,1.050976e+04,1.876246e+04,8.977861e+07,1.619103e+08
5199.530,365.392681,1.050608e+04,1.875583e+04,8.983419e+07,1.620096e+08
5204.819,365.432354,1.050240e+04,1.874921e+04,8.988974e+07,1.621087e+08
5210.109,365.472013,1.049873e+04,1.874259e+04,8.994527e+07,1.622079e+08
5215.398,365.511658,1.049506e+04,1.873599e+04,9.000078e+07,1.623070e+08
5220.688,365.551289,1.049140e+04,1.872939e+04,9.005628e+07,1.624060e+08
5225.977,365.590907,1.048774e+04,1.872281e+04,9.011175e+07,1.625051e+08
5231.267,365.630510,1.048409e+04,1.871623e+04,9.016721e+07,1.626041e+08
5236.556,365.670100,1.048044e+04,1.870967e+04,9.022264e+07,1.627030e+08
5241.845,365.709676,1.047680e+04,1.870311e+04,9.027806e+07,1.628020e+08
5247.135,365.749238,1.047317e+04,1.869656e+04,9.033346e+07,1.629009e+08
5252.424,365.788786,1.046953e+04,1.869002e+04,9.038883e+07,1.629997e+08
5257.714,365.828320,1.046591e+04,1.868349e+04,9.044419e+07,1.630985e+08
5263.003,365.867841,1.046228e+04,1.867697e+04,9.049953e+07,1.631973e+08
5268.293,365.907348,1.045867e+04,1.867046e+04,9.055485e+07,1.632961e+08
5273.582,365.946841,1.045506e+04,1.866395e+04,9.061015e+07,1.633948e+08
5278.872,365.986321,1.045145e+04,1.865746e+04,9.066544e+07,1.634935e+08
5284.161,366.025787,1.044785e+04,1.865098e+04,9.072070e+07,1.635922e+08
5289.450,366.065239,1.044425e+04,1.864450e+04,9.077594e+07,1.636908e+08
5294.740,366.104677,1.044066e+04,1.863803e+04,9.083117e+07,1.637894e+08
5300.029,366.144102,1.043707e+04,1.863158e+04,9.088638e+07,1.638879e+08
5305.319,366.183513,1.043348e+04,1.862513e+04,9.094156e+07,1.639864e+08
5310.608,366.222911,1.042991e+04,1.861869e+04,9.099673e+07,1.640849e+08
5315.898,366.262295,1.042633e+04,1.861226e+04,9.105188e+07,1.641834e+08
5321.187,366.301666,1.042276e+04,1.860584e+04,9.110701e+07,1.642818e+08
5326.477,366.341023,1.041920e+04,1.859942e+04,9.116212e+07,1.643801e+08
5331.766,366.380367,1.041564e+04,1.859302e+04,9.121722e+07,1.644785e+08
5337.056,366.419697,1.041209e+04,1.858662e+04,9.127229e+07,1.645768e+08
5342.345,366.459013,1.040854e+04,1.858024e+04,9.132735e+07,1.646751e+08
5347.634,366.498316,1.040499e+04,1.857386e+04,9.138238e+07,1.647733e+08
5352.924,366.537606,1.040145e+04,1.856749e+04,9.143740e+07,1.648715e+08
5358.213,366.576882,1.039792e+04,1.856113e+04,9.149240e+07,1.649697e+08
5363.503,366.616145,1.039439e+04,1.855478e+04,9.154738e+07,1.650679e+08
5368.792,366.655395,1.039086e+04,1.854844e+04,9.160234e+07,1.651660e+08
5374.082,366.694631,1.038734e+04,1.854210e+04,9.165729e+07,1.652641e+08
5379.371,366.733853,1.038382e+04,1.853578e+04,9.171221e+07,1.653621e+08
5384.661,366.773063,1.038031e+04,1.852946e+04,9.176712e+07,1.654601e+08
5389.950,366.812259,1.037680e+04,1.852315e+04,9.182201e+07,1.655581e+08
5395.239,366.851442,1.037330e+04,1.851685e+04,9.187687e+07,1.656560e+08
5400.529,366.890611,1.036980e+04,1.851056e+04,9.193172e+07,1.657539e+08
5405.818,366.929768,1.036631e+04,1.850428e+04,9.198656e+07,1.658518e+08
5411.108,366.968911,1.036282e+04,1.849801e+04,9.204137e+07,1.659497e+08
5416.397,367.008041,1.035933e+04,1.849174e+04,9.209617e+07,1.660475e+08
5421.687,367.047157,1.035585e+04,1.848548e+04,9.215094e+07,1.661453e+08
5426.976,367.086261,1.035238e+04,1.847924e+04,9.220570e+07,1.662430e+08
5432.266,367.125351,1.034890e+04,1.847300e+04,9.226044e+07,1.663407e+08
5437.555,367.164428,1.034544e+04,1.846676e+04,9.231516e+07,1.664384e+08
5442.845,367.203492,1.034198e+04,1.846054e+04,9.236987e+07,1.665360e+08
5448.134,367.242543,1.033852e+04,1.845433e+04,9.242455e+07,1.666337e+08
5453.423,367.281581,1.033507e+04,1.844812e+04,9.247922e+07,1.667312e+08
5458.713,367.320605,1.033162e+04,1.844192e+04,9.253387e+07,1.668288e+08
5464.002,367.359617,1.032817e+04,1.843573e+04,9.258850e+07,1.669263e+08
5469.292,367.398615,1.032473e+04,1.842955e+04,9.264311e+07,1.670238e+08
5474.581,367.437601,1.032130e+04,1.842338e+04,9.269770e+07,1.671212e+08
5479.871,367.476573,1.031787e+04,1.841721e+04,9.275228e+07,1.672186e+08
5485.160,367.515533,1.031444e+04,1.841106e+04,9.280684e+07,1.673160e+08
5490.450,367.554479,1.031102e+04,1.840491e+04,9.286138e+07,1.674134e+08
5495.739,367.593413,1.030760e+04,1.839877e+04,9.291590e+07,1.675107e+08
5501.029,367.632334,1.030419e+04,1.839263e+04,9.297040e+07,1.676080e+08
5506.318,367.671241,1.030078e+04,1.838651e+04,9.302489e+07,1.677052e+08
5511.607,367.710136,1.029737e+04,1.838039e+04,9.307935e+07,1.678025e+08
5516.897,367.749018,1.029397e+04,1.837429e+04,9.313380e+07,1.678997e+08
5522.186,367.787887,1.029058e+04,1.836819e+04,9.318823e+07,1.679968e+08
5527.476,367.826743,1.028718e+04,1.836209e+04,9.324265e+07,1.680939e+08
5532.765,367.865586,1.028380e+04,1.835601e+04,9.329704e+07,1.681910e+08
5538.055,367.904417,1.028041e+04,1.834993e+04,9.335142e+07,1.682881e+08
5543.344,367.943235,1.027703e+04,1.834387e+04,9.340578e+07,1.683851e+08
5548.634,367.982039,1.027366e+04,1.833781e+04,9.346012e+07,1.684821e+08
5553.923,368.020831,1.027029e+04,1.833175e+04,9.351445e+07,1.685791e+08
5559.212,368.059611,1.026692e+04,1.832571e+04,9.356875e+07,1.686760e+08
5564.502,368.098377,1.026356e+04,1.831967e+04,9.362304e+07,1.687729e+08
5569.791,368.137131,1.026020e+04,1.831365e+04,9.367731e+07,1.688698e+08
5575.081,368.175872,1.025685e+04,1.830763e+04,9.373157e+07,1.689666e+08
5580.370,368.214601,1.025350e+04,1.830161e+04,9.378580e+07,1.690634e+08
5585.660,368.253316,1.025016e+04,1.829561e+04,9.384002e+07,1.691602e+08
5590.949,368.292020,1.024681e+04,1.828961e+04,9.389422e+07,1.692569e+08
5596.239,368.330710,1.024348e+04,1.828362e+04,9.394840e+07,1.693537e+08
5601.528,368.369388,1.024014e+04,1.827764e+04,9.400257e+07,1.694503e+08
5606.818,368.408053,1.023682e+04,1.827167e+04,9.405671e+07,1.695470e+08
5612.107,368.446706,1.023349e+04,1.826570e+04,9.411084e+07,1.696436e+08
5617.396,368.485346,1.023017e+04,1.825975e+04,9.416496e+07,1.697402e+08
5622.686,368.523973,1.022686e+04,1.825380e+04,9.421905e+07,1.698367e+08
5627.975,368.562588,1.022354e+04,1.824785e+04,9.427313e+07,1.699332e+08
5633.265,368.601190,1.022024e+04,1.824192e+04,9.432719e+07,1.700297e+08
5638.554,368.639780,1.021693e+04,1.823599e+04,9.438123e+07,1.701262e+08
5643.844,368.678357,1.021363e+04,1.823007e+04,9.443525e+07,1.702226e+08
5649.133,368.716922,1.021034e+04,1.822416e+04,9.448926e+07,1.703190e+08
5654.423,368.755475,1.020704e+04,1.821825e+04,9.454325e+07,1.704154e+08
5659.712,368.794014,1.020376e+04,1.821236e+04,9.459722e+07,1.705117e+08
5665.001,368.832542,1.020047e+04,1.820647e+04,9.465118e+07,1.706080e+08
5670.291,368.871057,1.019719e+04,1.820059e+04,9.470511e+07,1.707043e+08
5675.580,368.909560,1.019392e+04,1.819471e+04,9.475903e+07,1.708005e+08
5680.870,368.948050,1.019065e+04,1.818885e+04,9.481294e+07,1.708967e+08
5686.159,368.986528,1.018738e+04,1.818299e+04,9.486682e+07,1.709929e+08
5691.449,369.024993,1.018412e+04,1.817713e+04,9.492069e+07,1.710891e+08
5696.738,369.063446,1.018086e+04,1.817129e+04,9.497454e+07,1.711852e+08
5702.028,369.101887,1.017760e+04,1.816545e+04,9.502838e+07,1.712813e+08
5707.317,369.140316,1.017435e+04,1.815962e+04,9.508219e+07,1.713773e+08
5712.607,369.178732,1.017110e+04,1.815380e+04,9.513599e+07,1.714733e+08
5717.896,369.217136,1.016786e+04,1.814799e+04,9.518978e+07,1.715693e+08
5723.185,369.255527,1.016462e+04,1.814218e+04,9.524354e+07,1.716653e+08
5728.475,369.293907,1.016138e+04,1.813638e+04,9.529729e+07,1.717612e+08
5733.764,369.332274,1.015815e+04,1.813059e+04,9.535102e+07,1.718571e+08
5739.054,369.370629,1.015492e+04,1.812480e+04,9.540473e+07,1.719530e+08
5744.343,369.408972,1.015169e+04,1.811902e+04,9.545843e+07,1.720488e+08
5749.633,369.447302,1.014847e+04,1.811325e+04,9.551211e+07,1.721447e+08
5754.922,369.485620,1.014526e+04,1.810749e+04,9.556577e+07,1.722404e+08
5760.212,369.523927,1.014204e+04,1.810173e+04,9.561942e+07,1.723362e+08
5765.501,369.562221,1.013883e+04,1.809598e+04,9.567305e+07,1.724319e+08
5770.790,369.600502,1.013563e+04,1.809024e+04,9.572666e+07,1.725276e+08
5776.080,369.638772,1.013243e+04,1.808450e+04,9.578025e+07,1.726232e+08
5781.369,369.677030,1.012923e+04,1.807877e+04,9.583383e+07,1.727189e+08
5786.659,369.715275,1.012604e+04,1.807305e+04,9.588739e+07,1.728145e+08
5791.948,369.753509,1.012285e+04,1.806734e+04,9.594094e+07,1.729100e+08
5797.238,369.791730,1.011966e+04,1.806163e+04,9.599447e+07,1.730056e+08
5802.527,369.829940,1.011648e+04,1.805593e+04,9.604798e+07,1.731011e+08
5807.817,369.868137,1.011330e+04,1.805024e+04,9.610147e+07,1.731965e+08
5813.106,369.906322,1.011012e+04,1.804456e+04,9.615495e+07,1.732920e+08
5818.396,369.944496,1.010695e+04,1.803888e+04,9.620841e+07,1.733874e+08
5823.685,369.982657,1.010378e+04,1.803321e+04,9.626185e+07,1.734828e+08
5828.974,370.020806,1.010062e+04,1.802754e+04,9.631528e+07,1.735782e+08
5834.264,370.058944,1.009746e+04,1.802189e+04,9.636869e+07,1.736735e+08
5839.553,370.097069,1.009430e+04,1.801623e+04,9.642208e+07,1.737688e+08
5844.843,370.135183,1.009115e+04,1.801059e+04,9.647546e+07,1.738640e+08
5850.132,370.173284,1.008800e+04,1.800495e+04,9.652882e+07,1.739593e+08
5855.422,370.211374,1.008486e+04,1.799933e+04,9.658216e+07,1.740545e+08
5860.711,370.249452,1.008171e+04,1.799370e+04,9.663549e+07,1.741497e+08
5866.001,370.287518,1.007858e+04,1.798809e+04,9.668880e+07,1.742448e+08
5871.290,370.325572,1.007544e+04,1.798248e+04,9.674209e+07,1.743399e+08
5876.579,370.363614,1.007231e+04,1.797688e+04,9.679537e+07,1.744350e+08
5881.869,370.401645,1.006918e+04,1.797128e+04,9.684863e+07,1.745301e+08
5887.158,370.439663,1.006606e+04,1.796569e+04,9.690187e+07,1.746251e+08
5892.448,370.477670,1.006294e+04,1.796011e+04,9.695510e+07,1.747201e+08
5897.737,370.515665,1.005982e+04,1.795454e+04,9.700831e+07,1.748151e+08
5903.027,370.553648,1.005671e+04,1.794897e+04,9.706151e+07,1.749100e+08
5908.316,370.591620,1.005360e+04,1.794341e+04,9.711468e+07,1.750049e+08
5913.606,370.629580,1.005049e+04,1.793785e+04,9.716784e+07,1.750998e+08
5918.895,370.667528,1.004739e+04,1.793230e+04,9.722099e+07,1.751947e+08
5924.185,370.705464,1.004429e+04,1.792676e+04,9.727412e+07,1.752895e+08
5929.474,370.743388,1.004120e+04,1.792123e+04,9.732723e+07,1.753843e+08
5934.763,370.781301,1.003811e+04,1.791570e+04,9.738033e+07,1.754790e+08
5940.053,370.819203,1.003502e+04,1.791018e+04,9.743341e+07,1.755738e+08
5945.342,370.857092,1.003193e+04,1.790466e+04,9.748647e+07,1.756685e+08
5950.632,370.894970,1.002885e+04,1.789916e+04,9.753952e+07,1.757631e+08
5955.921,370.932836,1.002578e+04,1.789365e+04,9.759255e+07,1.758578e+08
5961.211,370.970691,1.002270e+04,1.788816e+04,9.764556e+07,1.759524e+08
5966.500,371.008534,1.001963e+04,1.788267e+04,9.769856e+07,1.760470e+08
5971.790,371.046365,1.001656e+04,1.787719e+04,9.775154e+07,1.761416e+08
5977.079,371.084185,1.001350e+04,1.787171e+04,9.780451e+07,1.762361e+08
5982.368,371.121994,1.001044e+04,1.786625e+04,9.785746e+07,1.763306e+08
5987.658,371.159790,1.000738e+04,1.786078e+04,9.791039e+07,1.764251e+08
5992.947,371.197575,1.000433e+04,1.785533e+04,9.796331e+07,1.765195e+08
5998.237,371.235349,1.000128e+04,1.784988e+04,9.801621e+07,1.766139e+08
6003.526,371.273111,9.998233e+03,1.784444e+04,9.806910e+07,1.767083e+08
6008.816,371.310862,9.995190e+03,1.783900e+04,9.812197e+07,1.768027e+08
6014.105,371.348601,9.992150e+03,1.783357e+04,9.817482e+07,1.768970e+08
6019.395,371.386329,9.989113e+03,1.782815e+04,9.822766e+07,1.769913e+08
6024.684,371.424045,9.986080e+03,1.782273e+04,9.828048e+07,1.770856e+08
6029.974,371.461750,9.983051e+03,1.781732e+04,9.833328e+07,1.771798e+08
6035.263,371.499443,9.980025e+03,1.781192e+04,9.838607e+07,1.772740e+08
6040.552,371.537125,9.977002e+03,1.780652e+04,9.843884e+07,1.773682e+08
6045.842,371.574796,9.973982e+03,1.780113e+04,9.849160e+07,1.774624e+08
6051.131,371.612455,9.970966e+03,1.779574e+04,9.854434e+07,1.775565e+08
6056.421,371.650103,9.967953e+03,1.779036e+04,9.859707e+07,1.776506e+08
6061.710,371.687739,9.964944e+03,1.778499e+04,9.864977e+07,1.777447e+08
6067.000,371.725364,9.961937e+03,1.777962e+04,9.870247e+07,1.778387e+08
6072.289,371.762978,9.958935e+03,1.777427e+04,9.875515e+07,1.779328e+08
6077.579,371.800580,9.955935e+03,1.776891e+04,9.880781e+07,1.780267e+08
6082.868,371.838171,9.952939e+03,1.776356e+04,9.886045e+07,1.781207e+08
6088.158,371.875751,9.949946e+03,1.775822e+04,9.891308e+07,1.782146e+08
6093.447,371.913319,9.946956e+03,1.775289e+04,9.896570e+07,1.783085e+08
6098.736,371.950876,9.943969e+03,1.774756e+04,9.901829e+07,1.784024e+08
6104.026,371.988422,9.940986e+03,1.774224e+04,9.907088e+07,1.784963e+08
6109.315,372.025957,9.938006e+03,1.773692e+04,9.912344e+07,1.785901e+08
6114.605,372.063480,9.935029e+03,1.773161e+04,9.917599e+07,1.786839e+08
6119.894,372.100993,9.932056e+03,1.772631e+04,9.922853e+07,1.787776e+08
6125.184,372.138494,9.929085e+03,1.772101e+04,9.928105e+07,1.788714e+08
6130.473,372.175983,9.926118e+03,1.771572e+04,9.933355e+07,1.789651e+08
6135.763,372.213462,9.923154e+03,1.771043e+04,9.938604e+07,1.790587e+08
6141.052,372.250929,9.920194e+03,1.770515e+04,9.943851e+07,1.791524e+08
6146.341,372.288386,9.917236e+03,1.769988e+04,9.949097e+07,1.792460e+08
6151.631,372.325831,9.914282e+03,1.769461e+04,9.954341e+07,1.793396e+08
6156.920,372.363265,9.911331e+03,1.768935e+04,9.959584e+07,1.794332e+08
6162.210,372.400687,9.908383e+03,1.768409e+04,9.964825e+07,1.795267e+08
6167.499,372.438099,9.905438e+03,1.767884e+04,9.970064e+07,1.796202e+08
6172.789,372.475500,9.902496e+03,1.767360e+04,9.975302e+07,1.797137e+08
6178.078,372.512889,9.899558e+03,1.766836e+04,9.980538e+07,1.798072e+08
6183.368,372.550268,9.896623e+03,1.766313e+04,9.985773e+07,1.799006e+08
6188.657,372.587635,9.893690e+03,1.765791e+04,9.991006e+07,1.799940e+08
6193.947,372.624992,9.890761e+03,1.765269e+04,9.996238e+07,1.800874e+08
6199.236,372.662337,9.887835e+03,1.764747e+04,1.000147e+08,1.801807e+08
6204.525,372.699671,9.884912e+03,1.764227e+04,1.000670e+08,1.802740e+08
6209.815,372.736994,9.881993e+03,1.763706e+04,1.001192e+08,1.803673e+08
6215.104,372.774307,9.879076e+03,1.763187e+04,1.001715e+08,1.804606e+08
6220.394,372.811608,9.876162e+03,1.762668e+04,1.002237e+08,1.805538e+08
6225.683,372.848898,9.873252e+03,1.762150e+04,1.002760e+08,1.806470e+08
6230.973,372.886177,9.870344e+03,1.761632e+04,1.003282e+08,1.807402e+08
6236.262,372.923446,9.867440e+03,1.761114e+04,1.003804e+08,1.808334e+08
6241.552,372.960703,9.864539e+03,1.760598e+04,1.004325e+08,1.809265e+08
6246.841,372.997950,9.861640e+03,1.760082e+04,1.004847e+08,1.810196e+08
6252.130,373.035185,9.858745e+03,1.759566e+04,1.005368e+08,1.811127e+08
6257.420,373.072410,9.855853e+03,1.759051e+04,1.005890e+08,1.812057e+08
6262.709,373.109624,9.852964e+03,1.758537e+04,1.006411e+08,1.812987e+08
6267.999,373.146827,9.850077e+03,1.758023e+04,1.006932e+08,1.813917e+08
6273.288,373.184019,9.847194e+03,1.757510e+04,1.007453e+08,1.814847e+08
6278.578,373.221200,9.844314e+03,1.756998e+04,1.007974e+08,1.815776e+08
6283.867,373.258370,9.841437e+03,1.756485e+04,1.008494e+08,1.816705e+08
6289.157,373.295530,9.838563e+03,1.755974e+04,1.009014e+08,1.817634e+08
6294.446,373.332678,9.835691e+03,1.755463e+04,1.009535e+08,1.818563e+08
6299.736,373.369816,9.832823e+03,1.754953e+04,1.010055e+08,1.819491e+08
6305.025,373.406943,9.829958e+03,1.754443e+04,1.010575e+08,1.820419e+08
6310.314,373.444059,9.827096e+03,1.753934e+04,1.011095e+08,1.821347e+08
6315.604,373.481165,9.824236e+03,1.753425e+04,1.011614e+08,1.822274e+08
6320.893,373.518260,9.821380e+03,1.752917e+04,1.012134e+08,1.823201e+08
6326.183,373.555344,9.818526e+03,1.752410e+04,1.012653e+08,1.824128e+08
6331.472,373.592417,9.815676e+03,1.751903e+04,1.013172e+08,1.825055e+08
6336.762,373.629479,9.812828e+03,1.751396e+04,1.013691e+08,1.825981e+08
6342.051,373.666531,9.809983e+03,1.750891e+04,1.014210e+08,1.826907e+08
6347.341,373.703572,9.807141e+03,1.750385e+04,1.014729e+08,1.827833e+08
6352.630,373.740602,9.804303e+03,1.749881e+04,1.015248e+08,1.828759e+08
6357.919,373.777622,9.801467e+03,1.749376e+04,1.015766e+08,1.829684e+08
6363.209,373.814631,9.798633e+03,1.748873e+04,1.016284e+08,1.830609e+08
6368.498,373.851630,9.795803e+03,1.748370e+04,1.016802e+08,1.831534e+08
6373.788,373.888617,9.792976e+03,1.747867e+04,1.017320e+08,1.832458e+08
6379.077,373.925594,9.790151e+03,1.747365e+04,1.017838e+08,1.833383e+08
6384.367,373.962561,9.787330e+03,1.746864e+04,1.018356e+08,1.834307e+08
6389.656,373.999517,9.784511e+03,1.746363e+04,1.018874e+08,1.835230e+08
6394.946,374.036462,9.781695e+03,1.745863e+04,1.019391e+08,1.836154e+08
6400.235,374.073396,9.778882e+03,1.745363e+04,1.019908e+08,1.837077e+08
6405.525,374.110320,9.776071e+03,1.744864e+04,1.020425e+08,1.838000e+08
6410.814,374.147234,9.773264e+03,1.744365e+04,1.020942e+08,1.838923e+08
6416.103,374.184137,9.770459e+03,1.743867e+04,1.021459e+08,1.839845e+08
6421.393,374.221029,9.767657e+03,1.743370e+04,1.021976e+08,1.840767e+08
6426.682,374.257911,9.764858e+03,1.742873e+04,1.022492e+08,1.841689e+08
6431.972,374.294782,9.762062e+03,1.742376e+04,1.023009e+08,1.842611e+08
6437.261,374.331643,9.759269e+03,1.741880e+04,1.023525e+08,1.843532e+08
6442.551,374.368493,9.756478e+03,1.741385e+04,1.024041e+08,1.844453e+08
6447.840,374.405333,9.753690e+03,1.740890e+04,1.024557e+08,1.845374e+08
6453.130,374.442162,9.750905e+03,1.740395e+04,1.025073e+08,1.846295e+08
6458.419,374.478981,9.748123e+03,1.739902e+04,1.025588e+08,1.847215e+08
6463.708,374.515790,9.745343e+03,1.739408e+04,1.026104e+08,1.848135e+08
6468.998,374.552588,9.742566e+03,1.738915e+04,1.026619e+08,1.849055e+08
6474.287,374.589375,9.739792e+03,1.738423e+04,1.027134e+08,1.849974e+08
6479.577,374.626152,9.737021e+03,1.737931e+04,1.027649e+08,1.850894e+08
6484.866,374.662919,9.734252e+03,1.737440e+04,1.028164e+08,1.851813e+08
6490.156,374.699675,9.731486e+03,1.736950e+04,1.028679e+08,1.852731e+08
6495.445,374.736421,9.728723e+03,1.736459e+04,1.029193e+08,1.853650e+08
6500.735,374.773156,9.725963e+03,1.735970e+04,1.029708e+08,1.854568e+08
6506.024,374.809881,9.723205e+03,1.735481e+04,1.030222e+08,1.855486e+08
6511.314,374.846596,9.720450e+03,1.734992e+04,1.030736e+08,1.856404e+08
6516.603,374.883300,9.717697e+03,1.734504e+04,1.031250e+08,1.857321e+08
6521.892,374.919994,9.714948e+03,1.734017e+04,1.031764e+08,1.858238e+08
6527.182,374.956678,9.712201e+03,1.733530e+04,1.032278e+08,1.859155e+08
6532.471,374.993351,9.709456e+03,1.733043e+04,1.032791e+08,1.860072e+08
6537.761,375.030015,9.706715e+03,1.732557e+04,1.033305e+08,1.860989e+08
6543.050,375.066667,9.703976e+03,1.732072e+04,1.033818e+08,1.861905e+08
6548.340,375.103310,9.701239e+03,1.731587e+04,1.034331e+08,1.862821e+08
6553.629,375.139942,9.698506e+03,1.731102e+04,1.034844e+08,1.863736e+08
6558.919,375.176564,9.695774e+03,1.730618e+04,1.035357e+08,1.864652e+08
6564.208,375.213176,9.693046e+03,1.730135e+04,1.035870e+08,1.865567e+08
6569.498,375.249777,9.690320e+03,1.729652e+04,1.036382e+08,1.866482e+08
6574.787,375.286368,9.687597e+03,1.729170e+04,1.036895e+08,1.867396e+08
6580.076,375.322949,9.684876e+03,1.728688e+04,1.037407e+08,1.868311e+08
6585.366,375.359520,9.682158e+03,1.728206e+04,1.037919e+08,1.869225e+08
6590.655,375.396080,9.679443e+03,1.727725e+04,1.038431e+08,1.870139e+08
6595.945,375.432631,9.676730e+03,1.727245e+04,1.038943e+08,1.871052e+08
6601.234,375.469171,9.674020e+03,1.726765e+04,1.039455e+08,1.871966e+08
6606.524,375.505701,9.671312e+03,1.726286e+04,1.039966e+08,1.872879e+08
6611.813,375.542221,9.668607e+03,1.725807e+04,1.040478e+08,1.873792e+08
6617.103,375.578730,9.665905e+03,1.725328e+04,1.040989e+08,1.874704e+08
6622.392,375.615230,9.663205e+03,1.724850e+04,1.041500e+08,1.875617e+08
6627.681,375.651719,9.660508e+03,1.724373e+04,1.042011e+08,1.876529e+08
6632.971,375.688199,9.657813e+03,1.723896e+04,1.042522e+08,1.877441e+08
6638.260,375.724668,9.655121e+03,1.723420e+04,1.043033e+08,1.878352e+08
6643.550,375.761127,9.652431e+03,1.722944e+04,1.043543e+08,1.879263e+08
6648.839,375.797576,9.649744e+03,1.722468e+04,1.044054e+08,1.880175e+08
6654.129,375.834015,9.647059e+03,1.721993e+04,1.044564e+08,1.881085e+08
6659.418,375.870443,9.644377e+03,1.721519e+04,1.045074e+08,1.881996e+08
6664.708,375.906862,9.641698e+03,1.721045e+04,1.045584e+08,1.882906e+08
6669.997,375.943271,9.639021e+03,1.720572e+04,1.046094e+08,1.883816e+08
6675.287,375.979670,9.636346e+03,1.720099e+04,1.046604e+08,1.884726e+08
6680.576,376.016058,9.633674e+03,1.719626e+04,1.047113e+08,1.885636e+08
6685.865,376.052437,9.631005e+03,1.719154e+04,1.047623e+08,1.886545e+08
6691.155,376.088805,9.628337e+03,1.718683e+04,1.048132e+08,1.887454e+08
6696.444,376.125164,9.625673e+03,1.718212e+04,1.048641e+08,1.888363e+08
6701.734,376.161513,9.623011e+03,1.717741e+04,1.049150e+08,1.889272e+08
6707.023,376.197851,9.620351e+03,1.717271e+04,1.049659e+08,1.890180e+08
6712.313,376.234180,9.617694e+03,1.716801e+04,1.050168e+08,1.891088e+08
6717.602,376.270498,9.615039e+03,1.716332e+04,1.050676e+08,1.891996e+08
6722.892,376.306807,9.612387e+03,1.715864e+04,1.051185e+08,1.892904e+08
6728.181,376.343106,9.609737e+03,1.715395e+04,1.051693e+08,1.893811e+08
6733.470,376.379395,9.607090e+03,1.714928e+04,1.052201e+08,1.894718e+08
6738.760,376.415674,9.604445e+03,1.714460e+04,1.052709e+08,1.895625e+08
6744.049,376.451943,9.601802e+03,1.713994e+04,1.053217e+08,1.896532e+08
6749.339,376.488202,9.599162e+03,1.713527e+04,1.053725e+08,1.897438e+08
6754.628,376.524451,9.596525e+03,1.713062e+04,1.054232e+08,1.898344e+08
6759.918,376.560690,9.593889e+03,1.712596e+04,1.054740e+08,1.899250e+08
6765.207,376.596920,9.591257e+03,1.712131e+04,1.055247e+08,1.900155e+08
6770.497,376.633139,9.588626e+03,1.711667e+04,1.055754e+08,1.901061e+08
6775.786,376.669349,9.585998e+03,1.711203e+04,1.056261e+08,1.901966e+08
6781.076,376.705549,9.583372e+03,1.710740e+04,1.056768e+08,1.902871e+08
6786.365,376.741739,9.580749e+03,1.710277e+04,1.057275e+08,1.903776e+08
6791.654,376.777919,9.578128e+03,1.709814e+04,1.057782e+08,1.904680e+08
6796.944,376.814090,9.575510e+03,1.709352e+04,1.058288e+08,1.905584e+08
6802.233,376.850250,9.572894e+03,1.708891e+04,1.058795e+08,1.906488e+08
6807.523,376.886401,9.570280e+03,1.708429e+04,1.059301e+08,1.907392e+08
6812.812,376.922542,9.567668e+03,1.707969e+04,1.059807e+08,1.908295e+08
6818.102,376.958673,9.565059e+03,1.707509e+04,1.060313e+08,1.909198e+08
6823.391,376.994795,9.562453e+03,1.707049e+04,1.060819e+08,1.910101e+08
6828.681,377.030906,9.559848e+03,1.706589e+04,1.061324e+08,1.911004e+08
6833.970,377.067008,9.557246e+03,1.706131e+04,1.061830e+08,1.911906e+08
6839.259,377.103100,9.554647e+03,1.705672e+04,1.062335e+08,1.912809e+08
6844.549,377.139183,9.552049e+03,1.705214e+04,1.062840e+08,1.913711e+08
6849.838,377.175256,9.549454e+03,1.704757e+04,1.063346e+08,1.914612e+08
6855.128,377.211319,9.546861e+03,1.704300e+04,1.063851e+08,1.915514e+08
6860.417,377.247372,9.544271e+03,1.703843e+04,1.064355e+08,1.916415e+08
6865.707,377.283415,9.541683e+03,1.703387e+04,1.064860e+08,1.917316e+08
6870.996,377.319449,9.539097e+03,1.702931e+04,1.065365e+08,1.918217e+08
6876.286,377.355474,9.536513e+03,1.702476e+04,1.065869e+08,1.919117e+08
6881.575,377.391488,9.533932e+03,1.702021e+04,1.066373e+08,1.920017e+08
6886.865,377.427493,9.531353e+03,1.701567e+04,1.066878e+08,1.920918e+08
6892.154,377.463488,9.528776e+03,1.701113e+04,1.067382e+08,1.921817e+08
6897.443,377.499474,9.526202e+03,1.700660e+04,1.067885e+08,1.922717e+08
6902.733,377.535450,9.523630e+03,1.700207e+04,1.068389e+08,1.923616e+08
6908.022,377.571416,9.521060e+03,1.699754e+04,1.068893e+08,1.924515e+08
6913.312,377.607373,9.518492e+03,1.699302e+04,1.069396e+08,1.925414e+08
6918.601,377.643320,9.515927e+03,1.698851e+04,1.069900e+08,1.926313e+08
6923.891,377.679258,9.513364e+03,1.698399e+04,1.070403e+08,1.927211e+08
6929.180,377.715186,9.510803e+03,1.697949e+04,1.070906e+08,1.928109e+08
6934.470,377.751104,9.508244e+03,1.697498e+04,1.071409e+08,1.929007e+08
6939.759,377.787013,9.505687e+03,1.697048e+04,1.071912e+08,1.929905e+08
6945.048,377.822912,9.503133e+03,1.696599e+04,1.072414e+08,1.930802e+08
6950.338,377.858802,9.500581e+03,1.696150e+04,1.072917e+08,1.931699e+08
6955.627,377.894682,9.498031e+03,1.695701e+04,1.073419e+08,1.932596e+08
6960.917,377.930553,9.495484e+03,1.695253e+04,1.073921e+08,1.933493e+08
6966.206,377.966414,9.492938e+03,1.694805e+04,1.074424e+08,1.934389e+08
6971.496,378.002265,9.490395e+03,1.694358e+04,1.074926e+08,1.935286e+08
6976.785,378.038108,9.487854e+03,1.693911e+04,1.075427e+08,1.936182e+08
6982.075,378.073940,9.485315e+03,1.693465e+04,1.075929e+08,1.937077e+08
6987.364,378.109763,9.482779e+03,1.693019e+04,1.076431e+08,1.937973e+08
6992.654,378.145577,9.480244e+03,1.692573e+04,1.076932e+08,1.938868e+08
6997.943,378.181381,9.477712e+03,1.692128e+04,1.077434e+08,1.939763e+08
7003.232,378.217176,9.475182e+03,1.691684e+04,1.077935e+08,1.940658e+08
7008.522,378.252961,9.472654e+03,1.691239e+04,1.078436e+08,1.941553e+08
7013.811,378.288737,9.470128e+03,1.690795e+04,1.078937e+08,1.942447e+08
7019.101,378.324503,9.467605e+03,1.690352e+04,1.079437e+08,1.943341e+08
7024.390,378.360260,9.465083e+03,1.689909e+04,1.079938e+08,1.944235e+08
7029.680,378.396007,9.462564e+03,1.689466e+04,1.080439e+08,1.945129e+08
7034.969,378.431746,9.460047e+03,1.689024e+04,1.080939e+08,1.946022e+08
7040.259,378.467474,9.457532e+03,1.688583e+04,1.081439e+08,1.946915e+08
7045.548,378.503194,9.455019e+03,1.688141e+04,1.081939e+08,1.947808e+08
7050.837,378.538903,9.452508e+03,1.687700e+04,1.082439e+08,1.948701e+08
7056.127,378.574604,9.449999e+03,1.687260e+04,1.082939e+08,1.949593e+08
7061.416,378.610295,9.447493e+03,1.686820e+04,1.083439e+08,1.950485e+08
7066.706,378.645977,9.444988e+03,1.686380e+04,1.083939e+08,1.951377e+08
7071.995,378.681649,9.442486e+03,1.685941e+04,1.084438e+08,1.952269e+08
7077.285,378.717313,9.439985e+03,1.685502e+04,1.084937e+08,1.953161e+08
7082.574,378.752966,9.437487e+03,1.685064e+04,1.085437e+08,1.954052e+08
7087.864,378.788611,9.434991e+03,1.684626e+04,1.085936e+08,1.954943e+08
7093.153,378.824246,9.432497e+03,1.684188e+04,1.086434e+08,1.955834e+08
7098.443,378.859872,9.430005e+03,1.683751e+04,1.086933e+08,1.956725e+08
7103.732,378.895488,9.427515e+03,1.683314e+04,1.087432e+08,1.957615e+08
7109.021,378.931095,9.425028e+03,1.682878e+04,1.087930e+08,1.958505e+08
7114.311,378.966693,9.422542e+03,1.682442e+04,1.088429e+08,1.959395e+08
7119.600,379.002282,9.420058e+03,1.682007e+04,1.088927e+08,1.960285e+08
7124.890,379.037862,9.417577e+03,1.681572e+04,1.089425e+08,1.961174e+08
7130.179,379.073432,9.415097e+03,1.681137e+04,1.089923e+08,1.962063e+08
7135.469,379.108993,9.412620e+03,1.680703e+04,1.090421e+08,1.962952e+08
7140.758,379.144544,9.410144e+03,1.680269e+04,1.090919e+08,1.963841e+08
7146.048,379.180087,9.407671e+03,1.679835e+04,1.091417e+08,1.964730e+08
7151.337,379.215620,9.405200e+03,1.679402e+04,1.091914e+08,1.965618e+08
7156.627,379.251144,9.402730e+03,1.678970e+04,1.092411e+08,1.966506e+08
7161.916,379.286659,9.400263e+03,1.678537e+04,1.092909e+08,1.967394e+08
7167.205,379.322164,9.397798e+03,1.678106e+04,1.093406e+08,1.968282e+08
7172.495,379.357661,9.395334e+03,1.677674e+04,1.093903e+08,1.969169e+08
7177.784,379.393148,9.392873e+03,1.677243e+04,1.094399e+08,1.970056e+08
7183.074,379.428626,9.390414e+03,1.676812e+04,1.094896e+08,1.970943e+08
7188.363,379.464095,9.387957e+03,1.676382e+04,1.095393e+08,1.971830e+08
7193.653,379.499554,9.385501e+03,1.675952e+04,1.095889e+08,1.972716e+08
7198.942,379.535005,9.383048e+03,1.675523e+04,1.096385e+08,1.973603e+08
7204.232,379.570446,9.380597e+03,1.675094e+04,1.096882e+08,1.974489e+08
7209.521,379.605879,9.378147e+03,1.674665e+04,1.097378e+08,1.975374e+08
7214.810,379.641302,9.375700e+03,1.674237e+04,1.097874e+08,1.976260e+08
7220.100,379.676716,9.373255e+03,1.673809e+04,1.098369e+08,1.977145e+08
7225.389,379.712121,9.370811e+03,1.673381e+04,1.098865e+08,1.978030e+08
7230.679,379.747516,9.368370e+03,1.672954e+04,1.099361e+08,1.978915e+08
7235.968,379.782903,9.365931e+03,1.672528e+04,1.099856e+08,1.979800e+08
7241.258,379.818281,9.363493e+03,1.672101e+04,1.100351e+08,1.980684e+08
7246.547,379.853649,9.361058e+03,1.671675e+04,1.100846e+08,1.981569e+08
7251.837,379.889009,9.358624e+03,1.671250e+04,1.101342e+08,1.982453e+08
7257.126,379.924359,9.356192e+03,1.670825e+04,1.101836e+08,1.983336e+08
7262.416,379.959701,9.353763e+03,1.670400e+04,1.102331e+08,1.984220e+08
7267.705,379.995033,9.351335e+03,1.669976e+04,1.102826e+08,1.985103e+08
7272.994,380.030356,9.348909e+03,1.669552e+04,1.103320e+08,1.985986e+08
7278.284,380.065670,9.346485e+03,1.669128e+04,1.103815e+08,1.986869e+08
7283.573,380.100976,9.344063e+03,1.668705e+04,1.104309e+08,1.987752e+08
7288.863,380.136272,9.341643e+03,1.668282e+04,1.104803e+08,1.988634e+08
7294.152,380.171559,9.339225e+03,1.667860e+04,1.105297e+08,1.989517e+08
7299.442,380.206837,9.336809e+03,1.667438e+04,1.105791e+08,1.990399e+08
7304.731,380.242106,9.334394e+03,1.667016e+04,1.106285e+08,1.991280e+08
7310.021,380.277366,9.331982e+03,1.666595e+04,1.106778e+08,1.992162e+08
7315.310,380.312618,9.329571e+03,1.666174e+04,1.107272e+08,1.993043e+08
7320.599,380.347860,9.327163e+03,1.665753e+04,1.107765e+08,1.993924e+08
7325.889,380.383093,9.324756e+03,1.665333e+04,1.108258e+08,1.994805e+08
7331.178,380.418317,9.322351e+03,1.664913e+04,1.108751e+08,1.995686e+08
7336.468,380.453533,9.319948e+03,1.664494e+04,1.109244e+08,1.996566e+08
7341.757,380.488739,9.317547e+03,1.664075e+04,1.109737e+08,1.997446e+08
7347.047,380.523937,9.315148e+03,1.663656e+04,1.110230e+08,1.998326e+08
7352.336,380.559125,9.312750e+03,1.663238e+04,1.110723e+08,1.999206e+08
7357.626,380.594305,9.310355e+03,1.662820e+04,1.111215e+08,2.000086e+08
7362.915,380.629476,9.307961e+03,1.662403e+04,1.111707e+08,2.000965e+08
7368.205,380.664638,9.305569e+03,1.661985e+04,1.112200e+08,2.001844e+08
7373.494,380.699791,9.303179e+03,1.661569e+04,1.112692e+08,2.002723e+08
7378.783,380.734935,9.300791e+03,1.661152e+04,1.113184e+08,2.003602e+08
7384.073,380.770070,9.298405e+03,1.660736e+04,1.113675e+08,2.004480e+08
7389.362,380.805196,9.296020e+03,1.660321e+04,1.114167e+08,2.005358e+08
7394.652,380.840314,9.293638e+03,1.659905e+04,1.114659e+08,2.006236e+08
7399.941,380.875422,9.291257e+03,1.659490e+04,1.115150e+08,2.007114e+08
7405.231,380.910522,9.288878e+03,1.659076e+04,1.115642e+08,2.007992e+08
7410.520,380.945613,9.286501e+03,1.658662e+04,1.116133e+08,2.008869e+08
7415.810,380.980695,9.284126e+03,1.658248e+04,1.116624e+08,2.009746e+08
7421.099,381.015768,9.281752e+03,1.657834e+04,1.117115e+08,2.010623e+08
7426.388,381.050833,9.279380e+03,1.657421e+04,1.117606e+08,2.011500e+08
7431.678,381.085888,9.277011e+03,1.657008e+04,1.118096e+08,2.012376e+08
7436.967,381.120935,9.274642e+03,1.656596e+04,1.118587e+08,2.013252e+08
7442.257,381.155973,9.272276e+03,1.656184e+04,1.119077e+08,2.014128e+08
7447.546,381.191002,9.269912e+03,1.655772e+04,1.119568e+08,2.015004e+08
7452.836,381.226023,9.267549e+03,1.655361e+04,1.120058e+08,2.015880e+08
7458.125,381.261035,9.265188e+03,1.654950e+04,1.120548e+08,2.016755e+08
7463.415,381.296037,9.262829e+03,1.654540e+04,1.121038e+08,2.017630e+08
7468.704,381.331032,9.260472e+03,1.654130e+04,1.121528e+08,2.018505e+08
7473.994,381.366017,9.258116e+03,1.653720e+04,1.122017e+08,2.019380e+08
7479.283,381.400994,9.255762e+03,1.653310e+04,1.122507e+08,2.020255e+08
7484.572,381.435962,9.253410e+03,1.652901e+04,1.122996e+08,2.021129e+08
7489.862,381.470921,9.251060e+03,1.652492e+04,1.123486e+08,2.022003e+08
7495.151,381.505871,9.248711e+03,1.652084e+04,1.123975e+08,2.022877e+08
7500.441,381.540813,9.246364e+03,1.651676e+04,1.124464e+08,2.023750e+08
7505.730,381.575746,9.244019e+03,1.651268e+04,1.124953e+08,2.024624e+08
7511.020,381.610670,9.241676e+03,1.650861e+04,1.125442e+08,2.025497e+08
7516.309,381.645586,9.239335e+03,1.650454e+04,1.125931e+08,2.026370e+08
7521.599,381.680493,9.236995e+03,1.650047e+04,1.126419e+08,2.027243e+08
7526.888,381.715391,9.234657e+03,1.649641e+04,1.126908e+08,2.028115e+08
7532.177,381.750281,9.232320e+03,1.649235e+04,1.127396e+08,2.028988e+08
7537.467,381.785162,9.229986e+03,1.648829e+04,1.127884e+08,2.029860e+08
7542.756,381.820034,9.227653e+03,1.648424e+04,1.128372e+08,2.030732e+08
7548.046,381.854897,9.225322e+03,1.648019e+04,1.128860e+08,2.031604e+08
7553.335,381.889752,9.222992e+03,1.647615e+04,1.129348e+08,2.032475e+08
7558.625,381.924599,9.220665e+03,1.647211e+04,1.129836e+08,2.033346e+08
7563.914,381.959436,9.218339e+03,1.646807e+04,1.130323e+08,2.034217e+08
7569.204,381.994265,9.216014e+03,1.646403e+04,1.130811e+08,2.035088e+08
7574.493,382.029086,9.213692e+03,1.646000e+04,1.131298e+08,2.035959e+08
7579.783,382.063898,9.211371e+03,1.645597e+04,1.131785e+08,2.036829e+08
7585.072,382.098701,9.209051e+03,1.645195e+04,1.132273e+08,2.037700e+08
7590.361,382.133496,9.206734e+03,1.644793e+04,1.132760e+08,2.038570e+08
7595.651,382.168282,9.204418e+03,1.644391e+04,1.133246e+08,2.039439e+08
7600.940,382.203059,9.202104e+03,1.643990e+04,1.133733e+08,2.040309e+08
7606.230,382.237828,9.199791e+03,1.643589e+04,1.134220e+08,2.041178e+08
7611.519,382.272588,9.197480e+03,1.643188e+04,1.134706e+08,2.042048e+08
7616.809,382.307340,9.195171e+03,1.642787e+04,1.135193e+08,2.042916e+08
7622.098,382.342083,9.192864e+03,1.642387e+04,1.135679e+08,2.043785e+08
7627.388,382.376818,9.190558e+03,1.641988e+04,1.136165e+08,2.044654e+08
7632.677,382.411544,9.188254e+03,1.641588e+04,1.136651e+08,2.045522e+08
7637.967,382.446262,9.185951e+03,1.641189e+04,1.137137e+08,2.046390e+08
7643.256,382.480971,9.183650e+03,1.640790e+04,1.137623e+08,2.047258e+08
7648.545,382.515671,9.181351e+03,1.640392e+04,1.138108e+08,2.048126e+08
7653.835,382.550363,9.179054e+03,1.639994e+04,1.138594e+08,2.048993e+08
7659.124,382.585047,9.176758e+03,1.639596e+04,1.139079e+08,2.049860e+08
7664.414,382.619722,9.174463e+03,1.639199e+04,1.139565e+08,2.050727e+08
7669.703,382.654388,9.172171e+03,1.638802e+04,1.140050e+08,2.051594e+08
7674.993,382.689046,9.169880e+03,1.638405e+04,1.140535e+08,2.052461e+08
7680.282,382.723696,9.167590e+03,1.638009e+04,1.141020e+08,2.053327e+08
7685.572,382.758337,9.165303e+03,1.637613e+04,1.141504e+08,2.054194e+08
7690.861,382.792969,9.163016e+03,1.637217e+04,1.141989e+08,2.055060e+08
7696.150,382.827594,9.160732e+03,1.636822e+04,1.142474e+08,2.055925e+08
7701.440,382.862209,9.158449e+03,1.636427e+04,1.142958e+08,2.056791e+08
7706.729,382.896816,9.156168e+03,1.636032e+04,1.143442e+08,2.057656e+08
7712.019,382.931415,9.153888e+03,1.635638e+04,1.143927e+08,2.058521e+08
7717.308,382.966006,9.151610e+03,1.635244e+04,1.144411e+08,2.059386e+08
7722.598,383.000587,9.149333e+03,1.634850e+04,1.144895e+08,2.060251e+08
7727.887,383.035161,9.147059e+03,1.634457e+04,1.145378e+08,2.061116e+08
7733.177,383.069726,9.144785e+03,1.634064e+04,1.145862e+08,2.061980e+08
7738.466,383.104283,9.142514e+03,1.633671e+04,1.146346e+08,2.062844e+08
7743.756,383.138831,9.140243e+03,1.633279e+04,1.146829e+08,2.063708e+08
7749.045,383.173371,9.137975e+03,1.632886e+04,1.147313e+08,2.064572e+08
7754.334,383.207902,9.135708e+03,1.632495e+04,1.147796e+08,2.065435e+08
7759.624,383.242426,9.133442e+03,1.632103e+04,1.148279e+08,2.066299e+08
7764.913,383.276940,9.131179e+03,1.631712e+04,1.148762e+08,2.067162e+08
7770.203,383.311447,9.128916e+03,1.631321e+04,1.149245e+08,2.068024e+08
7775.492,383.345945,9.126656e+03,1.630931e+04,1.149728e+08,2.068887e+08
7780.782,383.380434,9.124397e+03,1.630541e+04,1.150210e+08,2.069750e+08
7786.071,383.414916,9.122139e+03,1.630151e+04,1.150693e+08,2.070612e+08
7791.361,383.449389,9.119883e+03,1.629761e+04,1.151175e+08,2.071474e+08
7796.650,383.483853,9.117628e+03,1.629372e+04,1.151657e+08,2.072336e+08
7801.939,383.518310,9.115376e+03,1.628983e+04,1.152139e+08,2.073197e+08
7807.229,383.552758,9.113124e+03,1.628595e+04,1.152622e+08,2.074059e+08
7812.518,383.587197,9.110874e+03,1.628207e+04,1.153103e+08,2.074920e+08
7817.808,383.621629,9.108626e+03,1.627819e+04,1.153585e+08,2.075781e+08
7823.097,383.656052,9.106379e+03,1.627431e+04,1.154067e+08,2.076642e+08
7828.387,383.690466,9.104134e+03,1.627044e+04,1.154548e+08,2.077503e+08
7833.676,383.724873,9.101890e+03,1.626657e+04,1.155030e+08,2.078363e+08
7838.966,383.759271,9.099648e+03,1.626270e+04,1.155511e+08,2.079223e+08
7844.255,383.793661,9.097408e+03,1.625884e+04,1.155992e+08,2.080083e+08
7849.545,383.828043,9.095168e+03,1.625498e+04,1.156474e+08,2.080943e+08
7854.834,383.862416,9.092931e+03,1.625112e+04,1.156954e+08,2.081803e+08
7860.123,383.896781,9.090695e+03,1.624727e+04,1.157435e+08,2.082662e+08
7865.413,383.931138,9.088460e+03,1.624342e+04,1.157916e+08,2.083521e+08
7870.702,383.965487,9.086227e+03,1.623957e+04,1.158397e+08,2.084380e+08
7875.992,383.999827,9.083995e+03,1.623573e+04,1.158877e+08,2.085239e+08
7881.281,384.034159,9.081765e+03,1.623189e+04,1.159358e+08,2.086098e+08
7886.571,384.068483,9.079537e+03,1.622805e+04,1.159838e+08,2.086956e+08
7891.860,384.102799,9.077310e+03,1.622421e+04,1.160318e+08,2.087814e+08
7897.150,384.137106,9.075084e+03,1.622038e+04,1.160798e+08,2.088672e+08
7902.439,384.171405,9.072860e+03,1.621655e+04,1.161278e+08,2.089530e+08
7907.728,384.205696,9.070637e+03,1.621273e+04,1.161758e+08,2.090387e+08
7913.018,384.239979,9.068416e+03,1.620890e+04,1.162237e+08,2.091245e+08
7918.307,384.274254,9.066196e+03,1.620508e+04,1.162717e+08,2.092102e+08
7923.597,384.308520,9.063978e+03,1.620127e+04,1.163196e+08,2.092959e+08
7928.886,384.342779,9.061761e+03,1.619745e+04,1.163676e+08,2.093816e+08
7934.176,384.377029,9.059546e+03,1.619364e+04,1.164155e+08,2.094672e+08
7939.465,384.411271,9.057332e+03,1.618984e+04,1.164634e+08,2.095529e+08
7944.755,384.445505,9.055120e+03,1.618603e+04,1.165113e+08,2.096385e+08
7950.044,384.479730,9.052909e+03,1.618223e+04,1.165592e+08,2.097241e+08
7955.334,384.513948,9.050700e+03,1.617843e+04,1.166070e+08,2.098096e+08
7960.623,384.548157,9.048492e+03,1.617464e+04,1.166549e+08,2.098952e+08
7965.912,384.582358,9.046285e+03,1.617084e+04,1.167028e+08,2.099807e+08
7971.202,384.616551,9.044080e+03,1.616705e+04,1.167506e+08,2.100662e+08
7976.491,384.650736,9.041876e+03,1.616327e+04,1.167984e+08,2.101517e+08
7981.781,384.684913,9.039674e+03,1.615948e+04,1.168462e+08,2.102372e+08
7987.070,384.719082,9.037473e+03,1.615570e+04,1.168940e+08,2.103227e+08
7992.360,384.753243,9.035274e+03,1.615193e+04,1.169418e+08,2.104081e+08
7997.649,384.787395,9.033076e+03,1.614815e+04,1.169896e+08,2.104935e+08
8002.939,384.821540,9.030880e+03,1.614438e+04,1.170374e+08,2.105789e+08
8008.228,384.855676,9.028685e+03,1.614061e+04,1.170851e+08,2.106643e+08
8013.517,384.889804,9.026491e+03,1.613685e+04,1.171329e+08,2.107496e+08
8018.807,384.923924,9.024299e+03,1.613309e+04,1.171806e+08,2.108350e+08
8024.096,384.958036,9.022108e+03,1.612933e+04,1.172283e+08,2.109203e+08
8029.386,384.992141,9.019918e+03,1.612557e+04,1.172760e+08,2.110056e+08
8034.675,385.026237,9.017730e+03,1.612182e+04,1.173237e+08,2.110909e+08
8039.965,385.060324,9.015544e+03,1.611807e+04,1.173714e+08,2.111761e+08
8045.254,385.094404,9.013359e+03,1.611432e+04,1.174191e+08,2.112614e+08
8050.544,385.128476,9.011175e+03,1.611057e+04,1.174668e+08,2.113466e+08
8055.833,385.162540,9.008993e+03,1.610683e+04,1.175144e+08,2.114318e+08
8061.123,385.196596,9.006812e+03,1.610309e+04,1.175621e+08,2.115169e+08
8066.412,385.230644,9.004632e+03,1.609936e+04,1.176097e+08,2.116021e+08
8071.701,385.264683,9.002454e+03,1.609562e+04,1.176573e+08,2.116872e+08
8076.991,385.298715,9.000277e+03,1.609189e+04,1.177049e+08,2.117724e+08
8082.280,385.332739,8.998102e+03,1.608817e+04,1.177525e+08,2.118575e+08
8087.570,385.366755,8.995927e+03,1.608444e+04,1.178001e+08,2.119425e+08
8092.859,385.400762,8.993755e+03,1.608072e+04,1.178477e+08,2.120276e+08
8098.149,385.434762,8.991583e+03,1.607700e+04,1.178952e+08,2.121126e+08
8103.438,385.468754,8.989414e+03,1.607329e+04,1.179428e+08,2.121976e+08
8108.728,385.502738,8.987245e+03,1.606957e+04,1.179903e+08,2.122826e+08
8114.017,385.536713,8.985078e+03,1.606586e+04,1.180378e+08,2.123676e+08
8119.306,385.570681,8.982912e+03,1.606216e+04,1.180854e+08,2.124526e+08
8124.596,385.604641,8.980747e+03,1.605845e+04,1.181329e+08,2.125375e+08
8129.885,385.638593,8.978584e+03,1.605475e+04,1.181804e+08,2.126224e+08
8135.175,385.672537,8.976423e+03,1.605105e+04,1.182278e+08,2.127073e+08
8140.464,385.706473,8.974262e+03,1.604736e+04,1.182753e+08,2.127922e+08
8145.754,385.740401,8.972103e+03,1.604366e+04,1.183228e+08,2.128771e+08
8151.043,385.774322,8.969945e+03,1.603997e+04,1.183702e+08,2.129619e+08
8156.333,385.808234,8.967789e+03,1.603629e+04,1.184176e+08,2.130468e+08
8161.622,385.842138,8.965634e+03,1.603260e+04,1.184651e+08,2.131316e+08
8166.912,385.876035,8.963480e+03,1.602892e+04,1.185125e+08,2.132163e+08
8172.201,385.909923,8.961328e+03,1.602524e+04,1.185599e+08,2.133011e+08
8177.490,385.943804,8.959177e+03,1.602157e+04,1.186073e+08,2.133859e+08
8182.780,385.977676,8.957027e+03,1.601789e+04,1.186546e+08,2.134706e+08
8188.069,386.011541,8.954879e+03,1.601422e+04,1.187020e+08,2.135553e+08
8193.359,386.045398,8.952732e+03,1.601056e+04,1.187494e+08,2.136400e+08
8198.648,386.079247,8.950586e+03,1.600689e+04,1.187967e+08,2.137246e+08
8203.938,386.113088,8.948441e+03,1.600323e+04,1.188440e+08,2.138093e+08
8209.227,386.146922,8.946298e+03,1.599957e+04,1.188914e+08,2.138939e+08
8214.517,386.180747,8.944156e+03,1.599591e+04,1.189387e+08,2.139785e+08
8219.806,386.214565,8.942016e+03,1.599226e+04,1.189860e+08,2.140631e+08
8225.096,386.248375,8.939877e+03,1.598861e+04,1.190333e+08,2.141477e+08
8230.385,386.282176,8.937739e+03,1.598496e+04,1.190805e+08,2.142322e+08
8235.674,386.315971,8.935602e+03,1.598132e+04,1.191278e+08,2.143168e+08
8240.964,386.349757,8.933467e+03,1.597768e+04,1.191751e+08,2.144013e+08
8246.253,386.383535,8.931333e+03,1.597404e+04,1.192223e+08,2.144858e+08
8251.543,386.417306,8.929200e+03,1.597040e+04,1.192695e+08,2.145703e+08
8256.832,386.451068,8.927069e+03,1.596676e+04,1.193167e+08,2.146547e+08
8262.122,386.484823,8.924939e+03,1.596313e+04,1.193640e+08,2.147391e+08
8267.411,386.518570,8.922810e+03,1.595950e+04,1.194111e+08,2.148236e+08
8272.701,386.552310,8.920682e+03,1.595588e+04,1.194583e+08,2.149080e+08
8277.990,386.586041,8.918556e+03,1.595225e+04,1.195055e+08,2.149923e+08
8283.279,386.619765,8.916431e+03,1.594863e+04,1.195527e+08,2.150767e+08
8288.569,386.653481,8.914307e+03,1.594502e+04,1.195998e+08,2.151610e+08
8293.858,386.687189,8.912185e+03,1.594140e+04,1.196470e+08,2.152454e+08
8299.148,386.720890,8.910064e+03,1.593779e+04,1.196941e+08,2.153297e+08
8304.437,386.754582,8.907944e+03,1.593418e+04,1.197412e+08,2.154139e+08
8309.727,386.788267,8.905825e+03,1.593057e+04,1.197883e+08,2.154982e+08
8315.016,386.821944,8.903708e+03,1.592697e+04,1.198354e+08,2.155825e+08
8320.306,386.855613,8.901592e+03,1.592337e+04,1.198825e+08,2.156667e+08
8325.595,386.889275,8.899477e+03,1.591977e+04,1.199296e+08,2.157509e+08
8330.885,386.922929,8.897363e+03,1.591617e+04,1.199766e+08,2.158351e+08
8336.174,386.956575,8.895251e+03,1.591258e+04,1.200237e+08,2.159192e+08
8341.463,386.990213,8.893140e+03,1.590899e+04,1.200707e+08,2.160034e+08
8346.753,387.023844,8.891030e+03,1.590540e+04,1.201178e+08,2.160875e+08
8352.042,387.057467,8.888921e+03,1.590181e+04,1.201648e+08,2.161716e+08
8357.332,387.091082,8.886814e+03,1.589823e+04,1.202118e+08,2.162557e+08
8362.621,387.124689,8.884707e+03,1.589465e+04,1.202588e+08,2.163398e+08
8367.911,387.158289,8.882603e+03,1.589107e+04,1.203058e+08,2.164239e+08
8373.200,387.191881,8.880499e+03,1.588750e+04,1.203527e+08,2.165079e+08
8378.490,387.225466,8.878396e+03,1.588392e+04,1.203997e+08,2.165919e+08
8383.779,387.259042,8.876295e+03,1.588035e+04,1.204466e+08,2.166759e+08
8389.068,387.292611,8.874195e+03,1.587679e+04,1.204936e+08,2.167599e+08
8394.358,387.326173,8.872096e+03,1.587322e+04,1.205405e+08,2.168438e+08
8399.647,387.359726,8.869999e+03,1.586966e+04,1.205874e+08,2.169278e+08
8404.937,387.393272,8.867902e+03,1.586610e+04,1.206343e+08,2.170117e+08
8410.226,387.426811,8.865807e+03,1.586254e+04,1.206812e+08,2.170956e+08
8415.516,387.460341,8.863713e+03,1.585899e+04,1.207281e+08,2.171795e+08
8420.805,387.493864,8.861621e+03,1.585544e+04,1.207750e+08,2.172634e+08
8426.095,387.527380,8.859529e+03,1.585189e+04,1.208218e+08,2.173472e+08
8431.384,387.560887,8.857439e+03,1.584834e+04,1.208687e+08,2.174310e+08
8436.674,387.594387,8.855350e+03,1.584480e+04,1.209155e+08,2.175149e+08
8441.963,387.627880,8.853262e+03,1.584126e+04,1.209624e+08,2.175986e+08
8447.252,387.661365,8.851175e+03,1.583772e+04,1.210092e+08,2.176824e+08
8452.542,387.694842,8.849090e+03,1.583418e+04,1.210560e+08,2.177662e+08
8457.831,387.728311,8.847005e+03,1.583065e+04,1.211028e+08,2.178499e+08
8463.121,387.761773,8.844922e+03,1.582712e+04,1.211496e+08,2.179336e+08
8468.410,387.795228,8.842840e+03,1.582359e+04,1.211963e+08,2.180173e+08
8473.700,387.828674,8.840759e+03,1.582006e+04,1.212431e+08,2.181010e+08
8478.989,387.862113,8.838680e+03,1.581654e+04,1.212899e+08,2.181847e+08
8484.279,387.895545,8.836601e+03,1.581302e+04,1.213366e+08,2.182683e+08
8489.568,387.928969,8.834524e+03,1.580950e+04,1.213833e+08,2.183519e+08
8494.857,387.962385,8.832448e+03,1.580599e+04,1.214300e+08,2.184355e+08
8500.147,387.995794,8.830373e+03,1.580247e+04,1.214768e+08,2.185191e+08
8505.436,388.029195,8.828300e+03,1.579896e+04,1.215235e+08,2.186027e+08
8510.726,388.062589,8.826227e+03,1.579546e+04,1.215701e+08,2.186862e+08
8516.015,388.095975,8.824156e+03,1.579195e+04,1.216168e+08,2.187698e+08
8521.305,388.129353,8.822086e+03,1.578845e+04,1.216635e+08,2.188533e+08
8526.594,388.162724,8.820016e+03,1.578495e+04,1.217101e+08,2.189368e+08
8531.884,388.196088,8.817949e+03,1.578145e+04,1.217568e+08,2.190203e+08
8537.173,388.229444,8.815882e+03,1.577795e+04,1.218034e+08,2.191037e+08
8542.463,388.262792,8.813816e+03,1.577446e+04,1.218500e+08,2.191871e+08
8547.752,388.296133,8.811752e+03,1.577097e+04,1.218966e+08,2.192706e+08
8553.041,388.329466,8.809689e+03,1.576748e+04,1.219432e+08,2.193540e+08
8558.331,388.362792,8.807627e+03,1.576400e+04,1.219898e+08,2.194374e+08
8563.620,388.396110,8.805566e+03,1.576051e+04,1.220364e+08,2.195207e+08
8568.910,388.429421,8.803506e+03,1.575703e+04,1.220830e+08,2.196041e+08
8574.199,388.462724,8.801447e+03,1.575355e+04,1.221295e+08,2.196874e+08
8579.489,388.496020,8.799389e+03,1.575008e+04,1.221761e+08,2.197707e+08
8584.778,388.529308,8.797333e+03,1.574661e+04,1.222226e+08,2.198540e+08
8590.068,388.562588,8.795278e+03,1.574313e+04,1.222691e+08,2.199373e+08
8595.357,388.595862,8.793224e+03,1.573967e+04,1.223156e+08,2.200205e+08
8600.646,388.629127,8.791171e+03,1.573620e+04,1.223621e+08,2.201038e+08
8605.936,388.662386,8.789119e+03,1.573274e+04,1.224086e+08,2.201870e+08
8611.225,388.695636,8.787068e+03,1.572928e+04,1.224551e+08,2.202702e+08
8616.515,388.728880,8.785018e+03,1.572582e+04,1.225016e+08,2.203533e+08
8621.804,388.762115,8.782970e+03,1.572236e+04,1.225480e+08,2.204365e+08
8627.094,388.795344,8.780922e+03,1.571891e+04,1.225945e+08,2.205197e+08
8632.383,388.828565,8.778876e+03,1.571546e+04,1.226409e+08,2.206028e+08
8637.673,388.861778,8.776831e+03,1.571201e+04,1.226873e+08,2.206859e+08
8642.962,388.894984,8.774787e+03,1.570856e+04,1.227337e+08,2.207690e+08
8648.252,388.928183,8.772744e+03,1.570512e+04,1.227801e+08,2.208521e+08
8653.541,388.961374,8.770702e+03,1.570168e+04,1.228265e+08,2.209351e+08
8658.830,388.994558,8.768661e+03,1.569824e+04,1.228729e+08,2.210181e+08
8664.120,389.027734,8.766622e+03,1.569480e+04,1.229193e+08,2.211012e+08
8669.409,389.060903,8.764583e+03,1.569137e+04,1.229656e+08,2.211842e+08
8674.699,389.094064,8.762546e+03,1.568794e+04,1.230120e+08,2.212671e+08
8679.988,389.127218,8.760509e+03,1.568451e+04,1.230583e+08,2.213501e+08
8685.278,389.160365,8.758474e+03,1.568108e+04,1.231047e+08,2.214330e+08
8690.567,389.193504,8.756440e+03,1.567765e+04,1.231510e+08,2.215160e+08
8695.857,389.226636,8.754407e+03,1.567423e+04,1.231973e+08,2.215989e+08
8701.146,389.259760,8.752375e+03,1.567081e+04,1.232436e+08,2.216818e+08
8706.435,389.292877,8.750344e+03,1.566740e+04,1.232899e+08,2.217646e+08
8711.725,389.325987,8.748314e+03,1.566398e+04,1.233361e+08,2.218475e+08
8717.014,389.359089,8.746285e+03,1.566057e+04,1.233824e+08,2.219303e+08
8722.304,389.392184,8.744258e+03,1.565716e+04,1.234287e+08,2.220131e+08
8727.593,389.425272,8.742231e+03,1.565375e+04,1.234749e+08,2.220959e+08
8732.883,389.458352,8.740205e+03,1.565034e+04,1.235211e+08,2.221787e+08
8738.172,389.491425,8.738181e+03,1.564694e+04,1.235673e+08,2.222615e+08
8743.462,389.524490,8.736158e+03,1.564354e+04,1.236136e+08,2.223442e+08
8748.751,389.557548,8.734135e+03,1.564014e+04,1.236598e+08,2.224270e+08
8754.041,389.590599,8.732114e+03,1.563674e+04,1.237059e+08,2.225097e+08
8759.330,389.623642,8.730094e+03,1.563335e+04,1.237521e+08,2.225924e+08
8764.619,389.656678,8.728075e+03,1.562996e+04,1.237983e+08,2.226750e+08
8769.909,389.689707,8.726057e+03,1.562657e+04,1.238444e+08,2.227577e+08
8775.198,389.722728,8.724040e+03,1.562318e+04,1.238906e+08,2.228403e+08
8780.488,389.755742,8.722024e+03,1.561980e+04,1.239367e+08,2.229230e+08
8785.777,389.788749,8.720009e+03,1.561641e+04,1.239828e+08,2.230056e+08
8791.067,389.821749,8.717995e+03,1.561303e+04,1.240290e+08,2.230881e+08
8796.356,389.854741,8.715982e+03,1.560966e+04,1.240751e+08,2.231707e+08
8801.646,389.887726,8.713970e+03,1.560628e+04,1.241212e+08,2.232533e+08
8806.935,389.920703,8.711960e+03,1.560291e+04,1.241672e+08,2.233358e+08
8812.225,389.953673,8.709950e+03,1.559954e+04,1.242133e+08,2.234183e+08
8817.514,389.986636,8.707941e+03,1.559617e+04,1.242594e+08,2.235008e+08
8822.803,390.019592,8.705934e+03,1.559280e+04,1.243054e+08,2.235833e+08
8828.093,390.052540,8.703927e+03,1.558944e+04,1.243515e+08,2.236657e+08
8833.382,390.085481,8.701922e+03,1.558608e+04,1.243975e+08,2.237482e+08
8838.672,390.118415,8.699917e+03,1.558272e+04,1.244435e+08,2.238306e+08
8843.961,390.151342,8.697914e+03,1.557936e+04,1.244895e+08,2.239130e+08
8849.251,390.184261,8.695911e+03,1.557601e+04,1.245355e+08,2.239954e+08
8854.540,390.217173,8.693910e+03,1.557265e+04,1.245815e+08,2.240778e+08
8859.830,390.250078,8.691909e+03,1.556930e+04,1.246275e+08,2.241601e+08
8865.119,390.282975,8.689910e+03,1.556596e+04,1.246734e+08,2.242425e+08
8870.408,390.315865,8.687912e+03,1.556261e+04,1.247194e+08,2.243248e+08
8875.698,390.348748,8.685914e+03,1.555927e+04,1.247653e+08,2.244071e+08
8880.987,390.381624,8.683918e+03,1.555592e+04,1.248113e+08,2.244894e+08
8886.277,390.414493,8.681923e+03,1.555259e+04,1.248572e+08,2.245716e+08
8891.566,390.447354,8.679929e+03,1.554925e+04,1.249031e+08,2.246539e+08
8896.856,390.480208,8.677935e+03,1.554591e+04,1.249490e+08,2.247361e+08
8902.145,390.513055,8.675943e+03,1.554258e+04,1.249949e+08,2.248183e+08
8907.435,390.545894,8.673952e+03,1.553925e+04,1.250408e+08,2.249005e+08
8912.724,390.578727,8.671961e+03,1.553592e+04,1.250866e+08,2.249827e+08
8918.014,390.611552,8.669972e+03,1.553260e+04,1.251325e+08,2.250648e+08
8923.303,390.644370,8.667984e+03,1.552927e+04,1.251784e+08,2.251470e+08
8928.592,390.677181,8.665997e+03,1.552595e+04,1.252242e+08,2.252291e+08
8933.882,390.709984,8.664010e+03,1.552263e+04,1.252700e+08,2.253112e+08
8939.171,390.742781,8.662025e+03,1.551932e+04,1.253158e+08,2.253933e+08
8944.461,390.775570,8.660041e+03,1.551600e+04,1.253616e+08,2.254754e+08
8949.750,390.808352,8.658058e+03,1.551269e+04,1.254074e+08,2.255574e+08
8955.040,390.841127,8.656075e+03,1.550938e+04,1.254532e+08,2.256395e+08
8960.329,390.873895,8.654094e+03,1.550607e+04,1.254990e+08,2.257215e+08
8965.619,390.906655,8.652114e+03,1.550277e+04,1.255448e+08,2.258035e+08
8970.908,390.939409,8.650134e+03,1.549946e+04,1.255905e+08,2.258855e+08
8976.197,390.972155,8.648156e+03,1.549616e+04,1.256363e+08,2.259674e+08
8981.487,391.004894,8.646179e+03,1.549286e+04,1.256820e+08,2.260494e+08
8986.776,391.037626,8.644202e+03,1.548957e+04,1.257277e+08,2.261313e+08
8992.066,391.070350,8.642227e+03,1.548627e+04,1.257734e+08,2.262132e+08
8997.355,391.103068,8.640252e+03,1.548298e+04,1.258191e+08,2.262951e+08
9002.645,391.135779,8.638279e+03,1.547969e+04,1.258648e+08,2.263770e+08
9007.934,391.168482,8.636306e+03,1.547640e+04,1.259105e+08,2.264589e+08
9013.224,391.201178,8.634335e+03,1.547311e+04,1.259562e+08,2.265407e+08
9018.513,391.233867,8.632364e+03,1.546983e+04,1.260018e+08,2.266225e+08
9023.803,391.266549,8.630394e+03,1.546655e+04,1.260475e+08,2.267043e+08
9029.092,391.299224,8.628426e+03,1.546327e+04,1.260931e+08,2.267861e+08
9034.381,391.331892,8.626458e+03,1.545999e+04,1.261388e+08,2.268679e+08
9039.671,391.364552,8.624491e+03,1.545672e+04,1.261844e+08,2.269497e+08
9044.960,391.397206,8.622526e+03,1.545344e+04,1.262300e+08,2.270314e+08
9050.250,391.429852,8.620561e+03,1.545017e+04,1.262756e+08,2.271131e+08
9055.539,391.462491,8.618597e+03,1.544690e+04,1.263212e+08,2.271948e+08
9060.829,391.495124,8.616634e+03,1.544363e+04,1.263667e+08,2.272765e+08
9066.118,391.527749,8.614672e+03,1.544037e+04,1.264123e+08,2.273582e+08
9071.408,391.560367,8.612711e+03,1.543711e+04,1.264579e+08,2.274398e+08
9076.697,391.592978,8.610751e+03,1.543385e+04,1.265034e+08,2.275215e+08
9081.986,391.625582,8.608792e+03,1.543059e+04,1.265490e+08,2.276031e+08
9087.276,391.658178,8.606833e+03,1.542733e+04,1.265945e+08,2.276847e+08
9092.565,391.690768,8.604876e+03,1.542408e+04,1.266400e+08,2.277663e+08
9097.855,391.723351,8.602920e+03,1.542083e+04,1.266855e+08,2.278479e+08
9103.144,391.755926,8.600964e+03,1.541758e+04,1.267310e+08,2.279294e+08
9108.434,391.788495,8.599010e+03,1.541433e+04,1.267765e+08,2.280109e+08
9113.723,391.821056,8.597056e+03,1.541108e+04,1.268220e+08,2.280925e+08
9119.013,391.853611,8.595104e+03,1.540784e+04,1.268674e+08,2.281740e+08
9124.302,391.886158,8.593152e+03,1.540460e+04,1.269129e+08,2.282554e+08
9129.592,391.918699,8.591201e+03,1.540136e+04,1.269583e+08,2.283369e+08
9134.881,391.951232,8.589252e+03,1.539812e+04,1.270037e+08,2.284183e+08
9140.170,391.983758,8.587303e+03,1.539489e+04,1.270492e+08,2.284998e+08
9145.460,392.016278,8.585355e+03,1.539165e+04,1.270946e+08,2.285812e+08
9150.749,392.048790,8.583408e+03,1.538842e+04,1.271400e+08,2.286626e+08
9156.039,392.081295,8.581461e+03,1.538519e+04,1.271854e+08,2.287440e+08
9161.328,392.113793,8.579516e+03,1.538197e+04,1.272308e+08,2.288253e+08
9166.618,392.146285,8.577572e+03,1.537874e+04,1.272761e+08,2.289067e+08
9171.907,392.178769,8.575629e+03,1.537552e+04,1.273215e+08,2.289880e+08
9177.197,392.211246,8.573686e+03,1.537230e+04,1.273668e+08,2.290693e+08
9182.486,392.243716,8.571744e+03,1.536908e+04,1.274122e+08,2.291506e+08
9187.775,392.276179,8.569804e+03,1.536586e+04,1.274575e+08,2.292319e+08
9193.065,392.308636,8.567864e+03,1.536265e+04,1.275028e+08,2.293131e+08
9198.354,392.341085,8.565925e+03,1.535943e+04,1.275481e+08,2.293944e+08
9203.644,392.373527,8.563987e+03,1.535622e+04,1.275934e+08,2.294756e+08
9208.933,392.405962,8.562050e+03,1.535302e+04,1.276387e+08,2.295568e+08
9214.223,392.438391,8.560114e+03,1.534981e+04,1.276840e+08,2.296380e+08
9219.512,392.470812,8.558179e+03,1.534660e+04,1.277293e+08,2.297192e+08
9224.802,392.503226,8.556244e+03,1.534340e+04,1.277745e+08,2.298003e+08
9230.091,392.535634,8.554311e+03,1.534020e+04,1.278198e+08,2.298815e+08
9235.381,392.568034,8.552378e+03,1.533700e+04,1.278650e+08,2.299626e+08
9240.670,392.600428,8.550447e+03,1.533381e+04,1.279102e+08,2.300437e+08
9245.959,392.632814,8.548516e+03,1.533061e+04,1.279554e+08,2.301248e+08
9251.249,392.665194,8.546586e+03,1.532742e+04,1.280007e+08,2.302059e+08
9256.538,392.697566,8.544657e+03,1.532423e+04,1.280459e+08,2.302869e+08
9261.828,392.729932,8.542729e+03,1.532104e+04,1.280910e+08,2.303680e+08
9267.117,392.762291,8.540802e+03,1.531786e+04,1.281362e+08,2.304490e+08
9272.407,392.794643,8.538875e+03,1.531467e+04,1.281814e+08,2.305300e+08
9277.696,392.826988,8.536950e+03,1.531149e+04,1.282265e+08,2.306110e+08
9282.986,392.859326,8.535025e+03,1.530831e+04,1.282717e+08,2.306920e+08
9288.275,392.891657,8.533101e+03,1.530513e+04,1.283168e+08,2.307729e+08
9293.565,392.923981,8.531178e+03,1.530195e+04,1.283619e+08,2.308539e+08
9298.854,392.956298,8.529256e+03,1.529878e+04,1.284071e+08,2.309348e+08
9304.143,392.988608,8.527335e+03,1.529561e+04,1.284522e+08,2.310157e+08
9309.433,393.020912,8.525415e+03,1.529244e+04,1.284973e+08,2.310966e+08
9314.722,393.053208,8.523496e+03,1.528927e+04,1.285423e+08,2.311775e+08
9320.012,393.085498,8.521577e+03,1.528610e+04,1.285874e+08,2.312583e+08
9325.301,393.117781,8.519659e+03,1.528294e+04,1.286325e+08,2.313391e+08
9330.591,393.150056,8.517743e+03,1.527978e+04,1.286775e+08,2.314200e+08
9335.880,393.182325,8.515827e+03,1.527662e+04,1.287226e+08,2.315008e+08
9341.170,393.214588,8.513912e+03,1.527346e+04,1.287676e+08,2.315816e+08
9346.459,393.246843,8.511997e+03,1.527030e+04,1.288126e+08,2.316623e+08
9351.748,393.279091,8.510084e+03,1.526715e+04,1.288577e+08,2.317431e+08
9357.038,393.311333,8.508171e+03,1.526399e+04,1.289027e+08,2.318238e+08
9362.327,393.343567,8.506260e+03,1.526084e+04,1.289476e+08,2.319045e+08
9367.617,393.375795,8.504349e+03,1.525770e+04,1.289926e+08,2.319853e+08
9372.906,393.408016,8.502439e+03,1.525455e+04,1.290376e+08,2.320659e+08
9378.196,393.440230,8.500530e+03,1.525140e+04,1.290826e+08,2.321466e+08
9383.485,393.472437,8.498622e+03,1.524826e+04,1.291275e+08,2.322273e+08
9388.775,393.504637,8.496714e+03,1.524512e+04,1.291725e+08,2.323079e+08
9394.064,393.536831,8.494808e+03,1.524198e+04,1.292174e+08,2.323885e+08
9399.354,393.569017,8.492902e+03,1.523884e+04,1.292623e+08,2.324691e+08
9404.643,393.601197,8.490997e+03,1.523571e+04,1.293072e+08,2.325497e+08
9409.932,393.633370,8.489093e+03,1.523258e+04,1.293521e+08,2.326303e+08
9415.222,393.665536,8.487190e+03,1.522944e+04,1.293970e+08,2.327108e+08
9420.511,393.697696,8.485287e+03,1.522632e+04,1.294419e+08,2.327914e+08
9425.801,393.729848,8.483386e+03,1.522319e+04,1.294868e+08,2.328719e+08
9431.090,393.761994,8.481485e+03,1.522006e+04,1.295316e+08,2.329524e+08
9436.380,393.794133,8.479585e+03,1.521694e+04,1.295765e+08,2.330329e+08
9441.669,393.826265,8.477686e+03,1.521382e+04,1.296213e+08,2.331134e+08
9446.959,393.858390,8.475788e+03,1.521070e+04,1.296662e+08,2.331938e+08
9452.248,393.890508,8.473890e+03,1.520758e+04,1.297110e+08,2.332743e+08
9457.537,393.922620,8.471994e+03,1.520446e+04,1.297558e+08,2.333547e+08
9462.827,393.954725,8.470098e+03,1.520135e+04,1.298006e+08,2.334351e+08
9468.116,393.986823,8.468203e+03,1.519824e+04,1.298454e+08,2.335155e+08
9473.406,394.018914,8.466309e+03,1.519513e+04,1.298902e+08,2.335959e+08
9478.695,394.050999,8.464416e+03,1.519202e+04,1.299350e+08,2.336762e+08
9483.985,394.083076,8.462523e+03,1.518891e+04,1.299797e+08,2.337566e+08
9489.274,394.115147,8.460632e+03,1.518581e+04,1.300245e+08,2.338369e+08
9494.564,394.147212,8.458741e+03,1.518270e+04,1.300692e+08,2.339172e+08
9499.853,394.179269,8.456851e+03,1.517960e+04,1.301139e+08,2.339975e+08
9505.143,394.211320,8.454961e+03,1.517651e+04,1.301587e+08,2.340778e+08
9510.432,394.243364,8.453073e+03,1.517341e+04,1.302034e+08,2.341580e+08
9515.721,394.275401,8.451185e+03,1.517031e+04,1.302481e+08,2.342383e+08
9521.011,394.307431,8.449299e+03,1.516722e+04,1.302928e+08,2.343185e+08
9526.300,394.339455,8.447413e+03,1.516413e+04,1.303375e+08,2.343987e+08
9531.590,394.371471,8.445527e+03,1.516104e+04,1.303821e+08,2.344789e+08
9536.879,394.403482,8.443643e+03,1.515795e+04,1.304268e+08,2.345591e+08
9542.169,394.435485,8.441759e+03,1.515486e+04,1.304714e+08,2.346392e+08
9547.458,394.467482,8.439877e+03,1.515178e+04,1.305161e+08,2.347194e+08
9552.748,394.499472,8.437995e+03,1.514870e+04,1.305607e+08,2.347995e+08
9558.037,394.531455,8.436113e+03,1.514562e+04,1.306053e+08,2.348796e+08
9563.326,394.563431,8.434233e+03,1.514254e+04,1.306499e+08,2.349597e+08
9568.616,394.595401,8.432353e+03,1.513946e+04,1.306946e+08,2.350398e+08
9573.905,394.627364,8.430475e+03,1.513639e+04,1.307391e+08,2.351199e+08
9579.195,394.659320,8.428596e+03,1.513332e+04,1.307837e+08,2.351999e+08
9584.484,394.691270,8.426719e+03,1.513024e+04,1.308283e+08,2.352799e+08
9589.774,394.723213,8.424843e+03,1.512717e+04,1.308729e+08,2.353600e+08
9595.063,394.755149,8.422967e+03,1.512411e+04,1.309174e+08,2.354399e+08
9600.353,394.787078,8.421092e+03,1.512104e+04,1.309620e+08,2.355199e+08
9605.642,394.819001,8.419218e+03,1.511798e+04,1.310065e+08,2.355999e+08
9610.932,394.850917,8.417345e+03,1.511492e+04,1.310510e+08,2.356798e+08
9616.221,394.882827,8.415472e+03,1.511186e+04,1.310955e+08,2.357598e+08
9621.510,394.914729,8.413600e+03,1.510880e+04,1.311400e+08,2.358397e+08
9626.800,394.946625,8.411729e+03,1.510574e+04,1.311845e+08,2.359196e+08
9632.089,394.978515,8.409859e+03,1.510269e+04,1.312290e+08,2.359995e+08
9637.379,395.010397,8.407990e+03,1.509963e+04,1.312735e+08,2.360794e+08
9642.668,395.042273,8.406121e+03,1.509658e+04,1.313179e+08,2.361592e+08
9647.958,395.074143,8.404253e+03,1.509353e+04,1.313624e+08,2.362390e+08
9653.247,395.106005,8.402386e+03,1.509048e+04,1.314068e+08,2.363189e+08
9658.537,395.137861,8.400520e+03,1.508744e+04,1.314513e+08,2.363987e+08
9663.826,395.169711,8.398654e+03,1.508439e+04,1.314957e+08,2.364785e+08
9669.115,395.201553,8.396789e+03,1.508135e+04,1.315401e+08,2.365582e+08
9674.405,395.233389,8.394925e+03,1.507831e+04,1.315845e+08,2.366380e+08
9679.694,395.265219,8.393062e+03,1.507527e+04,1.316289e+08,2.367177e+08
9684.984,395.297041,8.391199e+03,1.507224e+04,1.316733e+08,2.367974e+08
9690.273,395.328858,8.389338e+03,1.506920e+04,1.317177e+08,2.368772e+08
9695.563,395.360667,8.387477e+03,1.506617e+04,1.317620e+08,2.369568e+08
9700.852,395.392470,8.385616e+03,1.506314e+04,1.318064e+08,2.370365e+08
9706.142,395.424266,8.383757e+03,1.506011e+04,1.318507e+08,2.371162e+08
9711.431,395.456056,8.381898e+03,1.505708e+04,1.318951e+08,2.371958e+08
9716.721,395.487839,8.380040e+03,1.505405e+04,1.319394e+08,2.372755e+08
9722.010,395.519615,8.378183e+03,1.505103e+04,1.319837e+08,2.373551e+08
9727.299,395.551385,8.376326e+03,1.504801e+04,1.320280e+08,2.374347e+08
9732.589,395.583148,8.374471e+03,1.504499e+04,1.320723e+08,2.375142e+08
9737.878,395.614904,8.372616e+03,1.504197e+04,1.321166e+08,2.375938e+08
9743.168,395.646654,8.370762e+03,1.503895e+04,1.321609e+08,2.376734e+08
9748.457,395.678397,8.368908e+03,1.503593e+04,1.322052e+08,2.377529e+08
9753.747,395.710134,8.367055e+03,1.503292e+04,1.322494e+08,2.378324e+08
9759.036,395.741864,8.365203e+03,1.502991e+04,1.322937e+08,2.379119e+08
9764.326,395.773588,8.363352e+03,1.502690e+04,1.323379e+08,2.379914e+08
9769.615,395.805304,8.361501e+03,1.502389e+04,1.323821e+08,2.380708e+08
9774.904,395.837015,8.359652e+03,1.502088e+04,1.324263e+08,2.381503e+08
9780.194,395.868718,8.357803e+03,1.501788e+04,1.324705e+08,2.382297e+08
9785.483,395.900416,8.355954e+03,1.501487e+04,1.325147e+08,2.383092e+08
9790.773,395.932106,8.354107e+03,1.501187e+04,1.325589e+08,2.383886e+08
9796.062,395.963790,8.352260e+03,1.500887e+04,1.326031e+08,2.384680e+08
9801.352,395.995468,8.350414e+03,1.500587e+04,1.326473e+08,2.385473e+08
9806.641,396.027138,8.348568e+03,1.500288e+04,1.326914e+08,2.386267e+08
9811.931,396.058803,8.346724e+03,1.499988e+04,1.327356e+08,2.387060e+08
9817.220,396.090460,8.344880e+03,1.499689e+04,1.327797e+08,2.387853e+08
9822.510,396.122112,8.343037e+03,1.499390e+04,1.328239e+08,2.388647e+08
9827.799,396.153756,8.341194e+03,1.499091e+04,1.328680e+08,2.389440e+08
9833.088,396.185394,8.339352e+03,1.498792e+04,1.329121e+08,2.390232e+08
9838.378,396.217026,8.337511e+03,1.498493e+04,1.329562e+08,2.391025e+08
9843.667,396.248651,8.335671e+03,1.498195e+04,1.330003e+08,2.391817e+08
9848.957,396.280269,8.333832e+03,1.497897e+04,1.330444e+08,2.392610e+08
9854.246,396.311881,8.331993e+03,1.497599e+04,1.330884e+08,2.393402e+08
9859.536,396.343486,8.330155e+03,1.497301e+04,1.331325e+08,2.394194e+08
9864.825,396.375085,8.328317e+03,1.497003e+04,1.331766e+08,2.394986e+08
9870.115,396.406678,8.326480e+03,1.496705e+04,1.332206e+08,2.395777e+08
9875.404,396.438263,8.324644e+03,1.496408e+04,1.332646e+08,2.396569e+08
9880.694,396.469843,8.322809e+03,1.496111e+04,1.333086e+08,2.397360e+08
9885.983,396.501415,8.320975e+03,1.495814e+04,1.333527e+08,2.398151e+08
9891.272,396.532982,8.319141e+03,1.495517e+04,1.333967e+08,2.398942e+08
9896.562,396.564541,8.317308e+03,1.495220e+04,1.334407e+08,2.399733e+08
9901.851,396.596095,8.315475e+03,1.494923e+04,1.334846e+08,2.400524e+08
9907.141,396.627641,8.313643e+03,1.494627e+04,1.335286e+08,2.401315e+08
9912.430,396.659181,8.311812e+03,1.494331e+04,1.335726e+08,2.402105e+08
9917.720,396.690715,8.309982e+03,1.494035e+04,1.336165e+08,2.402895e+08
9923.009,396.722242,8.308152e+03,1.493739e+04,1.336605e+08,2.403685e+08
9928.299,396.753763,8.306323e+03,1.493443e+04,1.337044e+08,2.404475e+08
9933.588,396.785277,8.304495e+03,1.493147e+04,1.337483e+08,2.405265e+08
9938.877,396.816785,8.302668e+03,1.492852e+04,1.337923e+08,2.406055e+08
9944.167,396.848286,8.300841e+03,1.492557e+04,1.338362e+08,2.406844e+08
9949.456,396.879781,8.299015e+03,1.492262e+04,1.338801e+08,2.407634e+08
9954.746,396.911269,8.297189e+03,1.491967e+04,1.339240e+08,2.408423e+08
9960.035,396.942751,8.295365e+03,1.491672e+04,1.339678e+08,2.409212e+08
9965.325,396.974227,8.293541e+03,1.491377e+04,1.340117e+08,2.410001e+08
9970.614,397.005696,8.291717e+03,1.491083e+04,1.340556e+08,2.410789e+08
9975.904,397.037158,8.289895e+03,1.490789e+04,1.340994e+08,2.411578e+08
9981.193,397.068614,8.288073e+03,1.490495e+04,1.341432e+08,2.412366e+08
9986.483,397.100063,8.286251e+03,1.490201e+04,1.341871e+08,2.413155e+08
9991.772,397.131507,8.284431e+03,1.489907e+04,1.342309e+08,2.413943e+08
9997.061,397.162943,8.282611e+03,1.489613e+04,1.342747e+08,2.414731e+08
10002.351,397.194373,8.280792e+03,1.489320e+04,1.343185e+08,2.415518e+08
10007.640,397.225797,8.278973e+03,1.489027e+04,1.343623e+08,2.416306e+08
10012.930,397.257214,8.277155e+03,1.488734e+04,1.344061e+08,2.417093e+08
10018.219,397.288625,8.275338e+03,1.488441e+04,1.344499e+08,2.417881e+08
10023.509,397.320030,8.273522e+03,1.488148e+04,1.344936e+08,2.418668e+08
10028.798,397.351428,8.271706e+03,1.487855e+04,1.345374e+08,2.419455e+08
10034.088,397.382819,8.269891e+03,1.487563e+04,1.345811e+08,2.420242e+08
10039.377,397.414204,8.268076e+03,1.487271e+04,1.346248e+08,2.421028e+08
10044.666,397.445583,8.266262e+03,1.486978e+04,1.346686e+08,2.421815e+08
10049.956,397.476955,8.264449e+03,1.486686e+04,1.347123e+08,2.422601e+08
10055.245,397.508321,8.262637e+03,1.486395e+04,1.347560e+08,2.423387e+08
10060.535,397.539681,8.260825e+03,1.486103e+04,1.347997e+08,2.424174e+08
10065.824,397.571034,8.259014e+03,1.485812e+04,1.348434e+08,2.424959e+08
10071.114,397.602380,8.257204e+03,1.485520e+04,1.348870e+08,2.425745e+08
10076.403,397.633721,8.255394e+03,1.485229e+04,1.349307e+08,2.426531e+08
10081.693,397.665054,8.253585e+03,1.484938e+04,1.349744e+08,2.427316e+08
10086.982,397.696382,8.251776e+03,1.484647e+04,1.350180e+08,2.428102e+08
10092.272,397.727703,8.249969e+03,1.484357e+04,1.350617e+08,2.428887e+08
10097.561,397.759018,8.248161e+03,1.484066e+04,1.351053e+08,2.429672e+08
10102.850,397.790326,8.246355e+03,1.483776e+04,1.351489e+08,2.430457e+08
10108.140,397.821628,8.244549e+03,1.483485e+04,1.351925e+08,2.431241e+08
10113.429,397.852923,8.242744e+03,1.483195e+04,1.352361e+08,2.432026e+08
10118.719,397.884212,8.240940e+03,1.482906e+04,1.352797e+08,2.432810e+08
10124.008,397.915495,8.239136e+03,1.482616e+04,1.353233e+08,2.433594e+08
10129.298,397.946772,8.237333e+03,1.482326e+04,1.353669e+08,2.434378e+08
10134.587,397.978042,8.235530e+03,1.482037e+04,1.354104e+08,2.435162e+08
10139.877,398.009305,8.233729e+03,1.481748e+04,1.354540e+08,2.435946e+08
10145.166,398.040562,8.231927e+03,1.481459e+04,1.354975e+08,2.436730e+08
10150.455,398.071813,8.230127e+03,1.481170e+04,1.355410e+08,2.437513e+08
10155.745,398.103058,8.228327e+03,1.480881e+04,1.355846e+08,2.438296e+08
10161.034,398.134296,8.226528e+03,1.480592e+04,1.356281e+08,2.439080e+08
10166.324,398.165528,8.224729e+03,1.480304e+04,1.356716e+08,2.439863e+08
10171.613,398.196754,8.222931e+03,1.480015e+04,1.357151e+08,2.440645e+08
10176.903,398.227973,8.221134e+03,1.479727e+04,1.357586e+08,2.441428e+08
10182.192,398.259185,8.219337e+03,1.479439e+04,1.358020e+08,2.442211e+08
10187.482,398.290392,8.217541e+03,1.479151e+04,1.358455e+08,2.442993e+08
10192.771,398.321592,8.215746e+03,1.478864e+04,1.358890e+08,2.443775e+08
10198.061,398.352786,8.213951e+03,1.478576e+04,1.359324e+08,2.444557e+08
10203.350,398.383973,8.212157e+03,1.478289e+04,1.359758e+08,2.445339e+08
10208.639,398.415155,8.210364e+03,1.478002e+04,1.360193e+08,2.446121e+08
10213.929,398.446329,8.208571e+03,1.477715e+04,1.360627e+08,2.446903e+08
10219.218,398.477498,8.206779e+03,1.477428e+04,1.361061e+08,2.447684e+08
10224.508,398.508660,8.204988e+03,1.477141e+04,1.361495e+08,2.448466e+08
10229.797,398.539816,8.203197e+03,1.476854e+04,1.361929e+08,2.449247e+08
10235.087,398.570965,8.201406e+03,1.476568e+04,1.362363e+08,2.450028e+08
10240.376,398.602109,8.199617e+03,1.476282e+04,1.362796e+08,2.450809e+08
10245.666,398.633246,8.197828e+03,1.475996e+04,1.363230e+08,2.451589e+08
10250.955,398.664376,8.196040e+03,1.475710e+04,1.363664e+08,2.452370e+08
10256.244,398.695501,8.194252e+03,1.475424e+04,1.364097e+08,2.453150e+08
10261.534,398.726619,8.192465e+03,1.475138e+04,1.364530e+08,2.453931e+08
10266.823,398.757730,8.190678e+03,1.474853e+04,1.364964e+08,2.454711e+08
10272.113,398.788836,8.188893e+03,1.474567e+04,1.365397e+08,2.455491e+08
10277.402,398.819935,8.187107e+03,1.474282e+04,1.365830e+08,2.456270e+08
10282.692,398.851028,8.185323e+03,1.473997e+04,1.366263e+08,2.457050e+08
10287.981,398.882114,8.183539e+03,1.473712e+04,1.366696e+08,2.457830e+08
10293.271,398.913195,8.181756e+03,1.473427e+04,1.367128e+08,2.458609e+08
10298.560,398.944269,8.179973e+03,1.473143e+04,1.367561e+08,2.459388e+08
10303.850,398.975337,8.178191e+03,1.472858e+04,1.367994e+08,2.460167e+08
10309.139,399.006398,8.176409e+03,1.472574e+04,1.368426e+08,2.460946e+08
10314.428,399.037453,8.174629e+03,1.472290e+04,1.368859e+08,2.461725e+08
10319.718,399.068502,8.172848e+03,1.472006e+04,1.369291e+08,2.462504e+08
10325.007,399.099545,8.171069e+03,1.471722e+04,1.369723e+08,2.463282e+08
10330.297,399.130581,8.169290e+03,1.471438e+04,1.370155e+08,2.464060e+08
10335.586,399.161611,8.167512e+03,1.471155e+04,1.370587e+08,2.464839e+08
10340.876,399.192635,8.165734e+03,1.470871e+04,1.371019e+08,2.465617e+08
10346.165,399.223653,8.163957e+03,1.470588e+04,1.371451e+08,2.466394e+08
10351.455,399.254664,8.162180e+03,1.470305e+04,1.371883e+08,2.467172e+08
10356.744,399.285670,8.160404e+03,1.470022e+04,1.372314e+08,2.467950e+08
10362.033,399.316669,8.158629e+03,1.469739e+04,1.372746e+08,2.468727e+08
10367.323,399.347661,8.156854e+03,1.469457e+04,1.373177e+08,2.469504e+08
10372.612,399.378648,8.155080e+03,1.469174e+04,1.373609e+08,2.470281e+08
10377.902,399.409628,8.153307e+03,1.468892e+04,1.374040e+08,2.471058e+08
10383.191,399.440602,8.151534e+03,1.468609e+04,1.374471e+08,2.471835e+08
10388.481,399.471570,8.149762e+03,1.468327e+04,1.374902e+08,2.472612e+08
10393.770,399.502531,8.147990e+03,1.468046e+04,1.375333e+08,2.473388e+08
10399.060,399.533486,8.146219e+03,1.467764e+04,1.375764e+08,2.474165e+08
10404.349,399.564435,8.144448e+03,1.467482e+04,1.376195e+08,2.474941e+08
10409.639,399.595378,8.142679e+03,1.467201e+04,1.376626e+08,2.475717e+08
10414.928,399.626315,8.140909e+03,1.466919e+04,1.377056e+08,2.476493e+08
10420.217,399.657245,8.139141e+03,1.466638e+04,1.377487e+08,2.477269e+08
10425.507,399.688170,8.137373e+03,1.466357e+04,1.377917e+08,2.478044e+08
10430.796,399.719088,8.135605e+03,1.466076e+04,1.378347e+08,2.478820e+08
10436.086,399.749999,8.133838e+03,1.465796e+04,1.378778e+08,2.479595e+08
10441.375,399.780905,8.132072e+03,1.465515e+04,1.379208e+08,2.480370e+08
10446.665,399.811804,8.130306e+03,1.465235e+04,1.379638e+08,2.481145e+08
10451.954,399.842698,8.128541e+03,1.464954e+04,1.380068e+08,2.481920e+08
10457.244,399.873585,8.126777e+03,1.464674e+04,1.380498e+08,2.482695e+08
10462.533,399.904466,8.125013e+03,1.464394e+04,1.380927e+08,2.483470e+08
10467.823,399.935340,8.123250e+03,1.464114e+04,1.381357e+08,2.484244e+08
10473.112,399.966209,8.121487e+03,1.463835e+04,1.381787e+08,2.485018e+08
10478.401,399.997071,8.119725e+03,1.463555e+04,1.382216e+08,2.485792e+08
10483.691,400.027927,8.117963e+03,1.463276e+04,1.382646e+08,2.486566e+08
10488.980,400.058777,8.116202e+03,1.462996e+04,1.383075e+08,2.487340e+08
10494.270,400.089621,8.114442e+03,1.462717e+04,1.383504e+08,2.488114e+08
10499.559,400.120458,8.112682e+03,1.462438e+04,1.383933e+08,2.488888e+08
10504.849,400.151290,8.110923e+03,1.462159e+04,1.384362e+08,2.489661e+08
10510.138,400.182115,8.109164e+03,1.461881e+04,1.384791e+08,2.490434e+08
10515.428,400.212934,8.107406e+03,1.461602e+04,1.385220e+08,2.491207e+08
10520.717,400.243747,8.105649e+03,1.461324e+04,1.385649e+08,2.491980e+08
10526.006,400.274554,8.103892e+03,1.461045e+04,1.386077e+08,2.492753e+08
10531.296,400.305354,8.102136e+03,1.460767e+04,1.386506e+08,2.493526e+08
10536.585,400.336149,8.100380e+03,1.460489e+04,1.386934e+08,2.494298e+08
10541.875,400.366937,8.098625e+03,1.460212e+04,1.387363e+08,2.495071e+08
10547.164,400.397719,8.096870e+03,1.459934e+04,1.387791e+08,2.495843e+08
10552.454,400.428495,8.095116e+03,1.459656e+04,1.388219e+08,2.496615e+08
10557.743,400.459265,8.093363e+03,1.459379e+04,1.388647e+08,2.497387e+08
10563.033,400.490029,8.091610e+03,1.459102e+04,1.389075e+08,2.498159e+08
10568.322,400.520787,8.089858e+03,1.458824e+04,1.389503e+08,2.498930e+08
10573.612,400.551538,8.088106e+03,1.458547e+04,1.389931e+08,2.499702e+08
10578.901,400.582283,8.086355e+03,1.458271e+04,1.390359e+08,2.500473e+08
10584.190,400.613023,8.084604e+03,1.457994e+04,1.390786e+08,2.501244e+08
10589.480,400.643756,8.082854e+03,1.457717e+04,1.391214e+08,2.502015e+08
10594.769,400.674483,8.081105e+03,1.457441e+04,1.391641e+08,2.502786e+08
10600.059,400.705204,8.079356e+03,1.457165e+04,1.392069e+08,2.503557e+08
10605.348,400.735918,8.077608e+03,1.456889e+04,1.392496e+08,2.504328e+08
10610.638,400.766627,8.075860e+03,1.456613e+04,1.392923e+08,2.505098e+08
10615.927,400.797330,8.074113e+03,1.456337e+04,1.393350e+08,2.505868e+08
10621.217,400.828026,8.072366e+03,1.456061e+04,1.393777e+08,2.506639e+08
10626.506,400.858716,8.070620e+03,1.455785e+04,1.394204e+08,2.507409e+08
10631.795,400.889400,8.068875e+03,1.455510e+04,1.394631e+08,2.508179e+08
10637.085,400.920079,8.067130e+03,1.455235e+04,1.395058e+08,2.508948e+08
10642.374,400.950751,8.065386e+03,1.454960e+04,1.395484e+08,2.509718e+08
10647.664,400.981416,8.063642e+03,1.454685e+04,1.395911e+08,2.510487e+08
10652.953,401.012076,8.061899e+03,1.454410e+04,1.396337e+08,2.511257e+08
10658.243,401.042730,8.060156e+03,1.454135e+04,1.396764e+08,2.512026e+08
10663.532,401.073378,8.058414e+03,1.453860e+04,1.397190e+08,2.512795e+08
10668.822,401.104019,8.056672e+03,1.453586e+04,1.397616e+08,2.513564e+08
10674.111,401.134655,8.054931e+03,1.453311e+04,1.398042e+08,2.514332e+08
10679.401,401.165284,8.053191e+03,1.453037e+04,1.398468e+08,2.515101e+08
10684.690,401.195907,8.051451e+03,1.452763e+04,1.398894e+08,2.515869e+08
10689.979,401.226525,8.049711e+03,1.452489e+04,1.399320e+08,2.516638e+08
10695.269,401.257136,8.047973e+03,1.452216e+04,1.399745e+08,2.517406e+08
10700.558,401.287741,8.046234e+03,1.451942e+04,1.400171e+08,2.518174e+08
10705.848,401.318340,8.044497e+03,1.451668e+04,1.400596e+08,2.518942e+08
10711.137,401.348933,8.042760e+03,1.451395e+04,1.401022e+08,2.519709e+08
10716.427,401.379520,8.041023e+03,1.451122e+04,1.401447e+08,2.520477e+08
10721.716,401.410101,8.039287e+03,1.450849e+04,1.401872e+08,2.521244e+08
10727.006,401.440676,8.037551e+03,1.450576e+04,1.402298e+08,2.522012e+08
10732.295,401.471244,8.035816e+03,1.450303e+04,1.402723e+08,2.522779e+08
10737.584,401.501807,8.034082e+03,1.450030e+04,1.403148e+08,2.523546e+08
10742.874,401.532364,8.032348e+03,1.449758e+04,1.403572e+08,2.524313e+08
10748.163,401.562914,8.030615e+03,1.449485e+04,1.403997e+08,2.525079e+08
10753.453,401.593459,8.028882e+03,1.449213e+04,1.404422e+08,2.525846e+08
10758.742,401.623997,8.027150e+03,1.448941e+04,1.404847e+08,2.526612e+08
10764.032,401.654530,8.025418e+03,1.448669e+04,1.405271e+08,2.527378e+08
10769.321,401.685056,8.023687e+03,1.448397e+04,1.405695e+08,2.528145e+08
10774.611,401.715577,8.021956e+03,1.448125e+04,1.406120e+08,2.528911e+08
10779.900,401.746091,8.020226e+03,1.447854e+04,1.406544e+08,2.529676e+08
10785.190,401.776599,8.018496e+03,1.447582e+04,1.406968e+08,2.530442e+08
10790.479,401.807102,8.016767e+03,1.447311e+04,1.407392e+08,2.531208e+08
10795.768,401.837598,8.015039e+03,1.447040e+04,1.407816e+08,2.531973e+08
10801.058,401.868088,8.013311e+03,1.446769e+04,1.408240e+08,2.532738e+08
10806.347,401.898573,8.011584e+03,1.446498e+04,1.408664e+08,2.533503e+08
10811.637,401.929051,8.009857e+03,1.446227e+04,1.409087e+08,2.534268e+08
10816.926,401.959523,8.008130e+03,1.445956e+04,1.409511e+08,2.535033e+08
10822.216,401.989989,8.006404e+03,1.445686e+04,1.409934e+08,2.535798e+08
10827.505,402.020450,8.004679e+03,1.445415e+04,1.410358e+08,2.536562e+08
10832.795,402.050904,8.002954e+03,1.445145e+04,1.410781e+08,2.537327e+08
10838.084,402.081352,8.001230e+03,1.444875e+04,1.411204e+08,2.538091e+08
10843.373,402.111794,7.999506e+03,1.444605e+04,1.411628e+08,2.538855e+08
10848.663,402.142230,7.997783e+03,1.444335e+04,1.412051e+08,2.539619e+08
10853.952,402.172661,7.996060e+03,1.444065e+04,1.412474e+08,2.540383e+08
10859.242,402.203085,7.994338e+03,1.443796e+04,1.412896e+08,2.541147e+08
10864.531,402.233503,7.992617e+03,1.443526e+04,1.413319e+08,2.541910e+08
10869.821,402.263915,7.990896e+03,1.443257e+04,1.413742e+08,2.542674e+08
10875.110,402.294322,7.989175e+03,1.442988e+04,1.414164e+08,2.543437e+08
10880.400,402.324722,7.987455e+03,1.442719e+04,1.414587e+08,2.544200e+08
10885.689,402.355116,7.985735e+03,1.442450e+04,1.415009e+08,2.544963e+08
10890.979,402.385505,7.984016e+03,1.442181e+04,1.415432e+08,2.545726e+08
10896.268,402.415887,7.982298e+03,1.441912e+04,1.415854e+08,2.546489e+08
10901.557,402.446263,7.980580e+03,1.441644e+04,1.416276e+08,2.547251e+08
10906.847,402.476634,7.978862e+03,1.441375e+04,1.416698e+08,2.548014e+08
10912.136,402.506998,7.977145e+03,1.441107e+04,1.417120e+08,2.548776e+08
10917.426,402.537357,7.975429e+03,1.440839e+04,1.417542e+08,2.549538e+08
10922.715,402.567709,7.973713e+03,1.440571e+04,1.417964e+08,2.550300e+08
10928.005,402.598056,7.971998e+03,1.440303e+04,1.418385e+08,2.551062e+08
10933.294,402.628396,7.970283e+03,1.440035e+04,1.418807e+08,2.551823e+08
10938.584,402.658731,7.968568e+03,1.439768e+04,1.419228e+08,2.552585e+08
10943.873,402.689060,7.966855e+03,1.439500e+04,1.419650e+08,2.553346e+08
10949.163,402.719383,7.965141e+03,1.439233e+04,1.420071e+08,2.554108e+08
10954.452,402.749699,7.963428e+03,1.438966e+04,1.420492e+08,2.554869e+08
10959.741,402.780010,7.961716e+03,1.438698e+04,1.420913e+08,2.555630e+08
10965.031,402.810315,7.960004e+03,1.438431e+04,1.421334e+08,2.556391e+08
10970.320,402.840614,7.958293e+03,1.438165e+04,1.421755e+08,2.557151e+08
10975.610,402.870907,7.956582e+03,1.437898e+04,1.422176e+08,2.557912e+08
10980.899,402.901194,7.954872e+03,1.437631e+04,1.422597e+08,2.558672e+08
10986.189,402.931475,7.953162e+03,1.437365e+04,1.423018e+08,2.559433e+08
10991.478,402.961751,7.951453e+03,1.437098e+04,1.423438e+08,2.560193e+08
10996.768,402.992020,7.949744e+03,1.436832e+04,1.423859e+08,2.560953e+08
11002.057,403.022283,7.948036e+03,1.436566e+04,1.424279e+08,2.561713e+08
11007.346,403.052541,7.946328e+03,1.436300e+04,1.424699e+08,2.562472e+08
11012.636,403.082792,7.944621e+03,1.436034e+04,1.425120e+08,2.563232e+08
11017.925,403.113038,7.942914e+03,1.435769e+04,1.425540e+08,2.563991e+08
11023.215,403.143278,7.941208e+03,1.435503e+04,1.425960e+08,2.564751e+08
11028.504,403.173511,7.939502e+03,1.435238e+04,1.426380e+08,2.565510e+08
11033.794,403.203739,7.937796e+03,1.434972e+04,1.426800e+08,2.566269e+08
11039.083,403.233961,7.936092e+03,1.434707e+04,1.427220e+08,2.567028e+08
11044.373,403.264177,7.934387e+03,1.434442e+04,1.427639e+08,2.567787e+08
11049.662,403.294387,7.932684e+03,1.434177e+04,1.428059e+08,2.568545e+08
11054.952,403.324592,7.930980e+03,1.433912e+04,1.428478e+08,2.569304e+08
11060.241,403.354790,7.929278e+03,1.433648e+04,1.428898e+08,2.570062e+08
11065.530,403.384983,7.927575e+03,1.433383e+04,1.429317e+08,2.570820e+08
11070.820,403.415169,7.925873e+03,1.433119e+04,1.429736e+08,2.571578e+08
11076.109,403.445350,7.924172e+03,1.432854e+04,1.430155e+08,2.572336e+08
11081.399,403.475525,7.922471e+03,1.432590e+04,1.430574e+08,2.573094e+08
11086.688,403.505693,7.920771e+03,1.432326e+04,1.430993e+08,2.573851e+08
11091.978,403.535857,7.919071e+03,1.432062e+04,1.431412e+08,2.574609e+08
11097.267,403.566014,7.917372e+03,1.431798e+04,1.431831e+08,2.575366e+08
11102.557,403.596165,7.915673e+03,1.431535e+04,1.432250e+08,2.576123e+08
11107.846,403.626310,7.913975e+03,1.431271e+04,1.432668e+08,2.576881e+08
11113.135,403.656450,7.912277e+03,1.431008e+04,1.433087e+08,2.577637e+08
11118.425,403.686583,7.910579e+03,1.430744e+04,1.433505e+08,2.578394e+08
11123.714,403.716711,7.908882e+03,1.430481e+04,1.433924e+08,2.579151e+08
11129.004,403.746833,7.907186e+03,1.430218e+04,1.434342e+08,2.579907e+08
11134.293,403.776949,7.905490e+03,1.429955e+04,1.434760e+08,2.580664e+08
11139.583,403.807059,7.903795e+03,1.429692e+04,1.435178e+08,2.581420e+08
11144.872,403.837163,7.902100e+03,1.429430e+04,1.435596e+08,2.582176e+08
11150.162,403.867262,7.900405e+03,1.429167e+04,1.436014e+08,2.582932e+08
11155.451,403.897354,7.898711e+03,1.428905e+04,1.436432e+08,2.583688e+08
11160.741,403.927441,7.897018e+03,1.428642e+04,1.436850e+08,2.584444e+08
11166.030,403.957522,7.895325e+03,1.428380e+04,1.437267e+08,2.585199e+08
11171.319,403.987597,7.893632e+03,1.428118e+04,1.437685e+08,2.585954e+08
11176.609,404.017666,7.891940e+03,1.427856e+04,1.438102e+08,2.586710e+08
11181.898,404.047730,7.890248e+03,1.427594e+04,1.438519e+08,2.587465e+08
11187.188,404.077787,7.888557e+03,1.427332e+04,1.438937e+08,2.588220e+08
11192.477,404.107839,7.886866e+03,1.427071e+04,1.439354e+08,2.588975e+08
11197.767,404.137885,7.885176e+03,1.426809e+04,1.439771e+08,2.589729e+08
11203.056,404.167924,7.883487e+03,1.426548e+04,1.440188e+08,2.590484e+08
11208.346,404.197959,7.881797e+03,1.426287e+04,1.440605e+08,2.591238e+08
11213.635,404.227987,7.880109e+03,1.426026e+04,1.441022e+08,2.591993e+08
11218.924,404.258009,7.878420e+03,1.425765e+04,1.441438e+08,2.592747e+08
11224.214,404.288026,7.876733e+03,1.425504e+04,1.441855e+08,2.593501e+08
11229.503,404.318037,7.875045e+03,1.425243e+04,1.442272e+08,2.594255e+08
11234.793,404.348042,7.873358e+03,1.424983e+04,1.442688e+08,2.595008e+08
11240.082,404.378041,7.871672e+03,1.424722e+04,1.443104e+08,2.595762e+08
11245.372,404.408034,7.869986e+03,1.424462e+04,1.443521e+08,2.596515e+08
11250.661,404.438022,7.868301e+03,1.424202e+04,1.443937e+08,2.597269e+08
11255.951,404.468004,7.866616e+03,1.423941e+04,1.444353e+08,2.598022e+08
11261.240,404.497980,7.864931e+03,1.423681e+04,1.444769e+08,2.598775e+08
11266.530,404.527950,7.863247e+03,1.423421e+04,1.445185e+08,2.599528e+08
11271.819,404.557914,7.861564e+03,1.423162e+04,1.445601e+08,2.600281e+08
11277.108,404.587872,7.859880e+03,1.422902e+04,1.446016e+08,2.601033e+08
11282.398,404.617825,7.858198e+03,1.422643e+04,1.446432e+08,2.601786e+08
11287.687,404.647772,7.856516e+03,1.422383e+04,1.446848e+08,2.602538e+08
11292.977,404.677713,7.854834e+03,1.422124e+04,1.447263e+08,2.603290e+08
11298.266,404.707648,7.853153e+03,1.421865e+04,1.447679e+08,2.604043e+08
11303.556,404.737578,7.851472e+03,1.421606e+04,1.448094e+08,2.604794e+08
11308.845,404.767502,7.849792e+03,1.421347e+04,1.448509e+08,2.605546e+08
11314.135,404.797420,7.848112e+03,1.421088e+04,1.448924e+08,2.606298e+08
11319.424,404.827332,7.846432e+03,1.420829e+04,1.449339e+08,2.607050e+08
11324.713,404.857238,7.844753e+03,1.420571e+04,1.449754e+08,2.607801e+08
11330.003,404.887139,7.843075e+03,1.420312e+04,1.450169e+08,2.608552e+08
11335.292,404.917034,7.841397e+03,1.420054e+04,1.450584e+08,2.609303e+08
11340.582,404.946923,7.839719e+03,1.419796e+04,1.450998e+08,2.610054e+08
11345.871,404.976806,7.838042e+03,1.419538e+04,1.451413e+08,2.610805e+08
11351.161,405.006683,7.836365e+03,1.419280e+04,1.451828e+08,2.611556e+08
11356.450,405.036555,7.834689e+03,1.419022e+04,1.452242e+08,2.612306e+08
11361.740,405.066421,7.833014e+03,1.418764e+04,1.452656e+08,2.613057e+08
11367.029,405.096281,7.831338e+03,1.418506e+04,1.453071e+08,2.613807e+08
11372.319,405.126136,7.829663e+03,1.418249e+04,1.453485e+08,2.614557e+08
11377.608,405.155984,7.827989e+03,1.417991e+04,1.453899e+08,2.615307e+08
11382.897,405.185827,7.826315e+03,1.417734e+04,1.454313e+08,2.616057e+08
11388.187,405.215664,7.824642e+03,1.417477e+04,1.454727e+08,2.616807e+08
11393.476,405.245496,7.822969e+03,1.417220e+04,1.455140e+08,2.617557e+08
11398.766,405.275321,7.821296e+03,1.416963e+04,1.455554e+08,2.618306e+08
11404.055,405.305141,7.819624e+03,1.416706e+04,1.455968e+08,2.619056e+08
11409.345,405.334955,7.817952e+03,1.416450e+04,1.456381e+08,2.619805e+08
11414.634,405.364764,7.816281e+03,1.416193e+04,1.456795e+08,2.620554e+08
11419.924,405.394566,7.814610e+03,1.415937e+04,1.457208e+08,2.621303e+08
11425.213,405.424363,7.812940e+03,1.415680e+04,1.457621e+08,2.622052e+08
11430.502,405.454154,7.811270e+03,1.415424e+04,1.458034e+08,2.622800e+08
11435.792,405.483940,7.809601e+03,1.415168e+04,1.458448e+08,2.623549e+08
11441.081,405.513719,7.807932e+03,1.414912e+04,1.458861e+08,2.624297e+08
11446.371,405.543493,7.806263e+03,1.414656e+04,1.459273e+08,2.625046e+08
11451.660,405.573261,7.804595e+03,1.414400e+04,1.459686e+08,2.625794e+08
11456.950,405.603024,7.802927e+03,1.414145e+04,1.460099e+08,2.626542e+08
11462.239,405.632781,7.801260e+03,1.413889e+04,1.460512e+08,2.627290e+08
11467.529,405.662532,7.799593e+03,1.413634e+04,1.460924e+08,2.628037e+08
11472.818,405.692277,7.797927e+03,1.413378e+04,1.461337e+08,2.628785e+08
11478.108,405.722017,7.796261e+03,1.413123e+04,1.461749e+08,2.629532e+08
11483.397,405.751750,7.794596e+03,1.412868e+04,1.462161e+08,2.630280e+08
11488.686,405.781479,7.792931e+03,1.412613e+04,1.462574e+08,2.631027e+08
11493.976,405.811201,7.791266e+03,1.412358e+04,1.462986e+08,2.631774e+08
11499.265,405.840918,7.789602e+03,1.412104e+04,1.463398e+08,2.632521e+08
11504.555,405.870629,7.787938e+03,1.411849e+04,1.463810e+08,2.633268e+08
11509.844,405.900334,7.786275e+03,1.411595e+04,1.464221e+08,2.634014e+08
11515.134,405.930034,7.784612e+03,1.411340e+04,1.464633e+08,2.634761e+08
11520.423,405.959728,7.782950e+03,1.411086e+04,1.465045e+08,2.635507e+08
11525.713,405.989416,7.781288e+03,1.410832e+04,1.465457e+08,2.636254e+08
11531.002,406.019098,7.779627e+03,1.410578e+04,1.465868e+08,2.637000e+08
11536.292,406.048775,7.777966e+03,1.410324e+04,1.466279e+08,2.637746e+08
11541.581,406.078446,7.776305e+03,1.410070e+04,1.466691e+08,2.638491e+08
11546.870,406.108112,7.774645e+03,1.409816e+04,1.467102e+08,2.639237e+08
11552.160,406.137771,7.772985e+03,1.409563e+04,1.467513e+08,2.639983e+08
11557.449,406.167425,7.771326e+03,1.409309e+04,1.467924e+08,2.640728e+08
11562.739,406.197074,7.769667e+03,1.409056e+04,1.468335e+08,2.641474e+08
11568.028,406.226716,7.768008e+03,1.408803e+04,1.468746e+08,2.642219e+08
11573.318,406.256353,7.766350e+03,1.408549e+04,1.469157e+08,2.642964e+08
11578.607,406.285985,7.764693e+03,1.408296e+04,1.469568e+08,2.643709e+08
11583.897,406.315610,7.763036e+03,1.408043e+04,1.469978e+08,2.644453e+08
11589.186,406.345230,7.761379e+03,1.407791e+04,1.470389e+08,2.645198e+08
11594.475,406.374845,7.759723e+03,1.407538e+04,1.470799e+08,2.645943e+08
11599.765,406.404453,7.758067e+03,1.407285e+04,1.471210e+08,2.646687e+08
11605.054,406.434056,7.756411e+03,1.407033e+04,1.471620e+08,2.647431e+08
11610.344,406.463653,7.754756e+03,1.406781e+04,1.472030e+08,2.648175e+08
11615.633,406.493245,7.753102e+03,1.406528e+04,1.472440e+08,2.648919e+08
11620.923,406.522831,7.751447e+03,1.406276e+04,1.472850e+08,2.649663e+08
11626.212,406.552411,7.749794e+03,1.406024e+04,1.473260e+08,2.650407e+08
11631.502,406.581986,7.748140e+03,1.405772e+04,1.473670e+08,2.651150e+08
11636.791,406.611555,7.746487e+03,1.405520e+04,1.474080e+08,2.651894e+08
11642.081,406.641118,7.744835e+03,1.405269e+04,1.474489e+08,2.652637e+08
11647.370,406.670676,7.743183e+03,1.405017e+04,1.474899e+08,2.653380e+08
11652.659,406.700228,7.741531e+03,1.404766e+04,1.475308e+08,2.654123e+08
11657.949,406.729774,7.739880e+03,1.404514e+04,1.475718e+08,2.654866e+08
11663.238,406.759315,7.738229e+03,1.404263e+04,1.476127e+08,2.655609e+08
11668.528,406.788850,7.736579e+03,1.404012e+04,1.476536e+08,2.656352e+08
11673.817,406.818379,7.734929e+03,1.403761e+04,1.476945e+08,2.657094e+08
11679.107,406.847903,7.733279e+03,1.403510e+04,1.477354e+08,2.657837e+08
11684.396,406.877421,7.731630e+03,1.403259e+04,1.477763e+08,2.658579e+08
11689.686,406.906934,7.729982e+03,1.403009e+04,1.478172e+08,2.659321e+08
11694.975,406.936441,7.728333e+03,1.402758e+04,1.478581e+08,2.660063e+08
11700.264,406.965942,7.726685e+03,1.402508e+04,1.478990e+08,2.660805e+08
11705.554,406.995438,7.725038e+03,1.402257e+04,1.479398e+08,2.661547e+08
11710.843,407.024928,7.723391e+03,1.402007e+04,1.479807e+08,2.662288e+08
11716.133,407.054412,7.721744e+03,1.401757e+04,1.480215e+08,2.663030e+08
11721.422,407.083891,7.720098e+03,1.401507e+04,1.480624e+08,2.663771e+08
11726.712,407.113364,7.718452e+03,1.401257e+04,1.481032e+08,2.664512e+08
11732.001,407.142831,7.716807e+03,1.401007e+04,1.481440e+08,2.665253e+08
11737.291,407.172293,7.715162e+03,1.400757e+04,1.481848e+08,2.665994e+08
11742.580,407.201749,7.713518e+03,1.400508e+04,1.482256e+08,2.666735e+08
11747.870,407.231200,7.711873e+03,1.400258e+04,1.482664e+08,2.667476e+08
11753.159,407.260645,7.710230e+03,1.400009e+04,1.483072e+08,2.668216e+08
11758.448,407.290085,7.708586e+03,1.399760e+04,1.483480e+08,2.668956e+08
11763.738,407.319518,7.706943e+03,1.399510e+04,1.483887e+08,2.669697e+08
11769.027,407.348947,7.705301e+03,1.399261e+04,1.484295e+08,2.670437e+08
11774.317,407.378369,7.703659e+03,1.399012e+04,1.484702e+08,2.671177e+08
11779.606,407.407786,7.702017e+03,1.398763e+04,1.485110e+08,2.671917e+08
11784.896,407.437198,7.700376e+03,1.398515e+04,1.485517e+08,2.672656e+08
11790.185,407.466603,7.698735e+03,1.398266e+04,1.485924e+08,2.673396e+08
11795.475,407.496004,7.697095e+03,1.398018e+04,1.486331e+08,2.674136e+08
11800.764,407.525398,7.695455e+03,1.397769e+04,1.486738e+08,2.674875e+08
11806.053,407.554787,7.693815e+03,1.397521e+04,1.487145e+08,2.675614e+08
11811.343,407.584171,7.692176e+03,1.397273e+04,1.487552e+08,2.676353e+08
11816.632,407.613549,7.690537e+03,1.397025e+04,1.487959e+08,2.677092e+08
11821.922,407.642921,7.688899e+03,1.396777e+04,1.488366e+08,2.677831e+08
11827.211,407.672288,7.687261e+03,1.396529e+04,1.488772e+08,2.678570e+08
11832.501,407.701649,7.685623e+03,1.396281e+04,1.489179e+08,2.679308e+08
11837.790,407.731004,7.683986e+03,1.396033e+04,1.489585e+08,2.680047e+08
11843.080,407.760354,7.682349e+03,1.395786e+04,1.489992e+08,2.680785e+08
11848.369,407.789699,7.680712e+03,1.395538e+04,1.490398e+08,2.681523e+08
11853.659,407.819037,7.679076e+03,1.395291e+04,1.490804e+08,2.682261e+08
11858.948,407.848371,7.677441e+03,1.395044e+04,1.491210e+08,2.682999e+08
11864.237,407.877698,7.675806e+03,1.394796e+04,1.491616e+08,2.683737e+08
11869.527,407.907020,7.674171e+03,1.394549e+04,1.492022e+08,2.684474e+08
11874.816,407.936337,7.672536e+03,1.394303e+04,1.492428e+08,2.685212e+08
11880.106,407.965648,7.670902e+03,1.394056e+04,1.492834e+08,2.685949e+08
11885.395,407.994953,7.669269e+03,1.393809e+04,1.493239e+08,2.686687e+08
11890.685,408.024253,7.667636e+03,1.393562e+04,1.493645e+08,2.687424e+08
11895.974,408.053547,7.666003e+03,1.393316e+04,1.494051e+08,2.688161e+08
11901.264,408.082836,7.664370e+03,1.393069e+04,1.494456e+08,2.688898e+08
11906.553,408.112119,7.662738e+03,1.392823e+04,1.494861e+08,2.689634e+08
11911.842,408.141397,7.661107e+03,1.392577e+04,1.495266e+08,2.690371e+08
11917.132,408.170669,7.659476e+03,1.392331e+04,1.495672e+08,2.691107e+08
11922.421,408.199935,7.657845e+03,1.392085e+04,1.496077e+08,2.691844e+08
11927.711,408.229196,7.656214e+03,1.391839e+04,1.496482e+08,2.692580e+08
11933.000,408.258452,7.654584e+03,1.391593e+04,1.496887e+08,2.693316e+08
11938.290,408.287702,7.652955e+03,1.391348e+04,1.497291e+08,2.694052e+08
11943.579,408.316946,7.651325e+03,1.391102e+04,1.497696e+08,2.694788e+08
11948.869,408.346185,7.649697e+03,1.390857e+04,1.498101e+08,2.695523e+08
11954.158,408.375418,7.648068e+03,1.390611e+04,1.498505e+08,2.696259e+08
11959.448,408.404646,7.646440e+03,1.390366e+04,1.498910e+08,2.696994e+08
11964.737,408.433868,7.644812e+03,1.390121e+04,1.499314e+08,2.697730e+08
11970.026,408.463085,7.643185e+03,1.389876e+04,1.499718e+08,2.698465e+08
11975.316,408.492296,7.641558e+03,1.389631e+04,1.500123e+08,2.699200e+08
11980.605,408.521502,7.639932e+03,1.389386e+04,1.500527e+08,2.699935e+08
11985.895,408.550702,7.638305e+03,1.389141e+04,1.500931e+08,2.700670e+08
11991.184,408.579896,7.636680e+03,1.388897e+04,1.501335e+08,2.701404e+08
11996.474,408.609085,7.635054e+03,1.388652e+04,1.501738e+08,2.702139e+08
12001.763,408.638269,7.633429e+03,1.388408e+04,1.502142e+08,2.702873e+08
12007.053,408.667447,7.631805e+03,1.388163e+04,1.502546e+08,2.703607e+08
12012.342,408.696619,7.630181e+03,1.387919e+04,1.502949e+08,2.704342e+08
12017.632,408.725786,7.628557e+03,1.387675e+04,1.503353e+08,2.705076e+08
12022.921,408.754948,7.626933e+03,1.387431e+04,1.503756e+08,2.705809e+08
12028.210,408.784104,7.625310e+03,1.387187e+04,1.504160e+08,2.706543e+08
12033.500,408.813254,7.623688e+03,1.386943e+04,1.504563e+08,2.707277e+08
12038.789,408.842399,7.622065e+03,1.386699e+04,1.504966e+08,2.708010e+08
12044.079,408.871539,7.620444e+03,1.386456e+04,1.505369e+08,2.708744e+08
12049.368,408.900673,7.618822e+03,1.386212e+04,1.505772e+08,2.709477e+08
12054.658,408.929801,7.617201e+03,1.385969e+04,1.506175e+08,2.710210e+08
12059.947,408.958924,7.615580e+03,1.385726e+04,1.506578e+08,2.710943e+08
12065.237,408.988041,7.613960e+03,1.385482e+04,1.506981e+08,2.711676e+08
12070.526,409.017153,7.612340e+03,1.385239e+04,1.507383e+08,2.712408e+08
12075.815,409.046260,7.610720e+03,1.384996e+04,1.507786e+08,2.713141e+08
12081.105,409.075361,7.609101e+03,1.384753e+04,1.508188e+08,2.713874e+08
12086.394,409.104456,7.607482e+03,1.384511e+04,1.508591e+08,2.714606e+08
12091.684,409.133546,7.605864e+03,1.384268e+04,1.508993e+08,2.715338e+08
12096.973,409.162631,7.604246e+03,1.384025e+04,1.509395e+08,2.716070e+08
12102.263,409.191710,7.602628e+03,1.383783e+04,1.509797e+08,2.716802e+08
12107.552,409.220783,7.601011e+03,1.383540e+04,1.510200e+08,2.717534e+08
12112.842,409.249851,7.599394e+03,1.383298e+04,1.510601e+08,2.718266e+08
12118.131,409.278914,7.597777e+03,1.383056e+04,1.511003e+08,2.718997e+08
12123.421,409.307971,7.596161e+03,1.382814e+04,1.511405e+08,2.719729e+08
12128.710,409.337023,7.594545e+03,1.382572e+04,1.511807e+08,2.720460e+08
12133.999,409.366069,7.592930e+03,1.382330e+04,1.512208e+08,2.721191e+08
12139.289,409.395110,7.591315e+03,1.382088e+04,1.512610e+08,2.721922e+08
12144.578,409.424145,7.589700e+03,1.381847e+04,1.513011e+08,2.722653e+08
12149.868,409.453175,7.588086e+03,1.381605e+04,1.513413e+08,2.723384e+08
12155.157,409.482199,7.586472e+03,1.381363e+04,1.513814e+08,2.724114e+08
12160.447,409.511218,7.584858e+03,1.381122e+04,1.514215e+08,2.724845e+08
12165.736,409.540231,7.583245e+03,1.380881e+04,1.514616e+08,2.725575e+08
12171.026,409.569239,7.581632e+03,1.380640e+04,1.515017e+08,2.726306e+08
12176.315,409.598242,7.580020e+03,1.380398e+04,1.515418e+08,2.727036e+08
12181.604,409.627239,7.578407e+03,1.380157e+04,1.515819e+08,2.727766e+08
12186.894,409.656230,7.576796e+03,1.379917e+04,1.516220e+08,2.728496e+08
12192.183,409.685216,7.575184e+03,1.379676e+04,1.516621e+08,2.729226e+08
12197.473,409.714197,7.573573e+03,1.379435e+04,1.517021e+08,2.729955e+08
12202.762,409.743172,7.571963e+03,1.379194e+04,1.517422e+08,2.730685e+08
12208.052,409.772142,7.570353e+03,1.378954e+04,1.517822e+08,2.731414e+08
12213.341,409.801106,7.568743e+03,1.378714e+04,1.518223e+08,2.732143e+08
12218.631,409.830065,7.567133e+03,1.378473e+04,1.518623e+08,2.732873e+08
12223.920,409.859019,7.565524e+03,1.378233e+04,1.519023e+08,2.733602e+08
12229.210,409.887967,7.563915e+03,1.377993e+04,1.519423e+08,2.734330e+08
12234.499,409.916909,7.562307e+03,1.377753e+04,1.519823e+08,2.735059e+08
12239.788,409.945846,7.560699e+03,1.377513e+04,1.520223e+08,2.735788e+08
12245.078,409.974778,7.559091e+03,1.377273e+04,1.520623e+08,2.736516e+08
12250.367,410.003704,7.557484e+03,1.377033e+04,1.521023e+08,2.737245e+08
12255.657,410.032625,7.555877e+03,1.376794e+04,1.521422e+08,2.737973e+08
12260.946,410.061541,7.554270e+03,1.376554e+04,1.521822e+08,2.738701e+08
12266.236,410.090450,7.552664e+03,1.376315e+04,1.522221e+08,2.739429e+08
12271.525,410.119355,7.551058e+03,1.376076e+04,1.522621e+08,2.740157e+08
12276.815,410.148254,7.549453e+03,1.375836e+04,1.523020e+08,2.740885e+08
12282.104,410.177148,7.547848e+03,1.375597e+04,1.523419e+08,2.741612e+08
12287.393,410.206036,7.546243e+03,1.375358e+04,1.523819e+08,2.742340e+08
12292.683,410.234919,7.544639e+03,1.375119e+04,1.524218e+08,2.743067e+08
12297.972,410.263797,7.543035e+03,1.374880e+04,1.524617e+08,2.743794e+08
12303.262,410.292669,7.541431e+03,1.374642e+04,1.525015e+08,2.744521e+08
12308.551,410.321535,7.539828e+03,1.374403e+04,1.525414e+08,2.745248e+08
12313.841,410.350397,7.538225e+03,1.374164e+04,1.525813e+08,2.745975e+08
12319.130,410.379252,7.536622e+03,1.373926e+04,1.526212e+08,2.746702e+08
12324.420,410.408103,7.535020e+03,1.373688e+04,1.526610e+08,2.747429e+08
12329.709,410.436948,7.533418e+03,1.373449e+04,1.527009e+08,2.748155e+08
12334.999,410.465787,7.531817e+03,1.373211e+04,1.527407e+08,2.748881e+08
12340.288,410.494622,7.530215e+03,1.372973e+04,1.527805e+08,2.749608e+08
12345.577,410.523450,7.528615e+03,1.372735e+04,1.528204e+08,2.750334e+08
12350.867,410.552274,7.527014e+03,1.372497e+04,1.528602e+08,2.751060e+08
12356.156,410.581092,7.525414e+03,1.372260e+04,1.529000e+08,2.751786e+08
12361.446,410.609904,7.523814e+03,1.372022e+04,1.529398e+08,2.752511e+08
12366.735,410.638712,7.522215e+03,1.371784e+04,1.529796e+08,2.753237e+08
12372.025,410.667514,7.520616e+03,1.371547e+04,1.530193e+08,2.753962e+08
12377.314,410.696310,7.519017e+03,1.371309e+04,1.530591e+08,2.754688e+08
12382.604,410.725101,7.517419e+03,1.371072e+04,1.530989e+08,2.755413e+08
12387.893,410.753887,7.515821e+03,1.370835e+04,1.531386e+08,2.756138e+08
12393.182,410.782667,7.514224e+03,1.370598e+04,1.531784e+08,2.756863e+08
12398.472,410.811442,7.512626e+03,1.370361e+04,1.532181e+08,2.757588e+08
12403.761,410.840212,7.511029e+03,1.370124e+04,1.532578e+08,2.758313e+08
12409.051,410.868976,7.509433e+03,1.369887e+04,1.532976e+08,2.759037e+08
12414.340,410.897735,7.507837e+03,1.369650e+04,1.533373e+08,2.759762e+08
12419.630,410.926488,7.506241e+03,1.369414e+04,1.533770e+08,2.760486e+08
12424.919,410.955236,7.504645e+03,1.369177e+04,1.534167e+08,2.761210e+08
12430.209,410.983979,7.503050e+03,1.368941e+04,1.534564e+08,2.761934e+08
12435.498,411.012716,7.501455e+03,1.368704e+04,1.534960e+08,2.762658e+08
12440.788,411.041448,7.499861e+03,1.368468e+04,1.535357e+08,2.763382e+08
12446.077,411.070175,7.498267e+03,1.368232e+04,1.535754e+08,2.764106e+08
12451.366,411.098896,7.496673e+03,1.367996e+04,1.536150e+08,2.764829e+08
12456.656,411.127612,7.495080e+03,1.367760e+04,1.536547e+08,2.765553e+08
12461.945,411.156322,7.493487e+03,1.367524e+04,1.536943e+08,2.766276e+08
12467.235,411.185027,7.491894e+03,1.367288e+04,1.537339e+08,2.766999e+08
12472.524,411.213727,7.490302e+03,1.367052e+04,1.537736e+08,2.767723e+08
12477.814,411.242421,7.488710e+03,1.366817e+04,1.538132e+08,2.768446e+08
12483.103,411.271111,7.487118e+03,1.366581e+04,1.538528e+08,2.769168e+08
12488.393,411.299794,7.485527e+03,1.366346e+04,1.538924e+08,2.769891e+08
12493.682,411.328473,7.483936e+03,1.366111e+04,1.539320e+08,2.770614e+08
12498.971,411.357146,7.482345e+03,1.365875e+04,1.539715e+08,2.771336e+08
12504.261,411.385813,7.480755e+03,1.365640e+04,1.540111e+08,2.772059e+08
12509.550,411.414476,7.479165e+03,1.365405e+04,1.540507e+08,2.772781e+08
12514.840,411.443133,7.477576e+03,1.365170e+04,1.540902e+08,2.773503e+08
12520.129,411.471784,7.475986e+03,1.364935e+04,1.541298e+08,2.774225e+08
12525.419,411.500431,7.474398e+03,1.364701e+04,1.541693e+08,2.774947e+08
12530.708,411.529072,7.472809e+03,1.364466e+04,1.542088e+08,2.775668e+08
12535.998,411.557707,7.471221e+03,1.364231e+04,1.542483e+08,2.776390e+08
12541.287,411.586337,7.469633e+03,1.363997e+04,1.542878e+08,2.777112e+08
12546.577,411.614962,7.468046e+03,1.363762e+04,1.543274e+08,2.777833e+08
12551.866,411.643582,7.466458e+03,1.363528e+04,1.543668e+08,2.778554e+08
12557.155,411.672196,7.464872e+03,1.363294e+04,1.544063e+08,2.779275e+08
12562.445,411.700805,7.463285e+03,1.363060e+04,1.544458e+08,2.779996e+08
12567.734,411.729409,7.461699e+03,1.362826e+04,1.544853e+08,2.780717e+08
12573.024,411.758007,7.460113e+03,1.362592e+04,1.545247e+08,2.781438e+08
12578.313,411.786600,7.458528e+03,1.362358e+04,1.545642e+08,2.782158e+08
12583.603,411.815188,7.456943e+03,1.362124e+04,1.546036e+08,2.782879e+08
12588.892,411.843770,7.455358e+03,1.361891e+04,1.546431e+08,2.783599e+08
12594.182,411.872348,7.453773e+03,1.361657e+04,1.546825e+08,2.784319e+08
12599.471,411.900919,7.452189e+03,1.361423e+04,1.547219e+08,2.785040e+08
12604.761,411.929486,7.450606e+03,1.361190e+04,1.547613e+08,2.785760e+08
12610.050,411.958047,7.449022e+03,1.360957e+04,1.548007e+08,2.786479e+08
12615.339,411.986603,7.447439e+03,1.360724e+04,1.548401e+08,2.787199e+08
12620.629,412.015153,7.445856e+03,1.360490e+04,1.548795e+08,2.787919e+08
12625.918,412.043698,7.444274e+03,1.360257e+04,1.549189e+08,2.788638e+08
12631.208,412.072238,7.442692e+03,1.360025e+04,1.549582e+08,2.789358e+08
12636.497,412.100773,7.441110e+03,1.359792e+04,1.549976e+08,2.790077e+08
12641.787,412.129302,7.439529e+03,1.359559e+04,1.550370e+08,2.790796e+08
12647.076,412.157826,7.437948e+03,1.359326e+04,1.550763e+08,2.791515e+08
12652.366,412.186345,7.436367e+03,1.359094e+04,1.551156e+08,2.792234e+08
12657.655,412.214858,7.434786e+03,1.358861e+04,1.551550e+08,2.792953e+08
12662.944,412.243366,7.433206e+03,1.358629e+04,1.551943e+08,2.793671e+08
12668.234,412.271869,7.431627e+03,1.358397e+04,1.552336e+08,2.794390e+08
12673.523,412.300367,7.430047e+03,1.358164e+04,1.552729e+08,2.795108e+08
12678.813,412.328859,7.428468e+03,1.357932e+04,1.553122e+08,2.795827e+08
12684.102,412.357346,7.426889e+03,1.357700e+04,1.553515e+08,2.796545e+08
12689.392,412.385827,7.425311e+03,1.357468e+04,1.553907e+08,2.797263e+08
12694.681,412.414304,7.423733e+03,1.357236e+04,1.554300e+08,2.797981e+08
12699.971,412.442775,7.422155e+03,1.357005e+04,1.554693e+08,2.798698e+08
12705.260,412.471241,7.420578e+03,1.356773e+04,1.555085e+08,2.799416e+08
12710.550,412.499701,7.419001e+03,1.356541e+04,1.555478e+08,2.800134e+08
12715.839,412.528156,7.417424e+03,1.356310e+04,1.555870e+08,2.800851e+08
12721.128,412.556606,7.415848e+03,1.356078e+04,1.556262e+08,2.801568e+08
12726.418,412.585051,7.414272e+03,1.355847e+04,1.556654e+08,2.802286e+08
12731.707,412.613490,7.412696e+03,1.355616e+04,1.557046e+08,2.803003e+08
12736.997,412.641925,7.411120e+03,1.355385e+04,1.557438e+08,2.803719e+08
12742.286,412.670353,7.409545e+03,1.355154e+04,1.557830e+08,2.804436e+08
12747.576,412.698777,7.407971e+03,1.354923e+04,1.558222e+08,2.805153e+08
12752.865,412.727195,7.406396e+03,1.354692e+04,1.558614e+08,2.805870e+08
12758.155,412.755609,7.404822e+03,1.354461e+04,1.559006e+08,2.806586e+08
12763.444,412.784016,7.403248e+03,1.354231e+04,1.559397e+08,2.807302e+08
12768.733,412.812419,7.401675e+03,1.354000e+04,1.559789e+08,2.808018e+08
12774.023,412.840816,7.400102e+03,1.353769e+04,1.560180e+08,2.808735e+08
12779.312,412.869208,7.398529e+03,1.353539e+04,1.560571e+08,2.809450e+08
12784.602,412.897595,7.396956e+03,1.353309e+04,1.560963e+08,2.810166e+08
12789.891,412.925977,7.395384e+03,1.353078e+04,1.561354e+08,2.810882e+08
12795.181,412.954353,7.393812e+03,1.352848e+04,1.561745e+08,2.811598e+08
12800.470,412.982724,7.392241e+03,1.352618e+04,1.562136e+08,2.812313e+08
12805.760,413.011090,7.390670e+03,1.352388e+04,1.562527e+08,2.813028e+08
12811.049,413.039450,7.389099e+03,1.352158e+04,1.562918e+08,2.813744e+08
12816.339,413.067805,7.387528e+03,1.351928e+04,1.563309e+08,2.814459e+08
12821.628,413.096155,7.385958e+03,1.351699e+04,1.563699e+08,2.815174e+08
12826.917,413.124500,7.384388e+03,1.351469e+04,1.564090e+08,2.815889e+08
12832.207,413.152840,7.382819e+03,1.351240e+04,1.564480e+08,2.816603e+08
12837.496,413.181174,7.381249e+03,1.351010e+04,1.564871e+08,2.817318e+08
12842.786,413.209503,7.379681e+03,1.350781e+04,1.565261e+08,2.818032e+08
12848.075,413.237827,7.378112e+03,1.350551e+04,1.565651e+08,2.818747e+08
12853.365,413.266145,7.376544e+03,1.350322e+04,1.566042e+08,2.819461e+08
12858.654,413.294459,7.374976e+03,1.350093e+04,1.566432e+08,2.820175e+08
12863.944,413.322767,7.373408e+03,1.349864e+04,1.566822e+08,2.820889e+08
12869.233,413.351070,7.371841e+03,1.349635e+04,1.567212e+08,2.821603e+08
12874.522,413.379367,7.370274e+03,1.349406e+04,1.567601e+08,2.822317e+08
12879.812,413.407660,7.368707e+03,1.349178e+04,1.567991e+08,2.823030e+08
12885.101,413.435947,7.367141e+03,1.348949e+04,1.568381e+08,2.823744e+08
12890.391,413.464229,7.365575e+03,1.348720e+04,1.568770e+08,2.824457e+08
12895.680,413.492506,7.364009e+03,1.348492e+04,1.569160e+08,2.825171e+08
12900.970,413.520777,7.362444e+03,1.348263e+04,1.569549e+08,2.825884e+08
12906.259,413.549044,7.360879e+03,1.348035e+04,1.569939e+08,2.826597e+08
12911.549,413.577305,7.359314e+03,1.347807e+04,1.570328e+08,2.827310e+08
12916.838,413.605561,7.357749e+03,1.347579e+04,1.570717e+08,2.828023e+08
12922.128,413.633811,7.356185e+03,1.347351e+04,1.571106e+08,2.828735e+08
12927.417,413.662057,7.354621e+03,1.347123e+04,1.571495e+08,2.829448e+08
12932.706,413.690297,7.353058e+03,1.346895e+04,1.571884e+08,2.830160e+08
12937.996,413.718532,7.351495e+03,1.346667e+04,1.572273e+08,2.830872e+08
12943.285,413.746762,7.349932e+03,1.346439e+04,1.572662e+08,2.831585e+08
12948.575,413.774987,7.348369e+03,1.346212e+04,1.573051e+08,2.832297e+08
12953.864,413.803206,7.346807e+03,1.345984e+04,1.573439e+08,2.833009e+08
12959.154,413.831420,7.345245e+03,1.345757e+04,1.573828e+08,2.833721e+08
12964.443,413.859629,7.343684e+03,1.345529e+04,1.574216e+08,2.834432e+08
12969.733,413.887833,7.342122e+03,1.345302e+04,1.574605e+08,2.835144e+08
12975.022,413.916032,7.340561e+03,1.345075e+04,1.574993e+08,2.835855e+08
12980.311,413.944225,7.339001e+03,1.344848e+04,1.575381e+08,2.836567e+08
12985.601,413.972413,7.337440e+03,1.344621e+04,1.575769e+08,2.837278e+08
12990.890,414.000596,7.335880e+03,1.344394e+04,1.576157e+08,2.837989e+08
12996.180,414.028774,7.334321e+03,1.344167e+04,1.576545e+08,2.838700e+08
13001.469,414.056947,7.332761e+03,1.343940e+04,1.576933e+08,2.839411e+08
13006.759,414.085114,7.331202e+03,1.343713e+04,1.577321e+08,2.840122e+08
13012.048,414.113277,7.329643e+03,1.343487e+04,1.577708e+08,2.840832e+08
13017.338,414.141434,7.328085e+03,1.343260e+04,1.578096e+08,2.841543e+08
13022.627,414.169586,7.326527e+03,1.343034e+04,1.578484e+08,2.842253e+08
13027.917,414.197732,7.324969e+03,1.342807e+04,1.578871e+08,2.842963e+08
13033.206,414.225874,7.323411e+03,1.342581e+04,1.579258e+08,2.843674e+08
13038.495,414.254010,7.321854e+03,1.342355e+04,1.579646e+08,2.844384e+08
13043.785,414.282141,7.320297e+03,1.342129e+04,1.580033e+08,2.845093e+08
13049.074,414.310267,7.318741e+03,1.341903e+04,1.580420e+08,2.845803e+08
13054.364,414.338388,7.317184e+03,1.341677e+04,1.580807e+08,2.846513e+08
13059.653,414.366504,7.315628e+03,1.341451e+04,1.581194e+08,2.847223e+08
13064.943,414.394614,7.314073e+03,1.341225e+04,1.581581e+08,2.847932e+08
13070.232,414.422720,7.312517e+03,1.340999e+04,1.581968e+08,2.848641e+08
13075.522,414.450820,7.310962e+03,1.340774e+04,1.582354e+08,2.849350e+08
13080.811,414.478915,7.309407e+03,1.340548e+04,1.582741e+08,2.850060e+08
13086.100,414.507004,7.307853e+03,1.340323e+04,1.583128e+08,2.850768e+08
13091.390,414.535089,7.306299e+03,1.340097e+04,1.583514e+08,2.851477e+08
13096.679,414.563169,7.304745e+03,1.339872e+04,1.583900e+08,2.852186e+08
13101.969,414.591243,7.303191e+03,1.339647e+04,1.584287e+08,2.852895e+08
13107.258,414.619312,7.301638e+03,1.339422e+04,1.584673e+08,2.853603e+08
13112.548,414.647376,7.300085e+03,1.339197e+04,1.585059e+08,2.854311e+08
13117.837,414.675435,7.298533e+03,1.338972e+04,1.585445e+08,2.855020e+08
13123.127,414.703489,7.296980e+03,1.338747e+04,1.585831e+08,2.855728e+08
13128.416,414.731537,7.295428e+03,1.338522e+04,1.586217e+08,2.856436e+08
13133.706,414.759580,7.293877e+03,1.338298e+04,1.586603e+08,2.857144e+08
13138.995,414.787619,7.292325e+03,1.338073e+04,1.586988e+08,2.857852e+08
13144.284,414.815652,7.290774e+03,1.337849e+04,1.587374e+08,2.858559e+08
13149.574,414.843680,7.289223e+03,1.337624e+04,1.587760e+08,2.859267e+08
13154.863,414.871703,7.287673e+03,1.337400e+04,1.588145e+08,2.859974e+08
13160.153,414.899720,7.286123e+03,1.337175e+04,1.588531e+08,2.860681e+08
13165.442,414.927733,7.284573e+03,1.336951e+04,1.588916e+08,2.861389e+08
13170.732,414.955740,7.283023e+03,1.336727e+04,1.589301e+08,2.862096e+08
13176.021,414.983742,7.281474e+03,1.336503e+04,1.589686e+08,2.862803e+08
13181.311,415.011739,7.279925e+03,1.336279e+04,1.590071e+08,2.863509e+08
13186.600,415.039731,7.278376e+03,1.336055e+04,1.590456e+08,2.864216e+08
13191.890,415.067718,7.276828e+03,1.335832e+04,1.590841e+08,2.864923e+08
13197.179,415.095700,7.275280e+03,1.335608e+04,1.591226e+08,2.865629e+08
13202.468,415.123676,7.273732e+03,1.335384e+04,1.591611e+08,2.866335e+08
13207.758,415.151648,7.272185e+03,1.335161e+04,1.591995e+08,2.867042e+08
13213.047,415.179614,7.270638e+03,1.334937e+04,1.592380e+08,2.867748e+08
13218.337,415.207575,7.269091e+03,1.334714e+04,1.592764e+08,2.868454e+08
13223.626,415.235531,7.267544e+03,1.334491e+04,1.593149e+08,2.869160e+08
13228.916,415.263482,7.265998e+03,1.334267e+04,1.593533e+08,2.869865e+08
13234.205,415.291428,7.264452e+03,1.334044e+04,1.593917e+08,2.870571e+08
13239.495,415.319369,7.262906e+03,1.333821e+04,1.594302e+08,2.871277e+08
13244.784,415.347304,7.261361e+03,1.333598e+04,1.594686e+08,2.871982e+08
13250.073,415.375235,7.259816e+03,1.333375e+04,1.595070e+08,2.872687e+08
13255.363,415.403160,7.258271e+03,1.333152e+04,1.595454e+08,2.873392e+08
13260.652,415.431080,7.256726e+03,1.332930e+04,1.595837e+08,2.874097e+08
13265.942,415.458995,7.255182e+03,1.332707e+04,1.596221e+08,2.874802e+08
13271.231,415.486905,7.253638e+03,1.332485e+04,1.596605e+08,2.875507e+08
13276.521,415.514810,7.252095e+03,1.332262e+04,1.596989e+08,2.876212e+08
13281.810,415.542710,7.250552e+03,1.332040e+04,1.597372e+08,2.876916e+08
13287.100,415.570604,7.249009e+03,1.331817e+04,1.597755e+08,2.877621e+08
13292.389,415.598494,7.247466e+03,1.331595e+04,1.598139e+08,2.878325e+08
13297.679,415.626378,7.245923e+03,1.331373e+04,1.598522e+08,2.879030e+08
13302.968,415.654258,7.244381e+03,1.331151e+04,1.598905e+08,2.879734e+08
13308.257,415.682132,7.242840e+03,1.330929e+04,1.599288e+08,2.880438e+08
13313.547,415.710001,7.241298e+03,1.330707e+04,1.599671e+08,2.881141e+08
13318.836,415.737865,7.239757e+03,1.330485e+04,1.600054e+08,2.881845e+08
13324.126,415.765724,7.238216e+03,1.330263e+04,1.600437e+08,2.882549e+08
13329.415,415.793578,7.236675e+03,1.330042e+04,1.600820e+08,2.883252e+08
13334.705,415.821427,7.235135e+03,1.329820e+04,1.601203e+08,2.883956e+08
13339.994,415.849270,7.233595e+03,1.329599e+04,1.601585e+08,2.884659e+08
13345.284,415.877109,7.232055e+03,1.329377e+04,1.601968e+08,2.885362e+08
13350.573,415.904942,7.230516e+03,1.329156e+04,1.602350e+08,2.886065e+08
13355.862,415.932771,7.228976e+03,1.328935e+04,1.602733e+08,2.886768e+08
13361.152,415.960594,7.227438e+03,1.328713e+04,1.603115e+08,2.887471e+08
13366.441,415.988412,7.225899e+03,1.328492e+04,1.603497e+08,2.888174e+08
13371.731,416.016225,7.224361e+03,1.328271e+04,1.603879e+08,2.888876e+08
13377.020,416.044033,7.222823e+03,1.328050e+04,1.604261e+08,2.889579e+08
13382.310,416.071836,7.221285e+03,1.327829e+04,1.604643e+08,2.890281e+08
13387.599,416.099634,7.219748e+03,1.327609e+04,1.605025e+08,2.890983e+08
13392.889,416.127427,7.218210e+03,1.327388e+04,1.605407e+08,2.891685e+08
13398.178,416.155214,7.216674e+03,1.327167e+04,1.605789e+08,2.892387e+08
13403.468,416.182997,7.215137e+03,1.326947e+04,1.606170e+08,2.893089e+08
13408.757,416.210775,7.213601e+03,1.326726e+04,1.606552e+08,2.893791e+08
13414.046,416.238547,7.212065e+03,1.326506e+04,1.606933e+08,2.894493e+08
13419.336,416.266315,7.210529e+03,1.326285e+04,1.607315e+08,2.895194e+08
13424.625,416.294077,7.208994e+03,1.326065e+04,1.607696e+08,2.895896e+08
13429.915,416.321834,7.207459e+03,1.325845e+04,1.608077e+08,2.896597e+08
13435.204,416.349586,7.205924e+03,1.325625e+04,1.608459e+08,2.897298e+08
13440.494,416.377334,7.204389e+03,1.325405e+04,1.608840e+08,2.897999e+08
13445.783,416.405076,7.202855e+03,1.325185e+04,1.609221e+08,2.898700e+08
13451.073,416.432813,7.201321e+03,1.324965e+04,1.609601e+08,2.899401e+08
13456.362,416.460545,7.199788e+03,1.324745e+04,1.609982e+08,2.900102e+08
13461.651,416.488272,7.198254e+03,1.324526e+04,1.610363e+08,2.900802e+08
13466.941,416.515993,7.196721e+03,1.324306e+04,1.610744e+08,2.901503e+08
13472.230,416.543710,7.195188e+03,1.324087e+04,1.611124e+08,2.902203e+08
13477.520,416.571422,7.193656e+03,1.323867e+04,1.611505e+08,2.902903e+08
13482.809,416.599129,7.192123e+03,1.323648e+04,1.611885e+08,2.903604e+08
13488.099,416.626830,7.190592e+03,1.323428e+04,1.612266e+08,2.904304e+08
13493.388,416.654527,7.189060e+03,1.323209e+04,1.612646e+08,2.905004e+08
13498.678,416.682218,7.187529e+03,1.322990e+04,1.613026e+08,2.905703e+08
13503.967,416.709905,7.185997e+03,1.322771e+04,1.613406e+08,2.906403e+08
13509.257,416.737586,7.184467e+03,1.322552e+04,1.613786e+08,2.907103e+08
13514.546,416.765263,7.182936e+03,1.322333e+04,1.614166e+08,2.907802e+08
13519.835,416.792934,7.181406e+03,1.322114e+04,1.614546e+08,2.908501e+08
13525.125,416.820600,7.179876e+03,1.321895e+04,1.614926e+08,2.909201e+08
13530.414,416.848262,7.178346e+03,1.321677e+04,1.615305e+08,2.909900e+08
13535.704,416.875918,7.176817e+03,1.321458e+04,1.615685e+08,2.910599e+08
13540.993,416.903569,7.175288e+03,1.321240e+04,1.616065e+08,2.911297e+08
13546.283,416.931215,7.173759e+03,1.321021e+04,1.616444e+08,2.911996e+08
13551.572,416.958856,7.172230e+03,1.320803e+04,1.616823e+08,2.912695e+08
13556.862,416.986492,7.170702e+03,1.320585e+04,1.617203e+08,2.913393e+08
13562.151,417.014124,7.169174e+03,1.320366e+04,1.617582e+08,2.914092e+08
13567.440,417.041750,7.167647e+03,1.320148e+04,1.617961e+08,2.914790e+08
13572.730,417.069371,7.166119e+03,1.319930e+04,1.618340e+08,2.915488e+08
13578.019,417.096986,7.164592e+03,1.319712e+04,1.618719e+08,2.916186e+08
13583.309,417.124597,7.163065e+03,1.319494e+04,1.619098e+08,2.916884e+08
13588.598,417.152203,7.161539e+03,1.319276e+04,1.619477e+08,2.917582e+08
13593.888,417.179804,7.160012e+03,1.319059e+04,1.619855e+08,2.918280e+08
13599.177,417.207400,7.158486e+03,1.318841e+04,1.620234e+08,2.918977e+08
13604.467,417.234991,7.156961e+03,1.318623e+04,1.620613e+08,2.919675e+08
13609.756,417.262577,7.155435e+03,1.318406e+04,1.620991e+08,2.920372e+08
13615.046,417.290158,7.153910e+03,1.318188e+04,1.621370e+08,2.921069e+08
13620.335,417.317733,7.152385e+03,1.317971e+04,1.621748e+08,2.921767e+08
13625.624,417.345304,7.150861e+03,1.317754e+04,1.622126e+08,2.922464e+08
13630.914,417.372870,7.149336e+03,1.317536e+04,1.622504e+08,2.923160e+08
13636.203,417.400431,7.147812e+03,1.317319e+04,1.622882e+08,2.923857e+08
13641.493,417.427986,7.146289e+03,1.317102e+04,1.623260e+08,2.924554e+08
13646.782,417.455537,7.144765e+03,1.316885e+04,1.623638e+08,2.925251e+08
13652.072,417.483083,7.143242e+03,1.316668e+04,1.624016e+08,2.925947e+08
13657.361,417.510624,7.141719e+03,1.316451e+04,1.624394e+08,2.926643e+08
13662.651,417.538159,7.140196e+03,1.316235e+04,1.624772e+08,2.927340e+08
13667.940,417.565690,7.138674e+03,1.316018e+04,1.625149e+08,2.928036e+08
13673.230,417.593216,7.137152e+03,1.315801e+04,1.625527e+08,2.928732e+08
13678.519,417.620736,7.135630e+03,1.315585e+04,1.625904e+08,2.929427e+08
13683.808,417.648252,7.134108e+03,1.315368e+04,1.626281e+08,2.930123e+08
13689.098,417.675763,7.132587e+03,1.315152e+04,1.626659e+08,2.930819e+08
13694.387,417.703269,7.131066e+03,1.314936e+04,1.627036e+08,2.931514e+08
13699.677,417.730769,7.129545e+03,1.314719e+04,1.627413e+08,2.932210e+08
13704.966,417.758265,7.128025e+03,1.314503e+04,1.627790e+08,2.932905e+08
13710.256,417.785756,7.126505e+03,1.314287e+04,1.628167e+08,2.933600e+08
13715.545,417.813242,7.124985e+03,1.314071e+04,1.628544e+08,2.934295e+08
13720.835,417.840722,7.123465e+03,1.313855e+04,1.628921e+08,2.934990e+08
13726.124,417.868198,7.121946e+03,1.313639e+04,1.629297e+08,2.935685e+08
13731.413,417.895669,7.120427e+03,1.313424e+04,1.629674e+08,2.936380e+08
13736.703,417.923135,7.118908e+03,1.313208e+04,1.630051e+08,2.937075e+08
13741.992,417.950595,7.117390e+03,1.312992e+04,1.630427e+08,2.937769e+08
13747.282,417.978051,7.115872e+03,1.312777e+04,1.630803e+08,2.938463e+08
13752.571,418.005502,7.114354e+03,1.312561e+04,1.631180e+08,2.939158e+08
13757.861,418.032948,7.112836e+03,1.312346e+04,1.631556e+08,2.939852e+08
13763.150,418.060389,7.111318e+03,1.312130e+04,1.631932e+08,2.940546e+08
13768.440,418.087825,7.109801e+03,1.311915e+04,1.632308e+08,2.941240e+08
13773.729,418.115256,7.108284e+03,1.311700e+04,1.632684e+08,2.941934e+08
13779.019,418.142682,7.106768e+03,1.311485e+04,1.633060e+08,2.942627e+08
13784.308,418.170103,7.105252e+03,1.311270e+04,1.633436e+08,2.943321e+08
13789.597,418.197519,7.103735e+03,1.311055e+04,1.633812e+08,2.944014e+08
13794.887,418.224930,7.102220e+03,1.310840e+04,1.634187e+08,2.944708e+08
13800.176,418.252336,7.100704e+03,1.310625e+04,1.634563e+08,2.945401e+08
13805.466,418.279737,7.099189e+03,1.310410e+04,1.634938e+08,2.946094e+08
13810.755,418.307133,7.097674e+03,1.310196e+04,1.635314e+08,2.946787e+08
13816.045,418.334524,7.096159e+03,1.309981e+04,1.635689e+08,2.947480e+08
13821.334,418.361910,7.094645e+03,1.309766e+04,1.636064e+08,2.948173e+08
13826.624,418.389292,7.093131e+03,1.309552e+04,1.636440e+08,2.948866e+08
13831.913,418.416668,7.091617e+03,1.309338e+04,1.636815e+08,2.949558e+08
13837.202,418.444039,7.090103e+03,1.309123e+04,1.637190e+08,2.950251e+08
13842.492,418.471406,7.088590e+03,1.308909e+04,1.637565e+08,2.950943e+08
13847.781,418.498767,7.087077e+03,1.308695e+04,1.637940e+08,2.951635e+08
13853.071,418.526124,7.085564e+03,1.308481e+04,1.638314e+08,2.952327e+08
13858.360,418.553475,7.084051e+03,1.308267e+04,1.638689e+08,2.953019e+08
13863.650,418.580822,7.082539e+03,1.308053e+04,1.639064e+08,2.953711e+08
13868.939,418.608163,7.081027e+03,1.307839e+04,1.639438e+08,2.954403e+08
13874.229,418.635500,7.079515e+03,1.307625e+04,1.639813e+08,2.955095e+08
13879.518,418.662832,7.078004e+03,1.307412e+04,1.640187e+08,2.955786e+08
13884.808,418.690158,7.076493e+03,1.307198e+04,1.640561e+08,2.956478e+08
13890.097,418.717480,7.074982e+03,1.306984e+04,1.640936e+08,2.957169e+08
13895.386,418.744797,7.073471e+03,1.306771e+04,1.641310e+08,2.957860e+08
13900.676,418.772109,7.071961e+03,1.306557e+04,1.641684e+08,2.958551e+08
13905.965,418.799416,7.070451e+03,1.306344e+04,1.642058e+08,2.959242e+08
13911.255,418.826718,7.068941e+03,1.306131e+04,1.642432e+08,2.959933e+08
13916.544,418.854015,7.067431e+03,1.305918e+04,1.642806e+08,2.960624e+08
13921.834,418.881307,7.065922e+03,1.305704e+04,1.643179e+08,2.961314e+08
13927.123,418.908594,7.064413e+03,1.305491e+04,1.643553e+08,2.962005e+08
13932.413,418.935877,7.062904e+03,1.305278e+04,1.643927e+08,2.962695e+08
13937.702,418.963154,7.061396e+03,1.305065e+04,1.644300e+08,2.963386e+08
13942.991,418.990426,7.059887e+03,1.304853e+04,1.644674e+08,2.964076e+08
13948.281,419.017694,7.058379e+03,1.304640e+04,1.645047e+08,2.964766e+08
13953.570,419.044957,7.056872e+03,1.304427e+04,1.645420e+08,2.965456e+08
13958.860,419.072214,7.055364e+03,1.304214e+04,1.645793e+08,2.966146e+08
13964.149,419.099467,7.053857e+03,1.304002e+04,1.646166e+08,2.966836e+08
13969.439,419.126715,7.052350e+03,1.303789e+04,1.646540e+08,2.967525e+08
13974.728,419.153958,7.050843e+03,1.303577e+04,1.646912e+08,2.968215e+08
13980.018,419.181195,7.049337e+03,1.303365e+04,1.647285e+08,2.968904e+08
13985.307,419.208428,7.047831e+03,1.303152e+04,1.647658e+08,2.969593e+08
13990.597,419.235657,7.046325e+03,1.302940e+04,1.648031e+08,2.970283e+08
13995.886,419.262880,7.044819e+03,1.302728e+04,1.648403e+08,2.970972e+08
14001.175,419.290098,7.043314e+03,1.302516e+04,1.648776e+08,2.971661e+08
14006.465,419.317311,7.041809e+03,1.302304e+04,1.649148e+08,2.972349e+08
14011.754,419.344520,7.040304e+03,1.302092e+04,1.649521e+08,2.973038e+08
14017.044,419.371723,7.038800e+03,1.301880e+04,1.649893e+08,2.973727e+08
14022.333,419.398922,7.037295e+03,1.301669e+04,1.650265e+08,2.974415e+08
14027.623,419.426116,7.035791e+03,1.301457e+04,1.650638e+08,2.975104e+08
14032.912,419.453304,7.034288e+03,1.301245e+04,1.651010e+08,2.975792e+08
14038.202,419.480488,7.032784e+03,1.301034e+04,1.651382e+08,2.976480e+08
14043.491,419.507667,7.031281e+03,1.300822e+04,1.651754e+08,2.977168e+08
14048.780,419.534841,7.029778e+03,1.300611e+04,1.652125e+08,2.977856e+08
14054.070,419.562010,7.028275e+03,1.300399e+04,1.652497e+08,2.978544e+08
14059.359,419.589175,7.026773e+03,1.300188e+04,1.652869e+08,2.979232e+08
14064.649,419.616334,7.025270e+03,1.299977e+04,1.653240e+08,2.979919e+08
14069.938,419.643488,7.023769e+03,1.299766e+04,1.653612e+08,2.980607e+08
14075.228,419.670638,7.022267e+03,1.299555e+04,1.653983e+08,2.981294e+08
14080.517,419.697783,7.020765e+03,1.299344e+04,1.654355e+08,2.981982e+08
14085.807,419.724922,7.019264e+03,1.299133e+04,1.654726e+08,2.982669e+08
14091.096,419.752057,7.017763e+03,1.298922e+04,1.655097e+08,2.983356e+08
14096.386,419.779187,7.016263e+03,1.298711e+04,1.655468e+08,2.984043e+08
14101.675,419.806312,7.014762e+03,1.298501e+04,1.655839e+08,2.984730e+08
14106.964,419.833432,7.013262e+03,1.298290e+04,1.656210e+08,2.985416e+08
14112.254,419.860548,7.011762e+03,1.298079e+04,1.656581e+08,2.986103e+08
14117.543,419.887658,7.010263e+03,1.297869e+04,1.656952e+08,2.986789e+08
14122.833,419.914764,7.008763e+03,1.297658e+04,1.657323e+08,2.987476e+08
14128.122,419.941864,7.007264e+03,1.297448e+04,1.657693e+08,2.988162e+08
14133.412,419.968960,7.005766e+03,1.297238e+04,1.658064e+08,2.988848e+08
14138.701,419.996051,7.004267e+03,1.297028e+04,1.658434e+08,2.989534e+08
14143.991,420.023137,7.002769e+03,1.296817e+04,1.658805e+08,2.990220e+08
14149.280,420.050218,7.001271e+03,1.296607e+04,1.659175e+08,2.990906e+08
14154.569,420.077294,6.999773e+03,1.296397e+04,1.659545e+08,2.991592e+08
14159.859,420.104366,6.998275e+03,1.296187e+04,1.659916e+08,2.992277e+08
14165.148,420.131432,6.996778e+03,1.295978e+04,1.660286e+08,2.992963e+08
14170.438,420.158494,6.995281e+03,1.295768e+04,1.660656e+08,2.993648e+08
14175.727,420.185550,6.993784e+03,1.295558e+04,1.661026e+08,2.994334e+08
14181.017,420.212602,6.992288e+03,1.295348e+04,1.661396e+08,2.995019e+08
14186.306,420.239649,6.990791e+03,1.295139e+04,1.661765e+08,2.995704e+08
14191.596,420.266691,6.989295e+03,1.294929e+04,1.662135e+08,2.996389e+08
14196.885,420.293728,6.987800e+03,1.294720e+04,1.662505e+08,2.997074e+08
14202.175,420.320761,6.986304e+03,1.294511e+04,1.662874e+08,2.997758e+08
14207.464,420.347788,6.984809e+03,1.294301e+04,1.663244e+08,2.998443e+08
14212.753,420.374811,6.983314e+03,1.294092e+04,1.663613e+08,2.999127e+08
14218.043,420.401829,6.981819e+03,1.293883e+04,1.663982e+08,2.999812e+08
14223.332,420.428842,6.980325e+03,1.293674e+04,1.664352e+08,3.000496e+08
14228.622,420.455850,6.978831e+03,1.293465e+04,1.664721e+08,3.001180e+08
14233.911,420.482853,6.977337e+03,1.293256e+04,1.665090e+08,3.001864e+08
14239.201,420.509851,6.975843e+03,1.293047e+04,1.665459e+08,3.002548e+08
14244.490,420.536845,6.974350e+03,1.292838e+04,1.665828e+08,3.003232e+08
14249.780,420.563833,6.972856e+03,1.292629e+04,1.666196e+08,3.003916e+08
14255.069,420.590817,6.971363e+03,1.292421e+04,1.666565e+08,3.004600e+08
14260.359,420.617796,6.969871e+03,1.292212e+04,1.666934e+08,3.005283e+08
14265.648,420.644770,6.968378e+03,1.292003e+04,1.667302e+08,3.005966e+08
14270.937,420.671739,6.966886e+03,1.291795e+04,1.667671e+08,3.006650e+08
14276.227,420.698703,6.965394e+03,1.291587e+04,1.668039e+08,3.007333e+08
14281.516,420.725663,6.963903e+03,1.291378e+04,1.668408e+08,3.008016e+08
14286.806,420.752618,6.962411e+03,1.291170e+04,1.668776e+08,3.008699e+08
14292.095,420.779567,6.960920e+03,1.290962e+04,1.669144e+08,3.009382e+08
14297.385,420.806512,6.959429e+03,1.290754e+04,1.669512e+08,3.010065e+08
14302.674,420.833452,6.957939e+03,1.290546e+04,1.669880e+08,3.010747e+08
14307.964,420.860388,6.956448e+03,1.290338e+04,1.670248e+08,3.011430e+08
14313.253,420.887318,6.954958e+03,1.290130e+04,1.670616e+08,3.012112e+08
14318.542,420.914244,6.953468e+03,1.289922e+04,1.670984e+08,3.012794e+08
14323.832,420.941164,6.951978e+03,1.289714e+04,1.671352e+08,3.013477e+08
14329.121,420.968080,6.950489e+03,1.289506e+04,1.671719e+08,3.014159e+08
14334.411,420.994991,6.949000e+03,1.289299e+04,1.672087e+08,3.014841e+08
14339.700,421.021898,6.947511e+03,1.289091e+04,1.672454e+08,3.015522e+08
14344.990,421.048799,6.946022e+03,1.288884e+04,1.672822e+08,3.016204e+08
14350.279,421.075696,6.944534e+03,1.288676e+04,1.673189e+08,3.016886e+08
14355.569,421.102587,6.943046e+03,1.288469e+04,1.673556e+08,3.017567e+08
14360.858,421.129474,6.941558e+03,1.288261e+04,1.673924e+08,3.018249e+08
14366.148,421.156356,6.940070e+03,1.288054e+04,1.674291e+08,3.018930e+08
14371.437,421.183234,6.938583e+03,1.287847e+04,1.674658e+08,3.019611e+08
14376.726,421.210106,6.937096e+03,1.287640e+04,1.675025e+08,3.020292e+08
14382.016,421.236974,6.935609e+03,1.287433e+04,1.675391e+08,3.020973e+08
14387.305,421.263837,6.934122e+03,1.287226e+04,1.675758e+08,3.021654e+08
14392.595,421.290694,6.932636e+03,1.287019e+04,1.676125e+08,3.022335e+08
14397.884,421.317548,6.931150e+03,1.286812e+04,1.676492e+08,3.023016e+08
14403.174,421.344396,6.929664e+03,1.286605e+04,1.676858e+08,3.023696e+08
14408.463,421.371239,6.928178e+03,1.286399e+04,1.677225e+08,3.024377e+08
14413.753,421.398078,6.926693e+03,1.286192e+04,1.677591e+08,3.025057e+08
14419.042,421.424912,6.925208e+03,1.285985e+04,1.677957e+08,3.025737e+08
14424.331,421.451741,6.923723e+03,1.285779e+04,1.678323e+08,3.026417e+08
14429.621,421.478565,6.922238e+03,1.285572e+04,1.678690e+08,3.027097e+08
14434.910,421.505385,6.920754e+03,1.285366e+04,1.679056e+08,3.027777e+08
14440.200,421.532199,6.919270e+03,1.285160e+04,1.679422e+08,3.028457e+08
14445.489,421.559009,6.917786e+03,1.284954e+04,1.679788e+08,3.029137e+08
14450.779,421.585814,6.916302e+03,1.284747e+04,1.680153e+08,3.029816e+08
14456.068,421.612614,6.914819e+03,1.284541e+04,1.680519e+08,3.030496e+08
14461.358,421.639410,6.913335e+03,1.284335e+04,1.680885e+08,3.031175e+08
14466.647,421.666200,6.911852e+03,1.284129e+04,1.681250e+08,3.031854e+08
14471.937,421.692986,6.910370e+03,1.283923e+04,1.681616e+08,3.032533e+08
14477.226,421.719767,6.908887e+03,1.283717e+04,1.681981e+08,3.033212e+08
14482.515,421.746543,6.907405e+03,1.283512e+04,1.682347e+08,3.033891e+08
14487.805,421.773315,6.905923e+03,1.283306e+04,1.682712e+08,3.034570e+08
14493.094,421.800081,6.904442e+03,1.283100e+04,1.683077e+08,3.035249e+08
14498.384,421.826843,6.902960e+03,1.282895e+04,1.683442e+08,3.035927e+08
14503.673,421.853600,6.901479e+03,1.282689e+04,1.683807e+08,3.036606e+08
14508.963,421.880352,6.899998e+03,1.282484e+04,1.684172e+08,3.037284e+08
14514.252,421.907100,6.898517e+03,1.282278e+04,1.684537e+08,3.037962e+08
14519.542,421.933842,6.897037e+03,1.282073e+04,1.684902e+08,3.038641e+08
14524.831,421.960580,6.895557e+03,1.281868e+04,1.685267e+08,3.039319e+08
14530.120,421.987313,6.894077e+03,1.281663e+04,1.685632e+08,3.039997e+08
14535.410,422.014041,6.892597e+03,1.281458e+04,1.685996e+08,3.040674e+08
14540.699,422.040765,6.891117e+03,1.281253e+04,1.686361e+08,3.041352e+08
14545.989,422.067483,6.889638e+03,1.281048e+04,1.686725e+08,3.042030e+08
14551.278,422.094197,6.888159e+03,1.280843e+04,1.687089e+08,3.042707e+08
14556.568,422.120906,6.886681e+03,1.280638e+04,1.687454e+08,3.043385e+08
14561.857,422.147611,6.885202e+03,1.280433e+04,1.687818e+08,3.044062e+08
14567.147,422.174310,6.883724e+03,1.280228e+04,1.688182e+08,3.044739e+08
14572.436,422.201005,6.882246e+03,1.280024e+04,1.688546e+08,3.045416e+08
14577.726,422.227695,6.880768e+03,1.279819e+04,1.688910e+08,3.046093e+08
14583.015,422.254380,6.879290e+03,1.279615e+04,1.689274e+08,3.046770e+08
14588.304,422.281061,6.877813e+03,1.279410e+04,1.689638e+08,3.047447e+08
14593.594,422.307736,6.876336e+03,1.279206e+04,1.690001e+08,3.048123e+08
14598.883,422.334407,6.874859e+03,1.279002e+04,1.690365e+08,3.048800e+08
14604.173,422.361073,6.873383e+03,1.278797e+04,1.690729e+08,3.049476e+08
14609.462,422.387734,6.871906e+03,1.278593e+04,1.691092e+08,3.050152e+08
14614.752,422.414391,6.870430e+03,1.278389e+04,1.691455e+08,3.050829e+08
14620.041,422.441043,6.868955e+03,1.278185e+04,1.691819e+08,3.051505e+08
14625.331,422.467690,6.867479e+03,1.277981e+04,1.692182e+08,3.052181e+08
14630.620,422.494332,6.866004e+03,1.277777e+04,1.692545e+08,3.052857e+08
14635.909,422.520970,6.864529e+03,1.277573e+04,1.692908e+08,3.053532e+08
14641.199,422.547602,6.863054e+03,1.277369e+04,1.693271e+08,3.054208e+08
14646.488,422.574230,6.861579e+03,1.277166e+04,1.693634e+08,3.054884e+08
14651.778,422.600853,6.860105e+03,1.276962e+04,1.693997e+08,3.055559e+08
14657.067,422.627472,6.858631e+03,1.276758e+04,1.694360e+08,3.056234e+08
14662.357,422.654086,6.857157e+03,1.276555e+04,1.694723e+08,3.056910e+08
14667.646,422.680694,6.855683e+03,1.276351e+04,1.695085e+08,3.057585e+08
14672.936,422.707299,6.854210e+03,1.276148e+04,1.695448e+08,3.058260e+08
14678.225,422.733898,6.852736e+03,1.275945e+04,1.695810e+08,3.058935e+08
14683.515,422.760493,6.851263e+03,1.275741e+04,1.696173e+08,3.059609e+08
14688.804,422.787083,6.849791e+03,1.275538e+04,1.696535e+08,3.060284e+08
14694.093,422.813668,6.848318e+03,1.275335e+04,1.696897e+08,3.060959e+08
14699.383,422.840248,6.846846e+03,1.275132e+04,1.697259e+08,3.061633e+08
14704.672,422.866824,6.845374e+03,1.274929e+04,1.697621e+08,3.062308e+08
14709.962,422.893395,6.843902e+03,1.274726e+04,1.697983e+08,3.062982e+08
14715.251,422.919961,6.842431e+03,1.274523e+04,1.698345e+08,3.063656e+08
14720.541,422.946522,6.840960e+03,1.274320e+04,1.698707e+08,3.064330e+08
14725.830,422.973079,6.839489e+03,1.274117e+04,1.699069e+08,3.065004e+08
14731.120,422.999631,6.838018e+03,1.273915e+04,1.699431e+08,3.065678e+08
14736.409,423.026178,6.836547e+03,1.273712e+04,1.699792e+08,3.066351e+08
14741.699,423.052720,6.835077e+03,1.273509e+04,1.700154e+08,3.067025e+08
14746.988,423.079258,6.833607e+03,1.273307e+04,1.700515e+08,3.067699e+08
14752.277,423.105791,6.832137e+03,1.273105e+04,1.700877e+08,3.068372e+08
14757.567,423.132319,6.830667e+03,1.272902e+04,1.701238e+08,3.069045e+08
14762.856,423.158843,6.829198e+03,1.272700e+04,1.701599e+08,3.069718e+08
14768.146,423.185361,6.827729e+03,1.272498e+04,1.701960e+08,3.070392e+08
14773.435,423.211875,6.826260e+03,1.272295e+04,1.702321e+08,3.071065e+08
14778.725,423.238385,6.824791e+03,1.272093e+04,1.702682e+08,3.071737e+08
14784.014,423.264889,6.823323e+03,1.271891e+04,1.703043e+08,3.072410e+08
14789.304,423.291389,6.821855e+03,1.271689e+04,1.703404e+08,3.073083e+08
14794.593,423.317884,6.820387e+03,1.271487e+04,1.703765e+08,3.073755e+08
14799.882,423.344374,6.818919e+03,1.271285e+04,1.704126e+08,3.074428e+08
14805.172,423.370860,6.817452e+03,1.271084e+04,1.704486e+08,3.075100e+08
14810.461,423.397341,6.815985e+03,1.270882e+04,1.704847e+08,3.075772e+08
14815.751,423.423817,6.814518e+03,1.270680e+04,1.705207e+08,3.076445e+08
14821.040,423.450288,6.813051e+03,1.270479e+04,1.705568e+08,3.077117e+08
14826.330,423.476755,6.811584e+03,1.270277e+04,1.705928e+08,3.077788e+08
14831.619,423.503217,6.810118e+03,1.270076e+04,1.706288e+08,3.078460e+08
14836.909,423.529674,6.808652e+03,1.269874e+04,1.706648e+08,3.079132e+08
14842.198,423.556127,6.807186e+03,1.269673e+04,1.707008e+08,3.079804e+08
14847.488,423.582575,6.805721e+03,1.269471e+04,1.707368e+08,3.080475e+08
14852.777,423.609018,6.804255e+03,1.269270e+04,1.707728e+08,3.081146e+08
14858.066,423.635456,6.802790e+03,1.269069e+04,1.708088e+08,3.081818e+08
14863.356,423.661890,6.801325e+03,1.268868e+04,1.708448e+08,3.082489e+08
14868.645,423.688319,6.799861e+03,1.268667e+04,1.708807e+08,3.083160e+08
14873.935,423.714743,6.798396e+03,1.268466e+04,1.709167e+08,3.083831e+08
14879.224,423.741163,6.796932e+03,1.268265e+04,1.709527e+08,3.084502e+08
14884.514,423.767578,6.795468e+03,1.268064e+04,1.709886e+08,3.085172e+08
14889.803,423.793988,6.794005e+03,1.267863e+04,1.710245e+08,3.085843e+08
14895.093,423.820393,6.792541e+03,1.267663e+04,1.710605e+08,3.086514e+08
14900.382,423.846794,6.791078e+03,1.267462e+04,1.710964e+08,3.087184e+08
14905.671,423.873190,6.789615e+03,1.267261e+04,1.711323e+08,3.087854e+08
14910.961,423.899581,6.788152e+03,1.267061e+04,1.711682e+08,3.088524e+08
14916.250,423.925968,6.786690e+03,1.266860e+04,1.712041e+08,3.089195e+08
14921.540,423.952350,6.785228e+03,1.266660e+04,1.712400e+08,3.089865e+08
14926.829,423.978727,6.783765e+03,1.266460e+04,1.712759e+08,3.090534e+08
14932.119,424.005100,6.782304e+03,1.266259e+04,1.713118e+08,3.091204e+08
14937.408,424.031468,6.780842e+03,1.266059e+04,1.713476e+08,3.091874e+08
14942.698,424.057831,6.779381e+03,1.265859e+04,1.713835e+08,3.092543e+08
14947.987,424.084189,6.777920e+03,1.265659e+04,1.714193e+08,3.093213e+08
14953.277,424.110543,6.776459e+03,1.265459e+04,1.714552e+08,3.093882e+08
14958.566,424.136892,6.774998e+03,1.265259e+04,1.714910e+08,3.094552e+08
14963.855,424.163236,6.773538e+03,1.265059e+04,1.715268e+08,3.095221e+08
14969.145,424.189576,6.772078e+03,1.264859e+04,1.715627e+08,3.095890e+08
14974.434,424.215911,6.770618e+03,1.264659e+04,1.715985e+08,3.096559e+08
14979.724,424.242241,6.769158e+03,1.264459e+04,1.716343e+08,3.097227e+08
14985.013,424.268567,6.767698e+03,1.264260e+04,1.716701e+08,3.097896e+08
14990.303,424.294888,6.766239e+03,1.264060e+04,1.717059e+08,3.098565e+08
14995.592,424.321204,6.764780e+03,1.263861e+04,1.717416e+08,3.099233e+08
15000.882,424.347515,6.763321e+03,1.263661e+04,1.717774e+08,3.099902e+08
15006.171,424.373822,6.761863e+03,1.263462e+04,1.718132e+08,3.100570e+08
15011.460,424.400124,6.760404e+03,1.263262e+04,1.718489e+08,3.101238e+08
15016.750,424.426422,6.758946e+03,1.263063e+04,1.718847e+08,3.101906e+08
15022.039,424.452715,6.757488e+03,1.262864e+04,1.719204e+08,3.102574e+08
15027.329,424.479003,6.756031e+03,1.262665e+04,1.719562e+08,3.103242e+08
15032.618,424.505286,6.754573e+03,1.262465e+04,1.719919e+08,3.103910e+08
15037.908,424.531565,6.753116e+03,1.262266e+04,1.720276e+08,3.104578e+08
15043.197,424.557839,6.751659e+03,1.262067e+04,1.720633e+08,3.105245e+08
15048.487,424.584109,6.750203e+03,1.261868e+04,1.720990e+08,3.105913e+08
15053.776,424.610373,6.748746e+03,1.261670e+04,1.721347e+08,3.106580e+08
15059.066,424.636633,6.747290e+03,1.261471e+04,1.721704e+08,3.107247e+08
15064.355,424.662889,6.745834e+03,1.261272e+04,1.722061e+08,3.107914e+08
15069.644,424.689140,6.744378e+03,1.261073e+04,1.722418e+08,3.108581e+08
15074.934,424.715386,6.742922e+03,1.260875e+04,1.722774e+08,3.109248e+08
15080.223,424.741627,6.741467e+03,1.260676e+04,1.723131e+08,3.109915e+08
15085.513,424.767864,6.740012e+03,1.260478e+04,1.723488e+08,3.110582e+08
15090.802,424.794096,6.738557e+03,1.260279e+04,1.723844e+08,3.111249e+08
15096.092,424.820323,6.737102e+03,1.260081e+04,1.724200e+08,3.111915e+08
15101.381,424.846546,6.735648e+03,1.259883e+04,1.724557e+08,3.112581e+08
15106.671,424.872764,6.734194e+03,1.259684e+04,1.724913e+08,3.113248e+08
15111.960,424.898978,6.732740e+03,1.259486e+04,1.725269e+08,3.113914e+08
15117.249,424.925186,6.731286e+03,1.259288e+04,1.725625e+08,3.114580e+08
15122.539,424.951390,6.729833e+03,1.259090e+04,1.725981e+08,3.115246e+08
15127.828,424.977590,6.728379e+03,1.258892e+04,1.726337e+08,3.115912e+08
15133.118,425.003785,6.726926e+03,1.258694e+04,1.726693e+08,3.116578e+08
15138.407,425.029975,6.725473e+03,1.258496e+04,1.727048e+08,3.117243e+08
15143.697,425.056160,6.724021e+03,1.258298e+04,1.727404e+08,3.117909e+08
15148.986,425.082341,6.722569e+03,1.258100e+04,1.727760e+08,3.118574e+08
15154.276,425.108517,6.721116e+03,1.257903e+04,1.728115e+08,3.119240e+08
15159.565,425.134689,6.719664e+03,1.257705e+04,1.728471e+08,3.119905e+08
15164.855,425.160856,6.718213e+03,1.257507e+04,1.728826e+08,3.120570e+08
15170.144,425.187018,6.716761e+03,1.257310e+04,1.729181e+08,3.121235e+08
15175.433,425.213176,6.715310e+03,1.257112e+04,1.729536e+08,3.121900e+08
15180.723,425.239329,6.713859e+03,1.256915e+04,1.729892e+08,3.122565e+08
15186.012,425.265477,6.712408e+03,1.256718e+04,1.730247e+08,3.123230e+08
15191.302,425.291621,6.710958e+03,1.256520e+04,1.730602e+08,3.123894e+08
15196.591,425.317760,6.709507e+03,1.256323e+04,1.730957e+08,3.124559e+08
15201.881,425.343894,6.708057e+03,1.256126e+04,1.731311e+08,3.125223e+08
15207.170,425.370024,6.706607e+03,1.255929e+04,1.731666e+08,3.125888e+08
15212.460,425.396149,6.705158e+03,1.255732e+04,1.732021e+08,3.126552e+08
15217.749,425.422269,6.703708e+03,1.255535e+04,1.732375e+08,3.127216e+08
15223.038,425.448385,6.702259e+03,1.255338e+04,1.732730e+08,3.127880e+08
15228.328,425.474496,6.700810e+03,1.255141e+04,1.733084e+08,3.128544e+08
15233.617,425.500603,6.699362e+03,1.254944e+04,1.733439e+08,3.129208e+08
15238.907,425.526705,6.697913e+03,1.254747e+04,1.733793e+08,3.129871e+08
15244.196,425.552802,6.696465e+03,1.254551e+04,1.734147e+08,3.130535e+08
15249.486,425.578895,6.695017e+03,1.254354e+04,1.734501e+08,3.131198e+08
15254.775,425.604983,6.693569e+03,1.254157e+04,1.734855e+08,3.131862e+08
15260.065,425.631066,6.692121e+03,1.253961e+04,1.735209e+08,3.132525e+08
15265.354,425.657145,6.690674e+03,1.253765e+04,1.735563e+08,3.133188e+08
15270.644,425.683219,6.689227e+03,1.253568e+04,1.735917e+08,3.133851e+08
15275.933,425.709289,6.687780e+03,1.253372e+04,1.736271e+08,3.134514e+08
15281.222,425.735354,6.686333e+03,1.253176e+04,1.736624e+08,3.135177e+08
15286.512,425.761414,6.684887e+03,1.252979e+04,1.736978e+08,3.135840e+08
15291.801,425.787470,6.683440e+03,1.252783e+04,1.737332e+08,3.136503e+08
15297.091,425.813521,6.681994e+03,1.252587e+04,1.737685e+08,3.137165e+08
15302.380,425.839567,6.680548e+03,1.252391e+04,1.738038e+08,3.137828e+08
15307.670,425.865609,6.679103e+03,1.252195e+04,1.738392e+08,3.138490e+08
15312.959,425.891646,6.677657e+03,1.251999e+04,1.738745e+08,3.139152e+08
15318.249,425.917679,6.676212e+03,1.251803e+04,1.739098e+08,3.139814e+08
15323.538,425.943706,6.674767e+03,1.251607e+04,1.739451e+08,3.140476e+08
15328.828,425.969730,6.673323e+03,1.251412e+04,1.739804e+08,3.141138e+08
15334.117,425.995749,6.671878e+03,1.251216e+04,1.740157e+08,3.141800e+08
15339.406,426.021763,6.670434e+03,1.251020e+04,1.740510e+08,3.142462e+08
15344.696,426.047772,6.668990e+03,1.250825e+04,1.740863e+08,3.143123e+08
15349.985,426.073777,6.667546e+03,1.250629e+04,1.741215e+08,3.143785e+08
15355.275,426.099777,6.666103e+03,1.250434e+04,1.741568e+08,3.144446e+08
15360.564,426.125773,6.664659e+03,1.250238e+04,1.741920e+08,3.145108e+08
15365.854,426.151764,6.663216e+03,1.250043e+04,1.742273e+08,3.145769e+08
15371.143,426.177751,6.661773e+03,1.249848e+04,1.742625e+08,3.146430e+08
15376.433,426.203732,6.660330e+03,1.249653e+04,1.742977e+08,3.147091e+08
15381.722,426.229710,6.658888e+03,1.249457e+04,1.743330e+08,3.147752e+08
15387.011,426.255682,6.657446e+03,1.249262e+04,1.743682e+08,3.148413e+08
15392.301,426.281650,6.656004e+03,1.249067e+04,1.744034e+08,3.149073e+08
15397.590,426.307614,6.654562e+03,1.248872e+04,1.744386e+08,3.149734e+08
15402.880,426.333573,6.653120e+03,1.248677e+04,1.744738e+08,3.150394e+08
15408.169,426.359527,6.651679e+03,1.248483e+04,1.745090e+08,3.151055e+08
15413.459,426.385477,6.650238e+03,1.248288e+04,1.745441e+08,3.151715e+08
15418.748,426.411422,6.648797e+03,1.248093e+04,1.745793e+08,3.152375e+08
15424.038,426.437362,6.647356e+03,1.247898e+04,1.746145e+08,3.153035e+08
15429.327,426.463298,6.645916e+03,1.247704e+04,1.746496e+08,3.153695e+08
15434.617,426.489229,6.644476e+03,1.247509e+04,1.746848e+08,3.154355e+08
15439.906,426.515156,6.643036e+03,1.247315e+04,1.747199e+08,3.155015e+08
15445.195,426.541078,6.641596e+03,1.247120e+04,1.747550e+08,3.155675e+08
15450.485,426.566996,6.640156e+03,1.246926e+04,1.747902e+08,3.156334e+08
15455.774,426.592908,6.638717e+03,1.246731e+04,1.748253e+08,3.156994e+08
15461.064,426.618817,6.637278e+03,1.246537e+04,1.748604e+08,3.157653e+08
15466.353,426.644721,6.635839e+03,1.246343e+04,1.748955e+08,3.158312e+08
15471.643,426.670620,6.634400e+03,1.246149e+04,1.749306e+08,3.158971e+08
15476.932,426.696514,6.632962e+03,1.245955e+04,1.749657e+08,3.159630e+08
15482.222,426.722404,6.631523e+03,1.245761e+04,1.750007e+08,3.160289e+08
15487.511,426.748290,6.630085e+03,1.245567e+04,1.750358e+08,3.160948e+08
15492.800,426.774171,6.628647e+03,1.245373e+04,1.750709e+08,3.161607e+08
15498.090,426.800047,6.627210e+03,1.245179e+04,1.751059e+08,3.162265e+08
15503.379,426.825919,6.625772e+03,1.244985e+04,1.751410e+08,3.162924e+08
15508.669,426.851786,6.624335e+03,1.244791e+04,1.751760e+08,3.163582e+08
15513.958,426.877648,6.622898e+03,1.244598e+04,1.752110e+08,3.164241e+08
15519.248,426.903506,6.621462e+03,1.244404e+04,1.752461e+08,3.164899e+08
15524.537,426.929360,6.620025e+03,1.244210e+04,1.752811e+08,3.165557e+08
15529.827,426.955208,6.618589e+03,1.244017e+04,1.753161e+08,3.166215e+08
15535.116,426.981053,6.617153e+03,1.243823e+04,1.753511e+08,3.166873e+08
15540.406,427.006892,6.615717e+03,1.243630e+04,1.753861e+08,3.167531e+08
15545.695,427.032727,6.614281e+03,1.243437e+04,1.754211e+08,3.168189e+08
15550.984,427.058558,6.612846e+03,1.243243e+04,1.754560e+08,3.168846e+08
15556.274,427.084384,6.611411e+03,1.243050e+04,1.754910e+08,3.169504e+08
15561.563,427.110205,6.609976e+03,1.242857e+04,1.755260e+08,3.170161e+08
15566.853,427.136022,6.608541e+03,1.242664e+04,1.755609e+08,3.170818e+08
15572.142,427.161834,6.607106e+03,1.242471e+04,1.755959e+08,3.171476e+08
15577.432,427.187642,6.605672e+03,1.242278e+04,1.756308e+08,3.172133e+08
15582.721,427.213445,6.604238e+03,1.242085e+04,1.756658e+08,3.172790e+08
15588.011,427.239244,6.602804e+03,1.241892e+04,1.757007e+08,3.173447e+08
15593.300,427.265038,6.601370e+03,1.241699e+04,1.757356e+08,3.174103e+08
15598.589,427.290827,6.599937e+03,1.241506e+04,1.757705e+08,3.174760e+08
15603.879,427.316612,6.598504e+03,1.241313e+04,1.758054e+08,3.175417e+08
15609.168,427.342392,6.597071e+03,1.241121e+04,1.758403e+08,3.176073e+08
15614.458,427.368168,6.595638e+03,1.240928e+04,1.758752e+08,3.176729e+08
15619.747,427.393939,6.594205e+03,1.240736e+04,1.759101e+08,3.177386e+08
15625.037,427.419706,6.592773e+03,1.240543e+04,1.759449e+08,3.178042e+08
15630.326,427.445468,6.591341e+03,1.240351e+04,1.759798e+08,3.178698e+08
15635.616,427.471226,6.589909e+03,1.240158e+04,1.760147e+08,3.179354e+08
15640.905,427.496979,6.588477e+03,1.239966e+04,1.760495e+08,3.180010e+08
15646.195,427.522727,6.587046e+03,1.239774e+04,1.760844e+08,3.180666e+08
15651.484,427.548471,6.585614e+03,1.239581e+04,1.761192e+08,3.181321e+08
15656.773,427.574211,6.584183e+03,1.239389e+04,1.761540e+08,3.181977e+08
15662.063,427.599945,6.582753e+03,1.239197e+04,1.761888e+08,3.182632e+08
15667.352,427.625676,6.581322e+03,1.239005e+04,1.762236e+08,3.183288e+08
15672.642,427.651402,6.579892e+03,1.238813e+04,1.762585e+08,3.183943e+08
15677.931,427.677123,6.578461e+03,1.238621e+04,1.762932e+08,3.184598e+08
15683.221,427.702839,6.577031e+03,1.238429e+04,1.763280e+08,3.185253e+08
15688.510,427.728552,6.575602e+03,1.238237e+04,1.763628e+08,3.185908e+08
15693.800,427.754259,6.574172e+03,1.238046e+04,1.763976e+08,3.186563e+08
15699.089,427.779962,6.572743e+03,1.237854e+04,1.764324e+08,3.187218e+08
15704.378,427.805661,6.571314e+03,1.237662e+04,1.764671e+08,3.187872e+08
15709.668,427.831355,6.569885e+03,1.237471e+04,1.765019e+08,3.188527e+08
15714.957,427.857044,6.568456e+03,1.237279e+04,1.765366e+08,3.189181e+08
15720.247,427.882729,6.567028e+03,1.237088e+04,1.765713e+08,3.189836e+08
15725.536,427.908409,6.565599e+03,1.236896e+04,1.766061e+08,3.190490e+08
15730.826,427.934085,6.564171e+03,1.236705e+04,1.766408e+08,3.191144e+08
15736.115,427.959756,6.562744e+03,1.236514e+04,1.766755e+08,3.191798e+08
15741.405,427.985423,6.561316e+03,1.236322e+04,1.767102e+08,3.192452e+08
15746.694,428.011085,6.559889e+03,1.236131e+04,1.767449e+08,3.193106e+08
15751.984,428.036743,6.558461e+03,1.235940e+04,1.767796e+08,3.193760e+08
15757.273,428.062396,6.557034e+03,1.235749e+04,1.768143e+08,3.194413e+08
15762.562,428.088045,6.555608e+03,1.235558e+04,1.768490e+08,3.195067e+08
15767.852,428.113689,6.554181e+03,1.235367e+04,1.768836e+08,3.195720e+08
15773.141,428.139329,6.552755e+03,1.235176e+04,1.769183e+08,3.196374e+08
15778.431,428.164964,6.551329e+03,1.234985e+04,1.769529e+08,3.197027e+08
15783.720,428.190594,6.549903e+03,1.234794e+04,1.769876e+08,3.197680e+08
15789.010,428.216220,6.548477e+03,1.234603e+04,1.770222e+08,3.198333e+08
15794.299,428.241842,6.547052e+03,1.234413e+04,1.770569e+08,3.198986e+08
15799.589,428.267459,6.545626e+03,1.234222e+04,1.770915e+08,3.199639e+08
15804.878,428.293071,6.544201e+03,1.234031e+04,1.771261e+08,3.200292e+08
15810.167,428.318679,6.542777e+03,1.233841e+04,1.771607e+08,3.200944e+08
15815.457,428.344283,6.541352e+03,1.233650e+04,1.771953e+08,3.201597e+08
15820.746,428.369882,6.539928e+03,1.233460e+04,1.772299e+08,3.202249e+08
15826.036,428.395476,6.538503e+03,1.233270e+04,1.772645e+08,3.202902e+08
15831.325,428.421066,6.537079e+03,1.233079e+04,1.772991e+08,3.203554e+08
15836.615,428.446652,6.535656e+03,1.232889e+04,1.773336e+08,3.204206e+08
15841.904,428.472233,6.534232e+03,1.232699e+04,1.773682e+08,3.204858e+08
15847.194,428.497809,6.532809e+03,1.232509e+04,1.774027e+08,3.205510e+08
15852.483,428.523381,6.531386e+03,1.232319e+04,1.774373e+08,3.206162e+08
15857.773,428.548948,6.529963e+03,1.232129e+04,1.774718e+08,3.206813e+08
15863.062,428.574511,6.528540e+03,1.231939e+04,1.775064e+08,3.207465e+08
15868.351,428.600069,6.527118e+03,1.231749e+04,1.775409e+08,3.208117e+08
15873.641,428.625623,6.525695e+03,1.231559e+04,1.775754e+08,3.208768e+08
15878.930,428.651173,6.524273e+03,1.231369e+04,1.776099e+08,3.209419e+08
15884.220,428.676717,6.522852e+03,1.231179e+04,1.776444e+08,3.210071e+08
15889.509,428.702258,6.521430e+03,1.230989e+04,1.776789e+08,3.210722e+08
15894.799,428.727794,6.520008e+03,1.230800e+04,1.777134e+08,3.211373e+08
15900.088,428.753325,6.518587e+03,1.230610e+04,1.777479e+08,3.212024e+08
15905.378,428.778852,6.517166e+03,1.230421e+04,1.777824e+08,3.212675e+08
15910.667,428.804374,6.515746e+03,1.230231e+04,1.778168e+08,3.213325e+08
15915.957,428.829892,6.514325e+03,1.230042e+04,1.778513e+08,3.213976e+08
15921.246,428.855405,6.512905e+03,1.229852e+04,1.778857e+08,3.214626e+08
15926.535,428.880914,6.511484e+03,1.229663e+04,1.779202e+08,3.215277e+08
15931.825,428.906419,6.510065e+03,1.229474e+04,1.779546e+08,3.215927e+08
15937.114,428.931919,6.508645e+03,1.229285e+04,1.779890e+08,3.216577e+08
15942.404,428.957414,6.507225e+03,1.229095e+04,1.780235e+08,3.217227e+08
15947.693,428.982905,6.505806e+03,1.228906e+04,1.780579e+08,3.217878e+08
15952.983,429.008391,6.504387e+03,1.228717e+04,1.780923e+08,3.218527e+08
15958.272,429.033873,6.502968e+03,1.228528e+04,1.781267e+08,3.219177e+08
15963.562,429.059351,6.501549e+03,1.228339e+04,1.781611e+08,3.219827e+08
15968.851,429.084824,6.500131e+03,1.228150e+04,1.781954e+08,3.220477e+08
15974.140,429.110292,6.498713e+03,1.227962e+04,1.782298e+08,3.221126e+08
15979.430,429.135756,6.497295e+03,1.227773e+04,1.782642e+08,3.221776e+08
15984.719,429.161216,6.495877e+03,1.227584e+04,1.782985e+08,3.222425e+08
15990.009,429.186671,6.494459e+03,1.227395e+04,1.783329e+08,3.223074e+08
15995.298,429.212121,6.493042e+03,1.227207e+04,1.783672e+08,3.223723e+08
16000.588,429.237567,6.491625e+03,1.227018e+04,1.784016e+08,3.224372e+08
16005.877,429.263009,6.490208e+03,1.226830e+04,1.784359e+08,3.225021e+08
16011.167,429.288446,6.488791e+03,1.226641e+04,1.784702e+08,3.225670e+08
16016.456,429.313878,6.487374e+03,1.226453e+04,1.785045e+08,3.226319e+08
16021.746,429.339307,6.485958e+03,1.226264e+04,1.785388e+08,3.226967e+08
16027.035,429.364730,6.484542e+03,1.226076e+04,1.785731e+08,3.227616e+08
16032.324,429.390150,6.483126e+03,1.225888e+04,1.786074e+08,3.228264e+08
16037.614,429.415564,6.481710e+03,1.225700e+04,1.786417e+08,3.228913e+08
16042.903,429.440975,6.480295e+03,1.225512e+04,1.786760e+08,3.229561e+08
16048.193,429.466380,6.478879e+03,1.225324e+04,1.787103e+08,3.230209e+08
16053.482,429.491782,6.477464e+03,1.225135e+04,1.787445e+08,3.230857e+08
16058.772,429.517179,6.476049e+03,1.224948e+04,1.787788e+08,3.231505e+08
16064.061,429.542571,6.474635e+03,1.224760e+04,1.788130e+08,3.232153e+08
16069.351,429.567959,6.473220e+03,1.224572e+04,1.788473e+08,3.232801e+08
16074.640,429.593342,6.471806e+03,1.224384e+04,1.788815e+08,3.233448e+08
16079.929,429.618721,6.470392e+03,1.224196e+04,1.789157e+08,3.234096e+08
16085.219,429.644096,6.468978e+03,1.224008e+04,1.789499e+08,3.234743e+08
16090.508,429.669466,6.467565e+03,1.223821e+04,1.789842e+08,3.235390e+08
16095.798,429.694831,6.466151e+03,1.223633e+04,1.790184e+08,3.236038e+08
16101.087,429.720193,6.464738e+03,1.223446e+04,1.790526e+08,3.236685e+08
16106.377,429.745549,6.463325e+03,1.223258e+04,1.790867e+08,3.237332e+08
16111.666,429.770902,6.461912e+03,1.223071e+04,1.791209e+08,3.237979e+08
16116.956,429.796249,6.460500e+03,1.222883e+04,1.791551e+08,3.238626e+08
16122.245,429.821593,6.459087e+03,1.222696e+04,1.791893e+08,3.239272e+08
16127.535,429.846931,6.457675e+03,1.222509e+04,1.792234e+08,3.239919e+08
16132.824,429.872266,6.456263e+03,1.222322e+04,1.792576e+08,3.240566e+08
16138.113,429.897596,6.454851e+03,1.222134e+04,1.792917e+08,3.241212e+08
16143.403,429.922921,6.453440e+03,1.221947e+04,1.793258e+08,3.241858e+08
16148.692,429.948242,6.452028e+03,1.221760e+04,1.793600e+08,3.242505e+08
16153.982,429.973559,6.450617e+03,1.221573e+04,1.793941e+08,3.243151e+08
16159.271,429.998871,6.449206e+03,1.221386e+04,1.794282e+08,3.243797e+08
16164.561,430.024179,6.447796e+03,1.221199e+04,1.794623e+08,3.244443e+08
16169.850,430.049482,6.446385e+03,1.221012e+04,1.794964e+08,3.245089e+08
16175.140,430.074781,6.444975e+03,1.220826e+04,1.795305e+08,3.245734e+08
16180.429,430.100075,6.443565e+03,1.220639e+04,1.795646e+08,3.246380e+08
16185.718,430.125365,6.442155e+03,1.220452e+04,1.795987e+08,3.247026e+08
16191.008,430.150651,6.440745e+03,1.220266e+04,1.796327e+08,3.247671e+08
16196.297,430.175932,6.439336e+03,1.220079e+04,1.796668e+08,3.248316e+08
16201.587,430.201208,6.437926e+03,1.219892e+04,1.797008e+08,3.248962e+08
16206.876,430.226480,6.436517e+03,1.219706e+04,1.797349e+08,3.249607e+08
16212.166,430.251748,6.435109e+03,1.219520e+04,1.797689e+08,3.250252e+08
16217.455,430.277011,6.433700e+03,1.219333e+04,1.798030e+08,3.250897e+08
16222.745,430.302270,6.432291e+03,1.219147e+04,1.798370e+08,3.251542e+08
16228.034,430.327525,6.430883e+03,1.218961e+04,1.798710e+08,3.252186e+08
16233.324,430.352775,6.429475e+03,1.218774e+04,1.799050e+08,3.252831e+08
16238.613,430.378020,6.428067e+03,1.218588e+04,1.799390e+08,3.253476e+08
16243.902,430.403261,6.426660e+03,1.218402e+04,1.799730e+08,3.254120e+08
16249.192,430.428498,6.425252e+03,1.218216e+04,1.800070e+08,3.254764e+08
16254.481,430.453730,6.423845e+03,1.218030e+04,1.800410e+08,3.255409e+08
16259.771,430.478958,6.422438e+03,1.217844e+04,1.800749e+08,3.256053e+08
16265.060,430.504181,6.421031e+03,1.217658e+04,1.801089e+08,3.256697e+08
16270.350,430.529400,6.419625e+03,1.217472e+04,1.801429e+08,3.257341e+08
16275.639,430.554615,6.418218e+03,1.217286e+04,1.801768e+08,3.257985e+08
16280.929,430.579825,6.416812e+03,1.217101e+04,1.802107e+08,3.258629e+08
16286.218,430.605030,6.415406e+03,1.216915e+04,1.802447e+08,3.259272e+08
16291.507,430.630232,6.414001e+03,1.216729e+04,1.802786e+08,3.259916e+08
16296.797,430.655429,6.412595e+03,1.216544e+04,1.803125e+08,3.260559e+08
16302.086,430.680621,6.411190e+03,1.216358e+04,1.803464e+08,3.261203e+08
16307.376,430.705809,6.409785e+03,1.216173e+04,1.803803e+08,3.261846e+08
16312.665,430.730992,6.408380e+03,1.215987e+04,1.804142e+08,3.262489e+08
16317.955,430.756172,6.406975e+03,1.215802e+04,1.804481e+08,3.263132e+08
16323.244,430.781346,6.405570e+03,1.215617e+04,1.804820e+08,3.263775e+08
16328.534,430.806517,6.404166e+03,1.215431e+04,1.805159e+08,3.264418e+08
16333.823,430.831682,6.402762e+03,1.215246e+04,1.805497e+08,3.265061e+08
16339.113,430.856844,6.401358e+03,1.215061e+04,1.805836e+08,3.265704e+08
16344.402,430.882001,6.399954e+03,1.214876e+04,1.806175e+08,3.266346e+08
16349.691,430.907154,6.398551e+03,1.214691e+04,1.806513e+08,3.266989e+08
16354.981,430.932302,6.397148e+03,1.214506e+04,1.806851e+08,3.267631e+08
16360.270,430.957446,6.395744e+03,1.214321e+04,1.807190e+08,3.268274e+08
16365.560,430.982585,6.394342e+03,1.214136e+04,1.807528e+08,3.268916e+08
16370.849,431.007720,6.392939e+03,1.213951e+04,1.807866e+08,3.269558e+08
16376.139,431.032851,6.391536e+03,1.213766e+04,1.808204e+08,3.270200e+08
16381.428,431.057977,6.390134e+03,1.213581e+04,1.808542e+08,3.270842e+08
16386.718,431.083099,6.388732e+03,1.213397e+04,1.808880e+08,3.271484e+08
16392.007,431.108216,6.387330e+03,1.213212e+04,1.809218e+08,3.272125e+08
16397.297,431.133329,6.385929e+03,1.213027e+04,1.809556e+08,3.272767e+08
16402.586,431.158437,6.384527e+03,1.212843e+04,1.809893e+08,3.273408e+08
16407.875,431.183542,6.383126e+03,1.212658e+04,1.810231e+08,3.274050e+08
16413.165,431.208641,6.381725e+03,1.212474e+04,1.810569e+08,3.274691e+08
16418.454,431.233737,6.380324e+03,1.212290e+04,1.810906e+08,3.275332e+08
16423.744,431.258828,6.378923e+03,1.212105e+04,1.811244e+08,3.275974e+08
16429.033,431.283914,6.377523e+03,1.211921e+04,1.811581e+08,3.276615e+08
16434.323,431.308996,6.376123e+03,1.211737e+04,1.811918e+08,3.277256e+08
16439.612,431.334074,6.374723e+03,1.211553e+04,1.812255e+08,3.277896e+08
16444.902,431.359147,6.373323e+03,1.211368e+04,1.812592e+08,3.278537e+08
16450.191,431.384216,6.371923e+03,1.211184e+04,1.812929e+08,3.279178e+08
16455.480,431.409281,6.370524e+03,1.211000e+04,1.813266e+08,3.279818e+08
16460.770,431.434341,6.369125e+03,1.210816e+04,1.813603e+08,3.280459e+08
16466.059,431.459397,6.367726e+03,1.210632e+04,1.813940e+08,3.281099e+08
16471.349,431.484448,6.366327e+03,1.210448e+04,1.814277e+08,3.281739e+08
16476.638,431.509495,6.364928e+03,1.210265e+04,1.814614e+08,3.282380e+08
16481.928,431.534538,6.363530e+03,1.210081e+04,1.814950e+08,3.283020e+08
16487.217,431.559576,6.362131e+03,1.209897e+04,1.815287e+08,3.283660e+08
16492.507,431.584610,6.360733e+03,1.209713e+04,1.815623e+08,3.284300e+08
16497.796,431.609640,6.359336e+03,1.209530e+04,1.815959e+08,3.284939e+08
16503.086,431.634665,6.357938e+03,1.209346e+04,1.816296e+08,3.285579e+08
16508.375,431.659685,6.356541e+03,1.209163e+04,1.816632e+08,3.286219e+08
16513.664,431.684702,6.355143e+03,1.208979e+04,1.816968e+08,3.286858e+08
16518.954,431.709713,6.353747e+03,1.208796e+04,1.817304e+08,3.287497e+08
16524.243,431.734721,6.352350e+03,1.208612e+04,1.817640e+08,3.288137e+08
16529.533,431.759724,6.350953e+03,1.208429e+04,1.817976e+08,3.288776e+08
16534.822,431.784723,6.349557e+03,1.208246e+04,1.818312e+08,3.289415e+08
16540.112,431.809717,6.348161e+03,1.208063e+04,1.818648e+08,3.290054e+08
16545.401,431.834707,6.346765e+03,1.207879e+04,1.818984e+08,3.290693e+08
16550.691,431.859693,6.345369e+03,1.207696e+04,1.819319e+08,3.291332e+08
16555.980,431.884674,6.343973e+03,1.207513e+04,1.819655e+08,3.291970e+08
16561.269,431.909651,6.342578e+03,1.207330e+04,1.819990e+08,3.292609e+08
16566.559,431.934624,6.341183e+03,1.207147e+04,1.820326e+08,3.293248e+08
16571.848,431.959592,6.339788e+03,1.206964e+04,1.820661e+08,3.293886e+08
16577.138,431.984556,6.338393e+03,1.206781e+04,1.820996e+08,3.294524e+08
16582.427,432.009515,6.336998e+03,1.206599e+04,1.821331e+08,3.295163e+08
16587.717,432.034470,6.335604e+03,1.206416e+04,1.821667e+08,3.295801e+08
16593.006,432.059421,6.334210e+03,1.206233e+04,1.822002e+08,3.296439e+08
16598.296,432.084367,6.332816e+03,1.206050e+04,1.822337e+08,3.297077e+08
16603.585,432.109309,6.331422e+03,1.205868e+04,1.822671e+08,3.297714e+08
16608.875,432.134247,6.330029e+03,1.205685e+04,1.823006e+08,3.298352e+08
16614.164,432.159180,6.328635e+03,1.205503e+04,1.823341e+08,3.298990e+08
16619.453,432.184109,6.327242e+03,1.205320e+04,1.823676e+08,3.299627e+08
16624.743,432.209033,6.325849e+03,1.205138e+04,1.824010e+08,3.300265e+08
16630.032,432.233953,6.324456e+03,1.204956e+04,1.824345e+08,3.300902e+08
16635.322,432.258869,6.323064e+03,1.204773e+04,1.824679e+08,3.301539e+08
16640.611,432.283780,6.321671e+03,1.204591e+04,1.825014e+08,3.302177e+08
16645.901,432.308687,6.320279e+03,1.204409e+04,1.825348e+08,3.302814e+08
16651.190,432.333590,6.318887e+03,1.204227e+04,1.825682e+08,3.303451e+08
16656.480,432.358488,6.317496e+03,1.204044e+04,1.826016e+08,3.304088e+08
16661.769,432.383382,6.316104e+03,1.203862e+04,1.826350e+08,3.304724e+08
16667.058,432.408272,6.314713e+03,1.203680e+04,1.826684e+08,3.305361e+08
16672.348,432.433157,6.313321e+03,1.203498e+04,1.827018e+08,3.305998e+08
16677.637,432.458038,6.311931e+03,1.203316e+04,1.827352e+08,3.306634e+08
16682.927,432.482915,6.310540e+03,1.203135e+04,1.827686e+08,3.307270e+08
16688.216,432.507787,6.309149e+03,1.202953e+04,1.828020e+08,3.307907e+08
16693.506,432.532655,6.307759e+03,1.202771e+04,1.828353e+08,3.308543e+08
16698.795,432.557518,6.306369e+03,1.202589e+04,1.828687e+08,3.309179e+08
16704.085,432.582377,6.304979e+03,1.202408e+04,1.829021e+08,3.309815e+08
16709.374,432.607232,6.303589e+03,1.202226e+04,1.829354e+08,3.310451e+08
16714.664,432.632082,6.302199e+03,1.202044e+04,1.829687e+08,3.311087e+08
16719.953,432.656928,6.300810e+03,1.201863e+04,1.830021e+08,3.311722e+08
16725.242,432.681770,6.299421e+03,1.201682e+04,1.830354e+08,3.312358e+08
16730.532,432.706608,6.298032e+03,1.201500e+04,1.830687e+08,3.312994e+08
16735.821,432.731441,6.296643e+03,1.201319e+04,1.831020e+08,3.313629e+08
16741.111,432.756269,6.295255e+03,1.201137e+04,1.831353e+08,3.314264e+08
16746.400,432.781094,6.293866e+03,1.200956e+04,1.831686e+08,3.314900e+08
16751.690,432.805914,6.292478e+03,1.200775e+04,1.832019e+08,3.315535e+08
16756.979,432.830730,6.291090e+03,1.200594e+04,1.832351e+08,3.316170e+08
16762.269,432.855541,6.289702e+03,1.200413e+04,1.832684e+08,3.316805e+08
16767.558,432.880348,6.288315e+03,1.200232e+04,1.833017e+08,3.317440e+08
16772.847,432.905151,6.286927e+03,1.200051e+04,1.833349e+08,3.318074e+08
16778.137,432.929949,6.285540e+03,1.199870e+04,1.833682e+08,3.318709e+08
16783.426,432.954743,6.284153e+03,1.199689e+04,1.834014e+08,3.319344e+08
16788.716,432.979533,6.282767e+03,1.199508e+04,1.834346e+08,3.319978e+08
16794.005,433.004318,6.281380e+03,1.199327e+04,1.834679e+08,3.320612e+08
16799.295,433.029099,6.279994e+03,1.199146e+04,1.835011e+08,3.321247e+08
16804.584,433.053876,6.278607e+03,1.198965e+04,1.835343e+08,3.321881e+08
16809.874,433.078648,6.277221e+03,1.198785e+04,1.835675e+08,3.322515e+08
16815.163,433.103416,6.275836e+03,1.198604e+04,1.836007e+08,3.323149e+08
16820.453,433.128180,6.274450e+03,1.198424e+04,1.836339e+08,3.323783e+08
16825.742,433.152939,6.273065e+03,1.198243e+04,1.836671e+08,3.324417e+08
16831.031,433.177694,6.271680e+03,1.198063e+04,1.837002e+08,3.325050e+08
16836.321,433.202445,6.270295e+03,1.197882e+04,1.837334e+08,3.325684e+08
16841.610,433.227191,6.268910e+03,1.197702e+04,1.837666e+08,3.326318e+08
16846.900,433.251933,6.267525e+03,1.197521e+04,1.837997e+08,3.326951e+08
16852.189,433.276671,6.266141e+03,1.197341e+04,1.838329e+08,3.327584e+08
16857.479,433.301405,6.264757e+03,1.197161e+04,1.838660e+08,3.328218e+08
16862.768,433.326134,6.263373e+03,1.196981e+04,1.838991e+08,3.328851e+08
16868.058,433.350858,6.261989e+03,1.196801e+04,1.839323e+08,3.329484e+08
16873.347,433.375579,6.260605e+03,1.196620e+04,1.839654e+08,3.330117e+08
16878.636,433.400295,6.259222e+03,1.196440e+04,1.839985e+08,3.330750e+08
16883.926,433.425007,6.257839e+03,1.196260e+04,1.840316e+08,3.331382e+08
16889.215,433.449714,6.256456e+03,1.196081e+04,1.840647e+08,3.332015e+08
16894.505,433.474418,6.255073e+03,1.195901e+04,1.840978e+08,3.332648e+08
16899.794,433.499116,6.253690e+03,1.195721e+04,1.841308e+08,3.333280e+08
16905.084,433.523811,6.252308e+03,1.195541e+04,1.841639e+08,3.333912e+08
16910.373,433.548501,6.250926e+03,1.195361e+04,1.841970e+08,3.334545e+08
16915.663,433.573187,6.249544e+03,1.195182e+04,1.842300e+08,3.335177e+08
16920.952,433.597869,6.248162e+03,1.195002e+04,1.842631e+08,3.335809e+08
16926.242,433.622546,6.246780e+03,1.194822e+04,1.842961e+08,3.336441e+08
16931.531,433.647219,6.245399e+03,1.194643e+04,1.843292e+08,3.337073e+08
16936.820,433.671888,6.244017e+03,1.194463e+04,1.843622e+08,3.337705e+08
16942.110,433.696552,6.242636e+03,1.194284e+04,1.843952e+08,3.338336e+08
16947.399,433.721212,6.241256e+03,1.194104e+04,1.844282e+08,3.338968e+08
16952.689,433.745868,6.239875e+03,1.193925e+04,1.844612e+08,3.339599e+08
16957.978,433.770520,6.238495e+03,1.193746e+04,1.844942e+08,3.340231e+08
16963.268,433.795167,6.237114e+03,1.193566e+04,1.845272e+08,3.340862e+08
16968.557,433.819810,6.235734e+03,1.193387e+04,1.845602e+08,3.341493e+08
16973.847,433.844448,6.234354e+03,1.193208e+04,1.845932e+08,3.342125e+08
16979.136,433.869083,6.232975e+03,1.193029e+04,1.846261e+08,3.342756e+08
16984.426,433.893713,6.231595e+03,1.192850e+04,1.846591e+08,3.343387e+08
16989.715,433.918338,6.230216e+03,1.192671e+04,1.846921e+08,3.344017e+08
16995.004,433.942960,6.228837e+03,1.192492e+04,1.847250e+08,3.344648e+08
17000.294,433.967577,6.227458e+03,1.192313e+04,1.847579e+08,3.345279e+08
17005.583,433.992189,6.226079e+03,1.192134e+04,1.847909e+08,3.345909e+08
17010.873,434.016798,6.224701e+03,1.191955e+04,1.848238e+08,3.346540e+08
17016.162,434.041402,6.223323e+03,1.191776e+04,1.848567e+08,3.347170e+08
17021.452,434.066002,6.221944e+03,1.191598e+04,1.848896e+08,3.347801e+08
17026.741,434.090598,6.220567e+03,1.191419e+04,1.849225e+08,3.348431e+08
17032.031,434.115189,6.219189e+03,1.191240e+04,1.849554e+08,3.349061e+08
17037.320,434.139776,6.217811e+03,1.191062e+04,1.849883e+08,3.349691e+08
17042.609,434.164359,6.216434e+03,1.190883e+04,1.850212e+08,3.350321e+08
17047.899,434.188937,6.215057e+03,1.190705e+04,1.850541e+08,3.350951e+08
17053.188,434.213511,6.213680e+03,1.190526e+04,1.850869e+08,3.351580e+08
17058.478,434.238081,6.212303e+03,1.190348e+04,1.851198e+08,3.352210e+08
17063.767,434.262647,6.210927e+03,1.190170e+04,1.851527e+08,3.352840e+08
17069.057,434.287208,6.209550e+03,1.189991e+04,1.851855e+08,3.353469e+08
17074.346,434.311765,6.208174e+03,1.189813e+04,1.852183e+08,3.354098e+08
17079.636,434.336318,6.206798e+03,1.189635e+04,1.852512e+08,3.354728e+08
17084.925,434.360866,6.205423e+03,1.189457e+04,1.852840e+08,3.355357e+08
17090.215,434.385411,6.204047e+03,1.189279e+04,1.853168e+08,3.355986e+08
17095.504,434.409951,6.202672e+03,1.189101e+04,1.853496e+08,3.356615e+08
17100.793,434.434486,6.201297e+03,1.188923e+04,1.853824e+08,3.357244e+08
17106.083,434.459018,6.199922e+03,1.188745e+04,1.854152e+08,3.357872e+08
17111.372,434.483545,6.198547e+03,1.188567e+04,1.854480e+08,3.358501e+08
17116.662,434.508067,6.197172e+03,1.188389e+04,1.854808e+08,3.359130e+08
17121.951,434.532586,6.195798e+03,1.188211e+04,1.855135e+08,3.359758e+08
17127.241,434.557100,6.194424e+03,1.188033e+04,1.855463e+08,3.360387e+08
17132.530,434.581610,6.193050e+03,1.187855e+04,1.855791e+08,3.361015e+08
17137.820,434.606116,6.191676e+03,1.187678e+04,1.856118e+08,3.361643e+08
17143.109,434.630617,6.190302e+03,1.187500e+04,1.856446e+08,3.362271e+08
17148.398,434.655114,6.188929e+03,1.187323e+04,1.856773e+08,3.362899e+08
17153.688,434.679607,6.187556e+03,1.187145e+04,1.857100e+08,3.363527e+08
17158.977,434.704096,6.186183e+03,1.186967e+04,1.857428e+08,3.364155e+08
17164.267,434.728580,6.184810e+03,1.186790e+04,1.857755e+08,3.364783e+08
17169.556,434.753060,6.183437e+03,1.186613e+04,1.858082e+08,3.365410e+08
17174.846,434.777536,6.182065e+03,1.186435e+04,1.858409e+08,3.366038e+08
17180.135,434.802008,6.180693e+03,1.186258e+04,1.858736e+08,3.366665e+08
17185.425,434.826475,6.179321e+03,1.186081e+04,1.859062e+08,3.367293e+08
17190.714,434.850938,6.177949e+03,1.185904e+04,1.859389e+08,3.367920e+08
17196.004,434.875397,6.176577e+03,1.185726e+04,1.859716e+08,3.368547e+08
17201.293,434.899851,6.175206e+03,1.185549e+04,1.860043e+08,3.369174e+08
17206.582,434.924301,6.173834e+03,1.185372e+04,1.860369e+08,3.369801e+08
17211.872,434.948747,6.172463e+03,1.185195e+04,1.860696e+08,3.370428e+08
17217.161,434.973189,6.171092e+03,1.185018e+04,1.861022e+08,3.371055e+08
17222.451,434.997626,6.169722e+03,1.184841e+04,1.861348e+08,3.371682e+08
17227.740,435.022060,6.168351e+03,1.184664e+04,1.861675e+08,3.372308e+08
17233.030,435.046489,6.166981e+03,1.184488e+04,1.862001e+08,3.372935e+08
17238.319,435.070913,6.165611e+03,1.184311e+04,1.862327e+08,3.373561e+08
17243.609,435.095334,6.164241e+03,1.184134e+04,1.862653e+08,3.374188e+08
17248.898,435.119750,6.162871e+03,1.183957e+04,1.862979e+08,3.374814e+08
17254.187,435.144162,6.161502e+03,1.183781e+04,1.863305e+08,3.375440e+08
17259.477,435.168569,6.160132e+03,1.183604e+04,1.863631e+08,3.376066e+08
17264.766,435.192973,6.158763e+03,1.183428e+04,1.863957e+08,3.376692e+08
17270.056,435.217372,6.157394e+03,1.183251e+04,1.864282e+08,3.377318e+08
17275.345,435.241767,6.156025e+03,1.183075e+04,1.864608e+08,3.377944e+08
17280.635,435.266157,6.154657e+03,1.182898e+04,1.864933e+08,3.378570e+08
17285.924,435.290544,6.153288e+03,1.182722e+04,1.865259e+08,3.379195e+08
17291.214,435.314926,6.151920e+03,1.182545e+04,1.865584e+08,3.379821e+08
17296.503,435.339304,6.150552e+03,1.182369e+04,1.865910e+08,3.380446e+08
17301.793,435.363678,6.149184e+03,1.182193e+04,1.866235e+08,3.381071e+08
17307.082,435.388047,6.147817e+03,1.182017e+04,1.866560e+08,3.381697e+08
17312.371,435.412412,6.146449e+03,1.181841e+04,1.866885e+08,3.382322e+08
17317.661,435.436773,6.145082e+03,1.181665e+04,1.867210e+08,3.382947e+08
17322.950,435.461130,6.143715e+03,1.181489e+04,1.867535e+08,3.383572e+08
17328.240,435.485482,6.142348e+03,1.181313e+04,1.867860e+08,3.384197e+08
17333.529,435.509831,6.140982e+03,1.181137e+04,1.868185e+08,3.384821e+08
17338.819,435.534175,6.139615e+03,1.180961e+04,1.868510e+08,3.385446e+08
17344.108,435.558514,6.138249e+03,1.180785e+04,1.868834e+08,3.386071e+08
17349.398,435.582850,6.136883e+03,1.180609e+04,1.869159e+08,3.386695e+08
17354.687,435.607181,6.135517e+03,1.180433e+04,1.869484e+08,3.387319e+08
17359.976,435.631508,6.134151e+03,1.180258e+04,1.869808e+08,3.387944e+08
17365.266,435.655831,6.132786e+03,1.180082e+04,1.870132e+08,3.388568e+08
17370.555,435.680149,6.131421e+03,1.179906e+04,1.870457e+08,3.389192e+08
17375.845,435.704464,6.130056e+03,1.179731e+04,1.870781e+08,3.389816e+08
17381.134,435.728774,6.128691e+03,1.179555e+04,1.871105e+08,3.390440e+08
17386.424,435.753080,6.127326e+03,1.179380e+04,1.871429e+08,3.391064e+08
17391.713,435.777381,6.125961e+03,1.179204e+04,1.871753e+08,3.391687e+08
17397.003,435.801679,6.124597e+03,1.179029e+04,1.872077e+08,3.392311e+08
17402.292,435.825972,6.123233e+03,1.178854e+04,1.872401e+08,3.392935e+08
17407.582,435.850261,6.121869e+03,1.178678e+04,1.872725e+08,3.393558e+08
17412.871,435.874546,6.120505e+03,1.178503e+04,1.873049e+08,3.394182e+08
17418.160,435.898826,6.119142e+03,1.178328e+04,1.873372e+08,3.394805e+08
17423.450,435.923102,6.117778e+03,1.178153e+04,1.873696e+08,3.395428e+08
17428.739,435.947374,6.116415e+03,1.177977e+04,1.874019e+08,3.396051e+08
17434.029,435.971642,6.115052e+03,1.177802e+04,1.874343e+08,3.396674e+08
17439.318,435.995906,6.113689e+03,1.177627e+04,1.874666e+08,3.397297e+08
17444.608,436.020165,6.112327e+03,1.177452e+04,1.874990e+08,3.397920e+08
17449.897,436.044420,6.110964e+03,1.177277e+04,1.875313e+08,3.398542e+08
17455.187,436.068671,6.109602e+03,1.177103e+04,1.875636e+08,3.399165e+08
17460.476,436.092918,6.108240e+03,1.176928e+04,1.875959e+08,3.399788e+08
17465.766,436.117161,6.106878e+03,1.176753e+04,1.876282e+08,3.400410e+08
17471.055,436.141399,6.105517e+03,1.176578e+04,1.876605e+08,3.401032e+08
17476.344,436.165633,6.104155e+03,1.176404e+04,1.876928e+08,3.401655e+08
17481.634,436.189863,6.102794e+03,1.176229e+04,1.877251e+08,3.402277e+08
17486.923,436.214089,6.101433e+03,1.176054e+04,1.877573e+08,3.402899e+08
17492.213,436.238310,6.100072e+03,1.175880e+04,1.877896e+08,3.403521e+08
17497.502,436.262527,6.098711e+03,1.175705e+04,1.878219e+08,3.404143e+08
17502.792,436.286740,6.097351e+03,1.175531e+04,1.878541e+08,3.404765e+08
17508.081,436.310949,6.095990e+03,1.175356e+04,1.878864e+08,3.405386e+08
17513.371,436.335154,6.094630e+03,1.175182e+04,1.879186e+08,3.406008e+08
17518.660,436.359354,6.093270e+03,1.175008e+04,1.879508e+08,3.406629e+08
17523.949,436.383550,6.091911e+03,1.174833e+04,1.879831e+08,3.407251e+08
17529.239,436.407742,6.090551e+03,1.174659e+04,1.880153e+08,3.407872e+08
17534.528,436.431930,6.089192e+03,1.174485e+04,1.880475e+08,3.408493e+08
17539.818,436.456113,6.087833e+03,1.174311e+04,1.880797e+08,3.409114e+08
17545.107,436.480293,6.086474e+03,1.174137e+04,1.881119e+08,3.409736e+08
17550.397,436.504468,6.085115e+03,1.173962e+04,1.881441e+08,3.410356e+08
17555.686,436.528639,6.083756e+03,1.173788e+04,1.881762e+08,3.410977e+08
17560.976,436.552806,6.082398e+03,1.173614e+04,1.882084e+08,3.411598e+08
17566.265,436.576968,6.081040e+03,1.173441e+04,1.882406e+08,3.412219e+08
17571.555,436.601127,6.079681e+03,1.173267e+04,1.882727e+08,3.412839e+08
17576.844,436.625281,6.078324e+03,1.173093e+04,1.883049e+08,3.413460e+08
17582.133,436.649431,6.076966e+03,1.172919e+04,1.883370e+08,3.414080e+08
17587.423,436.673576,6.075609e+03,1.172745e+04,1.883692e+08,3.414701e+08
17592.712,436.697718,6.074251e+03,1.172572e+04,1.884013e+08,3.415321e+08
17598.002,436.721855,6.072894e+03,1.172398e+04,1.884334e+08,3.415941e+08
17603.291,436.745988,6.071537e+03,1.172224e+04,1.884655e+08,3.416561e+08
17608.581,436.770117,6.070181e+03,1.172051e+04,1.884976e+08,3.417181e+08
17613.870,436.794242,6.068824e+03,1.171877e+04,1.885297e+08,3.417801e+08
17619.160,436.818363,6.067468e+03,1.171704e+04,1.885618e+08,3.418421e+08
17624.449,436.842479,6.066112e+03,1.171530e+04,1.885939e+08,3.419040e+08
17629.738,436.866591,6.064756e+03,1.171357e+04,1.886260e+08,3.419660e+08
17635.028,436.890699,6.063400e+03,1.171184e+04,1.886581e+08,3.420279e+08
17640.317,436.914803,6.062044e+03,1.171010e+04,1.886901e+08,3.420899e+08
17645.607,436.938903,6.060689e+03,1.170837e+04,1.887222e+08,3.421518e+08
17650.896,436.962998,6.059334e+03,1.170664e+04,1.887542e+08,3.422137e+08
17656.186,436.987090,6.057979e+03,1.170491e+04,1.887863e+08,3.422756e+08
17661.475,437.011177,6.056624e+03,1.170318e+04,1.888183e+08,3.423375e+08
17666.765,437.035259,6.055269e+03,1.170144e+04,1.888504e+08,3.423994e+08
17672.054,437.059338,6.053915e+03,1.169971e+04,1.888824e+08,3.424613e+08
17677.344,437.083413,6.052561e+03,1.169798e+04,1.889144e+08,3.425232e+08
17682.633,437.107483,6.051207e+03,1.169626e+04,1.889464e+08,3.425851e+08
17687.922,437.131549,6.049853e+03,1.169453e+04,1.889784e+08,3.426469e+08
17693.212,437.155611,6.048499e+03,1.169280e+04,1.890104e+08,3.427088e+08
17698.501,437.179669,6.047146e+03,1.169107e+04,1.890424e+08,3.427706e+08
17703.791,437.203723,6.045792e+03,1.168934e+04,1.890744e+08,3.428324e+08
17709.080,437.227772,6.044439e+03,1.168762e+04,1.891063e+08,3.428943e+08
17714.370,437.251817,6.043086e+03,1.168589e+04,1.891383e+08,3.429561e+08
17719.659,437.275858,6.041734e+03,1.168416e+04,1.891703e+08,3.430179e+08
17724.949,437.299895,6.040381e+03,1.168244e+04,1.892022e+08,3.430797e+08
17730.238,437.323928,6.039029e+03,1.168071e+04,1.892341e+08,3.431415e+08
17735.527,437.347957,6.037677e+03,1.167899e+04,1.892661e+08,3.432032e+08
17740.817,437.371981,6.036325e+03,1.167726e+04,1.892980e+08,3.432650e+08
17746.106,437.396001,6.034973e+03,1.167554e+04,1.893299e+08,3.433268e+08
17751.396,437.420017,6.033621e+03,1.167381e+04,1.893618e+08,3.433885e+08
17756.685,437.444029,6.032270e+03,1.167209e+04,1.893938e+08,3.434502e+08
17761.975,437.468037,6.030919e+03,1.167037e+04,1.894257e+08,3.435120e+08
17767.264,437.492040,6.029568e+03,1.166865e+04,1.894575e+08,3.435737e+08
17772.554,437.516040,6.028217e+03,1.166692e+04,1.894894e+08,3.436354e+08
17777.843,437.540035,6.026866e+03,1.166520e+04,1.895213e+08,3.436971e+08
17783.133,437.564026,6.025516e+03,1.166348e+04,1.895532e+08,3.437588e+08
17788.422,437.588013,6.024165e+03,1.166176e+04,1.895850e+08,3.438205e+08
17793.711,437.611996,6.022815e+03,1.166004e+04,1.896169e+08,3.438822e+08
17799.001,437.635974,6.021465e+03,1.165832e+04,1.896488e+08,3.439438e+08
17804.290,437.659949,6.020116e+03,1.165660e+04,1.896806e+08,3.440055e+08
17809.580,437.683919,6.018766e+03,1.165488e+04,1.897124e+08,3.440671e+08
17814.869,437.707885,6.017417e+03,1.165317e+04,1.897443e+08,3.441288e+08
17820.159,437.731847,6.016068e+03,1.165145e+04,1.897761e+08,3.441904e+08
17825.448,437.755805,6.014719e+03,1.164973e+04,1.898079e+08,3.442520e+08
17830.738,437.779758,6.013370e+03,1.164801e+04,1.898397e+08,3.443136e+08
17836.027,437.803708,6.012021e+03,1.164630e+04,1.898715e+08,3.443752e+08
17841.316,437.827653,6.010673e+03,1.164458e+04,1.899033e+08,3.444368e+08
17846.606,437.851594,6.009325e+03,1.164287e+04,1.899351e+08,3.444984e+08
17851.895,437.875531,6.007977e+03,1.164115e+04,1.899669e+08,3.445600e+08
17857.185,437.899464,6.006629e+03,1.163944e+04,1.899986e+08,3.446216e+08
17862.474,437.923392,6.005281e+03,1.163772e+04,1.900304e+08,3.446831e+08
17867.764,437.947317,6.003934e+03,1.163601e+04,1.900622e+08,3.447447e+08
17873.053,437.971237,6.002587e+03,1.163429e+04,1.900939e+08,3.448062e+08
17878.343,437.995154,6.001240e+03,1.163258e+04,1.901257e+08,3.448677e+08
17883.632,438.019066,5.999893e+03,1.163087e+04,1.901574e+08,3.449292e+08
17888.922,438.042973,5.998546e+03,1.162916e+04,1.901891e+08,3.449908e+08
17894.211,438.066877,5.997199e+03,1.162744e+04,1.902208e+08,3.450523e+08
17899.500,438.090777,5.995853e+03,1.162573e+04,1.902526e+08,3.451138e+08
17904.790,438.114672,5.994507e+03,1.162402e+04,1.902843e+08,3.451752e+08
17910.079,438.138564,5.993161e+03,1.162231e+04,1.903160e+08,3.452367e+08
17915.369,438.162451,5.991815e+03,1.162060e+04,1.903477e+08,3.452982e+08
17920.658,438.186334,5.990470e+03,1.161889e+04,1.903793e+08,3.453596e+08
17925.948,438.210213,5.989124e+03,1.161718e+04,1.904110e+08,3.454211e+08
17931.237,438.234088,5.987779e+03,1.161547e+04,1.904427e+08,3.454825e+08
17936.527,438.257958,5.986434e+03,1.161377e+04,1.904744e+08,3.455440e+08
17941.816,438.281825,5.985089e+03,1.161206e+04,1.905060e+08,3.456054e+08
17947.105,438.305687,5.983745e+03,1.161035e+04,1.905377e+08,3.456668e+08
17952.395,438.329545,5.982400e+03,1.160864e+04,1.905693e+08,3.457282e+08
17957.684,438.353399,5.981056e+03,1.160694e+04,1.906009e+08,3.457896e+08
17962.974,438.377249,5.979712e+03,1.160523e+04,1.906326e+08,3.458510e+08
17968.263,438.401095,5.978368e+03,1.160353e+04,1.906642e+08,3.459124e+08
17973.553,438.424937,5.977024e+03,1.160182e+04,1.906958e+08,3.459737e+08
17978.842,438.448774,5.975681e+03,1.160012e+04,1.907274e+08,3.460351e+08
17984.132,438.472607,5.974337e+03,1.159841e+04,1.907590e+08,3.460964e+08
17989.421,438.496437,5.972994e+03,1.159671e+04,1.907906e+08,3.461578e+08
17994.711,438.520262,5.971651e+03,1.159501e+04,1.908222e+08,3.462191e+08
18000.000,438.544083,5.970308e+03,1.159330e+04,1.908538e+08,3.462804e+08
