set,scenario_id,realisation_id,dp_bh_max_Pa,dp_reported_max_Pa,excess,flagged
development,R0000_S+00,0,12818640.160973426,12818640.160973426,0.0,False
development,R0000_S+01,0,975815.4148896,975815.4148896,0.0,False
development,R0000_S+02,0,771447.3535621874,771447.3535621874,0.0,False
development,R0000_S+03,0,2324156.945750277,2324156.945750277,0.0,False
development,R0001_S+00,1,11835666.273668325,11835666.273668325,0.0,False
development,R0001_S+01,1,2749075.4680904,2749075.4680904,0.0,False
development,R0001_S+02,1,1815603.0991210155,1815603.0991210155,0.0,False
development,R0001_S+03,1,13931382.171682816,13931382.171682816,0.0,False
development,R0002_S+00,2,1346110.3304403052,1346110.3304403052,0.0,False
development,R0002_S+01,2,1440832.3363503069,1440832.3363503069,0.0,False
development,R0002_S+02,2,4616719.724456318,4616719.724456318,0.0,False
development,R0002_S+03,2,2137906.963148184,2137906.963148184,0.0,False
development,R0003_S+00,3,1464220.2537953723,1464220.2537953723,0.0,False
development,R0003_S+01,3,2189813.7430169284,2189813.7430169284,0.0,False
development,R0003_S+02,3,2757313.117726821,2757313.117726821,0.0,False
development,R0003_S+03,3,2948838.194159694,2948838.194159694,0.0,False
development,R0004_S+00,4,1275322.6890319604,1275322.6890319604,0.0,False
development,R0004_S+01,4,2234037.382601559,2234037.382601559,0.0,False
development,R0004_S+02,4,6156448.569549419,6156448.569549419,0.0,False
development,R0004_S+03,4,1275896.9138814325,1275896.9138814325,0.0,False
development,R0005_S+00,5,13783122.194710918,13783122.194710918,0.0,False
development,R0005_S+01,5,7041414.764727142,7041414.764727142,0.0,False
development,R0005_S+02,5,1448503.3377082124,1448503.3377082124,0.0,False
development,R0005_S+03,5,9558317.307469182,9558317.307469182,0.0,False
development,R0006_S+00,6,20856965.633900225,20856965.633900225,0.0,False
development,R0006_S+01,6,4677402.202533681,4677402.202533681,0.0,False
development,R0006_S+02,6,2944011.2565467767,2944011.2565467767,0.0,False
development,R0006_S+03,6,3907300.9523148686,3907300.9523148686,0.0,False
development,R0007_S+00,7,8321607.206238203,8321607.206238203,0.0,False
development,R0007_S+01,7,2667124.2064018697,2667124.2064018697,0.0,False
development,R0007_S+02,7,1172448.7720362116,1172448.7720362116,0.0,False
development,R0007_S+03,7,13529613.778410152,13529613.778410152,0.0,False
development,R0008_S+00,8,1041127.205004366,1041127.205004366,0.0,False
development,R0008_S+01,8,5451524.211836711,5451524.211836711,0.0,False
development,R0008_S+02,8,1622887.7058754973,1622887.7058754973,0.0,False
development,R0008_S+03,8,1108364.5269810555,1108364.5269810555,0.0,False
development,R0009_S+00,9,2539140.8333656453,2539140.8333656453,0.0,False
development,R0009_S+01,9,6569677.081960175,6569677.081960175,0.0,False
development,R0009_S+02,9,6437034.075358152,6437034.075358152,0.0,False
development,R0009_S+03,9,5051233.756493136,5051233.756493136,0.0,False
development,R0010_S+00,10,1696460.8868715558,1696460.8868715558,0.0,False
development,R0010_S+01,10,808131.5260128528,808131.5260128528,0.0,False
development,R0010_S+02,10,1211388.8033238463,1211388.8033238463,0.0,False
development,R0010_S+03,10,3831554.2294223863,3831554.2294223863,0.0,False
development,R0011_S+00,11,18935700.412415706,18935700.412415706,0.0,False
development,R0011_S+01,11,5850894.518711742,5850894.518711742,0.0,False
development,R0011_S+02,11,11451756.676731477,11451756.676731477,0.0,False
development,R0011_S+03,11,7803607.330169786,7803607.330169786,0.0,False
development,R0012_S+00,12,2088530.1013363968,2088530.1013363968,0.0,False
development,R0012_S+01,12,2776973.9826073125,2776973.9826073125,0.0,False
development,R0012_S+02,12,760399.5267199352,760399.5267199352,0.0,False
development,R0012_S+03,12,11954376.43694248,11954376.43694248,0.0,False
development,R0013_S+00,13,5209382.912112746,5209382.912112746,0.0,False
development,R0013_S+01,13,4153895.7721111737,4153895.7721111737,0.0,False
development,R0013_S+02,13,4559908.8793590255,4559908.8793590255,0.0,False
development,R0013_S+03,13,1452332.9042924326,1452332.9042924326,0.0,False
development,R0014_S+00,14,12552167.693355694,12552167.693355694,0.0,False
development,R0014_S+01,14,1548411.381869305,1548411.381869305,0.0,False
development,R0014_S+02,14,894981.1787827611,894981.1787827611,0.0,False
development,R0014_S+03,14,1601924.5171039235,1601924.5171039235,0.0,False
development,R0015_S+00,15,3195482.688583821,3195482.688583821,0.0,False
development,R0015_S+01,15,1355529.7965884637,1355529.7965884637,0.0,False
development,R0015_S+02,15,12457022.720355354,12457022.720355354,0.0,False
development,R0015_S+03,15,1544282.7381892446,1544282.7381892446,0.0,False
development,R0016_S+00,16,1899008.5403371863,1899008.5403371863,0.0,False
development,R0016_S+01,16,9872716.137368314,9872716.137368314,0.0,False
development,R0016_S+02,16,12785308.466195032,12785308.466195032,0.0,False
development,R0016_S+03,16,12681985.03718689,12681985.03718689,0.0,False
development,R0017_S+00,17,4606411.535144258,4606411.535144258,0.0,False
development,R0017_S+01,17,12546222.01273771,12546222.01273771,0.0,False
development,R0017_S+02,17,7921562.177164931,7921562.177164931,0.0,False
development,R0017_S+03,17,3809027.8104423992,3809027.8104423992,0.0,False
development,R0018_S+00,18,2585330.50043498,2585330.50043498,0.0,False
development,R0018_S+01,18,14052323.11946228,14052323.11946228,0.0,False
development,R0018_S+02,18,11160330.475668766,11160330.475668766,0.0,False
development,R0018_S+03,18,1858443.863663759,1858443.863663759,0.0,False
development,R0019_S+00,19,9869579.355554331,9869579.355554331,0.0,False
development,R0019_S+01,19,3122317.2698623426,3122317.2698623426,0.0,False
development,R0019_S+02,19,8113984.880820285,8113984.880820285,0.0,False
development,R0019_S+03,19,12205381.384530678,12205381.384530678,0.0,False
development,R0020_S+00,20,887565.7592150811,887565.7592150811,0.0,False
development,R0020_S+01,20,1146229.920306569,1146229.920306569,0.0,False
development,R0020_S+02,20,11014650.610072317,11014650.610072317,0.0,False
development,R0020_S+03,20,8073616.46131723,8073616.46131723,0.0,False
development,R0021_S+00,21,996666.8795494884,996666.8795494884,0.0,False
development,R0021_S+01,21,17455626.0423802,17455626.0423802,0.0,False
development,R0021_S+02,21,881840.0128590409,881840.0128590409,0.0,False
development,R0021_S+03,21,3079802.837362945,3079802.837362945,0.0,False
development,R0022_S+00,22,16073520.405623712,16073520.405623712,0.0,False
development,R0022_S+01,22,1040180.3863708096,1040180.3863708096,0.0,False
development,R0022_S+02,22,5492566.604036659,5492566.604036659,0.0,False
development,R0022_S+03,22,2951908.126439318,2951908.126439318,0.0,False
development,R0023_S+00,23,3391588.2545886,3391588.2545886,0.0,False
development,R0023_S+01,23,16372295.910682589,16372295.910682589,0.0,False
development,R0023_S+02,23,9690509.431966532,9690509.431966532,0.0,False
development,R0023_S+03,23,11935391.602838345,11935391.602838345,0.0,False
development,R0024_S+00,24,735294.2542054895,735294.2542054895,0.0,False
development,R0024_S+01,24,15120942.816988576,15120942.816988576,0.0,False
development,R0024_S+02,24,1081575.4711959548,1081575.4711959548,0.0,False
development,R0024_S+03,24,2048628.843473602,2048628.843473602,0.0,False
development,R0025_S+00,25,2790665.981951196,2790665.981951196,0.0,False
development,R0025_S+01,25,16109936.874417,16109936.874417,0.0,False
development,R0025_S+02,25,6076514.901089989,6076514.901089989,0.0,False
development,R0025_S+03,25,7424961.131760828,7424961.131760828,0.0,False
development,R0026_S+00,26,4398773.247530907,4398773.247530907,0.0,False
development,R0026_S+01,26,894911.7363017611,894911.7363017611,0.0,False
development,R0026_S+02,26,2785668.48600556,2785668.48600556,0.0,False
development,R0026_S+03,26,5818213.222711477,5818213.222711477,0.0,False
development,R0027_S+00,27,802986.5572595447,802986.5572595447,0.0,False
development,R0027_S+01,27,7092891.018756386,7092891.018756386,0.0,False
development,R0027_S+02,27,597097.1810453665,597097.1810453665,0.0,False
development,R0027_S+03,27,688806.8102845885,688806.8102845885,0.0,False
development,R0028_S+00,28,3493463.975999132,3493463.975999132,0.0,False
development,R0028_S+01,28,1005375.2282502912,1005375.2282502912,0.0,False
development,R0028_S+02,28,719641.9385844748,719641.9385844748,0.0,False
development,R0028_S+03,28,2658781.4393670075,2658781.4393670075,0.0,False
development,R0029_S+00,29,1102134.658497505,1102134.658497505,0.0,False
development,R0029_S+01,29,1816256.7049145105,1816256.7049145105,0.0,False
development,R0029_S+02,29,2278399.0912257656,2278399.0912257656,0.0,False
development,R0029_S+03,29,12938210.87032973,12938210.87032973,0.0,False
development,R0030_S+00,30,2325543.027040202,2325543.027040202,0.0,False
development,R0030_S+01,30,5535190.735792376,5535190.735792376,0.0,False
development,R0030_S+02,30,788413.7392420303,788413.7392420303,0.0,False
development,R0030_S+03,30,614564.9674776234,614564.9674776234,0.0,False
development,R0031_S+00,31,2493816.443463374,2493816.443463374,0.0,False
development,R0031_S+01,31,4740051.215170916,4740051.215170916,0.0,False
development,R0031_S+02,31,17124341.74256236,17124341.74256236,0.0,False
development,R0031_S+03,31,2147953.161157045,2147953.161157045,0.0,False
development,R0032_S+00,32,1427135.0238344353,1427135.0238344353,0.0,False
development,R0032_S+01,32,4323457.022962093,4323457.022962093,0.0,False
development,R0032_S+02,32,1773701.43371634,1773701.43371634,0.0,False
development,R0032_S+03,32,6115168.819963619,6115168.819963619,0.0,False
development,R0033_S+00,33,18733643.58665762,18733643.58665762,0.0,False
development,R0033_S+01,33,805113.0660131425,805113.0660131425,0.0,False
development,R0033_S+02,33,6852378.7506446615,6852378.7506446615,0.0,False
development,R0033_S+03,33,8015045.823136631,8015045.823136631,0.0,False
development,R0034_S+00,34,1073127.495852461,1073127.495852461,0.0,False
development,R0034_S+01,34,16532027.163379367,16532027.163379367,0.0,False
development,R0034_S+02,34,1182400.314326858,1182400.314326858,0.0,False
development,R0034_S+03,34,897877.2059288025,897877.2059288025,0.0,False
development,R0035_S+00,35,14033494.717963118,14033494.717963118,0.0,False
development,R0035_S+01,35,1748004.1419591047,1748004.1419591047,0.0,False
development,R0035_S+02,35,4419402.462485768,4419402.462485768,0.0,False
development,R0035_S+03,35,820177.3027546462,820177.3027546462,0.0,False
development,R0036_S+00,36,2439865.0847207904,2439865.0847207904,0.0,False
development,R0036_S+01,36,5196985.849943996,5196985.849943996,0.0,False
development,R0036_S+02,36,11708910.809783371,11708910.809783371,0.0,False
development,R0036_S+03,36,2276701.6932867616,2276701.6932867616,0.0,False
development,R0037_S+00,37,2257301.4101406448,2257301.4101406448,0.0,False
development,R0037_S+01,37,896227.5796592534,896227.5796592534,0.0,False
development,R0037_S+02,37,4042184.490220104,4042184.490220104,0.0,False
development,R0037_S+03,37,3250086.2107124217,3250086.2107124217,0.0,False
development,R0038_S+00,38,12133912.39370951,12133912.39370951,0.0,False
development,R0038_S+01,38,10492913.404767985,10492913.404767985,0.0,False
development,R0038_S+02,38,4226743.3341551535,4226743.3341551535,0.0,False
development,R0038_S+03,38,901350.9837705716,901350.9837705716,0.0,False
development,R0039_S+00,39,5138511.264943447,5138511.264943447,0.0,False
development,R0039_S+01,39,635061.1966627445,635061.1966627445,0.0,False
development,R0039_S+02,39,571509.6950672399,571509.6950672399,0.0,False
development,R0039_S+03,39,13142500.391665185,13142500.391665185,0.0,False
development,R0040_S+00,40,3387301.054531701,3387301.054531701,0.0,False
development,R0040_S+01,40,15453466.995057546,15453466.995057546,0.0,False
development,R0040_S+02,40,1984110.5099855063,1984110.5099855063,0.0,False
development,R0040_S+03,40,12209499.634868484,12209499.634868484,0.0,False
development,R0041_S+00,41,1456536.788605053,1456536.788605053,0.0,False
development,R0041_S+01,41,11782367.012081487,11782367.012081487,0.0,False
development,R0041_S+02,41,765576.8182360604,765576.8182360604,0.0,False
development,R0041_S+03,41,10474507.67048446,10474507.67048446,0.0,False
development,R0042_S+00,42,4265042.588992037,4265042.588992037,0.0,False
development,R0042_S+01,42,3296841.773595333,3296841.773595333,0.0,False
development,R0042_S+02,42,744858.4542243034,744858.4542243034,0.0,False
development,R0042_S+03,42,4895403.0800865255,4895403.0800865255,0.0,False
development,R0043_S+00,43,14595372.06727542,14595372.06727542,0.0,False
development,R0043_S+01,43,1284149.6998754349,1284149.6998754349,0.0,False
development,R0043_S+02,43,11191325.996497344,11191325.996497344,0.0,False
development,R0043_S+03,43,1292036.2213828657,1292036.2213828657,0.0,False
development,R0044_S+00,44,17187012.75912796,17187012.75912796,0.0,False
development,R0044_S+01,44,16433450.298717191,16433450.298717191,0.0,False
development,R0044_S+02,44,3242477.499932256,3242477.499932256,0.0,False
development,R0044_S+03,44,2512895.702776134,2512895.702776134,0.0,False
development,R0045_S+00,45,1508199.2403321937,1508199.2403321937,0.0,False
development,R0045_S+01,45,14664465.392066188,14664465.392066188,0.0,False
development,R0045_S+02,45,2293113.1396959983,2293113.1396959983,0.0,False
development,R0045_S+03,45,18432552.308570795,18432552.308570795,0.0,False
development,R0046_S+00,46,16948689.87808716,16948689.87808716,0.0,False
development,R0046_S+01,46,6664004.341431737,6664004.341431737,0.0,False
development,R0046_S+02,46,6130242.659993287,6130242.659993287,0.0,False
development,R0046_S+03,46,1611490.760292251,1611490.760292251,0.0,False
development,R0047_S+00,47,9278365.694660984,9278365.694660984,0.0,False
development,R0047_S+01,47,6765687.283224665,6765687.283224665,0.0,False
development,R0047_S+02,47,5152151.227938421,5152151.227938421,0.0,False
development,R0047_S+03,47,16523396.95623502,16523396.95623502,0.0,False
development,R0048_S+00,48,7335568.548008915,7335568.548008915,0.0,False
development,R0048_S+01,48,1120511.523306802,1120511.523306802,0.0,False
development,R0048_S+02,48,16153965.04145737,16153965.04145737,0.0,False
development,R0048_S+03,48,1837887.392135628,1837887.392135628,0.0,False
development,R0049_S+00,49,2831662.563732534,2831662.563732534,0.0,False
development,R0049_S+01,49,5265317.860102214,5265317.860102214,0.0,False
development,R0049_S+02,49,7658095.256603137,7658095.256603137,0.0,False
development,R0049_S+03,49,2513133.6701261178,2513133.6701261178,0.0,False
development,R0050_S+00,50,2008084.1563820464,2008084.1563820464,0.0,False
development,R0050_S+01,50,981493.0222391188,981493.0222391188,0.0,False
development,R0050_S+02,50,2865676.329387773,2865676.329387773,0.0,False
development,R0050_S+03,50,1342214.476378044,1342214.476378044,0.0,False
development,R0051_S+00,51,4090343.50748121,4090343.50748121,0.0,False
development,R0051_S+01,51,12876377.222478084,12876377.222478084,0.0,False
development,R0051_S+02,51,6278765.7368272655,6278765.7368272655,0.0,False
development,R0051_S+03,51,9384057.336982794,9384057.336982794,0.0,False
development,R0052_S+00,52,4006688.554519467,4006688.554519467,0.0,False
development,R0052_S+01,52,8560374.912144095,8560374.912144095,0.0,False
development,R0052_S+02,52,12937004.952615298,12937004.952615298,0.0,False
development,R0052_S+03,52,5594210.046014309,5594210.046014309,0.0,False
development,R0053_S+00,53,776643.2105475292,776643.2105475292,0.0,False
development,R0053_S+01,53,11818474.568336658,11818474.568336658,0.0,False
development,R0053_S+02,53,1448092.972488772,1448092.972488772,0.0,False
development,R0053_S+03,53,2402316.5847047456,2402316.5847047456,0.0,False
development,R0054_S+00,54,1256915.613657631,1256915.613657631,0.0,False
development,R0054_S+01,54,7422763.0738222,7422763.0738222,0.0,False
development,R0054_S+02,54,5100596.347316038,5100596.347316038,0.0,False
development,R0054_S+03,54,2303461.9904784225,2303461.9904784225,0.0,False
development,R0055_S+00,55,10389699.536886651,10389699.536886651,0.0,False
development,R0055_S+01,55,704251.841002455,704251.841002455,0.0,False
development,R0055_S+02,55,2932659.70701991,2932659.70701991,0.0,False
development,R0055_S+03,55,1031165.7391835283,1031165.7391835283,0.0,False
development,R0056_S+00,56,1223899.3306657895,1223899.3306657895,0.0,False
development,R0056_S+01,56,13845017.457708716,13845017.457708716,0.0,False
development,R0056_S+02,56,3180342.456178095,3180342.456178095,0.0,False
development,R0056_S+03,56,7899601.462246019,7899601.462246019,0.0,False
development,R0057_S+00,57,6682417.499925293,6682417.499925293,0.0,False
development,R0057_S+01,57,2538597.4099931307,2538597.4099931307,0.0,False
development,R0057_S+02,57,2724620.091886081,2724620.091886081,0.0,False
development,R0057_S+03,57,6327018.251696385,6327018.251696385,0.0,False
development,R0058_S+00,58,7193912.257765517,7193912.257765517,0.0,False
development,R0058_S+01,58,747168.7618652489,747168.7618652489,0.0,False
development,R0058_S+02,58,1176479.2566508334,1176479.2566508334,0.0,False
development,R0058_S+03,58,9641594.679032914,9641594.679032914,0.0,False
development,R0059_S+00,59,5364069.134539641,5364069.134539641,0.0,False
development,R0059_S+01,59,985589.2674249728,985589.2674249728,0.0,False
development,R0059_S+02,59,825092.529407151,825092.529407151,0.0,False
development,R0059_S+03,59,2423698.555054236,2423698.555054236,0.0,False
development,R0060_S+00,60,3716836.38932598,3716836.38932598,0.0,False
development,R0060_S+01,60,1926046.3593163304,1926046.3593163304,0.0,False
development,R0060_S+02,60,9315587.586221062,9315587.586221062,0.0,False
development,R0060_S+03,60,935842.8460350988,935842.8460350988,0.0,False
development,R0061_S+00,61,1660053.60986753,1660053.60986753,0.0,False
development,R0061_S+01,61,3053461.6110450104,3053461.6110450104,0.0,False
development,R0061_S+02,61,7422740.897478323,7422740.897478323,0.0,False
development,R0061_S+03,61,5585649.791196864,5585649.791196864,0.0,False
development,R0062_S+00,62,5399535.530253466,5399535.530253466,0.0,False
development,R0062_S+01,62,2293934.1484149992,2293934.1484149992,0.0,False
development,R0062_S+02,62,2005104.14860262,2005104.14860262,0.0,False
development,R0062_S+03,62,12848049.964633912,12848049.964633912,0.0,False
development,R0063_S+00,63,6109367.202573225,6109367.202573225,0.0,False
development,R0063_S+01,63,1379487.0332058556,1379487.0332058556,0.0,False
development,R0063_S+02,63,1152704.523402268,1152704.523402268,0.0,False
development,R0063_S+03,63,913473.7724745534,913473.7724745534,0.0,False
development,R0064_S+00,64,1686162.810725683,1686162.810725683,0.0,False
development,R0064_S+01,64,5824916.361111928,5824916.361111928,0.0,False
development,R0064_S+02,64,1485024.2977753785,1485024.2977753785,0.0,False
development,R0064_S+03,64,9365613.05078815,9365613.05078815,0.0,False
development,R0065_S+00,65,8176722.298377547,8176722.298377547,0.0,False
development,R0065_S+01,65,4220979.744169891,4220979.744169891,0.0,False
development,R0065_S+02,65,7820139.710816361,7820139.710816361,0.0,False
development,R0065_S+03,65,12272046.738626927,12272046.738626927,0.0,False
development,R0066_S+00,66,6337803.197725307,6337803.197725307,0.0,False
development,R0066_S+01,66,3178763.366558045,3178763.366558045,0.0,False
development,R0066_S+02,66,9960135.858191498,9960135.858191498,0.0,False
development,R0066_S+03,66,984124.6604489776,984124.6604489776,0.0,False
development,R0067_S+00,67,9378984.012582522,9378984.012582522,0.0,False
development,R0067_S+01,67,2541416.4646434,2541416.4646434,0.0,False
development,R0067_S+02,67,762670.7317735367,762670.7317735367,0.0,False
development,R0067_S+03,67,13429136.73195242,13429136.73195242,0.0,False
development,R0068_S+00,68,4698361.101357661,4698361.101357661,0.0,False
development,R0068_S+01,68,14973904.957629092,14973904.957629092,0.0,False
development,R0068_S+02,68,13960843.628088556,13960843.628088556,0.0,False
development,R0068_S+03,68,4327948.356184695,4327948.356184695,0.0,False
development,R0069_S+00,69,7522168.958975121,7522168.958975121,0.0,False
development,R0069_S+01,69,11951522.932373963,11951522.932373963,0.0,False
development,R0069_S+02,69,826194.0464255325,826194.0464255325,0.0,False
development,R0069_S+03,69,736987.3973107152,736987.3973107152,0.0,False
development,R0070_S+00,70,5809542.360595759,5809542.360595759,0.0,False
development,R0070_S+01,70,5719234.297920272,5719234.297920272,0.0,False
development,R0070_S+02,70,2825416.765530765,2825416.765530765,0.0,False
development,R0070_S+03,70,6693423.179877069,6693423.179877069,0.0,False
development,R0071_S+00,71,4915153.367878664,4915153.367878664,0.0,False
development,R0071_S+01,71,16950537.92126238,16950537.92126238,0.0,False
development,R0071_S+02,71,14674434.059766533,14674434.059766533,0.0,False
development,R0071_S+03,71,5022963.102256298,5022963.102256298,0.0,False
development,R0072_S+00,72,1031198.1437106096,1031198.1437106096,0.0,False
development,R0072_S+01,72,1046224.0120642744,1046224.0120642744,0.0,False
development,R0072_S+02,72,9191745.484213226,9191745.484213226,0.0,False
development,R0072_S+03,72,3533993.554955058,3533993.554955058,0.0,False
development,R0073_S+00,73,7738789.737466082,7738789.737466082,0.0,False
development,R0073_S+01,73,8749849.06439545,8749849.06439545,0.0,False
development,R0073_S+02,73,1451611.4024677277,1451611.4024677277,0.0,False
development,R0073_S+03,73,2380110.886547536,2380110.886547536,0.0,False
development,R0074_S+00,74,2824592.533554841,2824592.533554841,0.0,False
development,R0074_S+01,74,9015734.161169171,9015734.161169171,0.0,False
development,R0074_S+02,74,11478968.54817742,11478968.54817742,0.0,False
development,R0074_S+03,74,11676497.104763638,11676497.104763638,0.0,False
development,R0075_S+00,75,4607500.573161215,4607500.573161215,0.0,False
development,R0075_S+01,75,1907941.179303385,1907941.179303385,0.0,False
development,R0075_S+02,75,2588896.9333849363,2588896.9333849363,0.0,False
development,R0075_S+03,75,2459704.256230764,2459704.256230764,0.0,False
development,R0076_S+00,76,11760490.802862674,11760490.802862674,0.0,False
development,R0076_S+01,76,20111560.970855474,20111560.970855474,0.0,False
development,R0076_S+02,76,1404701.7403737232,1404701.7403737232,0.0,False
development,R0076_S+03,76,17576474.369133376,17576474.369133376,0.0,False
development,R0077_S+00,77,13853038.164538946,13853038.164538946,0.0,False
development,R0077_S+01,77,5808506.185662784,5808506.185662784,0.0,False
development,R0077_S+02,77,17024323.778894495,17024323.778894495,0.0,False
development,R0077_S+03,77,6790401.759160504,6790401.759160504,0.0,False
development,R0078_S+00,78,12594892.118742729,12594892.118742729,0.0,False
development,R0078_S+01,78,2837948.6564651467,2837948.6564651467,0.0,False
development,R0078_S+02,78,1570496.48563106,1570496.48563106,0.0,False
development,R0078_S+03,78,2129171.659714371,2129171.659714371,0.0,False
development,R0079_S+00,79,8436889.465261467,8436889.465261467,0.0,False
development,R0079_S+01,79,13068198.202195086,13068198.202195086,0.0,False
development,R0079_S+02,79,1988810.8790751584,1988810.8790751584,0.0,False
development,R0079_S+03,79,2742941.111067261,2742941.111067261,0.0,False
development,R0080_S+00,80,5082085.864424787,5082085.864424787,0.0,False
development,R0080_S+01,80,4182880.260709148,4182880.260709148,0.0,False
development,R0080_S+02,80,13926127.37368076,13926127.37368076,0.0,False
development,R0080_S+03,80,753786.9218032453,753786.9218032453,0.0,False
development,R0081_S+00,81,4521195.919345923,4521195.919345923,0.0,False
development,R0081_S+01,81,1374410.5538472366,1374410.5538472366,0.0,False
development,R0081_S+02,81,684278.1136822533,684278.1136822533,0.0,False
development,R0081_S+03,81,3166574.692886036,3166574.692886036,0.0,False
development,R0082_S+00,82,16262196.838643303,16262196.838643303,0.0,False
development,R0082_S+01,82,3848073.924114298,3848073.924114298,0.0,False
development,R0082_S+02,82,1127757.4802044816,1127757.4802044816,0.0,False
development,R0082_S+03,82,4603134.085357308,4603134.085357308,0.0,False
development,R0083_S+00,83,15155602.70277112,15155602.70277112,0.0,False
development,R0083_S+01,83,8038794.630203001,8038794.630203001,0.0,False
development,R0083_S+02,83,4319067.437994767,4319067.437994767,0.0,False
development,R0083_S+03,83,2135503.682588812,2135503.682588812,0.0,False
development,R0084_S+00,84,2410571.5497740693,2410571.5497740693,0.0,False
development,R0084_S+01,84,1765362.1615478045,1765362.1615478045,0.0,False
development,R0084_S+02,84,14977804.379422007,14977804.379422007,0.0,False
development,R0084_S+03,84,22145284.646765955,22145284.646765955,0.0,False
development,R0085_S+00,85,10763927.656165767,10763927.656165767,0.0,False
development,R0085_S+01,85,2989288.5942763984,2989288.5942763984,0.0,False
development,R0085_S+02,85,2090996.844417803,2090996.844417803,0.0,False
development,R0085_S+03,85,2472910.6597194746,2472910.6597194746,0.0,False
development,R0086_S+00,86,961539.896458149,961539.896458149,0.0,False
development,R0086_S+01,86,3966581.509821508,3966581.509821508,0.0,False
development,R0086_S+02,86,2448908.5596415102,2448908.5596415102,0.0,False
development,R0086_S+03,86,4622570.315564308,4622570.315564308,0.0,False
development,R0087_S+00,87,6390709.35999655,6390709.35999655,0.0,False
development,R0087_S+01,87,1711934.1818445085,1711934.1818445085,0.0,False
development,R0087_S+02,87,1558900.8034728223,1558900.8034728223,0.0,False
development,R0087_S+03,87,6867624.801993061,6867624.801993061,0.0,False
development,R0088_S+00,88,3512094.66173099,3512094.66173099,0.0,False
development,R0088_S+01,88,1655452.7431502212,1655452.7431502212,0.0,False
development,R0088_S+02,88,6322118.20796204,6322118.20796204,0.0,False
development,R0088_S+03,88,3692693.703197669,3692693.703197669,0.0,False
development,R0089_S+00,89,11244769.152715936,11244769.152715936,0.0,False
development,R0089_S+01,89,17433527.446052343,17433527.446052343,0.0,False
development,R0089_S+02,89,1003163.7950619534,1003163.7950619534,0.0,False
development,R0089_S+03,89,20047716.690308385,20047716.690308385,0.0,False
development,R0090_S+00,90,1283450.3181546647,1283450.3181546647,0.0,False
development,R0090_S+01,90,7998374.658131041,7998374.658131041,0.0,False
development,R0090_S+02,90,1279324.0810966156,1279324.0810966156,0.0,False
development,R0090_S+03,90,2907817.9397081137,2907817.9397081137,0.0,False
development,R0091_S+00,91,1879828.453440491,1879828.453440491,0.0,False
development,R0091_S+01,91,14511786.519765098,14511786.519765098,0.0,False
development,R0091_S+02,91,9958950.83257196,9958950.83257196,0.0,False
development,R0091_S+03,91,4572240.970394556,4572240.970394556,0.0,False
development,R0092_S+00,92,5355470.168561548,5355470.168561548,0.0,False
development,R0092_S+01,92,3533845.942796592,3533845.942796592,0.0,False
development,R0092_S+02,92,8437018.608663231,8437018.608663231,0.0,False
development,R0092_S+03,92,3423197.3907190524,3423197.3907190524,0.0,False
development,R0093_S+00,93,17449381.36408022,17449381.36408022,0.0,False
development,R0093_S+01,93,1389096.8737712074,1389096.8737712074,0.0,False
development,R0093_S+02,93,1843059.6623232216,1843059.6623232216,0.0,False
development,R0093_S+03,93,1239254.5713196434,1239254.5713196434,0.0,False
development,R0094_S+00,94,3939714.4576571584,3939714.4576571584,0.0,False
development,R0094_S+01,94,4068715.34134002,4068715.34134002,0.0,False
development,R0094_S+02,94,3701435.371237684,3701435.371237684,0.0,False
development,R0094_S+03,94,1070506.6881955862,1070506.6881955862,0.0,False
development,R0095_S+00,95,4741639.87950442,4741639.87950442,0.0,False
development,R0095_S+01,95,757368.8920629602,757368.8920629602,0.0,False
development,R0095_S+02,95,4543604.186763525,4543604.186763525,0.0,False
development,R0095_S+03,95,1114616.286668418,1114616.286668418,0.0,False
development,R0096_S+00,96,793630.9892324526,793630.9892324526,0.0,False
development,R0096_S+01,96,2622491.812349282,2622491.812349282,0.0,False
development,R0096_S+02,96,1050884.4874037595,1050884.4874037595,0.0,False
development,R0096_S+03,96,1113878.9788882325,1113878.9788882325,0.0,False
development,R0097_S+00,97,2106541.2106939703,2106541.2106939703,0.0,False
development,R0097_S+01,97,741711.4762355816,741711.4762355816,0.0,False
development,R0097_S+02,97,5816799.544840556,5816799.544840556,0.0,False
development,R0097_S+03,97,3602887.182393812,3602887.182393812,0.0,False
development,R0098_S+00,98,4573445.832094163,4573445.832094163,0.0,False
development,R0098_S+01,98,15372019.827066423,15372019.827066423,0.0,False
development,R0098_S+02,98,1595667.419665426,1595667.419665426,0.0,False
development,R0098_S+03,98,1097490.045365803,1097490.045365803,0.0,False
development,R0099_S+00,99,14564703.740743903,14564703.740743903,0.0,False
development,R0099_S+01,99,2039332.778047096,2039332.778047096,0.0,False
development,R0099_S+02,99,2946715.0049751103,2946715.0049751103,0.0,False
development,R0099_S+03,99,10790227.123403858,10790227.123403858,0.0,False
development,R0100_S+00,100,784200.4461648576,784200.4461648576,0.0,False
development,R0100_S+01,100,5648418.918168969,5648418.918168969,0.0,False
development,R0100_S+02,100,5597793.376232784,5597793.376232784,0.0,False
development,R0100_S+03,100,1424329.3142574988,1424329.3142574988,0.0,False
development,R0101_S+00,101,4954068.901538156,4954068.901538156,0.0,False
development,R0101_S+01,101,1618313.9961537495,1618313.9961537495,0.0,False
development,R0101_S+02,101,7575203.08665318,7575203.08665318,0.0,False
development,R0101_S+03,101,8417802.52904486,8417802.52904486,0.0,False
development,R0102_S+00,102,12945703.17887919,12945703.17887919,0.0,False
development,R0102_S+01,102,1824810.753677275,1824810.753677275,0.0,False
development,R0102_S+02,102,9976074.594882645,9976074.594882645,0.0,False
development,R0102_S+03,102,759447.8015854955,759447.8015854955,0.0,False
development,R0103_S+00,103,1463616.8311812356,1463616.8311812356,0.0,False
development,R0103_S+01,103,671609.0720685367,671609.0720685367,0.0,False
development,R0103_S+02,103,6986212.75109335,6986212.75109335,0.0,False
development,R0103_S+03,103,10716272.482939884,10716272.482939884,0.0,False
development,R0104_S+00,104,1505209.2002496552,1505209.2002496552,0.0,False
development,R0104_S+01,104,9941080.30983327,9941080.30983327,0.0,False
development,R0104_S+02,104,766349.7532984167,766349.7532984167,0.0,False
development,R0104_S+03,104,1374746.958926877,1374746.958926877,0.0,False
development,R0105_S+00,105,1461403.01188598,1461403.01188598,0.0,False
development,R0105_S+01,105,8869343.62912058,8869343.62912058,0.0,False
development,R0105_S+02,105,3423833.478793349,3423833.478793349,0.0,False
development,R0105_S+03,105,5933668.51755384,5933668.51755384,0.0,False
development,R0106_S+00,106,2057154.180867955,2057154.180867955,0.0,False
development,R0106_S+01,106,17321647.434346348,17321647.434346348,0.0,False
development,R0106_S+02,106,10916005.78801112,10916005.78801112,0.0,False
development,R0106_S+03,106,1230685.4228653964,1230685.4228653964,0.0,False
development,R0107_S+00,107,2495421.005699028,2495421.005699028,0.0,False
development,R0107_S+01,107,763375.076389838,763375.076389838,0.0,False
development,R0107_S+02,107,3537991.05813396,3537991.05813396,0.0,False
development,R0107_S+03,107,4489154.867268302,4489154.867268302,0.0,False
development,R0108_S+00,108,1757859.154427627,1757859.154427627,0.0,False
development,R0108_S+01,108,5269772.048733912,5269772.048733912,0.0,False
development,R0108_S+02,108,1617796.4318240527,1617796.4318240527,0.0,False
development,R0108_S+03,108,1050619.06021359,1050619.06021359,0.0,False
development,R0109_S+00,109,1641388.7648747098,1641388.7648747098,0.0,False
development,R0109_S+01,109,10732616.739117578,10732616.739117578,0.0,False
development,R0109_S+02,109,5487072.615437049,5487072.615437049,0.0,False
development,R0109_S+03,109,4976204.703684736,4976204.703684736,0.0,False
development,R0110_S+00,110,727174.557353219,727174.557353219,0.0,False
development,R0110_S+01,110,4097923.686668757,4097923.686668757,0.0,False
development,R0110_S+02,110,2387535.1661703885,2387535.1661703885,0.0,False
development,R0110_S+03,110,16140008.99934467,16140008.99934467,0.0,False
development,R0111_S+00,111,14937487.441754147,14937487.441754147,0.0,False
development,R0111_S+01,111,739085.8315894045,739085.8315894045,0.0,False
development,R0111_S+02,111,6461195.213557728,6461195.213557728,0.0,False
development,R0111_S+03,111,1098791.4674089197,1098791.4674089197,0.0,False
development,R0112_S+00,112,1055937.528971881,1055937.528971881,0.0,False
development,R0112_S+01,112,19752140.43475935,19752140.43475935,0.0,False
development,R0112_S+02,112,3613704.036789179,2980495.569679331,0.21245073253974822,True
development,R0112_S+03,112,7511112.380361795,6950417.996758573,0.08067059907256091,True
development,R0113_S+00,113,6722591.162161119,6722591.162161119,0.0,False
development,R0113_S+01,113,4825288.267527018,4825288.267527018,0.0,False
development,R0113_S+02,113,12032267.486330718,12032267.486330718,0.0,False
development,R0113_S+03,113,7912734.268766291,7912734.268766291,0.0,False
development,R0114_S+00,114,2838108.868762482,2838108.868762482,0.0,False
development,R0114_S+01,114,1127244.715749828,1127244.715749828,0.0,False
development,R0114_S+02,114,1370541.209633153,1370541.209633153,0.0,False
development,R0114_S+03,114,16130382.529777383,16130382.529777383,0.0,False
development,R0115_S+00,115,1211523.2172606569,1211523.2172606569,0.0,False
development,R0115_S+01,115,2998258.4351087026,2998258.4351087026,0.0,False
development,R0115_S+02,115,2995348.6615218483,2995348.6615218483,0.0,False
development,R0115_S+03,115,1414238.934792228,1414238.934792228,0.0,False
development,R0116_S+00,116,7084717.8809079975,7084717.8809079975,0.0,False
development,R0116_S+01,116,14172551.692236908,14172551.692236908,0.0,False
development,R0116_S+02,116,13649201.662264608,13649201.662264608,0.0,False
development,R0116_S+03,116,1331815.0044067765,1331815.0044067765,0.0,False
development,R0117_S+00,117,1264509.046049934,1264509.046049934,0.0,False
development,R0117_S+01,117,1017378.0925904866,1017378.0925904866,0.0,False
development,R0117_S+02,117,2844251.376500964,2844251.376500964,0.0,False
development,R0117_S+03,117,658152.1525859982,658152.1525859982,0.0,False
development,R0118_S+00,118,3310611.6050651334,3310611.6050651334,0.0,False
development,R0118_S+01,118,6392402.181884691,6392402.181884691,0.0,False
development,R0118_S+02,118,10057033.595983,10057033.595983,0.0,False
development,R0118_S+03,118,2565062.862294957,2565062.862294957,0.0,False
development,R0119_S+00,119,1421536.8842739947,1421536.8842739947,0.0,False
development,R0119_S+01,119,920585.354106374,920585.354106374,0.0,False
development,R0119_S+02,119,14103283.704114787,14103283.704114787,0.0,False
development,R0119_S+03,119,8635419.842530876,8635419.842530876,0.0,False
development,R0120_S+00,120,1738144.9163047727,1738144.9163047727,0.0,False
development,R0120_S+01,120,1204060.8170364313,1204060.8170364313,0.0,False
development,R0120_S+02,120,4894619.0962869525,4894619.0962869525,0.0,False
development,R0120_S+03,120,11397807.185458738,11397807.185458738,0.0,False
development,R0121_S+00,121,4281209.992725022,4281209.992725022,0.0,False
development,R0121_S+01,121,1491723.325476436,1491723.325476436,0.0,False
development,R0121_S+02,121,5191776.966858622,5191776.966858622,0.0,False
development,R0121_S+03,121,27673588.26547677,27673588.26547677,0.0,False
development,R0122_S+00,122,3027369.9711571746,3027369.9711571746,0.0,False
development,R0122_S+01,122,1158297.1970970333,1158297.1970970333,0.0,False
development,R0122_S+02,122,4368443.236927006,4368443.236927006,0.0,False
development,R0122_S+03,122,10313903.759221498,10313903.759221498,0.0,False
development,R0123_S+00,123,9216971.920206778,9216971.920206778,0.0,False
development,R0123_S+01,123,1188179.071598094,1188179.071598094,0.0,False
development,R0123_S+02,123,13839207.72223544,13839207.72223544,0.0,False
development,R0123_S+03,123,4719605.877848204,4719605.877848204,0.0,False
development,R0124_S+00,124,6032425.387165099,6032425.387165099,0.0,False
development,R0124_S+01,124,1382522.0721720774,1382522.0721720774,0.0,False
development,R0124_S+02,124,6445553.436719466,6445553.436719466,0.0,False
development,R0124_S+03,124,1949895.56195011,1949895.56195011,0.0,False
development,R0125_S+00,125,750742.4499379713,750742.4499379713,0.0,False
development,R0125_S+01,125,1274840.0073821954,1274840.0073821954,0.0,False
development,R0125_S+02,125,895045.6167911198,895045.6167911198,0.0,False
development,R0125_S+03,125,9348418.917230636,9348418.917230636,0.0,False
development,R0126_S+00,126,1110673.041093219,1110673.041093219,0.0,False
development,R0126_S+01,126,1051854.645878736,1051854.645878736,0.0,False
development,R0126_S+02,126,927051.9067867696,927051.9067867696,0.0,False
development,R0126_S+03,126,18881215.60029685,18881215.60029685,0.0,False
development,R0127_S+00,127,3762862.147239197,3762862.147239197,0.0,False
development,R0127_S+01,127,1617142.5518563353,1617142.5518563353,0.0,False
development,R0127_S+02,127,3147480.294282909,3147480.294282909,0.0,False
development,R0127_S+03,127,1180121.9898799192,1180121.9898799192,0.0,False
development,R0128_S+00,128,1419530.9121277276,1419530.9121277276,0.0,False
development,R0128_S+01,128,1219401.0482233297,1219401.0482233297,0.0,False
development,R0128_S+02,128,7534442.887006912,7534442.887006912,0.0,False
development,R0128_S+03,128,1872153.1277434267,1872153.1277434267,0.0,False
development,R0129_S+00,129,2582556.172226958,2582556.172226958,0.0,False
development,R0129_S+01,129,10774846.441345133,10774846.441345133,0.0,False
development,R0129_S+02,129,9382818.713614218,9382818.713614218,0.0,False
development,R0129_S+03,129,1405950.894595597,1405950.894595597,0.0,False
development,R0130_S+00,130,1390494.8670648895,1390494.8670648895,0.0,False
development,R0130_S+01,130,10362652.527876563,10362652.527876563,0.0,False
development,R0130_S+02,130,825134.7135257907,825134.7135257907,0.0,False
development,R0130_S+03,130,3998714.562389609,3998714.562389609,0.0,False
development,R0131_S+00,131,3079608.4429530576,3079608.4429530576,0.0,False
development,R0131_S+01,131,5897769.629355047,5897769.629355047,0.0,False
development,R0131_S+02,131,1512973.3356988763,1512973.3356988763,0.0,False
development,R0131_S+03,131,6527236.597741995,6527236.597741995,0.0,False
development,R0132_S+00,132,1713015.4444448892,1713015.4444448892,0.0,False
development,R0132_S+01,132,8446531.839211158,8446531.839211158,0.0,False
development,R0132_S+02,132,2917831.89667229,2917831.89667229,0.0,False
development,R0132_S+03,132,1736975.0271449164,1736975.0271449164,0.0,False
development,R0133_S+00,133,1212686.9037253633,1212686.9037253633,0.0,False
development,R0133_S+01,133,19430156.03411673,19430156.03411673,0.0,False
development,R0133_S+02,133,3664434.380171713,3664434.380171713,0.0,False
development,R0133_S+03,133,1123156.6353777107,1123156.6353777107,0.0,False
development,R0134_S+00,134,746983.4055466205,746983.4055466205,0.0,False
development,R0134_S+01,134,1009805.7730089276,1009805.7730089276,0.0,False
development,R0134_S+02,134,10772783.395399652,10772783.395399652,0.0,False
development,R0134_S+03,134,2410050.010721348,2410050.010721348,0.0,False
development,R0135_S+00,135,1929784.456768278,1929784.456768278,0.0,False
development,R0135_S+01,135,962361.9463349916,962361.9463349916,0.0,False
development,R0135_S+02,135,5395541.74505911,5395541.74505911,0.0,False
development,R0135_S+03,135,3805315.550236572,3805315.550236572,0.0,False
development,R0136_S+00,136,6919060.088972531,6919060.088972531,0.0,False
development,R0136_S+01,136,747973.5900086183,747973.5900086183,0.0,False
development,R0136_S+02,136,9264212.603583582,9264212.603583582,0.0,False
development,R0136_S+03,136,905429.8454481382,905429.8454481382,0.0,False
development,R0137_S+00,137,3856752.893971968,3856752.893971968,0.0,False
development,R0137_S+01,137,8391041.210395206,8391041.210395206,0.0,False
development,R0137_S+02,137,1125097.61962362,1125097.61962362,0.0,False
development,R0137_S+03,137,4395460.05668322,4395460.05668322,0.0,False
development,R0138_S+00,138,12317309.165119104,12317309.165119104,0.0,False
development,R0138_S+01,138,2605289.6477948166,2605289.6477948166,0.0,False
development,R0138_S+02,138,1190762.3999102805,1190762.3999102805,0.0,False
development,R0138_S+03,138,7241523.443483613,7241523.443483613,0.0,False
development,R0139_S+00,139,2308265.992785841,2308265.992785841,0.0,False
development,R0139_S+01,139,4583096.806907497,4583096.806907497,0.0,False
development,R0139_S+02,139,2221684.08775679,2221684.08775679,0.0,False
development,R0139_S+03,139,10677887.574318808,10677887.574318808,0.0,False
development,R0140_S+00,140,8507841.518261127,8507841.518261127,0.0,False
development,R0140_S+01,140,2728820.347238183,2728820.347238183,0.0,False
development,R0140_S+02,140,769751.6248999182,769751.6248999182,0.0,False
development,R0140_S+03,140,11685131.07413397,11685131.07413397,0.0,False
development,R0141_S+00,141,2500099.357236292,2500099.357236292,0.0,False
development,R0141_S+01,141,10141528.383624837,10141528.383624837,0.0,False
development,R0141_S+02,141,8829180.795938611,8829180.795938611,0.0,False
development,R0141_S+03,141,1018980.9377032073,1009151.3669747636,0.009740432456540882,False
development,R0142_S+00,142,16391863.089320384,16391863.089320384,0.0,False
development,R0142_S+01,142,6647158.255478699,6647158.255478699,0.0,False
development,R0142_S+02,142,5665633.485333018,5665633.485333018,0.0,False
development,R0142_S+03,142,1564988.1514589377,1564988.1514589377,0.0,False
development,R0143_S+00,143,801367.7012525164,801367.7012525164,0.0,False
development,R0143_S+01,143,8282633.137787558,8282633.137787558,0.0,False
development,R0143_S+02,143,9563050.47224852,9563050.47224852,0.0,False
development,R0143_S+03,143,1626735.802053541,1626735.802053541,0.0,False
development,R0144_S+00,144,1138536.723134458,1138536.723134458,0.0,False
development,R0144_S+01,144,947017.7253688724,947017.7253688724,0.0,False
development,R0144_S+02,144,18431370.983244948,18431370.983244948,0.0,False
development,R0144_S+03,144,3787670.168811813,3787670.168811813,0.0,False
development,R0145_S+00,145,11694804.2624325,11694804.2624325,0.0,False
development,R0145_S+01,145,8064867.901483204,8064867.901483204,0.0,False
development,R0145_S+02,145,2125900.7033726536,2125900.7033726536,0.0,False
development,R0145_S+03,145,5838066.485860668,5838066.485860668,0.0,False
development,R0146_S+00,146,8163953.878457166,8163953.878457166,0.0,False
development,R0146_S+01,146,3203209.563010663,3203209.563010663,0.0,False
development,R0146_S+02,146,2196722.616798926,2196722.616798926,0.0,False
development,R0146_S+03,146,8507514.334587313,8507514.334587313,0.0,False
development,R0147_S+00,147,16226848.81420073,16226848.81420073,0.0,False
development,R0147_S+01,147,1293562.3974629827,1293562.3974629827,0.0,False
development,R0147_S+02,147,16499140.413041078,16499140.413041078,0.0,False
development,R0147_S+03,147,13981027.889714489,13981027.889714489,0.0,False
development,R0148_S+00,148,7368677.184105959,7368677.184105959,0.0,False
development,R0148_S+01,148,2432273.2530880272,2432273.2530880272,0.0,False
development,R0148_S+02,148,2751734.1472815312,2751734.1472815312,0.0,False
development,R0148_S+03,148,7136312.1899148,7136312.1899148,0.0,False
development,R0149_S+00,149,17702358.146038692,17702358.146038692,0.0,False
development,R0149_S+01,149,1867445.7002326136,1867445.7002326136,0.0,False
development,R0149_S+02,149,1145147.1570857505,1145147.1570857505,0.0,False
development,R0149_S+03,149,9669939.808733717,9669939.808733717,0.0,False
development,R0150_S+00,150,819209.4767030925,805093.9716574214,0.01753274219233303,True
development,R0150_S+01,150,2481821.504819531,2481821.504819531,0.0,False
development,R0150_S+02,150,827993.8090934306,827993.8090934306,0.0,False
development,R0150_S+03,150,14743027.041410446,14743027.041410446,0.0,False
development,R0151_S+00,151,2142305.0042447373,2142305.0042447373,0.0,False
development,R0151_S+01,151,3230478.8752291985,3230478.8752291985,0.0,False
development,R0151_S+02,151,3214346.2334176004,3214346.2334176004,0.0,False
development,R0151_S+03,151,1426272.6570970714,1426272.6570970714,0.0,False
development,R0152_S+00,152,5063671.388700519,5063671.388700519,0.0,False
development,R0152_S+01,152,898357.603642188,898357.603642188,0.0,False
development,R0152_S+02,152,2334530.3050471544,2334530.3050471544,0.0,False
development,R0152_S+03,152,3174101.1231516115,3174101.1231516115,0.0,False
development,R0153_S+00,153,16857327.002204105,16857327.002204105,0.0,False
development,R0153_S+01,153,12956985.046593376,12956985.046593376,0.0,False
development,R0153_S+02,153,2788108.0342226475,2788108.0342226475,0.0,False
development,R0153_S+03,153,11261988.580941632,11261988.580941632,0.0,False
development,R0154_S+00,154,14056388.584977768,14056388.584977768,0.0,False
development,R0154_S+01,154,3526536.9860154614,3526536.9860154614,0.0,False
development,R0154_S+02,154,5954409.555470929,5954409.555470929,0.0,False
development,R0154_S+03,154,7122676.155431602,7122676.155431602,0.0,False
development,R0155_S+00,155,2469074.3000755794,2469074.3000755794,0.0,False
development,R0155_S+01,155,5405055.631870866,5405055.631870866,0.0,False
development,R0155_S+02,155,9733922.77089606,9733922.77089606,0.0,False
development,R0155_S+03,155,14598195.898583056,14598195.898583056,0.0,False
development,R0156_S+00,156,908824.6970537808,908824.6970537808,0.0,False
development,R0156_S+01,156,3469089.1587715186,3469089.1587715186,0.0,False
development,R0156_S+02,156,822730.9510459099,822730.9510459099,0.0,False
development,R0156_S+03,156,12857381.936290223,12857381.936290223,0.0,False
development,R0157_S+00,157,5110874.989301272,5110874.989301272,0.0,False
development,R0157_S+01,157,1323900.8680726904,1323900.8680726904,0.0,False
development,R0157_S+02,157,8788174.732786797,8788174.732786797,0.0,False
development,R0157_S+03,157,5599510.105592482,5599510.105592482,0.0,False
development,R0158_S+00,158,13779049.57676018,13779049.57676018,0.0,False
development,R0158_S+01,158,3778404.515948325,3778404.515948325,0.0,False
development,R0158_S+02,158,3452688.7684347145,3452688.7684347145,0.0,False
development,R0158_S+03,158,11499106.494254803,11499106.494254803,0.0,False
development,R0159_S+00,159,8180188.601162031,8180188.601162031,0.0,False
development,R0159_S+01,159,5544262.4324670695,5544262.4324670695,0.0,False
development,R0159_S+02,159,1254742.7019262556,1254742.7019262556,0.0,False
development,R0159_S+03,159,5424612.946218289,5424612.946218289,0.0,False
development,R0160_S+00,160,1996646.2768427397,1996646.2768427397,0.0,False
development,R0160_S+01,160,11493307.879128965,11493307.879128965,0.0,False
development,R0160_S+02,160,4380511.045320664,4380511.045320664,0.0,False
development,R0160_S+03,160,1036072.1305031964,1036072.1305031964,0.0,False
development,R0161_S+00,161,14373949.60605605,14373949.60605605,0.0,False
development,R0161_S+01,161,9097180.19257562,9097180.19257562,0.0,False
development,R0161_S+02,161,3411243.166448582,3411243.166448582,0.0,False
development,R0161_S+03,161,17480409.70485644,17480409.70485644,0.0,False
development,R0162_S+00,162,5729264.78623572,5729264.78623572,0.0,False
development,R0162_S+01,162,2882340.250918079,2882340.250918079,0.0,False
development,R0162_S+02,162,9524225.22342642,9524225.22342642,0.0,False
development,R0162_S+03,162,4503044.265651632,4503044.265651632,0.0,False
development,R0163_S+00,163,4434371.125906892,4434371.125906892,0.0,False
development,R0163_S+01,163,9446987.97926487,9446987.97926487,0.0,False
development,R0163_S+02,163,17043017.073577277,17043017.073577277,0.0,False
development,R0163_S+03,163,1103180.9592154808,1103180.9592154808,0.0,False
development,R0164_S+00,164,1394825.4908488467,1394825.4908488467,0.0,False
development,R0164_S+01,164,1054718.7294099703,1054718.7294099703,0.0,False
development,R0164_S+02,164,2964203.2835927457,2964203.2835927457,0.0,False
development,R0164_S+03,164,3101545.074947465,3101545.074947465,0.0,False
development,R0165_S+00,165,8380324.910217784,8380324.910217784,0.0,False
development,R0165_S+01,165,3850095.170406383,3850095.170406383,0.0,False
development,R0165_S+02,165,17609773.978732172,17609773.978732172,0.0,False
development,R0165_S+03,165,1242773.7102247812,1242773.7102247812,0.0,False
development,R0166_S+00,166,16382633.117671857,16382633.117671857,0.0,False
development,R0166_S+01,166,10498182.359366192,10498182.359366192,0.0,False
development,R0166_S+02,166,16174483.208926436,16174483.208926436,0.0,False
development,R0166_S+03,166,2282865.48944946,2282865.48944946,0.0,False
development,R0167_S+00,167,2835370.378050104,2835370.378050104,0.0,False
development,R0167_S+01,167,1972144.7442047969,1972144.7442047969,0.0,False
development,R0167_S+02,167,8990192.254345652,8990192.254345652,0.0,False
development,R0167_S+03,167,1309975.4099445306,1309975.4099445306,0.0,False
development,R0168_S+00,168,4807737.083880991,4807737.083880991,0.0,False
development,R0168_S+01,168,7522771.9380100705,7522771.9380100705,0.0,False
development,R0168_S+02,168,8631310.812895842,8631310.812895842,0.0,False
development,R0168_S+03,168,1187321.4442157373,1187321.4442157373,0.0,False
development,R0169_S+00,169,17066569.80190376,17066569.80190376,0.0,False
development,R0169_S+01,169,5368581.790397126,5368581.790397126,0.0,False
development,R0169_S+02,169,13290346.135956302,13290346.135956302,0.0,False
development,R0169_S+03,169,3211654.2133295126,3211654.2133295126,0.0,False
development,R0170_S+00,170,5192684.938820139,5192684.938820139,0.0,False
development,R0170_S+01,170,1348575.0837062132,1348575.0837062132,0.0,False
development,R0170_S+02,170,10695871.111193432,10695871.111193432,0.0,False
development,R0170_S+03,170,1385310.0561606642,1385310.0561606642,0.0,False
development,R0171_S+00,171,1011100.24624395,1011100.24624395,0.0,False
development,R0171_S+01,171,6114244.262861125,6114244.262861125,0.0,False
development,R0171_S+02,171,755935.7731379233,755935.7731379233,0.0,False
development,R0171_S+03,171,770514.4116108231,770514.4116108231,0.0,False
development,R0172_S+00,172,32443958.32900729,32443958.32900729,0.0,False
development,R0172_S+01,172,2033590.4737527035,2033590.4737527035,0.0,False
development,R0172_S+02,172,1643854.5917177051,1643854.5917177051,0.0,False
development,R0172_S+03,172,8463653.792743675,8463653.792743675,0.0,False
development,R0173_S+00,173,17779617.31596301,17779617.31596301,0.0,False
development,R0173_S+01,173,1095335.052019056,1095335.052019056,0.0,False
development,R0173_S+02,173,3202327.5505483,3202327.5505483,0.0,False
development,R0173_S+03,173,3090161.557823103,3090161.557823103,0.0,False
development,R0174_S+00,174,5094070.016951744,5094070.016951744,0.0,False
development,R0174_S+01,174,763522.0873657241,763522.0873657241,0.0,False
development,R0174_S+02,174,11725481.848007577,11725481.848007577,0.0,False
development,R0174_S+03,174,1712952.84214817,1712952.84214817,0.0,False
development,R0175_S+00,175,1860000.436905738,1860000.436905738,0.0,False
development,R0175_S+01,175,4255608.540461019,4255608.540461019,0.0,False
development,R0175_S+02,175,2787630.310313832,2787630.310313832,0.0,False
development,R0175_S+03,175,15603728.118660135,15603728.118660135,0.0,False
development,R0176_S+00,176,14156361.52516202,14156361.52516202,0.0,False
development,R0176_S+01,176,17375357.031234916,17375357.031234916,0.0,False
development,R0176_S+02,176,1700944.2272678,1700944.2272678,0.0,False
development,R0176_S+03,176,10948564.502053387,10948564.502053387,0.0,False
development,R0177_S+00,177,17983178.103189945,17983178.103189945,0.0,False
development,R0177_S+01,177,1877726.3447514696,1877726.3447514696,0.0,False
development,R0177_S+02,177,3873986.4252380505,3873986.4252380505,0.0,False
development,R0177_S+03,177,11553504.25917852,11553504.25917852,0.0,False
development,R0178_S+00,178,1541818.4354285002,1541818.4354285002,0.0,False
development,R0178_S+01,178,2007415.2776516157,2007415.2776516157,0.0,False
development,R0178_S+02,178,1045566.1287906356,1045566.1287906356,0.0,False
development,R0178_S+03,178,9966954.033531696,9966954.033531696,0.0,False
development,R0179_S+00,179,843237.9865346029,843237.9865346029,0.0,False
development,R0179_S+01,179,5662547.057674378,5662547.057674378,0.0,False
development,R0179_S+02,179,9989441.22337839,9989441.22337839,0.0,False
development,R0179_S+03,179,1472713.5779274628,1472713.5779274628,0.0,False
development,R0180_S+00,180,1535723.244971484,1535723.244971484,0.0,False
development,R0180_S+01,180,14687605.921082176,14687605.921082176,0.0,False
development,R0180_S+02,180,12152777.977285905,12152777.977285905,0.0,False
development,R0180_S+03,180,2059666.0780617632,2059666.0780617632,0.0,False
development,R0181_S+00,181,7056661.672264323,7056661.672264323,0.0,False
development,R0181_S+01,181,1440102.9876400866,1440102.9876400866,0.0,False
development,R0181_S+02,181,5259029.807609387,5259029.807609387,0.0,False
development,R0181_S+03,181,2602176.586358934,2602176.586358934,0.0,False
development,R0182_S+00,182,1348493.0574909486,1348493.0574909486,0.0,False
development,R0182_S+01,182,14323049.990091518,14323049.990091518,0.0,False
development,R0182_S+02,182,18255338.91183292,18255338.91183292,0.0,False
development,R0182_S+03,182,17143626.11956394,17143626.11956394,0.0,False
development,R0183_S+00,183,1262606.5036290772,1262606.5036290772,0.0,False
development,R0183_S+01,183,8509262.5097633,8509262.5097633,0.0,False
development,R0183_S+02,183,5173116.516918726,5173116.516918726,0.0,False
development,R0183_S+03,183,5876040.067138933,5876040.067138933,0.0,False
development,R0184_S+00,184,7017063.969257429,7017063.969257429,0.0,False
development,R0184_S+01,184,10412805.33243072,10412805.33243072,0.0,False
development,R0184_S+02,184,1545727.5621339977,1545727.5621339977,0.0,False
development,R0184_S+03,184,4978975.013155442,4978975.013155442,0.0,False
development,R0185_S+00,185,5400482.596949775,5400482.596949775,0.0,False
development,R0185_S+01,185,11896658.205340952,11896658.205340952,0.0,False
development,R0185_S+02,185,1525321.2523762677,1525321.2523762677,0.0,False
development,R0185_S+03,185,15497091.261657529,15497091.261657529,0.0,False
development,R0186_S+00,186,7689712.984555814,7689712.984555814,0.0,False
development,R0186_S+01,186,1173602.0512112342,1173602.0512112342,0.0,False
development,R0186_S+02,186,9277752.59859232,9277752.59859232,0.0,False
development,R0186_S+03,186,2252761.033545632,2252761.033545632,0.0,False
development,R0187_S+00,187,1111169.1764634214,1111169.1764634214,0.0,False
development,R0187_S+01,187,2516381.962204385,2516381.962204385,0.0,False
development,R0187_S+02,187,11837320.426299326,11837320.426299326,0.0,False
development,R0187_S+03,187,1014791.4670253638,1014791.4670253638,0.0,False
development,R0188_S+00,188,5715932.471198134,5715932.471198134,0.0,False
development,R0188_S+01,188,2741690.6871660165,2741690.6871660165,0.0,False
development,R0188_S+02,188,2076934.9621390365,2076934.9621390365,0.0,False
development,R0188_S+03,188,859480.3962003291,859480.3962003291,0.0,False
development,R0189_S+00,189,5095750.311044715,5095750.311044715,0.0,False
development,R0189_S+01,189,3863938.392470069,3863938.392470069,0.0,False
development,R0189_S+02,189,10709479.418498293,10709479.418498293,0.0,False
development,R0189_S+03,189,3834123.4680808783,3834123.4680808783,0.0,False
development,R0190_S+00,190,10377020.138271604,10377020.138271604,0.0,False
development,R0190_S+01,190,1135693.2523967847,1135693.2523967847,0.0,False
development,R0190_S+02,190,3818764.39351926,3818764.39351926,0.0,False
development,R0190_S+03,190,874833.6040086485,874833.6040086485,0.0,False
development,R0191_S+00,191,7874071.652092494,7874071.652092494,0.0,False
development,R0191_S+01,191,1075309.2007725963,1075309.2007725963,0.0,False
development,R0191_S+02,191,2896311.492319543,2896311.492319543,0.0,False
development,R0191_S+03,191,8032825.48196277,8032825.48196277,0.0,False
development,R0192_S+00,192,13416097.160629306,13416097.160629306,0.0,False
development,R0192_S+01,192,17035455.211256724,17035455.211256724,0.0,False
development,R0192_S+02,192,18521992.782900937,18521992.782900937,0.0,False
development,R0192_S+03,192,5485143.296110615,5485143.296110615,0.0,False
development,R0193_S+00,193,1398652.4028063605,1398652.4028063605,0.0,False
development,R0193_S+01,193,17070361.331264578,17070361.331264578,0.0,False
development,R0193_S+02,193,12423905.98115158,12423905.98115158,0.0,False
development,R0193_S+03,193,3548447.9930180646,3548447.9930180646,0.0,False
development,R0194_S+00,194,3539095.2013834976,3539095.2013834976,0.0,False
development,R0194_S+01,194,5919419.805882171,5919419.805882171,0.0,False
development,R0194_S+02,194,1556719.7191458903,1556719.7191458903,0.0,False
development,R0194_S+03,194,4647967.536206793,4647967.536206793,0.0,False
development,R0195_S+00,195,779800.2564452775,744116.9376109596,0.04795391292782791,True
development,R0195_S+01,195,17969224.212025102,17969224.212025102,0.0,False
development,R0195_S+02,195,1000943.5692771951,1000943.5692771951,0.0,False
development,R0195_S+03,195,7477954.412054099,7477954.412054099,0.0,False
development,R0196_S+00,196,2702601.6012788005,2702601.6012788005,0.0,False
development,R0196_S+01,196,6632207.471747614,6632207.471747614,0.0,False
development,R0196_S+02,196,1897019.684133917,1897019.684133917,0.0,False
development,R0196_S+03,196,893723.5157721508,893723.5157721508,0.0,False
development,R0197_S+00,197,1126116.360148577,1126116.360148577,0.0,False
development,R0197_S+01,197,962115.4040938223,962115.4040938223,0.0,False
development,R0197_S+02,197,5724456.204771236,5724456.204771236,0.0,False
development,R0197_S+03,197,4192729.049305111,4192729.049305111,0.0,False
development,R0198_S+00,198,1293567.1465270163,1293567.1465270163,0.0,False
development,R0198_S+01,198,1822780.9199082777,1822780.9199082777,0.0,False
development,R0198_S+02,198,849580.1542961858,849580.1542961858,0.0,False
development,R0198_S+03,198,2485154.715975743,2485154.715975743,0.0,False
development,R0199_S+00,199,2034207.6539422567,2034207.6539422567,0.0,False
development,R0199_S+01,199,894090.4934381451,894090.4934381451,0.0,False
development,R0199_S+02,199,10691568.746515084,10691568.746515084,0.0,False
development,R0199_S+03,199,962215.3297322914,962215.3297322914,0.0,False
development,R0200_S+00,200,1071868.165514933,1071868.165514933,0.0,False
development,R0200_S+01,200,2542909.7492163926,2542909.7492163926,0.0,False
development,R0200_S+02,200,14025280.082738468,14025280.082738468,0.0,False
development,R0200_S+03,200,3303238.7923652045,3303238.7923652045,0.0,False
development,R0201_S+00,201,4001374.483417552,4001374.483417552,0.0,False
development,R0201_S+01,201,10644024.475498058,10644024.475498058,0.0,False
development,R0201_S+02,201,9117826.757955302,9117826.757955302,0.0,False
development,R0201_S+03,201,12927097.02208858,12927097.02208858,0.0,False
development,R0202_S+00,202,11411229.245566554,11411229.245566554,0.0,False
development,R0202_S+01,202,3944711.15327581,3944711.15327581,0.0,False
development,R0202_S+02,202,1105827.6645270567,1105827.6645270567,0.0,False
development,R0202_S+03,202,5851512.157673147,5851512.157673147,0.0,False
development,R0203_S+00,203,6995595.424895272,6995595.424895272,0.0,False
development,R0203_S+01,203,10400904.595684491,10400904.595684491,0.0,False
development,R0203_S+02,203,1970956.6836714856,1970956.6836714856,0.0,False
development,R0203_S+03,203,2728910.71261596,2728910.71261596,0.0,False
development,R0204_S+00,204,4309546.608148694,4309546.608148694,0.0,False
development,R0204_S+01,204,13167160.598710025,13167160.598710025,0.0,False
development,R0204_S+02,204,12666007.283550909,12666007.283550909,0.0,False
development,R0204_S+03,204,5521657.388039246,5521657.388039246,0.0,False
development,R0205_S+00,205,9607019.4490306,9607019.4490306,0.0,False
development,R0205_S+01,205,2189956.17987714,2189956.17987714,0.0,False
development,R0205_S+02,205,891058.5404647179,891058.5404647179,0.0,False
development,R0205_S+03,205,9304357.356677333,9304357.356677333,0.0,False
development,R0206_S+00,206,6006642.339190073,6006642.339190073,0.0,False
development,R0206_S+01,206,2352090.792197343,2352090.792197343,0.0,False
development,R0206_S+02,206,1513571.3277425673,1513571.3277425673,0.0,False
development,R0206_S+03,206,4837117.949566703,4837117.949566703,0.0,False
development,R0207_S+00,207,9123475.027601369,9123475.027601369,0.0,False
development,R0207_S+01,207,12382194.842315324,12382194.842315324,0.0,False
development,R0207_S+02,207,1053166.890284624,1053166.890284624,0.0,False
development,R0207_S+03,207,3606945.273984097,3606945.273984097,0.0,False
development,R0208_S+00,208,6013858.96468671,6013858.96468671,0.0,False
development,R0208_S+01,208,11869182.26933971,11869182.26933971,0.0,False
development,R0208_S+02,208,10270782.235561289,10270782.235561289,0.0,False
development,R0208_S+03,208,9862641.871366598,9862641.871366598,0.0,False
development,R0209_S+00,209,17658575.71973389,17658575.71973389,0.0,False
development,R0209_S+01,209,1243807.469042765,1243807.469042765,0.0,False
development,R0209_S+02,209,2035398.7471405603,2035398.7471405603,0.0,False
development,R0209_S+03,209,3000459.439118251,3000459.439118251,0.0,False
development,R0210_S+00,210,2535082.08056324,2535082.08056324,0.0,False
development,R0210_S+01,210,2451863.7531057857,2451863.7531057857,0.0,False
development,R0210_S+02,210,8087967.396723721,8087967.396723721,0.0,False
development,R0210_S+03,210,17275704.08166997,17275704.08166997,0.0,False
development,R0211_S+00,211,7847465.37920247,7847465.37920247,0.0,False
development,R0211_S+01,211,19289510.110942,19289510.110942,0.0,False
development,R0211_S+02,211,9286244.40183632,9286244.40183632,0.0,False
development,R0211_S+03,211,5014001.8920114,5014001.8920114,0.0,False
development,R0212_S+00,212,1193053.8307613488,1193053.8307613488,0.0,False
development,R0212_S+01,212,10578325.024243703,10578325.024243703,0.0,False
development,R0212_S+02,212,2903042.9606718086,2903042.9606718086,0.0,False
development,R0212_S+03,212,2455045.696187917,2455045.696187917,0.0,False
development,R0213_S+00,213,1231954.8418492991,1231954.8418492991,0.0,False
development,R0213_S+01,213,3681101.007601768,3681101.007601768,0.0,False
development,R0213_S+02,213,6572834.081226613,6572834.081226613,0.0,False
development,R0213_S+03,213,16127094.108743628,16127094.108743628,0.0,False
development,R0214_S+00,214,4543389.318134062,4543389.318134062,0.0,False
development,R0214_S+01,214,1484004.2271455564,1484004.2271455564,0.0,False
development,R0214_S+02,214,3464529.144970022,3464529.144970022,0.0,False
development,R0214_S+03,214,8538558.908798438,8538558.908798438,0.0,False
development,R0215_S+00,215,1032749.6543417088,1032749.6543417088,0.0,False
development,R0215_S+01,215,10935186.564792285,10935186.564792285,0.0,False
development,R0215_S+02,215,7369391.262508504,7369391.262508504,0.0,False
development,R0215_S+03,215,1185920.470660029,1185920.470660029,0.0,False
development,R0216_S+00,216,1676536.4145223778,1676536.4145223778,0.0,False
development,R0216_S+01,216,10652141.905173786,10652141.905173786,0.0,False
development,R0216_S+02,216,1665325.132691402,1665325.132691402,0.0,False
development,R0216_S+03,216,1720935.7859336138,1720935.7859336138,0.0,False
development,R0217_S+00,217,974728.9189146924,974728.9189146924,0.0,False
development,R0217_S+01,217,14707855.223720394,14707855.223720394,0.0,False
development,R0217_S+02,217,6846880.182821803,6846880.182821803,0.0,False
development,R0217_S+03,217,4650250.804414418,4650250.804414418,0.0,False
development,R0218_S+00,218,4186165.884420216,4186165.884420216,0.0,False
development,R0218_S+01,218,4827089.559282847,4827089.559282847,0.0,False
development,R0218_S+02,218,1440360.1503712535,1440360.1503712535,0.0,False
development,R0218_S+03,218,12500404.46839923,12500404.46839923,0.0,False
development,R0219_S+00,219,16257291.331357583,16257291.331357583,0.0,False
development,R0219_S+01,219,1749366.7155323736,1749366.7155323736,0.0,False
development,R0219_S+02,219,8782338.200273622,8782338.200273622,0.0,False
development,R0219_S+03,219,1503546.630712496,1503546.630712496,0.0,False
final_test,R10000_S+00,10000,1334386.4212153386,1334386.4212153386,0.0,False
final_test,R10000_S+01,10000,1563819.515584156,1563819.515584156,0.0,False
final_test,R10000_S+02,10000,1839831.3339365276,1839831.3339365274,2.220446049250313e-16,False
final_test,R10000_S+03,10000,814940.4002613593,814940.4002613593,0.0,False
final_test,R10001_S+00,10001,17666526.80106685,17666526.80106685,0.0,False
final_test,R10001_S+01,10001,1290306.2411185913,1290306.2411185913,0.0,False
final_test,R10001_S+02,10001,1003410.8226383198,1003410.8226383198,0.0,False
final_test,R10001_S+03,10001,9278853.200916238,9278853.200916238,0.0,False
final_test,R10002_S+00,10002,729608.7901705392,729608.7901705392,0.0,False
final_test,R10002_S+01,10002,3293086.4018980227,3293086.4018980227,0.0,False
final_test,R10002_S+02,10002,10185760.91778876,10185760.917788759,2.220446049250313e-16,False
final_test,R10002_S+03,10002,2161813.412664853,2161813.412664853,0.0,False
final_test,R10003_S+00,10003,1095543.0555249397,1095543.0555249397,0.0,False
final_test,R10003_S+01,10003,3122130.766841322,3122130.766841322,0.0,False
final_test,R10003_S+02,10003,1315309.3304430582,1315309.3304430582,0.0,False
final_test,R10003_S+03,10003,847248.5501867328,847248.5501867328,0.0,False
final_test,R10004_S+00,10004,1288248.0737646762,1288248.0737646762,0.0,False
final_test,R10004_S+01,10004,1330618.5266894829,1330618.5266894829,0.0,False
final_test,R10004_S+02,10004,5953324.316697385,5953324.316697385,0.0,False
final_test,R10004_S+03,10004,5857943.726195134,5857943.726195134,0.0,False
final_test,R10005_S+00,10005,3366788.182557311,3366788.182557311,0.0,False
final_test,R10005_S+01,10005,853248.2852258794,853248.2852258794,0.0,False
final_test,R10005_S+02,10005,2795579.588244989,2795579.5882449895,-2.220446049250313e-16,False
final_test,R10005_S+03,10005,921265.6828152536,921265.6828152537,-1.1102230246251565e-16,False
final_test,R10006_S+00,10006,1688239.0212443543,1688239.0212443545,-1.1102230246251565e-16,False
final_test,R10006_S+01,10006,1738672.377241861,1738672.377241861,0.0,False
final_test,R10006_S+02,10006,11884034.241745606,11884034.241745606,0.0,False
final_test,R10006_S+03,10006,1471868.1555429362,1471868.1555429362,0.0,False
final_test,R10007_S+00,10007,16540175.536529643,16540175.536529645,-1.1102230246251565e-16,False
final_test,R10007_S+01,10007,707369.8170946427,707369.8170946427,0.0,False
final_test,R10007_S+02,10007,15698416.569771055,15698416.569771055,0.0,False
final_test,R10007_S+03,10007,7131435.623888966,7131435.623888966,0.0,False
final_test,R10008_S+00,10008,1916437.800467167,1916437.800467167,0.0,False
final_test,R10008_S+01,10008,10652624.861790694,10652624.861790694,0.0,False
final_test,R10008_S+02,10008,4153501.962102749,4153501.9621027485,2.220446049250313e-16,False
final_test,R10008_S+03,10008,3925011.557637837,3925011.557637837,0.0,False
final_test,R10009_S+00,10009,6710363.586003307,6710363.586003307,0.0,False
final_test,R10009_S+01,10009,1930534.7472400777,1930534.7472400777,0.0,False
final_test,R10009_S+02,10009,13410447.15593166,13410447.155931659,2.220446049250313e-16,False
final_test,R10009_S+03,10009,1559610.599423442,1559610.599423442,0.0,False
final_test,R10010_S+00,10010,1449320.2782985885,1449320.2782985885,0.0,False
final_test,R10010_S+01,10010,3634043.7662359662,3634043.7662359662,0.0,False
final_test,R10010_S+02,10010,7173170.386583921,7173170.386583921,0.0,False
final_test,R10010_S+03,10010,6633996.558804665,6633996.558804665,0.0,False
final_test,R10011_S+00,10011,4576839.245817054,4576839.245817054,0.0,False
final_test,R10011_S+01,10011,3116898.6174117774,3116898.6174117774,0.0,False
final_test,R10011_S+02,10011,1509917.7671374734,1509917.7671374734,0.0,False
final_test,R10011_S+03,10011,3974399.2765518986,3974399.2765518986,0.0,False
final_test,R10012_S+00,10012,2322559.5414013416,2322559.5414013416,0.0,False
final_test,R10012_S+01,10012,2165796.514834486,2165796.514834486,0.0,False
final_test,R10012_S+02,10012,798420.7071873881,798420.7071873881,0.0,False
final_test,R10012_S+03,10012,1646167.8786591217,1646167.8786591217,0.0,False
final_test,R10013_S+00,10013,8107390.259188242,8107390.259188242,0.0,False
final_test,R10013_S+01,10013,1192822.1398525666,1192822.1398525666,0.0,False
final_test,R10013_S+02,10013,2493469.8568839766,2493469.8568839766,0.0,False
final_test,R10013_S+03,10013,13169446.657223895,13169446.657223895,0.0,False
final_test,R10014_S+00,10014,3691918.290232636,3691918.290232636,0.0,False
final_test,R10014_S+01,10014,7511638.963948384,7511638.963948384,0.0,False
final_test,R10014_S+02,10014,3603995.749818143,3603995.7498181425,2.220446049250313e-16,False
final_test,R10014_S+03,10014,753709.1478356868,753709.1478356868,0.0,False
final_test,R10015_S+00,10015,794973.6676426195,794973.6676426195,0.0,False
final_test,R10015_S+01,10015,9650682.2874379,9650682.2874379,0.0,False
final_test,R10015_S+02,10015,11100943.53293544,11100943.53293544,0.0,False
final_test,R10015_S+03,10015,4022442.002358921,4022442.002358921,0.0,False
final_test,R10016_S+00,10016,9372653.15743422,9372653.157434221,-2.220446049250313e-16,False
final_test,R10016_S+01,10016,1093578.432048384,1093578.432048384,0.0,False
final_test,R10016_S+02,10016,3512605.4282164946,3512605.4282164946,0.0,False
final_test,R10016_S+03,10016,13970410.098993449,13970410.098993447,2.220446049250313e-16,False
final_test,R10017_S+00,10017,10676713.936666109,10676713.936666109,0.0,False
final_test,R10017_S+01,10017,1584405.1347340513,1584405.1347340513,0.0,False
final_test,R10017_S+02,10017,713391.0124874301,713391.0124874301,0.0,False
final_test,R10017_S+03,10017,3908308.227094352,3908308.2270943522,-1.1102230246251565e-16,False
final_test,R10018_S+00,10018,2243029.3511794694,2243029.3511794694,0.0,False
final_test,R10018_S+01,10018,19309963.895594317,19309963.895594314,2.220446049250313e-16,False
final_test,R10018_S+02,10018,10630360.530504515,10630360.530504517,-2.220446049250313e-16,False
final_test,R10018_S+03,10018,18450306.47443432,18450306.47443432,0.0,False
final_test,R10019_S+00,10019,4405617.363983259,4405617.363983259,0.0,False
final_test,R10019_S+01,10019,2798015.9174679294,2798015.9174679294,0.0,False
final_test,R10019_S+02,10019,6503170.039832205,6503170.039832205,0.0,False
final_test,R10019_S+03,10019,11193966.32983277,11193966.32983277,0.0,False
final_test,R10020_S+00,10020,11335521.91330709,11335521.91330709,0.0,False
final_test,R10020_S+01,10020,14912619.45020577,14912619.45020577,0.0,False
final_test,R10020_S+02,10020,6399591.416345328,6399591.416345328,0.0,False
final_test,R10020_S+03,10020,5902084.778893448,5902084.778893448,0.0,False
final_test,R10021_S+00,10021,6110592.69327645,6110592.69327645,0.0,False
final_test,R10021_S+01,10021,3615976.216026824,3615976.216026824,0.0,False
final_test,R10021_S+02,10021,15213942.101391658,15213942.101391658,0.0,False
final_test,R10021_S+03,10021,2935391.972793866,2935391.972793866,0.0,False
final_test,R10022_S+00,10022,1514046.9429717455,1514046.9429717455,0.0,False
final_test,R10022_S+01,10022,944076.1928326412,944076.1928326413,-1.1102230246251565e-16,False
final_test,R10022_S+02,10022,1720189.13461948,1720189.13461948,0.0,False
final_test,R10022_S+03,10022,6466697.697443135,6466697.697443135,0.0,False
final_test,R10023_S+00,10023,6484288.447884202,6484288.447884202,0.0,False
final_test,R10023_S+01,10023,9419039.950482711,9419039.950482711,0.0,False
final_test,R10023_S+02,10023,1361936.9107514415,1361936.9107514415,0.0,False
final_test,R10023_S+03,10023,7990821.993064202,7990821.993064202,0.0,False
final_test,R10024_S+00,10024,16660514.704957165,16660514.704957165,0.0,False
final_test,R10024_S+01,10024,2853538.671356093,2853538.671356093,0.0,False
final_test,R10024_S+02,10024,13874260.778802022,13874260.778802022,0.0,False
final_test,R10024_S+03,10024,3739148.1334447274,3739148.1334447265,2.220446049250313e-16,False
final_test,R10025_S+00,10025,3971445.0423031263,3971445.0423031263,0.0,False
final_test,R10025_S+01,10025,8111730.706275608,8111730.706275608,0.0,False
final_test,R10025_S+02,10025,7231179.2858609855,7231179.2858609855,0.0,False
final_test,R10025_S+03,10025,839383.1949481424,839383.1949481424,0.0,False
final_test,R10026_S+00,10026,1566044.6211426535,1566044.6211426537,-1.1102230246251565e-16,False
final_test,R10026_S+01,10026,2412593.4052936845,2412593.4052936845,0.0,False
final_test,R10026_S+02,10026,890413.8791718278,890413.8791718278,0.0,False
final_test,R10026_S+03,10026,12985966.611787535,12985966.611787535,0.0,False
final_test,R10027_S+00,10027,2931369.028467279,2931369.028467279,0.0,False
final_test,R10027_S+01,10027,6176381.021477647,6176381.021477647,0.0,False
final_test,R10027_S+02,10027,6480090.671490289,6480090.671490289,0.0,False
final_test,R10027_S+03,10027,13302892.015222266,13302892.015222266,0.0,False
final_test,R10028_S+00,10028,3614281.096241087,3614281.0962410867,2.220446049250313e-16,False
final_test,R10028_S+01,10028,5451480.849074967,5451480.849074967,0.0,False
final_test,R10028_S+02,10028,10989109.682580296,10989109.682580296,0.0,False
final_test,R10028_S+03,10028,2517819.4893372133,2517819.4893372133,0.0,False
final_test,R10029_S+00,10029,2156563.514065407,2156563.514065407,0.0,False
final_test,R10029_S+01,10029,995513.8347966188,995513.8347966187,2.220446049250313e-16,False
final_test,R10029_S+02,10029,21627464.39437379,21627464.39437379,0.0,False
final_test,R10029_S+03,10029,5460458.616458729,5460458.616458729,0.0,False
final_test,R10030_S+00,10030,3637102.199685637,3637102.199685637,0.0,False
final_test,R10030_S+01,10030,1269030.60741733,1269030.6074173301,-2.220446049250313e-16,False
final_test,R10030_S+02,10030,2545786.8717679083,2545786.8717679083,0.0,False
final_test,R10030_S+03,10030,1558467.8346007615,1558467.8346007615,0.0,False
final_test,R10031_S+00,10031,10767470.951024614,10767470.951024614,0.0,False
final_test,R10031_S+01,10031,18606034.35283225,18606034.35283225,0.0,False
final_test,R10031_S+02,10031,2340495.7526141927,2340495.7526141927,0.0,False
final_test,R10031_S+03,10031,3234036.6140806824,3234036.6140806824,0.0,False
final_test,R10032_S+00,10032,12387801.69541336,12387801.695413359,2.220446049250313e-16,False
final_test,R10032_S+01,10032,10924455.205875749,10924455.205875747,2.220446049250313e-16,False
final_test,R10032_S+02,10032,9480592.226870785,9480592.226870783,2.220446049250313e-16,False
final_test,R10032_S+03,10032,2979442.9877477363,2979442.9877477363,0.0,False
final_test,R10033_S+00,10033,11039023.0298428,11039023.029842801,-2.220446049250313e-16,False
final_test,R10033_S+01,10033,5968343.098136637,5968343.098136637,0.0,False
final_test,R10033_S+02,10033,1804614.6722522716,1804614.6722522713,2.220446049250313e-16,False
final_test,R10033_S+03,10033,7530756.049977954,7530756.0499779545,-1.1102230246251565e-16,False
final_test,R10034_S+00,10034,10234581.870374523,10234581.870374523,0.0,False
final_test,R10034_S+01,10034,2493923.2380031943,2493923.2380031943,0.0,False
final_test,R10034_S+02,10034,1392595.2840635425,1392595.2840635423,2.220446049250313e-16,False
final_test,R10034_S+03,10034,858996.0587932784,858996.0587932784,0.0,False
final_test,R10035_S+00,10035,1744520.260474816,1744520.260474816,0.0,False
final_test,R10035_S+01,10035,850241.0177917108,850241.0177917108,0.0,False
final_test,R10035_S+02,10035,7983176.2297575325,7983176.2297575325,0.0,False
final_test,R10035_S+03,10035,3925022.983472575,3925022.9834725745,2.220446049250313e-16,False
final_test,R10036_S+00,10036,1980496.610406332,1980496.6104063317,2.220446049250313e-16,False
final_test,R10036_S+01,10036,3540203.961499281,3540203.961499281,0.0,False
final_test,R10036_S+02,10036,822587.7226471379,822587.7226471379,0.0,False
final_test,R10036_S+03,10036,2580500.186766393,2580500.1867663935,-2.220446049250313e-16,False
final_test,R10037_S+00,10037,872650.4413200673,872650.4413200673,0.0,False
final_test,R10037_S+01,10037,3388707.8721019886,3388707.8721019886,0.0,False
final_test,R10037_S+02,10037,1083644.3370476812,1083644.3370476812,0.0,False
final_test,R10037_S+03,10037,15167203.71437741,15167203.71437741,0.0,False
final_test,R10038_S+00,10038,14294218.91550313,14294218.91550313,0.0,False
final_test,R10038_S+01,10038,14453625.542575762,14453625.542575762,0.0,False
final_test,R10038_S+02,10038,20200953.452385858,20200953.452385858,0.0,False
final_test,R10038_S+03,10038,8088151.282494977,8088151.282494977,0.0,False
final_test,R10039_S+00,10039,13307525.05524746,13307525.05524746,0.0,False
final_test,R10039_S+01,10039,4435926.773684517,4435926.773684517,0.0,False
final_test,R10039_S+02,10039,2035273.118932452,2035273.118932452,0.0,False
final_test,R10039_S+03,10039,3595789.3160149865,3595789.3160149865,0.0,False
final_test,R10040_S+00,10040,718698.8160116207,718698.8160116207,0.0,False
final_test,R10040_S+01,10040,16439673.804795168,16439673.804795168,0.0,False
final_test,R10040_S+02,10040,7700413.091302622,7700413.091302622,0.0,False
final_test,R10040_S+03,10040,3164419.1969125345,3164419.1969125345,0.0,False
final_test,R10041_S+00,10041,5415273.883305308,5415273.8833053075,2.220446049250313e-16,False
final_test,R10041_S+01,10041,748863.00844693,748863.00844693,0.0,False
final_test,R10041_S+02,10041,1503491.552521363,1503491.552521363,0.0,False
final_test,R10041_S+03,10041,5243553.112558428,5243553.112558428,0.0,False
final_test,R10042_S+00,10042,4471898.4803223945,4471898.4803223945,0.0,False
final_test,R10042_S+01,10042,7583348.991449598,7583348.991449598,0.0,False
final_test,R10042_S+02,10042,8793792.956590768,8793792.956590768,0.0,False
final_test,R10042_S+03,10042,9354549.347220216,9354549.347220216,0.0,False
final_test,R10043_S+00,10043,12368959.79539322,12368959.795393221,-1.1102230246251565e-16,False
final_test,R10043_S+01,10043,17738817.74197278,17738817.74197278,0.0,False
final_test,R10043_S+02,10043,2057842.608472854,2057842.608472854,0.0,False
final_test,R10043_S+03,10043,3275814.488706253,3275814.4887062535,-1.1102230246251565e-16,False
final_test,R10044_S+00,10044,12004594.73535616,12004594.73535616,0.0,False
final_test,R10044_S+01,10044,6665506.061281681,6665506.061281681,0.0,False
final_test,R10044_S+02,10044,6884137.633703247,6884137.633703247,0.0,False
final_test,R10044_S+03,10044,2350110.1349019967,2350110.1349019967,0.0,False
final_test,R10045_S+00,10045,10059969.18156942,10059969.18156942,0.0,False
final_test,R10045_S+01,10045,3039422.5645349845,3039422.5645349845,0.0,False
final_test,R10045_S+02,10045,2752105.871732205,2752105.871732205,0.0,False
final_test,R10045_S+03,10045,15445798.23691823,15445798.23691823,0.0,False
final_test,R10046_S+00,10046,9411258.162904602,9411258.162904602,0.0,False
final_test,R10046_S+01,10046,4158400.938356917,4158400.9383569174,-1.1102230246251565e-16,False
final_test,R10046_S+02,10046,800311.8741142377,800311.8741142377,0.0,False
final_test,R10046_S+03,10046,4083142.689423546,4083142.689423546,0.0,False
final_test,R10047_S+00,10047,1314477.1030682232,1314477.1030682232,0.0,False
final_test,R10047_S+01,10047,12123065.919869224,12123065.919869225,-1.1102230246251565e-16,False
final_test,R10047_S+02,10047,4706200.379403256,4706200.379403256,0.0,False
final_test,R10047_S+03,10047,7201121.655549973,7201121.655549973,0.0,False
final_test,R10048_S+00,10048,8930571.567824528,8930571.567824528,0.0,False
final_test,R10048_S+01,10048,1146322.1705962978,1146322.1705962978,0.0,False
final_test,R10048_S+02,10048,2321953.8139649443,2321953.8139649443,0.0,False
final_test,R10048_S+03,10048,3278682.025465429,3278682.025465429,0.0,False
final_test,R10049_S+00,10049,1443332.222405763,1443332.2224057633,-1.1102230246251565e-16,False
final_test,R10049_S+01,10049,3129237.7816317566,3129237.7816317566,0.0,False
final_test,R10049_S+02,10049,10460196.912111243,10460196.912111245,-2.220446049250313e-16,False
final_test,R10049_S+03,10049,3111928.9165008776,3111928.9165008776,0.0,False
final_test,R10050_S+00,10050,1219443.2022490297,1219443.2022490297,0.0,False
final_test,R10050_S+01,10050,7115327.820434026,7115327.820434026,0.0,False
final_test,R10050_S+02,10050,9933296.472337298,9933296.472337298,0.0,False
final_test,R10050_S+03,10050,1107890.1462335028,1107890.1462335028,0.0,False
final_test,R10051_S+00,10051,17402178.386578724,17402178.386578724,0.0,False
final_test,R10051_S+01,10051,4262915.730273746,4262915.730273746,0.0,False
final_test,R10051_S+02,10051,16400689.78575068,16400689.78575068,0.0,False
final_test,R10051_S+03,10051,13007169.083225884,13007169.083225884,0.0,False
final_test,R10052_S+00,10052,3556858.9383563697,3556858.9383563697,0.0,False
final_test,R10052_S+01,10052,2178435.9515717328,2178435.9515717328,0.0,False
final_test,R10052_S+02,10052,5138958.6783274375,5138958.6783274375,0.0,False
final_test,R10052_S+03,10052,787907.1983485185,787907.1983485185,0.0,False
final_test,R10053_S+00,10053,13974331.971849827,13974331.971849829,-1.1102230246251565e-16,False
final_test,R10053_S+01,10053,13575159.480215866,13575159.480215866,0.0,False
final_test,R10053_S+02,10053,3648594.9803562537,3648594.9803562537,0.0,False
final_test,R10053_S+03,10053,4973186.414010454,4973186.414010454,0.0,False
final_test,R10054_S+00,10054,10699843.25399065,10699843.25399065,0.0,False
final_test,R10054_S+01,10054,2259769.2986575365,2259769.2986575365,0.0,False
final_test,R10054_S+02,10054,5386325.111280754,5386325.111280754,0.0,False
final_test,R10054_S+03,10054,11298522.925366905,11298522.925366905,0.0,False
final_test,R10055_S+00,10055,6525558.152000546,6525558.152000546,0.0,False
final_test,R10055_S+01,10055,16166060.45428872,16166060.454288721,-1.1102230246251565e-16,False
final_test,R10055_S+02,10055,11015372.828713402,11015372.828713402,0.0,False
final_test,R10055_S+03,10055,3098309.657962311,3098309.657962311,0.0,False
final_test,R10056_S+00,10056,1117846.7968313862,1117846.7968313862,0.0,False
final_test,R10056_S+01,10056,1261887.5817660652,1261887.5817660652,0.0,False
final_test,R10056_S+02,10056,8013251.138746254,8013251.138746254,0.0,False
final_test,R10056_S+03,10056,2870524.7803366818,2870524.7803366818,0.0,False
final_test,R10057_S+00,10057,12095352.985980555,12095352.985980555,0.0,False
final_test,R10057_S+01,10057,885147.3716015331,885147.3716015331,0.0,False
final_test,R10057_S+02,10057,19266428.169150904,19266428.169150904,0.0,False
final_test,R10057_S+03,10057,1025024.3245552032,1025024.3245552033,-1.1102230246251565e-16,False
final_test,R10058_S+00,10058,2649757.989017546,2649757.989017546,0.0,False
final_test,R10058_S+01,10058,1427076.107690271,1427076.107690271,0.0,False
final_test,R10058_S+02,10058,2722072.30190295,2722072.30190295,0.0,False
final_test,R10058_S+03,10058,1156023.7753677815,1156023.7753677815,0.0,False
final_test,R10059_S+00,10059,5326693.352046967,5326693.352046967,0.0,False
final_test,R10059_S+01,10059,1464861.470230667,1464861.470230667,0.0,False
final_test,R10059_S+02,10059,7527532.704080082,7527532.7040800825,-1.1102230246251565e-16,False
final_test,R10059_S+03,10059,1553372.9570792615,1553372.9570792615,0.0,False
final_test,R10060_S+00,10060,1664550.206575716,1664550.206575716,0.0,False
final_test,R10060_S+01,10060,2644674.337054953,2644674.337054953,0.0,False
final_test,R10060_S+02,10060,17804211.110871736,17804211.110871736,0.0,False
final_test,R10060_S+03,10060,3290566.034456592,3290566.034456592,0.0,False
final_test,R10061_S+00,10061,2106030.0113718733,2106030.0113718733,0.0,False
final_test,R10061_S+01,10061,1663160.468654601,1663160.468654601,0.0,False
final_test,R10061_S+02,10061,2213317.582712084,2213317.582712084,0.0,False
final_test,R10061_S+03,10061,1808872.9200814704,1808872.9200814702,2.220446049250313e-16,False
final_test,R10062_S+00,10062,5395182.369789124,5395182.369789124,0.0,False
final_test,R10062_S+01,10062,15603284.125063049,15603284.125063047,2.220446049250313e-16,False
final_test,R10062_S+02,10062,3798429.740229421,3798429.7402294204,2.220446049250313e-16,False
final_test,R10062_S+03,10062,13448807.69792055,13448807.69792055,0.0,False
final_test,R10063_S+00,10063,15654533.253045209,15654533.253045209,0.0,False
final_test,R10063_S+01,10063,12063763.812669314,12063763.812669314,0.0,False
final_test,R10063_S+02,10063,13234530.71495128,13234530.71495128,0.0,False
final_test,R10063_S+03,10063,4627300.33695716,4627300.33695716,0.0,False
final_test,R10064_S+00,10064,717686.1045786273,717686.1045786273,0.0,False
final_test,R10064_S+01,10064,2260937.1278137267,2260937.1278137267,0.0,False
final_test,R10064_S+02,10064,857120.2923407555,857120.2923407555,0.0,False
final_test,R10064_S+03,10064,1419972.101230817,1419972.101230817,0.0,False
final_test,R10065_S+00,10065,2105556.9308858886,2105556.9308858886,0.0,False
final_test,R10065_S+01,10065,3802357.41492375,3802357.41492375,0.0,False
final_test,R10065_S+02,10065,4774535.65994253,4774535.65994253,0.0,False
final_test,R10065_S+03,10065,4187937.7618502006,4187937.7618502006,0.0,False
final_test,R10066_S+00,10066,2955493.492824506,2955493.492824506,0.0,False
final_test,R10066_S+01,10066,2002267.0312833968,2002267.0312833972,-2.220446049250313e-16,False
final_test,R10066_S+02,10066,890128.5533263851,890128.5533263851,0.0,False
final_test,R10066_S+03,10066,17513067.587762818,17513067.587762818,0.0,False
final_test,R10067_S+00,10067,2000046.128721848,2000046.1287218481,-1.1102230246251565e-16,False
final_test,R10067_S+01,10067,4536785.940459717,4536785.940459717,0.0,False
final_test,R10067_S+02,10067,1099901.860366458,1099901.860366458,0.0,False
final_test,R10067_S+03,10067,3830233.416149527,3830233.416149527,0.0,False
final_test,R10068_S+00,10068,6252001.910458814,6252001.910458814,0.0,False
final_test,R10068_S+01,10068,1147558.8675788008,1147558.8675788008,0.0,False
final_test,R10068_S+02,10068,5040912.991574124,5040912.9915741235,2.220446049250313e-16,False
final_test,R10068_S+03,10068,8511741.3804347,8511741.3804347,0.0,False
final_test,R10069_S+00,10069,17351560.91992677,17351560.91992677,0.0,False
final_test,R10069_S+01,10069,1117976.6526333354,1117976.6526333354,0.0,False
final_test,R10069_S+02,10069,10311548.445980698,10311548.445980698,0.0,False
final_test,R10069_S+03,10069,1258489.3668033686,1258489.3668033686,0.0,False
final_test,R10070_S+00,10070,5014013.759586174,5014013.759586174,0.0,False
final_test,R10070_S+01,10070,2722863.279185079,2722863.279185079,0.0,False
final_test,R10070_S+02,10070,4165689.400214836,4165689.400214836,0.0,False
final_test,R10070_S+03,10070,5289839.903837506,5289839.903837506,0.0,False
final_test,R10071_S+00,10071,8268762.955653608,8268762.955653608,0.0,False
final_test,R10071_S+01,10071,2400018.834673632,2400018.834673632,0.0,False
final_test,R10071_S+02,10071,2370982.419798925,2370982.4197989255,-2.220446049250313e-16,False
final_test,R10071_S+03,10071,5566290.646847326,5566290.646847326,0.0,False
final_test,R10072_S+00,10072,1701696.9965271726,1701696.9965271726,0.0,False
final_test,R10072_S+01,10072,1019244.0813136324,1019244.0813136324,0.0,False
final_test,R10072_S+02,10072,9320648.051520873,9320648.051520873,0.0,False
final_test,R10072_S+03,10072,13482860.28277442,13482860.282774419,2.220446049250313e-16,False
final_test,R10073_S+00,10073,1431703.35870013,1431703.3587001301,-1.1102230246251565e-16,False
final_test,R10073_S+01,10073,807396.3172052559,807396.3172052559,0.0,False
final_test,R10073_S+02,10073,13992825.947942086,13992825.947942086,0.0,False
final_test,R10073_S+03,10073,5573845.377068896,5573845.377068896,0.0,False
final_test,R10074_S+00,10074,4050121.083119761,4050121.083119761,0.0,False
final_test,R10074_S+01,10074,1469509.099483097,1469509.099483097,0.0,False
final_test,R10074_S+02,10074,3648864.3124641622,3648864.3124641627,-1.1102230246251565e-16,False
final_test,R10074_S+03,10074,12324101.691740071,12324101.691740073,-1.1102230246251565e-16,False
final_test,R10075_S+00,10075,1773175.5859260708,1773175.5859260708,0.0,False
final_test,R10075_S+01,10075,8015129.488388706,8015129.488388706,0.0,False
final_test,R10075_S+02,10075,1869154.1771720012,1869154.1771720015,-1.1102230246251565e-16,False
final_test,R10075_S+03,10075,5484128.755756088,5484128.755756088,0.0,False
final_test,R10076_S+00,10076,1670366.625557756,1670366.625557756,0.0,False
final_test,R10076_S+01,10076,6478579.868456423,6478579.868456423,0.0,False
final_test,R10076_S+02,10076,2270357.021195196,2270357.0211951956,2.220446049250313e-16,False
final_test,R10076_S+03,10076,1127008.586566849,1127008.5865668487,2.220446049250313e-16,False
final_test,R10077_S+00,10077,2075200.0993161465,2075200.0993161462,2.220446049250313e-16,False
final_test,R10077_S+01,10077,15343406.696940742,15343406.696940742,0.0,False
final_test,R10077_S+02,10077,18445578.96335702,18445578.96335702,0.0,False
final_test,R10077_S+03,10077,2302412.567503516,2302412.5675035156,2.220446049250313e-16,False
final_test,R10078_S+00,10078,1792812.197559461,1792812.197559461,0.0,False
final_test,R10078_S+01,10078,18047872.15898252,18047872.15898252,0.0,False
final_test,R10078_S+02,10078,3294016.1260233857,3294016.1260233857,0.0,False
final_test,R10078_S+03,10078,7655128.350094136,7655128.350094136,0.0,False
final_test,R10079_S+00,10079,3639973.216907103,3639973.2169071026,2.220446049250313e-16,False
final_test,R10079_S+01,10079,1451444.1081504729,1451444.1081504729,0.0,False
final_test,R10079_S+02,10079,6920398.922817271,6920398.922817271,0.0,False
final_test,R10079_S+03,10079,1990892.29726176,1990892.2972617596,2.220446049250313e-16,False
final_test,R10080_S+00,10080,15327966.325186295,15327966.325186297,-1.1102230246251565e-16,False
final_test,R10080_S+01,10080,18943942.642371666,18943942.642371662,2.220446049250313e-16,False
final_test,R10080_S+02,10080,2129820.664548412,2129820.664548412,0.0,False
final_test,R10080_S+03,10080,2081676.0032351876,2081676.0032351874,2.220446049250313e-16,False
final_test,R10081_S+00,10081,4167384.771729283,4167384.771729283,0.0,False
final_test,R10081_S+01,10081,5290792.070440214,5290792.070440214,0.0,False
final_test,R10081_S+02,10081,3423146.7017926574,3423146.7017926574,0.0,False
final_test,R10081_S+03,10081,3784979.352945343,3784979.3529453427,2.220446049250313e-16,False
final_test,R10082_S+00,10082,1188971.0346439946,1188971.0346439946,0.0,False
final_test,R10082_S+01,10082,8163952.388773806,8163952.388773806,0.0,False
final_test,R10082_S+02,10082,16308037.971545532,16308037.971545532,0.0,False
final_test,R10082_S+03,10082,753204.4554291815,753204.4554291815,0.0,False
final_test,R10083_S+00,10083,915268.9389725608,915268.9389725607,2.220446049250313e-16,False
final_test,R10083_S+01,10083,8296467.581568863,8296467.581568863,0.0,False
final_test,R10083_S+02,10083,909027.7470235171,909027.7470235173,-1.1102230246251565e-16,False
final_test,R10083_S+03,10083,1112647.6447444782,1112647.6447444782,0.0,False
final_test,R10084_S+00,10084,6656227.652692951,6656227.652692951,0.0,False
final_test,R10084_S+01,10084,677027.7084562574,677027.7084562574,0.0,False
final_test,R10084_S+02,10084,2470730.4116962887,2470730.4116962887,0.0,False
final_test,R10084_S+03,10084,2927907.9664127305,2927907.9664127305,0.0,False
final_test,R10085_S+00,10085,2128255.098463986,2128255.098463986,0.0,False
final_test,R10085_S+01,10085,4120776.695835728,4120776.695835728,0.0,False
final_test,R10085_S+02,10085,9043427.355882324,9043427.355882324,0.0,False
final_test,R10085_S+03,10085,10503423.315395303,10503423.315395303,0.0,False
final_test,R10086_S+00,10086,980579.9667435176,980579.9667435177,-1.1102230246251565e-16,False
final_test,R10086_S+01,10086,1481667.744508177,1481667.744508177,0.0,False
final_test,R10086_S+02,10086,3322033.360348672,3322033.3603486717,2.220446049250313e-16,False
final_test,R10086_S+03,10086,18971882.39714564,18971882.397145636,2.220446049250313e-16,False
final_test,R10087_S+00,10087,4694617.528515153,4694617.528515153,0.0,False
final_test,R10087_S+01,10087,3702185.475533426,3702185.475533426,0.0,False
final_test,R10087_S+02,10087,1008144.687860759,1008144.687860759,0.0,False
final_test,R10087_S+03,10087,1100380.8401891813,1100380.8401891813,0.0,False
final_test,R10088_S+00,10088,2447375.7092527263,2447375.7092527263,0.0,False
final_test,R10088_S+01,10088,2344784.2094871365,2344784.2094871365,0.0,False
final_test,R10088_S+02,10088,746695.0206288435,746695.0206288435,0.0,False
final_test,R10088_S+03,10088,1031943.466924442,1031943.466924442,0.0,False
final_test,R10089_S+00,10089,838579.4895049296,838579.4895049296,0.0,False
final_test,R10089_S+01,10089,6315710.35502544,6315710.35502544,0.0,False
final_test,R10089_S+02,10089,2885524.415946856,2885524.415946856,0.0,False
final_test,R10089_S+03,10089,8052331.373918675,8052331.373918675,0.0,False
final_test,R10090_S+00,10090,1994877.4428362849,1994877.4428362846,2.220446049250313e-16,False
final_test,R10090_S+01,10090,15439072.879066171,15439072.879066173,-1.1102230246251565e-16,False
final_test,R10090_S+02,10090,1077569.0627332963,1077569.0627332963,0.0,False
final_test,R10090_S+03,10090,8562568.616074324,8562568.616074324,0.0,False
final_test,R10091_S+00,10091,816407.9053075332,816407.9053075332,0.0,False
final_test,R10091_S+01,10091,1340015.706407588,1340015.706407588,0.0,False
final_test,R10091_S+02,10091,8876791.501568347,8876791.501568347,0.0,False
final_test,R10091_S+03,10091,2487057.2025640868,2487057.2025640868,0.0,False
final_test,R10092_S+00,10092,1466437.2907861602,1466437.2907861602,0.0,False
final_test,R10092_S+01,10092,896413.3068170305,896413.3068170305,0.0,False
final_test,R10092_S+02,10092,13126160.721373975,13126160.721373975,0.0,False
final_test,R10092_S+03,10092,731387.4917005636,731387.4917005636,0.0,False
final_test,R10093_S+00,10093,8939891.576410927,8939891.576410927,0.0,False
final_test,R10093_S+01,10093,2065023.774240587,2065023.774240587,0.0,False
final_test,R10093_S+02,10093,3538098.7356393486,3538098.7356393486,0.0,False
final_test,R10093_S+03,10093,1841392.670643434,1841392.670643434,0.0,False
final_test,R10094_S+00,10094,811640.8545569927,811640.8545569927,0.0,False
final_test,R10094_S+01,10094,12077656.918546176,12077656.918546177,-1.1102230246251565e-16,False
final_test,R10094_S+02,10094,2239608.5063485056,2239608.5063485056,0.0,False
final_test,R10094_S+03,10094,2149575.9626674987,2149575.9626674987,0.0,False
final_test,R10095_S+00,10095,1596790.8767528348,1596790.8767528348,0.0,False
final_test,R10095_S+01,10095,3406515.638831135,3406515.638831135,0.0,False
final_test,R10095_S+02,10095,1021610.675092958,1021610.6750929579,2.220446049250313e-16,False
final_test,R10095_S+03,10095,3319087.542458412,3319087.5424584113,2.220446049250313e-16,False
final_test,R10096_S+00,10096,5367819.685970925,5367819.685970925,0.0,False
final_test,R10096_S+01,10096,4747255.060058087,4747255.060058087,0.0,False
final_test,R10096_S+02,10096,6554733.807396766,6554733.807396766,0.0,False
final_test,R10096_S+03,10096,9170347.665403288,9170347.665403288,0.0,False
final_test,R10097_S+00,10097,6157066.493225172,6157066.493225172,0.0,False
final_test,R10097_S+01,10097,1753276.1040007826,1753276.1040007826,0.0,False
final_test,R10097_S+02,10097,3303297.936889332,3303297.936889332,0.0,False
final_test,R10097_S+03,10097,701471.2789892554,701471.2789892554,0.0,False
final_test,R10098_S+00,10098,15197862.407032844,15197862.407032844,0.0,False
final_test,R10098_S+01,10098,1250098.094390938,1250098.094390938,0.0,False
final_test,R10098_S+02,10098,13416488.300004715,13416488.300004717,-1.1102230246251565e-16,False
final_test,R10098_S+03,10098,5277354.704870496,5277354.704870496,0.0,False
final_test,R10099_S+00,10099,7132773.909758877,7132773.909758877,0.0,False
final_test,R10099_S+01,10099,3148402.0674006008,3148402.0674006008,0.0,False
final_test,R10099_S+02,10099,2244587.674581021,2244587.674581021,0.0,False
final_test,R10099_S+03,10099,1187387.60813044,1187387.60813044,0.0,False
shift,R20000_S+00,20000,9183734.139976326,9183734.139976326,0.0,False
shift,R20000_S+01,20000,6253371.135242827,6253371.135242827,0.0,False
shift,R20000_S+02,20000,2800143.028833929,2800143.0288339294,-1.1102230246251565e-16,False
shift,R20000_S+03,20000,7873035.311644841,7873035.311644841,0.0,False
shift,R20001_S+00,20001,648585.6044834629,648585.6044834629,0.0,False
shift,R20001_S+01,20001,6000888.2326856,6000888.2326855995,2.220446049250313e-16,False
shift,R20001_S+02,20001,4990718.306172941,4990718.306172941,0.0,False
shift,R20001_S+03,20001,1991051.8937600777,1991051.8937600777,0.0,False
shift,R20002_S+00,20002,6563814.330618367,6563814.330618367,0.0,False
shift,R20002_S+01,20002,529037.701761432,487068.89161526226,0.08616606576328234,True
shift,R20002_S+02,20002,3035854.330019526,3035854.330019526,0.0,False
shift,R20002_S+03,20002,2726558.074305579,2726558.074305579,0.0,False
shift,R20003_S+00,20003,4526351.168610692,4479335.615534835,0.010496099669960568,True
shift,R20003_S+01,20003,1845619.479777284,1845619.479777284,0.0,False
shift,R20003_S+02,20003,4482095.936235778,4482095.936235778,0.0,False
shift,R20003_S+03,20003,25662438.311599106,25662438.311599106,0.0,False
shift,R20004_S+00,20004,3711356.628511131,3711356.628511131,0.0,False
shift,R20004_S+01,20004,6450703.366820425,6450703.366820425,0.0,False
shift,R20004_S+02,20004,1389287.5172520245,1389287.5172520243,2.220446049250313e-16,False
shift,R20004_S+03,20004,12397892.157085702,12397892.157085702,0.0,False
shift,R20005_S+00,20005,1800977.537290722,1800977.5372907221,-1.1102230246251565e-16,False
shift,R20005_S+01,20005,4412501.081474885,4412501.081474885,0.0,False
shift,R20005_S+02,20005,3463471.741871938,3463471.741871938,0.0,False
shift,R20005_S+03,20005,4307815.99881221,4307815.99881221,0.0,False
shift,R20006_S+00,20006,13384015.457302004,13384015.457302004,0.0,False
shift,R20006_S+01,20006,14317808.194102757,14317808.194102757,0.0,False
shift,R20006_S+02,20006,8424039.835697103,8424039.835697103,0.0,False
shift,R20006_S+03,20006,19688351.4280524,19688351.428052396,2.220446049250313e-16,False
shift,R20007_S+00,20007,799422.5846140776,799422.5846140776,0.0,False
shift,R20007_S+01,20007,3729818.57690936,3729818.5769093595,2.220446049250313e-16,False
shift,R20007_S+02,20007,2193065.1074141003,2193065.1074141003,0.0,False
shift,R20007_S+03,20007,3368789.954379197,3368789.954379197,0.0,False
shift,R20008_S+00,20008,10587595.822719552,10587595.822719552,0.0,False
shift,R20008_S+01,20008,9046865.792842643,9046865.792842645,-2.220446049250313e-16,False
shift,R20008_S+02,20008,1019110.3163505103,1019110.3163505103,0.0,False
shift,R20008_S+03,20008,5756032.539899245,5756032.539899245,0.0,False
shift,R20009_S+00,20009,9175410.110480608,8742699.344122656,0.04949395482172747,True
shift,R20009_S+01,20009,1585000.3466694225,1238949.1069724094,0.27931029430470344,True
shift,R20009_S+02,20009,4689762.652381469,3956091.3560032323,0.18545357787678873,True
shift,R20009_S+03,20009,2634738.978501603,2078062.565206822,0.2678824125005963,True
shift,R20010_S+00,20010,1441013.2867928725,1441013.2867928725,0.0,False
shift,R20010_S+01,20010,1615407.3236382157,1615407.3236382157,0.0,False
shift,R20010_S+02,20010,2172419.237430703,2172419.237430703,0.0,False
shift,R20010_S+03,20010,817509.6224663779,817509.6224663779,0.0,False
shift,R20011_S+00,20011,1593172.5023902357,1593172.5023902357,0.0,False
shift,R20011_S+01,20011,859909.5959928073,859909.5959928073,0.0,False
shift,R20011_S+02,20011,7787272.261194907,7787272.261194907,0.0,False
shift,R20011_S+03,20011,12065109.153887965,12065109.153887965,0.0,False
shift,R20012_S+00,20012,2557173.9567577355,1981348.62540178,0.2906229241909353,True
shift,R20012_S+01,20012,2481921.739505388,2481921.739505388,0.0,False
shift,R20012_S+02,20012,9651695.648991622,9651695.648991622,0.0,False
shift,R20012_S+03,20012,2661536.674013112,2071429.4772808887,0.2848792117735246,True
shift,R20013_S+00,20013,2247711.0382623933,2247711.0382623933,0.0,False
shift,R20013_S+01,20013,12106019.680812843,12106019.680812843,0.0,False
shift,R20013_S+02,20013,4540013.813985672,4540013.813985672,0.0,False
shift,R20013_S+03,20013,14002682.647121884,14002682.647121884,0.0,False
shift,R20014_S+00,20014,1771364.588027941,1523548.2366035152,0.16265737143767045,True
shift,R20014_S+01,20014,1278925.5818559192,1278925.5818559192,0.0,False
shift,R20014_S+02,20014,1375877.488837615,1375877.4888376147,2.220446049250313e-16,False
shift,R20014_S+03,20014,7891436.997489147,7891436.997489147,0.0,False
shift,R20015_S+00,20015,1004394.4729121196,1004394.4729121197,-1.1102230246251565e-16,False
shift,R20015_S+01,20015,2567847.2855554074,2567847.2855554074,0.0,False
shift,R20015_S+02,20015,2121543.1944864653,2121543.1944864653,0.0,False
shift,R20015_S+03,20015,6058308.747529194,6058308.747529194,0.0,False
shift,R20016_S+00,20016,1264691.7043103576,1264691.7043103576,0.0,False
shift,R20016_S+01,20016,1506962.3818295747,1506962.3818295747,0.0,False
shift,R20016_S+02,20016,6022377.125490408,6022377.125490408,0.0,False
shift,R20016_S+03,20016,756306.6585251912,756306.6585251912,0.0,False
shift,R20017_S+00,20017,2394779.439169597,2394779.439169597,0.0,False
shift,R20017_S+01,20017,9840815.621011004,9840815.621011004,0.0,False
shift,R20017_S+02,20017,3436446.746690072,2775674.1756888255,0.23805840641842124,True
shift,R20017_S+03,20017,3694149.042969368,3025071.871615831,0.22117728098676603,True
shift,R20018_S+00,20018,2326845.6222958826,1738323.9732466266,0.33855694226553634,True
shift,R20018_S+01,20018,5342161.753392942,4504188.4360235855,0.18604313058206357,True
shift,R20018_S+02,20018,729578.0351022128,729578.0351022128,0.0,False
shift,R20018_S+03,20018,4548906.758276265,3733266.9716717266,0.21847882639887972,True
shift,R20019_S+00,20019,8560894.24711299,8560894.24711299,0.0,False
shift,R20019_S+01,20019,10800165.777724797,10800165.777724795,2.220446049250313e-16,False
shift,R20019_S+02,20019,9931121.76276315,9931121.76276315,0.0,False
shift,R20019_S+03,20019,14150521.397443794,14150521.397443794,0.0,False
shift,R20020_S+00,20020,23189814.73003609,23189814.730036095,-1.1102230246251565e-16,False
shift,R20020_S+01,20020,32372325.53511684,32372325.535116836,2.220446049250313e-16,False
shift,R20020_S+02,20020,13562906.99871516,13562906.998715159,2.220446049250313e-16,False
shift,R20020_S+03,20020,2966391.105375398,2329170.146641519,0.27358282934061373,True
shift,R20021_S+00,20021,1179180.1483772695,1179180.1483772695,0.0,False
shift,R20021_S+01,20021,1297145.594508974,1297145.5945089739,2.220446049250313e-16,False
shift,R20021_S+02,20021,1084338.6266067233,1084338.6266067233,0.0,False
shift,R20021_S+03,20021,13103792.932249822,13103792.932249822,0.0,False
shift,R20022_S+00,20022,4279304.114183553,4279304.114183553,0.0,False
shift,R20022_S+01,20022,8872587.023366835,8872587.023366835,0.0,False
shift,R20022_S+02,20022,1134163.6494059004,1134163.6494059004,0.0,False
shift,R20022_S+03,20022,1107013.5084588528,1079166.8825806733,0.02580381804488674,True
shift,R20023_S+00,20023,9513411.476172462,9513411.476172462,0.0,False
shift,R20023_S+01,20023,2430820.041882366,1906399.840874046,0.27508405622184884,True
shift,R20023_S+02,20023,13862324.507773526,13862324.507773526,0.0,False
shift,R20023_S+03,20023,6896178.940062456,6234455.19265436,0.10613978719227313,True
shift,R20024_S+00,20024,1869025.0388001169,1869025.0388001166,2.220446049250313e-16,False
shift,R20024_S+01,20024,4598770.883788053,4598770.883788053,0.0,False
shift,R20024_S+02,20024,408877.44173069857,408877.44173069857,0.0,False
shift,R20024_S+03,20024,2492264.2245628163,2492264.2245628163,0.0,False
shift,R20025_S+00,20025,13612217.664793566,13612217.664793566,0.0,False
shift,R20025_S+01,20025,11329884.545031212,11329884.545031212,0.0,False
shift,R20025_S+02,20025,5739315.151819088,5739315.151819088,0.0,False
shift,R20025_S+03,20025,5565089.633198015,5565089.633198015,0.0,False
shift,R20026_S+00,20026,4687120.881883889,4199727.738149174,0.11605350968525174,True
shift,R20026_S+01,20026,1429910.9510544986,1218985.0954395384,0.17303399065671532,True
shift,R20026_S+02,20026,2732176.664921608,2311025.996801026,0.18223536589529843,True
shift,R20026_S+03,20026,4336618.930544052,4336618.930544052,0.0,False
shift,R20027_S+00,20027,1272367.422934912,1272367.4229349121,-2.220446049250313e-16,False
shift,R20027_S+01,20027,5893154.780355029,5893154.780355029,0.0,False
shift,R20027_S+02,20027,772281.5578330476,772281.5578330476,0.0,False
shift,R20027_S+03,20027,13096263.087036178,13096263.087036178,0.0,False
shift,R20028_S+00,20028,2355505.379880946,2355505.379880946,0.0,False
shift,R20028_S+01,20028,3105291.765530482,3105291.765530482,0.0,False
shift,R20028_S+02,20028,659903.025896674,659903.025896674,0.0,False
shift,R20028_S+03,20028,1440308.1280927528,1440308.1280927528,0.0,False
shift,R20029_S+00,20029,1181544.895316638,1119701.686699614,0.055231861621384715,True
shift,R20029_S+01,20029,811640.1135310754,811640.1135310754,0.0,False
shift,R20029_S+02,20029,1384153.8597705364,1358112.7991699222,0.019174446052294458,True
shift,R20029_S+03,20029,11645393.120037504,11645393.120037504,0.0,False
shift,R20030_S+00,20030,2116639.0207324214,2116639.0207324214,0.0,False
shift,R20030_S+01,20030,734417.8917511571,734417.8917511571,0.0,False
shift,R20030_S+02,20030,1331525.7938614152,1331525.7938614152,0.0,False
shift,R20030_S+03,20030,3223972.114706479,3223972.114706479,0.0,False
shift,R20031_S+00,20031,3539523.472115505,3539523.4721155055,-1.1102230246251565e-16,False
shift,R20031_S+01,20031,5063820.8433839455,5063820.8433839455,0.0,False
shift,R20031_S+02,20031,678035.3232098557,678035.3232098557,0.0,False
shift,R20031_S+03,20031,7401798.428999975,7401798.428999975,0.0,False
shift,R20032_S+00,20032,1162051.2402067538,1162051.2402067538,0.0,False
shift,R20032_S+01,20032,1957452.0290703247,1957452.0290703252,-2.220446049250313e-16,False
shift,R20032_S+02,20032,9918997.368266448,9918997.368266448,0.0,False
shift,R20032_S+03,20032,1071847.786363341,1071847.786363341,0.0,False
shift,R20033_S+00,20033,3339594.621114973,3339594.621114973,0.0,False
shift,R20033_S+01,20033,943988.4116253834,943988.4116253834,0.0,False
shift,R20033_S+02,20033,20849278.38895389,20849278.388953894,-2.220446049250313e-16,False
shift,R20033_S+03,20033,748003.6378983203,650295.220225621,0.15025240019263753,True
shift,R20034_S+00,20034,1901538.6755482145,1901538.6755482145,0.0,False
shift,R20034_S+01,20034,1238929.6944739148,1238929.6944739148,0.0,False
shift,R20034_S+02,20034,1585780.685196448,1585780.6851964481,-1.1102230246251565e-16,False
shift,R20034_S+03,20034,5614025.628493186,5614025.628493186,0.0,False
shift,R20035_S+00,20035,1800853.1524058208,1800853.1524058208,0.0,False
shift,R20035_S+01,20035,1544427.819164263,1544427.819164263,0.0,False
shift,R20035_S+02,20035,4998650.470151585,4998650.470151585,0.0,False
shift,R20035_S+03,20035,5073421.229741409,5073421.229741409,0.0,False
shift,R20036_S+00,20036,1549352.942835661,1549352.9428356607,2.220446049250313e-16,False
shift,R20036_S+01,20036,3436006.305965349,3436006.305965349,0.0,False
shift,R20036_S+02,20036,764448.4956630319,764448.4956630319,0.0,False
shift,R20036_S+03,20036,5381362.448641285,5381362.448641285,0.0,False
shift,R20037_S+00,20037,3085711.5321335797,2801419.4472135417,0.10148144191788622,True
shift,R20037_S+01,20037,4079409.687389508,4079409.687389508,0.0,False
shift,R20037_S+02,20037,4943841.297332116,4798311.050270036,0.030329473337058932,True
shift,R20037_S+03,20037,551473.1496385727,551473.1496385727,0.0,False
shift,R20038_S+00,20038,4247404.792545527,4247404.792545527,0.0,False
shift,R20038_S+01,20038,3120825.469096191,3120825.469096191,0.0,False
shift,R20038_S+02,20038,1730402.5902261008,1730402.5902261008,0.0,False
shift,R20038_S+03,20038,3255432.243640516,3255432.243640516,0.0,False
shift,R20039_S+00,20039,5481294.911869809,5481294.911869809,0.0,False
shift,R20039_S+01,20039,6085879.998551559,6085879.998551559,0.0,False
shift,R20039_S+02,20039,1461641.070731521,1461641.0707315207,2.220446049250313e-16,False
shift,R20039_S+03,20039,7122805.119869176,7122805.119869176,0.0,False
shift,R20040_S+00,20040,6459689.449523736,6459689.449523736,0.0,False
shift,R20040_S+01,20040,2906917.750025224,2376101.6502701864,0.22339789196084214,True
shift,R20040_S+02,20040,8522870.838824645,8522870.838824645,0.0,False
shift,R20040_S+03,20040,1484870.8592682816,1484870.8592682816,0.0,False
shift,R20041_S+00,20041,6263493.995484702,6263493.995484702,0.0,False
shift,R20041_S+01,20041,1426073.062877221,1331701.1823036838,0.0708656580226843,True
shift,R20041_S+02,20041,2852954.648974456,2852954.648974456,0.0,False
shift,R20041_S+03,20041,15052352.057963558,15052352.057963558,0.0,False
shift,R20042_S+00,20042,1812180.695375517,1812180.695375517,0.0,False
shift,R20042_S+01,20042,3221674.354587633,3221674.354587633,0.0,False
shift,R20042_S+02,20042,1111251.645321723,1111251.645321723,0.0,False
shift,R20042_S+03,20042,4307870.56527156,4307870.56527156,0.0,False
shift,R20043_S+00,20043,703445.9760312233,703445.9760312233,0.0,False
shift,R20043_S+01,20043,1337069.590297008,1337069.590297008,0.0,False
shift,R20043_S+02,20043,7902059.232213058,7902059.232213058,0.0,False
shift,R20043_S+03,20043,13782245.578595292,13782245.578595292,0.0,False
shift,R20044_S+00,20044,1392259.7615454718,1392259.7615454718,0.0,False
shift,R20044_S+01,20044,35349429.822122484,35349429.822122484,0.0,False
shift,R20044_S+02,20044,9581847.578287847,9581847.578287847,0.0,False
shift,R20044_S+03,20044,32121959.791259497,32121959.791259497,0.0,False
shift,R20045_S+00,20045,7053593.399021126,7053593.399021126,0.0,False
shift,R20045_S+01,20045,5853483.005756225,5853483.005756225,0.0,False
shift,R20045_S+02,20045,4866844.970082201,4866844.970082201,0.0,False
shift,R20045_S+03,20045,5487101.0613017045,5487101.0613017045,0.0,False
shift,R20046_S+00,20046,5309261.670269549,5309261.670269549,0.0,False
shift,R20046_S+01,20046,3653519.429535985,3653519.429535985,0.0,False
shift,R20046_S+02,20046,786895.8600967564,786895.8600967564,0.0,False
shift,R20046_S+03,20046,1904141.1628970765,1904141.1628970765,0.0,False
shift,R20047_S+00,20047,3461024.166669745,3461024.166669745,0.0,False
shift,R20047_S+01,20047,7587934.057778448,7587934.057778448,0.0,False
shift,R20047_S+02,20047,16743965.15406378,16743965.15406378,0.0,False
shift,R20047_S+03,20047,31569507.303599328,31569507.303599328,0.0,False
shift,R20048_S+00,20048,1013402.696020346,1013402.6960203461,-1.1102230246251565e-16,False
shift,R20048_S+01,20048,9604865.906741042,9604865.906741042,0.0,False
shift,R20048_S+02,20048,6492469.434159629,6492469.434159629,0.0,False
shift,R20048_S+03,20048,637846.3293047156,637846.3293047156,0.0,False
shift,R20049_S+00,20049,1174702.316172516,1174702.316172516,0.0,False
shift,R20049_S+01,20049,1178242.1808706932,1178242.1808706932,0.0,False
shift,R20049_S+02,20049,15950389.426123044,15950389.426123045,-1.1102230246251565e-16,False
shift,R20049_S+03,20049,848209.9799654018,848209.9799654018,0.0,False
shift,R20050_S+00,20050,9020618.103682876,9020618.103682876,0.0,False
shift,R20050_S+01,20050,1941112.3868020885,1941112.3868020885,0.0,False
shift,R20050_S+02,20050,1802017.433871292,1802017.4338712916,2.220446049250313e-16,False
shift,R20050_S+03,20050,663524.9498207383,621763.3738263007,0.06716634937410171,True
shift,R20051_S+00,20051,3234516.3920052126,3234516.3920052126,0.0,False
shift,R20051_S+01,20051,5492688.762749329,5492688.762749329,0.0,False
shift,R20051_S+02,20051,4626830.704114255,4626830.704114255,0.0,False
shift,R20051_S+03,20051,11010091.637090936,11010091.637090936,0.0,False
shift,R20052_S+00,20052,1690221.426813146,1690221.426813146,0.0,False
shift,R20052_S+01,20052,6573690.139850058,6573690.139850058,0.0,False
shift,R20052_S+02,20052,707372.2460253984,707372.2460253984,0.0,False
shift,R20052_S+03,20052,3616331.842221681,3616331.842221681,0.0,False
shift,R20053_S+00,20053,1081298.726566773,1081298.726566773,0.0,False
shift,R20053_S+01,20053,9444067.756250478,9444067.756250478,0.0,False
shift,R20053_S+02,20053,7939327.65005694,7939327.65005694,0.0,False
shift,R20053_S+03,20053,2533180.656185765,2533180.656185765,0.0,False
shift,R20054_S+00,20054,12085042.25254815,12085042.25254815,0.0,False
shift,R20054_S+01,20054,17806877.150396552,17806877.150396552,0.0,False
shift,R20054_S+02,20054,3207314.2797531933,2900043.697939001,0.10595377650087223,True
shift,R20054_S+03,20054,11049203.69399549,11049203.69399549,0.0,False
shift,R20055_S+00,20055,1531761.192701988,1531761.192701988,0.0,False
shift,R20055_S+01,20055,1055620.5496840607,893355.8425726518,0.1816350208715547,True
shift,R20055_S+02,20055,859355.4005774856,859355.4005774856,0.0,False
shift,R20055_S+03,20055,1225716.6306436453,1225716.6306436453,0.0,False
shift,R20056_S+00,20056,8726554.760924831,8726554.760924831,0.0,False
shift,R20056_S+01,20056,3193209.436818633,3193209.436818633,0.0,False
shift,R20056_S+02,20056,15808704.181491569,15808704.181491569,0.0,False
shift,R20056_S+03,20056,14169764.173897063,14169764.173897065,-1.1102230246251565e-16,False
shift,R20057_S+00,20057,8881878.462622352,8881878.462622352,0.0,False
shift,R20057_S+01,20057,3676743.337663647,3676743.337663647,0.0,False
shift,R20057_S+02,20057,2680950.3608550653,2680950.3608550653,0.0,False
shift,R20057_S+03,20057,5452760.611577675,5452760.611577675,0.0,False
shift,R20058_S+00,20058,2846976.978662759,2846976.978662759,0.0,False
shift,R20058_S+01,20058,10077872.456264587,10077872.456264589,-2.220446049250313e-16,False
shift,R20058_S+02,20058,12888672.78976298,12888672.789762981,-1.1102230246251565e-16,False
shift,R20058_S+03,20058,41795155.19328473,41795155.19328473,0.0,False
shift,R20059_S+00,20059,1337715.200018857,1116178.5546788722,0.1984777833361271,True
shift,R20059_S+01,20059,11894425.85338428,11894425.853384279,2.220446049250313e-16,False
shift,R20059_S+02,20059,25375598.53245196,25375598.532451957,2.220446049250313e-16,False
shift,R20059_S+03,20059,8909359.602416515,8909359.602416515,0.0,False
